bar_start_utc,open,high,low,close,tick_count
2026-08-04T01:00:00+00:00,1.15055,1.15055,1.15023,1.150415,229
2026-08-04T01:05:00+00:00,1.15043,1.15049,1.15033,1.1504,179
2026-08-04T01:10:00+00:00,1.150395,1.15059,1.15039,1.150505,157
2026-08-04T01:15:00+00:00,1.150515,1.150855,1.150485,1.150855,155
2026-08-04T01:20:00+00:00,1.15087,1.15091,1.150745,1.15086,114
2026-08-04T01:25:00+00:00,1.15087,1.15094,1.150785,1.150835,118
2026-08-04T01:30:00+00:00,1.15084,1.15123,1.150835,1.151195,211
2026-08-04T01:35:00+00:00,1.1512,1.151225,1.151075,1.151195,193
2026-08-04T01:40:00+00:00,1.15119,1.15144,1.151175,1.151435,220
2026-08-04T01:45:00+00:00,1.15143,1.15146,1.151295,1.151295,187
2026-08-04T01:50:00+00:00,1.15129,1.151385,1.15121,1.151345,135
2026-08-04T01:55:00+00:00,1.15136,1.151405,1.151225,1.151235,199
2026-08-04T03:00:00+00:00,1.150805,1.151135,1.150805,1.15089,194
2026-08-04T03:05:00+00:00,1.150885,1.1509,1.150765,1.150895,167
2026-08-04T03:10:00+00:00,1.150885,1.15099,1.150885,1.150935,101
2026-08-04T03:15:00+00:00,1.15097,1.15112,1.150925,1.151065,133
2026-08-04T03:20:00+00:00,1.15108,1.15121,1.15108,1.15119,154
2026-08-04T03:25:00+00:00,1.151185,1.15125,1.15116,1.151205,158
2026-08-04T03:30:00+00:00,1.1512,1.15127,1.15112,1.15123,145
2026-08-04T03:35:00+00:00,1.151225,1.151415,1.150915,1.150915,287
2026-08-04T03:40:00+00:00,1.15092,1.150925,1.150745,1.15085,198
2026-08-04T03:45:00+00:00,1.15083,1.15092,1.1508,1.150875,107
2026-08-04T03:50:00+00:00,1.15088,1.151,1.15088,1.150985,112
2026-08-04T03:55:00+00:00,1.15097,1.15097,1.150775,1.15081,116
2026-08-04T02:00:00+00:00,1.15124,1.15138,1.15097,1.150985,277
2026-08-04T02:05:00+00:00,1.150995,1.15125,1.150945,1.151175,146
2026-08-04T02:10:00+00:00,1.15117,1.15135,1.15108,1.15123,125
2026-08-04T02:15:00+00:00,1.15124,1.151295,1.151205,1.151205,84
2026-08-04T02:20:00+00:00,1.15121,1.15124,1.150925,1.150925,135
2026-08-04T02:25:00+00:00,1.15093,1.15103,1.150775,1.15093,163
2026-08-04T02:30:00+00:00,1.150935,1.151005,1.15088,1.150975,91
2026-08-04T02:35:00+00:00,1.150985,1.151195,1.15095,1.151135,90
2026-08-04T02:40:00+00:00,1.151125,1.15116,1.151045,1.15113,110
2026-08-04T02:45:00+00:00,1.151135,1.151255,1.15112,1.151175,104
2026-08-04T02:50:00+00:00,1.15117,1.151195,1.151065,1.151075,100
2026-08-04T02:55:00+00:00,1.151065,1.151065,1.150775,1.15081,168
2026-08-04T00:00:00+00:00,1.15071,1.15115,1.1507,1.151035,360
2026-08-04T00:05:00+00:00,1.15104,1.151295,1.150925,1.15129,158
2026-08-04T00:10:00+00:00,1.151295,1.151375,1.150925,1.150975,215
2026-08-04T00:15:00+00:00,1.15098,1.151125,1.150945,1.1511,130
2026-08-04T00:20:00+00:00,1.151085,1.151245,1.151075,1.15121,171
2026-08-04T00:25:00+00:00,1.151195,1.151255,1.151135,1.15119,96
2026-08-04T00:30:00+00:00,1.15118,1.151395,1.1511,1.151365,153
2026-08-04T00:35:00+00:00,1.15135,1.151505,1.151275,1.151455,98
2026-08-04T00:40:00+00:00,1.15145,1.151455,1.15122,1.15126,120
2026-08-04T00:45:00+00:00,1.151235,1.15124,1.15095,1.150985,149
2026-08-04T00:50:00+00:00,1.15097,1.15108,1.15084,1.150985,235
2026-08-04T00:55:00+00:00,1.150995,1.150995,1.150485,1.150555,245
2026-08-04T04:00:00+00:00,1.150815,1.15087,1.15072,1.150775,148
2026-08-04T04:05:00+00:00,1.150765,1.150775,1.150625,1.150705,99
2026-08-04T04:10:00+00:00,1.150715,1.15073,1.150585,1.150685,56
2026-08-04T04:15:00+00:00,1.15069,1.150815,1.150665,1.150765,59
2026-08-04T04:20:00+00:00,1.15077,1.15083,1.15073,1.150815,61
2026-08-04T04:25:00+00:00,1.15082,1.150875,1.15077,1.150815,107
2026-08-04T04:30:00+00:00,1.150825,1.15094,1.150825,1.150885,138
2026-08-04T04:35:00+00:00,1.150875,1.15093,1.150835,1.150925,82
2026-08-04T04:40:00+00:00,1.150935,1.151,1.150875,1.15091,75
2026-08-04T04:45:00+00:00,1.150905,1.151025,1.150905,1.150955,80
2026-08-04T04:50:00+00:00,1.15096,1.151025,1.15086,1.15102,90
2026-08-04T04:55:00+00:00,1.151015,1.1511,1.151015,1.151035,66
2026-08-04T05:00:00+00:00,1.15104,1.15104,1.150905,1.150975,104
2026-08-04T05:05:00+00:00,1.15098,1.15104,1.150855,1.150885,110
2026-08-04T05:10:00+00:00,1.15088,1.15091,1.150705,1.150735,93
2026-08-04T05:15:00+00:00,1.150745,1.15078,1.15071,1.150775,122
2026-08-04T05:20:00+00:00,1.150765,1.150855,1.150695,1.150855,107
2026-08-04T05:25:00+00:00,1.15086,1.15099,1.15085,1.150935,106
2026-08-04T05:30:00+00:00,1.150945,1.151045,1.150785,1.15081,158
2026-08-04T05:35:00+00:00,1.150825,1.15084,1.150625,1.15067,130
2026-08-04T05:40:00+00:00,1.150655,1.150675,1.15053,1.150545,120
2026-08-04T05:45:00+00:00,1.15054,1.150555,1.150375,1.150525,145
2026-08-04T05:50:00+00:00,1.15053,1.15057,1.15044,1.15044,98
2026-08-04T05:55:00+00:00,1.150445,1.150765,1.150445,1.150735,200
2026-08-04T06:00:00+00:00,1.150725,1.150775,1.1505,1.15053,236
2026-08-04T06:05:00+00:00,1.150525,1.15066,1.150485,1.15066,148
2026-08-04T06:10:00+00:00,1.150655,1.15076,1.15043,1.15076,228
2026-08-04T06:15:00+00:00,1.150765,1.15086,1.15058,1.15068,261
2026-08-04T06:20:00+00:00,1.150665,1.150985,1.150665,1.150955,189
2026-08-04T06:25:00+00:00,1.15095,1.15105,1.15061,1.150615,270
2026-08-04T06:30:00+00:00,1.1506,1.15081,1.15056,1.15075,165
2026-08-04T06:35:00+00:00,1.15077,1.150815,1.15054,1.15054,125
2026-08-04T06:40:00+00:00,1.150535,1.15059,1.150385,1.150465,168
2026-08-04T06:45:00+00:00,1.150465,1.1507,1.15039,1.15064,172
2026-08-04T06:50:00+00:00,1.15064,1.15066,1.15041,1.150415,152
2026-08-04T06:55:00+00:00,1.1504,1.150755,1.15039,1.150745,208
2026-08-04T07:00:00+00:00,1.150755,1.15099,1.150645,1.15098,261
2026-08-04T07:05:00+00:00,1.150965,1.15106,1.150635,1.150915,225
2026-08-04T07:10:00+00:00,1.150905,1.150985,1.15086,1.15091,113
2026-08-04T07:15:00+00:00,1.1509,1.1513,1.15087,1.15126,187
2026-08-04T07:20:00+00:00,1.15125,1.15171,1.15125,1.15168,189
2026-08-04T07:25:00+00:00,1.151665,1.15171,1.151265,1.151265,225
2026-08-04T07:30:00+00:00,1.15127,1.151415,1.15107,1.1514,180
2026-08-04T07:35:00+00:00,1.151395,1.15149,1.15101,1.15119,192
2026-08-04T07:40:00+00:00,1.1512,1.15131,1.150995,1.151,175
2026-08-04T07:45:00+00:00,1.150995,1.151055,1.150885,1.15094,178
2026-08-04T07:50:00+00:00,1.15095,1.15132,1.15089,1.151245,138
2026-08-04T07:55:00+00:00,1.15124,1.151285,1.15104,1.15108,176
2026-08-04T08:00:00+00:00,1.151085,1.15137,1.15106,1.15125,216
2026-08-04T08:05:00+00:00,1.151245,1.151435,1.15111,1.151235,190
2026-08-04T08:10:00+00:00,1.15123,1.15123,1.150885,1.15096,223
2026-08-04T08:15:00+00:00,1.150965,1.15106,1.15088,1.15096,139
2026-08-04T08:20:00+00:00,1.150965,1.15113,1.150885,1.15096,188
2026-08-04T08:25:00+00:00,1.15095,1.15123,1.15079,1.15121,223
2026-08-04T08:30:00+00:00,1.15119,1.15119,1.150635,1.15077,272
2026-08-04T08:35:00+00:00,1.150775,1.150895,1.150635,1.15088,170
2026-08-04T08:40:00+00:00,1.150885,1.15108,1.150845,1.15096,172
2026-08-04T08:45:00+00:00,1.150965,1.15097,1.15065,1.1509,234
2026-08-04T08:50:00+00:00,1.150885,1.15096,1.150755,1.15079,194
2026-08-04T08:55:00+00:00,1.150785,1.150855,1.150635,1.15079,229
2026-08-04T09:00:00+00:00,1.150795,1.15081,1.150575,1.150625,184
2026-08-04T09:05:00+00:00,1.150635,1.15065,1.15034,1.150505,231
2026-08-04T09:10:00+00:00,1.15048,1.15075,1.15041,1.1507,146
2026-08-04T09:15:00+00:00,1.15071,1.1508,1.150685,1.150735,121
2026-08-04T09:20:00+00:00,1.15073,1.15093,1.15071,1.150855,164
2026-08-04T09:25:00+00:00,1.15086,1.151115,1.15081,1.15104,153
2026-08-04T09:30:00+00:00,1.151035,1.151105,1.15084,1.151075,163
2026-08-04T09:35:00+00:00,1.15108,1.151125,1.150805,1.15081,136
2026-08-04T09:40:00+00:00,1.150835,1.15091,1.15075,1.15081,113
2026-08-04T09:45:00+00:00,1.1508,1.150905,1.150675,1.15084,208
2026-08-04T09:50:00+00:00,1.150845,1.150845,1.15055,1.15065,143
2026-08-04T09:55:00+00:00,1.15066,1.15081,1.150625,1.15081,164
2026-08-04T10:00:00+00:00,1.1508,1.150985,1.15077,1.15088,215
2026-08-04T10:05:00+00:00,1.15086,1.151,1.150805,1.15091,186
2026-08-04T10:10:00+00:00,1.150905,1.15111,1.150895,1.151015,177
2026-08-04T10:15:00+00:00,1.151,1.15101,1.1508,1.15083,147
2026-08-04T10:20:00+00:00,1.150835,1.151005,1.150805,1.150935,138
2026-08-04T10:25:00+00:00,1.15093,1.15105,1.150855,1.15095,148
2026-08-04T10:30:00+00:00,1.15097,1.15111,1.15092,1.15096,143
2026-08-04T10:35:00+00:00,1.150955,1.15106,1.150865,1.151015,141
2026-08-04T10:40:00+00:00,1.15101,1.151745,1.15096,1.15143,325
2026-08-04T10:45:00+00:00,1.15144,1.151895,1.151385,1.15156,713
2026-08-04T10:50:00+00:00,1.151555,1.15156,1.15137,1.151395,309
2026-08-04T10:55:00+00:00,1.15139,1.15154,1.15128,1.15139,236
2026-08-04T11:00:00+00:00,1.151395,1.15144,1.15116,1.15125,203
2026-08-04T11:05:00+00:00,1.151245,1.151475,1.15121,1.15146,207
2026-08-04T11:10:00+00:00,1.15145,1.15165,1.151395,1.151635,169
2026-08-04T11:15:00+00:00,1.151625,1.15179,1.15159,1.15172,160
2026-08-04T11:20:00+00:00,1.15173,1.15198,1.15173,1.15183,183
2026-08-04T11:25:00+00:00,1.151835,1.152,1.15179,1.15198,185
2026-08-04T11:30:00+00:00,1.151985,1.1521,1.151835,1.15185,300
2026-08-04T11:35:00+00:00,1.151865,1.152225,1.151835,1.1522,235
2026-08-04T11:40:00+00:00,1.15219,1.15235,1.151745,1.15228,558
2026-08-04T11:45:00+00:00,1.1523,1.1523,1.15179,1.151835,408
2026-08-04T11:50:00+00:00,1.15183,1.15194,1.15153,1.151585,319
2026-08-04T11:55:00+00:00,1.15158,1.15196,1.1515,1.15162,479
2026-08-04T12:00:00+00:00,1.151625,1.151835,1.151565,1.151685,383
2026-08-04T12:05:00+00:00,1.15169,1.151865,1.151435,1.15144,326
2026-08-04T12:10:00+00:00,1.151445,1.15158,1.15138,1.15143,257
2026-08-04T12:15:00+00:00,1.151425,1.15151,1.151345,1.151435,243
2026-08-04T12:20:00+00:00,1.15143,1.1517,1.15138,1.1517,167
2026-08-04T12:25:00+00:00,1.151705,1.151795,1.151425,1.151435,162
2026-08-04T12:30:00+00:00,1.15143,1.15202,1.15143,1.15197,193
2026-08-04T12:35:00+00:00,1.151975,1.152205,1.151965,1.15213,258
2026-08-04T12:40:00+00:00,1.15213,1.15233,1.152095,1.15218,195
2026-08-04T12:45:00+00:00,1.15217,1.152175,1.151875,1.15193,238
2026-08-04T12:50:00+00:00,1.151935,1.15194,1.151575,1.151575,199
2026-08-04T12:55:00+00:00,1.15159,1.15169,1.15145,1.151485,242
2026-08-04T13:00:00+00:00,1.15148,1.15151,1.15109,1.15114,296
2026-08-04T13:05:00+00:00,1.151135,1.151315,1.15111,1.151255,192
2026-08-04T13:10:00+00:00,1.15127,1.15144,1.15122,1.15128,176
2026-08-04T13:15:00+00:00,1.151295,1.151355,1.150975,1.150985,209
2026-08-04T13:20:00+00:00,1.150985,1.15195,1.150935,1.151645,968
2026-08-04T13:25:00+00:00,1.151645,1.151905,1.151525,1.151555,445
2026-08-04T13:30:00+00:00,1.15155,1.15193,1.15149,1.15193,513
2026-08-04T13:35:00+00:00,1.15194,1.152495,1.15189,1.152495,410
2026-08-04T13:40:00+00:00,1.15249,1.15251,1.152145,1.152335,410
2026-08-04T13:45:00+00:00,1.152345,1.15261,1.15213,1.152385,360
2026-08-04T13:50:00+00:00,1.152375,1.15247,1.15229,1.152385,345
2026-08-04T13:55:00+00:00,1.1524,1.152475,1.152155,1.15239,374
2026-08-04T14:00:00+00:00,1.152395,1.152595,1.152215,1.152545,336
2026-08-04T14:05:00+00:00,1.152555,1.152865,1.152395,1.152805,292
2026-08-04T14:10:00+00:00,1.15281,1.153045,1.152785,1.15296,310
2026-08-04T14:15:00+00:00,1.15297,1.153095,1.15274,1.15275,378
2026-08-04T14:20:00+00:00,1.15276,1.152925,1.152625,1.15282,343
2026-08-04T14:25:00+00:00,1.152825,1.152885,1.15264,1.152685,224
2026-08-04T14:30:00+00:00,1.15269,1.15285,1.152585,1.15268,246
2026-08-04T14:35:00+00:00,1.15267,1.152845,1.152325,1.15264,393
2026-08-04T14:40:00+00:00,1.15263,1.15284,1.15233,1.15235,217
2026-08-04T14:45:00+00:00,1.152345,1.152345,1.15189,1.152125,287
2026-08-04T14:50:00+00:00,1.15213,1.15245,1.152025,1.152215,364
2026-08-04T14:55:00+00:00,1.15222,1.152345,1.15197,1.15231,308
2026-08-04T15:00:00+00:00,1.152295,1.152545,1.152175,1.15249,398
2026-08-04T15:05:00+00:00,1.152485,1.15253,1.15213,1.15218,290
2026-08-04T15:10:00+00:00,1.15219,1.15223,1.15185,1.15185,202
2026-08-04T15:15:00+00:00,1.15184,1.151845,1.151395,1.15142,306
2026-08-04T15:20:00+00:00,1.15143,1.151715,1.15142,1.151715,182
2026-08-04T15:25:00+00:00,1.151725,1.151805,1.151645,1.151785,170
2026-08-04T15:30:00+00:00,1.15178,1.15189,1.151595,1.15172,243
2026-08-04T15:35:00+00:00,1.151715,1.152275,1.151345,1.15209,442
2026-08-04T15:40:00+00:00,1.15208,1.152145,1.152,1.15213,224
2026-08-04T15:45:00+00:00,1.152115,1.15226,1.15203,1.15219,252
2026-08-04T15:50:00+00:00,1.152185,1.152495,1.15212,1.15249,176
2026-08-04T15:55:00+00:00,1.152485,1.15266,1.152405,1.152625,199
2026-08-04T16:00:00+00:00,1.152635,1.15266,1.152335,1.152335,171
2026-08-04T16:05:00+00:00,1.15234,1.152345,1.1521,1.152235,135
2026-08-04T16:10:00+00:00,1.152225,1.152535,1.15217,1.15218,145
2026-08-04T16:15:00+00:00,1.152185,1.152185,1.15196,1.152085,210
2026-08-04T16:20:00+00:00,1.152095,1.152225,1.152075,1.152075,146
2026-08-04T16:25:00+00:00,1.15207,1.152135,1.15194,1.15194,110
2026-08-04T16:30:00+00:00,1.15193,1.151985,1.151745,1.15177,112
2026-08-04T16:35:00+00:00,1.151745,1.15178,1.151675,1.151695,107
2026-08-04T16:40:00+00:00,1.151705,1.15187,1.151705,1.15187,120
2026-08-04T16:45:00+00:00,1.15188,1.151965,1.151685,1.15179,113
2026-08-04T16:50:00+00:00,1.151805,1.15187,1.15164,1.151695,120
2026-08-04T16:55:00+00:00,1.151685,1.1519,1.151655,1.15187,137
2026-08-04T17:00:00+00:00,1.151875,1.15223,1.151865,1.152195,200
2026-08-04T17:05:00+00:00,1.152185,1.15227,1.152115,1.152115,97
2026-08-04T17:10:00+00:00,1.152105,1.152235,1.15205,1.15223,141
2026-08-04T17:15:00+00:00,1.152235,1.152235,1.15197,1.152105,180
2026-08-04T17:20:00+00:00,1.1521,1.15225,1.15197,1.152085,161
2026-08-04T17:25:00+00:00,1.152095,1.152245,1.152085,1.152085,131
2026-08-04T17:30:00+00:00,1.15209,1.152155,1.152045,1.15214,102
2026-08-04T17:35:00+00:00,1.152145,1.15227,1.152145,1.15227,73
2026-08-04T17:40:00+00:00,1.152275,1.152585,1.152275,1.152555,151
2026-08-04T17:45:00+00:00,1.152565,1.15265,1.15248,1.152585,135
2026-08-04T17:50:00+00:00,1.152595,1.152595,1.152425,1.152485,76
2026-08-04T17:55:00+00:00,1.15248,1.15264,1.152415,1.152415,137
2026-08-04T18:00:00+00:00,1.15241,1.15251,1.152395,1.152505,141
2026-08-04T18:05:00+00:00,1.1525,1.152655,1.1525,1.15252,143
2026-08-04T18:10:00+00:00,1.152515,1.152515,1.15233,1.15243,137
2026-08-04T18:15:00+00:00,1.152435,1.152445,1.15228,1.15236,86
2026-08-04T18:20:00+00:00,1.152345,1.15256,1.15234,1.152535,121
2026-08-04T18:25:00+00:00,1.152545,1.152565,1.15244,1.152475,67
2026-08-04T18:30:00+00:00,1.15249,1.152575,1.15243,1.152505,97
2026-08-04T18:35:00+00:00,1.15252,1.152595,1.152505,1.152595,63
2026-08-04T18:40:00+00:00,1.15258,1.152725,1.152505,1.152725,100
2026-08-04T18:45:00+00:00,1.152735,1.152805,1.1527,1.152755,86
2026-08-04T18:50:00+00:00,1.15275,1.15327,1.152745,1.15314,222
2026-08-04T18:55:00+00:00,1.15315,1.15339,1.15312,1.15329,195
2026-08-04T19:00:00+00:00,1.153305,1.15334,1.15312,1.15312,229
2026-08-04T19:05:00+00:00,1.153125,1.153345,1.15312,1.153285,133
2026-08-04T19:10:00+00:00,1.153295,1.153315,1.15307,1.153075,134
2026-08-04T19:15:00+00:00,1.15308,1.15315,1.15302,1.15302,123
2026-08-04T19:20:00+00:00,1.153025,1.153095,1.152975,1.153035,147
2026-08-04T19:25:00+00:00,1.153045,1.153235,1.153005,1.153235,126
2026-08-04T19:30:00+00:00,1.153245,1.15328,1.15306,1.153075,82
2026-08-04T19:35:00+00:00,1.15308,1.15321,1.15303,1.153185,87
2026-08-04T19:40:00+00:00,1.15318,1.1532,1.153115,1.15314,45
2026-08-04T19:45:00+00:00,1.15314,1.15315,1.15305,1.153125,60
2026-08-04T19:50:00+00:00,1.15313,1.153145,1.15296,1.15303,86
2026-08-04T19:55:00+00:00,1.153035,1.153165,1.152975,1.15308,134
2026-08-04T20:00:00+00:00,1.153065,1.15317,1.153065,1.15316,51
2026-08-04T20:05:00+00:00,1.153145,1.153225,1.153105,1.15316,47
2026-08-04T20:10:00+00:00,1.15317,1.15321,1.1531,1.15317,39
2026-08-04T20:15:00+00:00,1.153145,1.15332,1.15314,1.15321,63
2026-08-04T20:20:00+00:00,1.153195,1.15341,1.153195,1.153345,58
2026-08-04T20:25:00+00:00,1.153355,1.153365,1.153245,1.15325,38
2026-08-04T20:30:00+00:00,1.153255,1.153265,1.153205,1.15325,47
2026-08-04T20:35:00+00:00,1.153255,1.153255,1.153125,1.153125,28
2026-08-04T20:40:00+00:00,1.15313,1.15316,1.15308,1.15309,41
2026-08-04T20:45:00+00:00,1.153085,1.1532,1.15306,1.15318,85
2026-08-04T20:50:00+00:00,1.15317,1.153225,1.15309,1.153195,91
2026-08-04T20:55:00+00:00,1.1532,1.15341,1.153125,1.153185,225
2026-08-04T21:00:00+00:00,1.15314,1.15314,1.152805,1.152815,47
2026-08-04T21:05:00+00:00,1.15283,1.152855,1.152825,1.15285,44
2026-08-04T21:10:00+00:00,1.152845,1.152875,1.15284,1.15284,23
2026-08-04T21:15:00+00:00,1.152855,1.153055,1.15284,1.152995,37
2026-08-04T21:20:00+00:00,1.153,1.153,1.152905,1.152905,61
2026-08-04T21:25:00+00:00,1.152895,1.153,1.15289,1.153,38
2026-08-04T21:30:00+00:00,1.15295,1.15313,1.15294,1.15312,45
2026-08-04T21:35:00+00:00,1.15314,1.15316,1.152945,1.15296,116
2026-08-04T21:40:00+00:00,1.152965,1.152975,1.15294,1.15296,25
2026-08-04T21:45:00+00:00,1.15294,1.15299,1.15294,1.152975,34
2026-08-04T21:50:00+00:00,1.153,1.15302,1.152955,1.152955,25
2026-08-04T21:55:00+00:00,1.153,1.153025,1.152955,1.15296,15
2026-08-04T22:00:00+00:00,1.15295,1.153135,1.15295,1.153015,98
2026-08-04T22:05:00+00:00,1.15302,1.15309,1.15301,1.153045,49
2026-08-04T22:10:00+00:00,1.15305,1.15314,1.15305,1.15313,37
2026-08-04T22:15:00+00:00,1.153115,1.15313,1.153065,1.153075,32
2026-08-04T22:20:00+00:00,1.15305,1.153075,1.153015,1.153055,22
2026-08-04T22:25:00+00:00,1.153065,1.153085,1.15303,1.153085,20
2026-08-04T22:30:00+00:00,1.1531,1.153205,1.1531,1.153205,37
2026-08-04T22:35:00+00:00,1.15321,1.15324,1.153175,1.153235,19
2026-08-04T22:40:00+00:00,1.153265,1.153275,1.15323,1.153245,12
2026-08-04T22:45:00+00:00,1.15324,1.15329,1.15309,1.15318,113
2026-08-04T22:50:00+00:00,1.153175,1.15325,1.15316,1.15323,64
2026-08-04T22:55:00+00:00,1.153225,1.15328,1.15321,1.15328,53
2026-08-04T23:00:00+00:00,1.15327,1.15327,1.153015,1.15317,157
2026-08-04T23:05:00+00:00,1.153165,1.15332,1.15314,1.153285,108
2026-08-04T23:10:00+00:00,1.153265,1.15329,1.15317,1.15322,88
2026-08-04T23:15:00+00:00,1.15321,1.15321,1.153085,1.153085,43
2026-08-04T23:20:00+00:00,1.153075,1.153135,1.153075,1.153095,43
2026-08-04T23:25:00+00:00,1.15308,1.153135,1.153025,1.153035,53
2026-08-04T23:30:00+00:00,1.15303,1.15311,1.15303,1.153065,46
2026-08-04T23:35:00+00:00,1.15306,1.153075,1.15301,1.153065,44
2026-08-04T23:40:00+00:00,1.15306,1.153075,1.15299,1.153015,54
2026-08-04T23:45:00+00:00,1.153055,1.15315,1.153055,1.15315,72
2026-08-04T23:50:00+00:00,1.153145,1.153185,1.153075,1.153085,65
2026-08-04T23:55:00+00:00,1.15309,1.153255,1.15307,1.15321,76
2024-01-01T22:00:00+00:00,1.10454,1.104555,1.104505,1.104525,40
2024-01-01T22:05:00+00:00,1.104515,1.104595,1.104515,1.104565,46
2024-01-01T22:10:00+00:00,1.104555,1.104595,1.104545,1.104585,27
2024-01-01T22:15:00+00:00,1.10458,1.104595,1.104545,1.104545,9
2024-01-01T22:20:00+00:00,1.104585,1.104585,1.10444,1.104505,28
2024-01-01T22:25:00+00:00,1.10451,1.10451,1.1045,1.1045,7
2024-01-01T22:30:00+00:00,1.104505,1.104505,1.10448,1.1045,14
2024-01-01T22:35:00+00:00,1.104475,1.104475,1.104395,1.1044,24
2024-01-01T22:40:00+00:00,1.10439,1.104435,1.104385,1.104415,60
2024-01-01T22:45:00+00:00,1.10439,1.104405,1.104345,1.1044,64
2024-01-01T22:50:00+00:00,1.104395,1.10449,1.104395,1.10449,24
2024-01-01T22:55:00+00:00,1.10448,1.1045,1.104385,1.104455,37
2024-01-01T23:00:00+00:00,1.104495,1.104495,1.104045,1.104085,170
2024-01-01T23:05:00+00:00,1.10409,1.10411,1.104025,1.104045,100
2024-01-01T23:10:00+00:00,1.10404,1.104045,1.103845,1.103845,88
2024-01-01T23:15:00+00:00,1.10384,1.103845,1.103735,1.103735,65
2024-01-01T23:20:00+00:00,1.103745,1.10382,1.103725,1.103775,146
2024-01-01T23:25:00+00:00,1.10377,1.103835,1.103735,1.103775,91
2024-01-01T23:30:00+00:00,1.10378,1.10379,1.10363,1.103675,59
2024-01-01T23:35:00+00:00,1.10369,1.103845,1.10368,1.103835,107
2024-01-01T23:40:00+00:00,1.103825,1.10384,1.103665,1.10369,93
2024-01-01T23:45:00+00:00,1.103685,1.10375,1.10358,1.10359,121
2024-01-01T23:50:00+00:00,1.103595,1.103745,1.10358,1.10368,122
2024-01-01T23:55:00+00:00,1.103685,1.103735,1.103605,1.10367,82
2024-01-02T00:00:00+00:00,1.10368,1.10379,1.10368,1.10377,174
2024-01-02T00:05:00+00:00,1.10378,1.10381,1.10372,1.10379,108
2024-01-02T00:10:00+00:00,1.103795,1.103795,1.103705,1.103725,189
2024-01-02T00:15:00+00:00,1.103735,1.10375,1.10367,1.1037,145
2024-01-02T00:20:00+00:00,1.103695,1.1037,1.10347,1.10348,100
2024-01-02T00:25:00+00:00,1.103485,1.10353,1.103435,1.103485,76
2024-01-02T00:30:00+00:00,1.103475,1.103575,1.103465,1.103575,125
2024-01-02T00:35:00+00:00,1.10357,1.103585,1.10353,1.103565,68
2024-01-02T00:40:00+00:00,1.10357,1.10359,1.10356,1.103585,41
2024-01-02T00:45:00+00:00,1.10358,1.103795,1.10358,1.103785,86
2024-01-02T00:50:00+00:00,1.10378,1.10382,1.10372,1.10382,135
2024-01-02T00:55:00+00:00,1.103815,1.10384,1.1037,1.10383,185
2024-01-02T01:00:00+00:00,1.103815,1.104055,1.10377,1.10401,258
2024-01-02T01:05:00+00:00,1.104005,1.104335,1.10398,1.104045,283
2024-01-02T01:10:00+00:00,1.10404,1.104105,1.103865,1.103895,158
2024-01-02T01:15:00+00:00,1.10389,1.10432,1.10388,1.10427,243
2024-01-02T01:20:00+00:00,1.10429,1.10431,1.10405,1.104225,210
2024-01-02T01:25:00+00:00,1.10421,1.104225,1.103935,1.10395,213
2024-01-02T01:30:00+00:00,1.103955,1.103985,1.103745,1.10384,269
2024-01-02T01:35:00+00:00,1.10385,1.103855,1.103705,1.103745,142
2024-01-02T01:40:00+00:00,1.10374,1.103845,1.103715,1.103835,252
2024-01-02T01:45:00+00:00,1.10385,1.10401,1.10385,1.103885,267
2024-01-02T01:50:00+00:00,1.10389,1.1039,1.103725,1.103805,106
2024-01-02T01:55:00+00:00,1.10382,1.10382,1.10343,1.10349,169
2024-01-02T02:00:00+00:00,1.103485,1.103595,1.103445,1.103565,114
2024-01-02T02:05:00+00:00,1.10355,1.103555,1.103155,1.103265,195
2024-01-02T02:10:00+00:00,1.103275,1.103285,1.10316,1.103195,110
2024-01-02T02:15:00+00:00,1.10318,1.10318,1.102935,1.10298,179
2024-01-02T02:20:00+00:00,1.102985,1.103,1.10268,1.10274,184
2024-01-02T02:25:00+00:00,1.10273,1.10278,1.10263,1.10263,111
2024-01-02T02:30:00+00:00,1.102655,1.102675,1.102455,1.102645,310
2024-01-02T02:35:00+00:00,1.10264,1.102685,1.102575,1.10258,207
2024-01-02T02:40:00+00:00,1.102585,1.102595,1.102225,1.10238,311
2024-01-02T02:45:00+00:00,1.102385,1.10241,1.102145,1.102155,246
2024-01-02T02:50:00+00:00,1.10216,1.102205,1.101995,1.102015,204
2024-01-02T02:55:00+00:00,1.10203,1.102125,1.101835,1.101885,330
2024-01-02T03:00:00+00:00,1.10189,1.101955,1.101805,1.101895,126
2024-01-02T03:05:00+00:00,1.10189,1.10218,1.101775,1.10214,295
2024-01-02T03:10:00+00:00,1.10212,1.10237,1.102095,1.10224,245
2024-01-02T03:15:00+00:00,1.102235,1.102405,1.102235,1.10225,197
2024-01-02T03:20:00+00:00,1.102245,1.102295,1.102185,1.102285,80
2024-01-02T03:25:00+00:00,1.10229,1.102295,1.102075,1.102145,107
2024-01-02T03:30:00+00:00,1.102165,1.10227,1.10214,1.10214,93
2024-01-02T03:35:00+00:00,1.102135,1.10223,1.102075,1.1022,117
2024-01-02T03:40:00+00:00,1.102205,1.102315,1.1022,1.102315,130
2024-01-02T03:45:00+00:00,1.10232,1.10249,1.10232,1.102455,202
2024-01-02T03:50:00+00:00,1.10245,1.102465,1.1024,1.102415,100
2024-01-02T03:55:00+00:00,1.1024,1.102475,1.10235,1.10246,114
2024-01-02T04:00:00+00:00,1.102465,1.10251,1.102235,1.10224,103
2024-01-02T04:05:00+00:00,1.10225,1.10227,1.10209,1.102205,208
2024-01-02T04:10:00+00:00,1.1022,1.102275,1.1021,1.1022,131
2024-01-02T04:15:00+00:00,1.10223,1.10226,1.1021,1.102105,114
2024-01-02T04:20:00+00:00,1.1021,1.1022,1.10209,1.10213,52
2024-01-02T04:25:00+00:00,1.102115,1.102115,1.10193,1.101935,79
2024-01-02T04:30:00+00:00,1.10195,1.10205,1.10194,1.10197,200
2024-01-02T04:35:00+00:00,1.101965,1.10206,1.10195,1.10201,133
2024-01-02T04:40:00+00:00,1.102005,1.102015,1.10174,1.10176,180
2024-01-02T04:45:00+00:00,1.10175,1.101815,1.10172,1.10172,62
2024-01-02T04:50:00+00:00,1.101735,1.10176,1.101665,1.10167,130
2024-01-02T04:55:00+00:00,1.101665,1.10212,1.101665,1.102095,346
2024-01-02T05:00:00+00:00,1.102105,1.1024,1.102095,1.10226,214
2024-01-02T05:05:00+00:00,1.10227,1.1023,1.10211,1.102265,73
2024-01-02T05:10:00+00:00,1.102275,1.10253,1.102215,1.102515,123
2024-01-02T05:15:00+00:00,1.102545,1.102665,1.102485,1.102555,111
2024-01-02T05:20:00+00:00,1.10256,1.102745,1.10253,1.10268,225
2024-01-02T05:25:00+00:00,1.102685,1.10283,1.102645,1.102665,177
2024-01-02T05:30:00+00:00,1.10266,1.1028,1.10266,1.10276,105
2024-01-02T05:35:00+00:00,1.10279,1.10291,1.10274,1.10282,124
2024-01-02T05:40:00+00:00,1.102825,1.103045,1.102825,1.10301,176
2024-01-02T05:45:00+00:00,1.103025,1.10318,1.102935,1.10302,115
2024-01-02T05:50:00+00:00,1.10303,1.103285,1.10296,1.10312,131
2024-01-02T05:55:00+00:00,1.103155,1.103375,1.10311,1.10335,309
2024-01-02T06:00:00+00:00,1.10336,1.10338,1.10318,1.103265,225
2024-01-02T06:05:00+00:00,1.10327,1.103435,1.103225,1.10327,123
2024-01-02T06:10:00+00:00,1.103275,1.103285,1.10322,1.103235,120
2024-01-02T06:15:00+00:00,1.10323,1.10338,1.103195,1.10328,72
2024-01-02T06:20:00+00:00,1.103275,1.103285,1.10307,1.10312,108
2024-01-02T06:25:00+00:00,1.1031,1.103255,1.103015,1.10321,200
2024-01-02T06:30:00+00:00,1.103215,1.10335,1.10313,1.103235,204
2024-01-02T06:35:00+00:00,1.103245,1.10333,1.103105,1.103315,143
2024-01-02T06:40:00+00:00,1.10332,1.10348,1.10331,1.10337,167
2024-01-02T06:45:00+00:00,1.103375,1.103525,1.103315,1.103425,179
2024-01-02T06:50:00+00:00,1.103385,1.103385,1.102875,1.102875,237
2024-01-02T06:55:00+00:00,1.102885,1.102965,1.102695,1.102875,217
2024-01-02T07:00:00+00:00,1.10287,1.10304,1.102475,1.102665,474
2024-01-02T07:05:00+00:00,1.102675,1.103055,1.102675,1.10285,362
2024-01-02T07:10:00+00:00,1.102855,1.10312,1.10276,1.102825,267
2024-01-02T07:15:00+00:00,1.102815,1.10315,1.102775,1.10301,328
2024-01-02T07:20:00+00:00,1.103,1.103625,1.102885,1.10361,350
2024-01-02T07:25:00+00:00,1.1036,1.103775,1.103435,1.10373,365
2024-01-02T07:30:00+00:00,1.10372,1.10381,1.10343,1.103715,382
2024-01-02T07:35:00+00:00,1.10373,1.103745,1.10339,1.10365,454
2024-01-02T07:40:00+00:00,1.10364,1.10364,1.102985,1.103005,355
2024-01-02T07:45:00+00:00,1.102995,1.103155,1.10276,1.10301,483
2024-01-02T07:50:00+00:00,1.10302,1.103065,1.102225,1.102235,758
2024-01-02T07:55:00+00:00,1.10225,1.102465,1.101525,1.10155,1104
2024-01-02T08:00:00+00:00,1.10157,1.102945,1.10157,1.102705,1202
2024-01-02T08:05:00+00:00,1.10271,1.102975,1.102405,1.10296,647
2024-01-02T08:10:00+00:00,1.103005,1.103885,1.102995,1.103255,684
2024-01-02T08:15:00+00:00,1.10323,1.10342,1.102825,1.103035,577
2024-01-02T08:20:00+00:00,1.103025,1.1031,1.10284,1.103045,405
2024-01-02T08:25:00+00:00,1.10305,1.10309,1.10277,1.1029,484
2024-01-02T08:30:00+00:00,1.102895,1.103305,1.10288,1.103075,583
2024-01-02T08:35:00+00:00,1.103065,1.10315,1.10281,1.103,541
2024-01-02T08:40:00+00:00,1.102995,1.10309,1.102865,1.10293,439
2024-01-02T08:45:00+00:00,1.10295,1.10325,1.10288,1.103115,511
2024-01-02T08:50:00+00:00,1.10311,1.103295,1.10289,1.10304,562
2024-01-02T08:55:00+00:00,1.103035,1.103085,1.102545,1.10297,495
2024-01-02T09:00:00+00:00,1.102975,1.10349,1.102905,1.103145,634
2024-01-02T09:05:00+00:00,1.10315,1.10354,1.10312,1.1033,491
2024-01-02T09:10:00+00:00,1.10329,1.10365,1.10305,1.10353,549
2024-01-02T09:15:00+00:00,1.103525,1.1038,1.10341,1.103545,370
2024-01-02T09:20:00+00:00,1.10354,1.10368,1.103355,1.103415,393
2024-01-02T09:25:00+00:00,1.10341,1.10356,1.10332,1.103335,332
2024-01-02T09:30:00+00:00,1.10333,1.103515,1.10305,1.103195,344
2024-01-02T09:35:00+00:00,1.10319,1.10322,1.102845,1.102885,358
2024-01-02T09:40:00+00:00,1.10287,1.10287,1.101905,1.101975,489
2024-01-02T09:45:00+00:00,1.101945,1.10196,1.10109,1.101915,734
2024-01-02T09:50:00+00:00,1.101955,1.102005,1.10164,1.101725,522
2024-01-02T09:55:00+00:00,1.101715,1.10173,1.101405,1.10151,308
2024-01-02T10:00:00+00:00,1.101495,1.101705,1.10111,1.10114,387
2024-01-02T10:05:00+00:00,1.101135,1.10114,1.10053,1.10062,488
2024-01-02T10:10:00+00:00,1.10064,1.100655,1.099715,1.10002,529
2024-01-02T10:15:00+00:00,1.100015,1.10033,1.09996,1.10022,664
2024-01-02T10:20:00+00:00,1.100225,1.10052,1.10021,1.100315,493
2024-01-02T10:25:00+00:00,1.1003,1.10057,1.100205,1.1004,464
2024-01-02T10:30:00+00:00,1.100385,1.10096,1.10029,1.10077,449
2024-01-02T10:35:00+00:00,1.10076,1.100925,1.100635,1.10087,301
2024-01-02T10:40:00+00:00,1.10086,1.10102,1.100685,1.10098,455
2024-01-02T10:45:00+00:00,1.100985,1.101095,1.10079,1.101075,429
2024-01-02T10:50:00+00:00,1.101045,1.101125,1.10076,1.100825,347
2024-01-02T10:55:00+00:00,1.10083,1.10085,1.10031,1.10076,620
2024-01-02T11:00:00+00:00,1.100765,1.10078,1.10022,1.10033,599
2024-01-02T11:05:00+00:00,1.10035,1.1005,1.09985,1.09986,561
2024-01-02T11:10:00+00:00,1.099855,1.099915,1.09894,1.098965,690
2024-01-02T11:15:00+00:00,1.098985,1.09921,1.09816,1.098295,825
2024-01-02T11:20:00+00:00,1.098275,1.09835,1.097855,1.098345,621
2024-01-02T11:25:00+00:00,1.09835,1.098465,1.097965,1.098055,600
2024-01-02T11:30:00+00:00,1.09804,1.09804,1.09756,1.097645,661
2024-01-02T11:35:00+00:00,1.09764,1.09774,1.097225,1.09744,628
2024-01-02T11:40:00+00:00,1.097445,1.09748,1.097055,1.097115,493
2024-01-02T11:45:00+00:00,1.09711,1.097135,1.096665,1.097025,492
2024-01-02T11:50:00+00:00,1.097045,1.09729,1.096785,1.09689,516
2024-01-02T11:55:00+00:00,1.096895,1.09704,1.096735,1.096915,467
2024-01-02T14:00:00+00:00,1.09527,1.095745,1.094975,1.095025,846
2024-01-02T14:05:00+00:00,1.095015,1.09507,1.09462,1.09488,719
2024-01-02T14:10:00+00:00,1.094875,1.09494,1.094505,1.094625,571
2024-01-02T14:15:00+00:00,1.09462,1.094875,1.09449,1.09479,569
2024-01-02T14:20:00+00:00,1.094785,1.095185,1.094725,1.095025,447
2024-01-02T14:25:00+00:00,1.095005,1.095385,1.09499,1.09521,596
2024-01-02T14:30:00+00:00,1.09519,1.09575,1.09513,1.095745,791
2024-01-02T14:35:00+00:00,1.09574,1.09607,1.095475,1.09584,798
2024-01-02T14:40:00+00:00,1.095845,1.09638,1.09541,1.09573,913
2024-01-02T14:45:00+00:00,1.09575,1.0964,1.095165,1.095405,1297
2024-01-02T14:50:00+00:00,1.09542,1.09608,1.095405,1.095445,1069
2024-01-02T14:55:00+00:00,1.09545,1.09632,1.095275,1.09632,1039
2024-01-02T16:00:00+00:00,1.094365,1.094535,1.09409,1.09445,828
2024-01-02T16:05:00+00:00,1.09443,1.095295,1.094425,1.095295,474
2024-01-02T16:10:00+00:00,1.09532,1.09583,1.09532,1.09575,565
2024-01-02T16:15:00+00:00,1.095735,1.095915,1.095585,1.095815,492
2024-01-02T16:20:00+00:00,1.09581,1.09607,1.09565,1.096045,489
2024-01-02T16:25:00+00:00,1.09604,1.096175,1.095775,1.095795,418
2024-01-02T16:30:00+00:00,1.09578,1.095795,1.095295,1.09536,488
2024-01-02T16:35:00+00:00,1.095365,1.09546,1.09481,1.094845,457
2024-01-02T16:40:00+00:00,1.09484,1.09489,1.094455,1.09465,303
2024-01-02T16:45:00+00:00,1.094655,1.0954,1.09465,1.0954,442
2024-01-02T16:50:00+00:00,1.095405,1.09567,1.09534,1.095495,378
2024-01-02T16:55:00+00:00,1.095505,1.09579,1.095465,1.09565,441
2024-01-02T17:00:00+00:00,1.09566,1.09576,1.095445,1.095535,343
2024-01-02T17:05:00+00:00,1.09554,1.09556,1.09513,1.09519,270
2024-01-02T17:10:00+00:00,1.095195,1.095195,1.09483,1.09509,357
2024-01-02T17:15:00+00:00,1.0951,1.09523,1.094605,1.094895,451
2024-01-02T17:20:00+00:00,1.0949,1.09535,1.094825,1.095325,417
2024-01-02T17:25:00+00:00,1.095335,1.09558,1.095275,1.09535,360
2024-01-02T17:30:00+00:00,1.09534,1.095605,1.095215,1.09528,341
2024-01-02T17:35:00+00:00,1.0953,1.09555,1.09526,1.09541,244
2024-01-02T17:40:00+00:00,1.095435,1.0955,1.09516,1.095165,362
2024-01-02T17:45:00+00:00,1.09514,1.095275,1.094985,1.095195,396
2024-01-02T17:50:00+00:00,1.095215,1.09526,1.09503,1.09516,298
2024-01-02T17:55:00+00:00,1.095165,1.095165,1.094685,1.095055,452
2024-01-02T18:00:00+00:00,1.09505,1.095165,1.09484,1.095045,318
2024-01-02T18:05:00+00:00,1.095035,1.0951,1.09478,1.095005,183
2024-01-02T18:10:00+00:00,1.094995,1.09544,1.09496,1.09531,238
2024-01-02T18:15:00+00:00,1.0953,1.095465,1.095245,1.0954,226
2024-01-02T18:20:00+00:00,1.09541,1.09559,1.09541,1.09546,174
2024-01-02T18:25:00+00:00,1.09545,1.0956,1.095425,1.09545,288
2024-01-02T18:30:00+00:00,1.095455,1.095505,1.09537,1.09547,175
2024-01-02T18:35:00+00:00,1.09546,1.09546,1.09505,1.09513,199
2024-01-02T18:40:00+00:00,1.095115,1.095115,1.09478,1.09484,329
2024-01-02T18:45:00+00:00,1.094835,1.09504,1.094835,1.09496,321
2024-01-02T18:50:00+00:00,1.09495,1.09496,1.094725,1.094815,298
2024-01-02T18:55:00+00:00,1.09481,1.094945,1.094635,1.094685,390
2024-01-02T19:00:00+00:00,1.09468,1.09474,1.09449,1.094495,307
2024-01-02T19:05:00+00:00,1.09449,1.094545,1.094295,1.09444,212
2024-01-02T19:10:00+00:00,1.094465,1.09476,1.094435,1.09466,186
2024-01-02T19:15:00+00:00,1.09465,1.09469,1.094445,1.09454,327
2024-01-02T19:20:00+00:00,1.094515,1.09482,1.094485,1.094745,154
2024-01-02T19:25:00+00:00,1.09475,1.09499,1.09465,1.09496,265
2024-01-02T19:30:00+00:00,1.094945,1.09502,1.09463,1.094645,167
2024-01-02T19:35:00+00:00,1.09465,1.094855,1.094615,1.094705,190
2024-01-02T19:40:00+00:00,1.09471,1.09487,1.094705,1.094805,202
2024-01-02T19:45:00+00:00,1.0948,1.094885,1.094515,1.094535,270
2024-01-02T19:50:00+00:00,1.09452,1.09477,1.09451,1.09476,204
2024-01-02T19:55:00+00:00,1.09475,1.09475,1.09453,1.094665,291
2024-01-02T20:00:00+00:00,1.09466,1.094755,1.09457,1.094595,241
2024-01-02T20:05:00+00:00,1.0946,1.095035,1.094575,1.094925,307
2024-01-02T20:10:00+00:00,1.094935,1.095125,1.09484,1.094845,142
2024-01-02T20:15:00+00:00,1.09484,1.09507,1.09481,1.0949,301
2024-01-02T20:20:00+00:00,1.09489,1.095065,1.094875,1.09501,135
2024-01-02T20:25:00+00:00,1.09498,1.09498,1.094595,1.094605,126
2024-01-02T20:30:00+00:00,1.094625,1.094845,1.09462,1.094795,216
2024-01-02T20:35:00+00:00,1.094805,1.094875,1.094645,1.094745,274
2024-01-02T20:40:00+00:00,1.094725,1.09483,1.094675,1.094695,131
2024-01-02T20:45:00+00:00,1.0947,1.09481,1.0946,1.09465,279
2024-01-02T20:50:00+00:00,1.09466,1.09487,1.09466,1.09484,354
2024-01-02T20:55:00+00:00,1.09483,1.09483,1.09423,1.09432,574
2024-01-02T21:00:00+00:00,1.094315,1.09432,1.094085,1.0943,310
2024-01-02T21:05:00+00:00,1.094325,1.094325,1.094005,1.094015,215
2024-01-02T21:10:00+00:00,1.094025,1.094155,1.09397,1.094145,118
2024-01-02T21:15:00+00:00,1.09415,1.094185,1.094065,1.094065,174
2024-01-02T21:20:00+00:00,1.09407,1.094275,1.094065,1.09421,143
2024-01-02T21:25:00+00:00,1.094215,1.094255,1.093845,1.093845,161
2024-01-02T21:30:00+00:00,1.09385,1.09406,1.09385,1.094025,85
2024-01-02T21:35:00+00:00,1.09404,1.094125,1.09404,1.094065,85
2024-01-02T21:40:00+00:00,1.094075,1.094135,1.09404,1.094085,176
2024-01-02T21:45:00+00:00,1.09409,1.09425,1.09409,1.094235,202
2024-01-02T21:50:00+00:00,1.09423,1.094235,1.09412,1.09414,139
2024-01-02T21:55:00+00:00,1.094145,1.094155,1.094065,1.094125,311
2024-01-02T22:00:00+00:00,1.094195,1.094515,1.09409,1.094485,22
2024-01-02T22:05:00+00:00,1.094465,1.09449,1.094345,1.09436,89
2024-01-02T22:10:00+00:00,1.094365,1.09437,1.094145,1.094255,101
2024-01-02T22:15:00+00:00,1.094245,1.094375,1.09407,1.09429,88
2024-01-02T22:20:00+00:00,1.0943,1.09438,1.094175,1.09424,92
2024-01-02T22:25:00+00:00,1.09422,1.094235,1.0941,1.09414,57
2024-01-02T22:30:00+00:00,1.094145,1.09418,1.094085,1.094105,61
2024-01-02T22:35:00+00:00,1.0941,1.09412,1.093995,1.09401,234
2024-01-02T22:40:00+00:00,1.09402,1.09407,1.09398,1.094,268
2024-01-02T22:45:00+00:00,1.093995,1.0941,1.093995,1.09407,132
2024-01-02T22:50:00+00:00,1.094085,1.09429,1.094045,1.09428,110
2024-01-02T22:55:00+00:00,1.094275,1.09434,1.094115,1.094145,112
2024-01-02T23:00:00+00:00,1.094155,1.09435,1.094125,1.09423,139
2024-01-02T23:05:00+00:00,1.094265,1.09439,1.094265,1.09433,69
2024-01-02T23:10:00+00:00,1.094335,1.09438,1.09431,1.094325,48
2024-01-02T23:15:00+00:00,1.09433,1.09433,1.094215,1.094265,63
2024-01-02T23:20:00+00:00,1.09427,1.09429,1.09416,1.09427,146
2024-01-02T23:25:00+00:00,1.094265,1.09432,1.094205,1.094315,121
2024-01-02T23:30:00+00:00,1.09431,1.09432,1.094205,1.094285,101
2024-01-02T23:35:00+00:00,1.09428,1.09431,1.09423,1.094295,27
2024-01-02T23:40:00+00:00,1.09429,1.0943,1.094165,1.094195,59
2024-01-02T23:45:00+00:00,1.094185,1.09422,1.094165,1.09419,71
2024-01-02T23:50:00+00:00,1.094195,1.094365,1.094195,1.094365,74
2024-01-02T23:55:00+00:00,1.09436,1.094365,1.094115,1.094175,78
2024-01-03T00:00:00+00:00,1.09418,1.09431,1.09413,1.094285,115
2024-01-03T00:05:00+00:00,1.094295,1.09437,1.09427,1.09437,69
2024-01-03T00:10:00+00:00,1.094375,1.094485,1.094365,1.09448,80
2024-01-03T00:15:00+00:00,1.094475,1.09457,1.094425,1.09452,63
2024-01-03T00:20:00+00:00,1.09453,1.094785,1.09452,1.094785,80
2024-01-03T00:25:00+00:00,1.094775,1.09489,1.094735,1.094885,137
2024-01-03T00:30:00+00:00,1.09489,1.09506,1.094885,1.09497,234
2024-01-03T00:35:00+00:00,1.094975,1.095065,1.094935,1.094935,167
2024-01-03T00:40:00+00:00,1.09493,1.095005,1.094825,1.09499,107
2024-01-03T00:45:00+00:00,1.094995,1.094995,1.094865,1.094995,115
2024-01-03T00:50:00+00:00,1.09499,1.09505,1.09487,1.09489,62
2024-01-03T00:55:00+00:00,1.094915,1.09504,1.09484,1.09495,131
2024-01-03T01:00:00+00:00,1.094945,1.095085,1.09485,1.094895,137
2024-01-03T01:05:00+00:00,1.09491,1.09498,1.09481,1.09486,79
2024-01-03T01:10:00+00:00,1.094845,1.094985,1.09481,1.094975,95
2024-01-03T01:15:00+00:00,1.09496,1.094965,1.094495,1.09476,297
2024-01-03T01:20:00+00:00,1.094765,1.094925,1.094645,1.094855,172
2024-01-03T01:25:00+00:00,1.09486,1.095125,1.094785,1.095075,217
2024-01-03T01:30:00+00:00,1.095085,1.095285,1.09503,1.09525,268
2024-01-03T01:35:00+00:00,1.09524,1.09545,1.095185,1.09519,184
2024-01-03T01:40:00+00:00,1.095195,1.095445,1.09518,1.095445,221
2024-01-03T01:45:00+00:00,1.095455,1.095485,1.09527,1.095355,257
2024-01-03T01:50:00+00:00,1.09536,1.095375,1.09525,1.095295,180
2024-01-03T01:55:00+00:00,1.09529,1.09531,1.095095,1.095145,192
2024-01-03T02:00:00+00:00,1.09515,1.095305,1.09499,1.095305,189
2024-01-03T02:05:00+00:00,1.09531,1.095315,1.09515,1.09516,173
2024-01-03T02:10:00+00:00,1.095155,1.095155,1.095035,1.09509,160
2024-01-03T02:15:00+00:00,1.095085,1.09513,1.094895,1.095055,126
2024-01-03T02:20:00+00:00,1.09505,1.095075,1.094915,1.09494,127
2024-01-03T02:25:00+00:00,1.09493,1.094975,1.09487,1.094895,76
2024-01-03T02:30:00+00:00,1.094985,1.095005,1.09489,1.09499,114
2024-01-03T02:35:00+00:00,1.094985,1.094995,1.09493,1.09498,115
2024-01-03T02:40:00+00:00,1.094985,1.095,1.094925,1.09496,64
2024-01-03T02:45:00+00:00,1.094945,1.095145,1.09493,1.09508,89
2024-01-03T02:50:00+00:00,1.095075,1.095165,1.095065,1.095145,95
2024-01-03T02:55:00+00:00,1.09513,1.095315,1.095125,1.09524,181
2024-01-03T03:00:00+00:00,1.095235,1.09524,1.09509,1.09521,150
2024-01-03T03:05:00+00:00,1.09522,1.09547,1.09519,1.09532,181
2024-01-03T03:10:00+00:00,1.095325,1.095405,1.094895,1.094895,157
2024-01-03T03:15:00+00:00,1.094905,1.0951,1.094895,1.095085,119
2024-01-03T03:20:00+00:00,1.09508,1.09518,1.094975,1.095165,77
2024-01-03T03:25:00+00:00,1.09516,1.095385,1.095125,1.095345,93
2024-01-03T03:30:00+00:00,1.09535,1.09553,1.09534,1.095515,74
2024-01-03T03:35:00+00:00,1.09553,1.095915,1.09544,1.09583,137
2024-01-03T03:40:00+00:00,1.095855,1.09593,1.09578,1.095925,119
2024-01-03T03:45:00+00:00,1.09593,1.09618,1.095925,1.09615,172
2024-01-03T03:50:00+00:00,1.096155,1.09623,1.095925,1.095995,216
2024-01-03T03:55:00+00:00,1.09599,1.09612,1.095945,1.096095,178
2024-01-03T04:00:00+00:00,1.09608,1.096245,1.096045,1.09615,128
2024-01-03T04:05:00+00:00,1.09614,1.096145,1.095995,1.096005,81
2024-01-03T04:10:00+00:00,1.096,1.096135,1.095975,1.09607,121
2024-01-03T04:15:00+00:00,1.096075,1.096135,1.09604,1.09605,169
2024-01-03T04:20:00+00:00,1.096055,1.09618,1.09605,1.09618,110
2024-01-03T04:25:00+00:00,1.096195,1.09621,1.096045,1.09605,77
2024-01-03T04:30:00+00:00,1.096045,1.09618,1.09604,1.096145,96
2024-01-03T04:35:00+00:00,1.09614,1.096185,1.095975,1.095995,126
2024-01-03T04:40:00+00:00,1.09599,1.096055,1.09595,1.09599,71
2024-01-03T04:45:00+00:00,1.095995,1.096,1.095925,1.095945,52
2024-01-03T04:50:00+00:00,1.09595,1.09596,1.095895,1.095905,72
2024-01-03T04:55:00+00:00,1.09591,1.096255,1.095895,1.09624,153
2024-01-03T05:00:00+00:00,1.09625,1.096285,1.09612,1.09612,152
2024-01-03T05:05:00+00:00,1.096105,1.09613,1.096045,1.096075,37
2024-01-03T05:10:00+00:00,1.096055,1.0962,1.096045,1.096095,153
2024-01-03T05:15:00+00:00,1.0961,1.09619,1.0961,1.096155,119
2024-01-03T05:20:00+00:00,1.09616,1.09619,1.096115,1.09617,66
2024-01-03T05:25:00+00:00,1.09618,1.096245,1.09588,1.095885,135
2024-01-03T05:30:00+00:00,1.09587,1.09604,1.09587,1.095955,146
2024-01-03T05:35:00+00:00,1.095975,1.09611,1.095925,1.09596,184
2024-01-03T05:40:00+00:00,1.095945,1.095945,1.095645,1.09569,147
2024-01-03T05:45:00+00:00,1.0957,1.0957,1.095535,1.09554,173
2024-01-03T05:50:00+00:00,1.095535,1.095615,1.09528,1.095375,170
2024-01-03T05:55:00+00:00,1.095355,1.095385,1.095135,1.095135,188
2024-01-03T06:00:00+00:00,1.09513,1.095455,1.09512,1.09545,138
2024-01-03T06:05:00+00:00,1.09542,1.09559,1.095385,1.095445,154
2024-01-03T06:10:00+00:00,1.09544,1.095665,1.09543,1.095665,221
2024-01-03T06:15:00+00:00,1.09567,1.09567,1.095515,1.0956,185
2024-01-03T06:20:00+00:00,1.095605,1.095605,1.095485,1.095595,135
2024-01-03T06:25:00+00:00,1.0956,1.09584,1.095595,1.095775,194
2024-01-03T06:30:00+00:00,1.09577,1.095865,1.09574,1.095855,161
2024-01-03T06:35:00+00:00,1.09585,1.09587,1.095835,1.09586,66
2024-01-03T06:40:00+00:00,1.095865,1.09589,1.095815,1.09587,65
2024-01-03T06:45:00+00:00,1.095865,1.095955,1.095855,1.09594,140
2024-01-03T06:50:00+00:00,1.09595,1.096085,1.09587,1.09587,233
2024-01-03T06:55:00+00:00,1.095865,1.096055,1.095855,1.095875,140
2024-01-03T07:00:00+00:00,1.095855,1.095925,1.095505,1.09561,517
2024-01-03T07:05:00+00:00,1.095615,1.09597,1.095545,1.09593,344
2024-01-03T07:10:00+00:00,1.09591,1.095995,1.09546,1.09552,440
2024-01-03T07:15:00+00:00,1.095515,1.09552,1.095155,1.095315,501
2024-01-03T07:20:00+00:00,1.09532,1.095815,1.095225,1.095755,471
2024-01-03T07:25:00+00:00,1.09575,1.095885,1.095575,1.095765,319
2024-01-03T07:30:00+00:00,1.09576,1.09628,1.09571,1.09603,449
2024-01-03T07:35:00+00:00,1.096015,1.096055,1.095765,1.095965,325
2024-01-03T07:40:00+00:00,1.09596,1.096025,1.09575,1.09575,280
2024-01-03T07:45:00+00:00,1.09573,1.09573,1.095545,1.0956,194
2024-01-03T07:50:00+00:00,1.09559,1.09609,1.09557,1.096065,290
2024-01-03T07:55:00+00:00,1.09606,1.096275,1.095915,1.096045,414
2024-01-03T08:00:00+00:00,1.09604,1.09638,1.095805,1.09608,609
2024-01-03T08:05:00+00:00,1.09607,1.09642,1.09602,1.09637,491
2024-01-03T08:10:00+00:00,1.096365,1.096545,1.096,1.09641,567
2024-01-03T08:15:00+00:00,1.096405,1.09642,1.09604,1.09634,374
2024-01-03T08:20:00+00:00,1.096325,1.096425,1.09581,1.095815,445
2024-01-03T08:25:00+00:00,1.0958,1.095875,1.095055,1.095295,806
2024-01-03T08:30:00+00:00,1.0953,1.095515,1.09504,1.09524,689
2024-01-03T08:35:00+00:00,1.095235,1.09571,1.095235,1.09566,514
2024-01-03T08:40:00+00:00,1.09565,1.09579,1.09525,1.095605,615
2024-01-03T08:45:00+00:00,1.09561,1.09565,1.095285,1.09529,554
2024-01-03T08:50:00+00:00,1.095295,1.09551,1.09507,1.09545,461
2024-01-03T08:55:00+00:00,1.095455,1.095555,1.09514,1.095275,514
2024-01-03T09:00:00+00:00,1.09527,1.09561,1.095165,1.09559,536
2024-01-03T09:05:00+00:00,1.095595,1.09563,1.095085,1.095135,401
2024-01-03T09:10:00+00:00,1.095145,1.095145,1.094285,1.09435,474
2024-01-03T09:15:00+00:00,1.094345,1.094535,1.09362,1.09408,617
2024-01-03T09:20:00+00:00,1.09411,1.094195,1.09391,1.09417,423
2024-01-03T09:25:00+00:00,1.09418,1.09422,1.093715,1.09389,392
2024-01-03T09:30:00+00:00,1.093885,1.094285,1.093885,1.094155,391
2024-01-03T09:35:00+00:00,1.09415,1.094435,1.09411,1.09442,480
2024-01-03T09:40:00+00:00,1.094425,1.09444,1.093915,1.09394,383
2024-01-03T09:45:00+00:00,1.09395,1.09416,1.093655,1.093665,355
2024-01-03T09:50:00+00:00,1.09366,1.09382,1.093495,1.093665,340
2024-01-03T09:55:00+00:00,1.093655,1.0937,1.09351,1.093635,366
2024-01-03T10:00:00+00:00,1.09363,1.09391,1.093415,1.093755,349
2024-01-03T10:05:00+00:00,1.09375,1.09381,1.09347,1.093565,270
2024-01-03T10:10:00+00:00,1.09358,1.09368,1.093385,1.093525,348
2024-01-03T10:15:00+00:00,1.093515,1.09352,1.09317,1.09317,336
2024-01-03T10:20:00+00:00,1.093175,1.0934,1.092915,1.09336,268
2024-01-03T10:25:00+00:00,1.093345,1.093345,1.09296,1.09296,291
2024-01-03T10:30:00+00:00,1.092955,1.093435,1.092925,1.093315,322
2024-01-03T10:35:00+00:00,1.09331,1.093335,1.092685,1.092755,351
2024-01-03T10:40:00+00:00,1.09276,1.09296,1.092625,1.092795,286
2024-01-03T10:45:00+00:00,1.09279,1.09308,1.092765,1.092885,297
2024-01-03T10:50:00+00:00,1.0929,1.09342,1.09289,1.093225,384
2024-01-03T10:55:00+00:00,1.09323,1.093235,1.09279,1.092805,286
2024-01-03T11:00:00+00:00,1.09281,1.09298,1.09245,1.092525,497
2024-01-03T11:05:00+00:00,1.09252,1.092765,1.09234,1.09243,486
2024-01-03T11:10:00+00:00,1.092435,1.09256,1.09225,1.09227,450
2024-01-03T11:15:00+00:00,1.092265,1.09256,1.09211,1.0925,290
2024-01-03T11:20:00+00:00,1.092495,1.09254,1.092215,1.092345,307
2024-01-03T11:25:00+00:00,1.09233,1.0924,1.092185,1.092295,310
2024-01-03T11:30:00+00:00,1.09229,1.09229,1.091825,1.09198,455
2024-01-03T11:35:00+00:00,1.09197,1.09236,1.09197,1.092105,477
2024-01-03T11:40:00+00:00,1.092125,1.09214,1.09156,1.091795,413
2024-01-03T11:45:00+00:00,1.09179,1.092125,1.09167,1.092115,427
2024-01-03T11:50:00+00:00,1.09211,1.092115,1.091855,1.09205,428
2024-01-03T11:55:00+00:00,1.092045,1.092085,1.09182,1.09196,357
2024-01-03T12:00:00+00:00,1.091965,1.09227,1.09194,1.092085,471
2024-01-03T12:05:00+00:00,1.09208,1.092135,1.091775,1.09209,367
2024-01-03T12:10:00+00:00,1.092095,1.09258,1.09202,1.09257,414
2024-01-03T12:15:00+00:00,1.092575,1.09302,1.092505,1.09294,391
2024-01-03T12:20:00+00:00,1.092945,1.093215,1.09273,1.09273,426
2024-01-03T12:25:00+00:00,1.092715,1.09294,1.09261,1.092635,341
2024-01-03T12:30:00+00:00,1.09263,1.092825,1.09249,1.09252,304
2024-01-03T12:35:00+00:00,1.09253,1.092615,1.09191,1.09195,373
2024-01-03T12:40:00+00:00,1.091945,1.092245,1.091895,1.09206,526
2024-01-03T12:45:00+00:00,1.092065,1.09229,1.091935,1.09199,351
2024-01-03T12:50:00+00:00,1.091985,1.092505,1.09195,1.092295,412
2024-01-03T12:55:00+00:00,1.092285,1.092285,1.091465,1.09169,598
2024-01-03T13:00:00+00:00,1.091685,1.09208,1.091605,1.091825,629
2024-01-03T13:05:00+00:00,1.09182,1.092025,1.09174,1.091905,624
2024-01-03T13:10:00+00:00,1.091875,1.092115,1.09173,1.091785,540
2024-01-03T13:15:00+00:00,1.09179,1.09193,1.09152,1.091735,486
2024-01-03T13:20:00+00:00,1.091735,1.091925,1.091025,1.09142,780
2024-01-03T13:25:00+00:00,1.091425,1.092235,1.09142,1.09211,755
2024-01-03T13:30:00+00:00,1.0921,1.092875,1.09198,1.09272,1101
2024-01-03T13:35:00+00:00,1.092715,1.09295,1.092465,1.092835,690
2024-01-03T13:40:00+00:00,1.092825,1.093015,1.09209,1.092145,852
2024-01-03T13:45:00+00:00,1.092125,1.092345,1.091915,1.09195,867
2024-01-03T13:50:00+00:00,1.091955,1.092305,1.09192,1.091995,685
2024-01-03T13:55:00+00:00,1.092005,1.09222,1.09157,1.092165,809
2024-01-03T14:00:00+00:00,1.09217,1.09242,1.091775,1.091855,711
2024-01-03T14:05:00+00:00,1.09186,1.091875,1.0914,1.09175,756
2024-01-03T14:10:00+00:00,1.09174,1.091745,1.091315,1.091485,765
2024-01-03T14:15:00+00:00,1.09148,1.091715,1.091325,1.09169,588
2024-01-03T14:20:00+00:00,1.09168,1.091745,1.091115,1.091375,613
2024-01-03T14:25:00+00:00,1.09137,1.091965,1.09137,1.09155,635
2024-01-03T14:30:00+00:00,1.091545,1.09187,1.091305,1.09168,1017
2024-01-03T14:35:00+00:00,1.091675,1.091795,1.090995,1.09148,1053
2024-01-03T14:40:00+00:00,1.091475,1.091855,1.091415,1.091775,696
2024-01-03T14:45:00+00:00,1.09175,1.09227,1.091565,1.09227,760
2024-01-03T14:50:00+00:00,1.092275,1.09266,1.091405,1.091725,828
2024-01-03T14:55:00+00:00,1.09172,1.091975,1.09148,1.091855,696
2024-01-03T15:00:00+00:00,1.091825,1.093865,1.091275,1.09349,2191
2024-01-03T15:05:00+00:00,1.093485,1.093625,1.092315,1.09235,1637
2024-01-03T15:10:00+00:00,1.092395,1.09256,1.091575,1.091615,1480
2024-01-03T15:15:00+00:00,1.09163,1.091945,1.09112,1.0918,1154
2024-01-03T15:20:00+00:00,1.09181,1.091815,1.09104,1.091445,1224
2024-01-03T15:25:00+00:00,1.09145,1.09241,1.09145,1.091545,1276
2024-01-03T15:30:00+00:00,1.091525,1.091885,1.09089,1.09112,1331
2024-01-03T15:35:00+00:00,1.09112,1.09151,1.09056,1.09077,1169
2024-01-03T15:40:00+00:00,1.09074,1.090905,1.090475,1.090845,1091
2024-01-03T15:45:00+00:00,1.09085,1.09085,1.0899,1.090085,990
2024-01-03T15:50:00+00:00,1.090075,1.09042,1.089895,1.08996,1119
2024-01-03T15:55:00+00:00,1.089955,1.090605,1.089815,1.090455,875
2024-01-03T16:00:00+00:00,1.090465,1.091065,1.090275,1.090895,1011
2024-01-03T16:05:00+00:00,1.09088,1.09098,1.09058,1.09079,688
2024-01-03T16:10:00+00:00,1.090785,1.091085,1.09052,1.09103,782
2024-01-03T16:15:00+00:00,1.091035,1.09168,1.091025,1.091615,733
2024-01-03T16:20:00+00:00,1.091625,1.09183,1.091375,1.091445,563
2024-01-03T16:25:00+00:00,1.09143,1.091685,1.09128,1.09129,796
2024-01-03T16:30:00+00:00,1.091305,1.09153,1.091235,1.091425,620
2024-01-03T16:35:00+00:00,1.091435,1.091565,1.09119,1.09124,605
2024-01-03T16:40:00+00:00,1.09125,1.091455,1.091115,1.09117,577
2024-01-03T16:45:00+00:00,1.091195,1.09139,1.090955,1.090955,513
2024-01-03T16:50:00+00:00,1.09096,1.09107,1.090715,1.09091,539
2024-01-03T16:55:00+00:00,1.090915,1.090965,1.090675,1.090825,474
2024-01-03T18:00:00+00:00,1.090665,1.091275,1.09066,1.091195,637
2024-01-03T18:05:00+00:00,1.09118,1.09143,1.091115,1.09143,291
2024-01-03T18:10:00+00:00,1.091425,1.09149,1.09112,1.09118,488
2024-01-03T18:15:00+00:00,1.091185,1.09128,1.09112,1.091125,338
2024-01-03T18:20:00+00:00,1.09113,1.09129,1.09104,1.09117,454
2024-01-03T18:25:00+00:00,1.09118,1.09139,1.091065,1.091065,358
2024-01-03T18:30:00+00:00,1.09104,1.09104,1.090375,1.090455,319
2024-01-03T18:35:00+00:00,1.09046,1.090525,1.090295,1.09047,320
2024-01-03T18:40:00+00:00,1.09048,1.09053,1.090275,1.090425,341
2024-01-03T18:45:00+00:00,1.09043,1.090705,1.090325,1.09058,490
2024-01-03T18:50:00+00:00,1.09059,1.090775,1.09049,1.09064,409
2024-01-03T18:55:00+00:00,1.090645,1.09065,1.09043,1.0906,353
2024-01-03T17:00:00+00:00,1.09082,1.09098,1.09056,1.090705,483
2024-01-03T17:05:00+00:00,1.0907,1.09086,1.090435,1.090465,481
2024-01-03T17:10:00+00:00,1.090475,1.090715,1.090375,1.09041,515
2024-01-03T17:15:00+00:00,1.090405,1.09063,1.090405,1.090595,249
2024-01-03T17:20:00+00:00,1.0906,1.090715,1.09044,1.09068,300
2024-01-03T17:25:00+00:00,1.090685,1.090945,1.09057,1.09091,350
2024-01-03T17:30:00+00:00,1.090905,1.091015,1.090625,1.090665,429
2024-01-03T17:35:00+00:00,1.090655,1.09093,1.090655,1.09085,292
2024-01-03T17:40:00+00:00,1.09084,1.09102,1.09064,1.09089,323
2024-01-03T17:45:00+00:00,1.090905,1.09097,1.0905,1.09069,301
2024-01-03T17:50:00+00:00,1.090695,1.09076,1.09053,1.090635,241
2024-01-03T17:55:00+00:00,1.09063,1.09069,1.090335,1.09067,455
2024-01-03T19:00:00+00:00,1.090605,1.09117,1.08986,1.090215,1571
2024-01-03T19:05:00+00:00,1.090245,1.090575,1.089365,1.090135,1179
2024-01-03T19:10:00+00:00,1.090125,1.090275,1.089305,1.089585,1106
2024-01-03T19:15:00+00:00,1.0896,1.09078,1.0896,1.09065,977
2024-01-03T19:20:00+00:00,1.090635,1.091035,1.09039,1.09102,865
2024-01-03T19:25:00+00:00,1.091015,1.09239,1.09098,1.09226,1292
2024-01-03T19:30:00+00:00,1.092295,1.09258,1.09194,1.092015,1207
2024-01-03T19:35:00+00:00,1.09201,1.09222,1.091515,1.09203,809
2024-01-03T19:40:00+00:00,1.092035,1.092455,1.091445,1.092255,1019
2024-01-03T19:45:00+00:00,1.09224,1.09252,1.09199,1.09199,740
2024-01-03T19:50:00+00:00,1.091985,1.092085,1.09168,1.09206,632
2024-01-03T19:55:00+00:00,1.092055,1.092055,1.091565,1.091765,845
2024-01-03T20:00:00+00:00,1.09178,1.091935,1.09153,1.09193,652
2024-01-03T20:05:00+00:00,1.091945,1.092105,1.09179,1.09195,501
2024-01-03T20:10:00+00:00,1.09196,1.09218,1.09185,1.092085,439
2024-01-03T20:15:00+00:00,1.092095,1.092335,1.091815,1.092045,387
2024-01-03T20:20:00+00:00,1.09205,1.09207,1.091635,1.09172,476
2024-01-03T20:25:00+00:00,1.09173,1.091845,1.091505,1.09178,511
2024-01-03T20:30:00+00:00,1.09179,1.092035,1.091735,1.091965,508
2024-01-03T20:35:00+00:00,1.09196,1.092035,1.091665,1.092025,420
2024-01-03T20:40:00+00:00,1.09203,1.092045,1.091815,1.09189,596
2024-01-03T20:45:00+00:00,1.09189,1.09223,1.09182,1.092095,379
2024-01-03T20:50:00+00:00,1.0921,1.0921,1.09179,1.09188,470
2024-01-03T20:55:00+00:00,1.091885,1.09221,1.091885,1.092135,442
2024-01-02T13:00:00+00:00,1.09539,1.095785,1.095365,1.09548,800
2024-01-02T13:05:00+00:00,1.09547,1.095635,1.09544,1.09559,398
2024-01-02T13:10:00+00:00,1.095615,1.09588,1.095365,1.095785,604
2024-01-02T13:15:00+00:00,1.09579,1.096215,1.095765,1.095885,697
2024-01-02T13:20:00+00:00,1.095865,1.0959,1.095205,1.09571,592
2024-01-02T13:25:00+00:00,1.09573,1.0961,1.095655,1.0958,510
2024-01-02T13:30:00+00:00,1.09581,1.096505,1.09572,1.09639,763
2024-01-02T13:35:00+00:00,1.096395,1.09642,1.096035,1.096175,646
2024-01-02T13:40:00+00:00,1.09618,1.096495,1.09608,1.096445,573
2024-01-02T13:45:00+00:00,1.09643,1.09649,1.095905,1.095945,396
2024-01-02T13:50:00+00:00,1.09594,1.095945,1.095105,1.095175,719
2024-01-02T13:55:00+00:00,1.095165,1.09552,1.094945,1.095275,589
2024-01-02T15:00:00+00:00,1.096325,1.096825,1.09598,1.09611,1072
2024-01-02T15:05:00+00:00,1.096105,1.096285,1.09554,1.09574,972
2024-01-02T15:10:00+00:00,1.09573,1.096035,1.095555,1.09579,1051
2024-01-02T15:15:00+00:00,1.095795,1.096175,1.095325,1.09583,878
2024-01-02T15:20:00+00:00,1.09582,1.096115,1.09555,1.096045,786
2024-01-02T15:25:00+00:00,1.096065,1.096185,1.095605,1.095955,885
2024-01-02T15:30:00+00:00,1.09595,1.09595,1.095345,1.095545,735
2024-01-02T15:35:00+00:00,1.09554,1.09563,1.094985,1.09545,939
2024-01-02T15:40:00+00:00,1.09544,1.095575,1.095015,1.095265,976
2024-01-02T15:45:00+00:00,1.095245,1.095575,1.094995,1.095005,676
2024-01-02T15:50:00+00:00,1.09499,1.095225,1.09463,1.094655,759
2024-01-02T15:55:00+00:00,1.094645,1.09493,1.09411,1.094355,1119
2024-01-03T21:00:00+00:00,1.09212,1.092205,1.091985,1.09201,332
2024-01-03T21:05:00+00:00,1.092015,1.09203,1.091885,1.091975,142
2024-01-03T21:10:00+00:00,1.09198,1.09215,1.09193,1.09215,125
2024-01-03T21:15:00+00:00,1.092145,1.092145,1.092005,1.09205,99
2024-01-03T21:20:00+00:00,1.09206,1.09216,1.09201,1.092155,62
2024-01-03T21:25:00+00:00,1.09216,1.09237,1.09211,1.09229,110
2024-01-03T21:30:00+00:00,1.092305,1.092305,1.091975,1.092025,103
2024-01-03T21:35:00+00:00,1.09202,1.092095,1.09197,1.092085,48
2024-01-03T21:40:00+00:00,1.09208,1.09208,1.09193,1.092055,222
2024-01-03T21:45:00+00:00,1.09206,1.09206,1.0919,1.091955,168
2024-01-03T21:50:00+00:00,1.09195,1.092,1.091905,1.091985,244
2024-01-03T21:55:00+00:00,1.091985,1.0923,1.091955,1.09212,287
2024-01-02T12:00:00+00:00,1.09692,1.097185,1.096835,1.097185,480
2024-01-02T12:05:00+00:00,1.09718,1.097185,1.096885,1.097135,376
2024-01-02T12:10:00+00:00,1.09711,1.09717,1.096795,1.096935,358
2024-01-02T12:15:00+00:00,1.096925,1.096945,1.096525,1.096545,247
2024-01-02T12:20:00+00:00,1.09654,1.09656,1.09614,1.09648,348
2024-01-02T12:25:00+00:00,1.096525,1.09679,1.096525,1.096565,314
2024-01-02T12:30:00+00:00,1.09656,1.09681,1.096505,1.096765,331
2024-01-02T12:35:00+00:00,1.09675,1.09676,1.095865,1.09595,499
2024-01-02T12:40:00+00:00,1.095955,1.09635,1.09581,1.096095,455
2024-01-02T12:45:00+00:00,1.0961,1.096325,1.09588,1.09632,457
2024-01-02T12:50:00+00:00,1.09631,1.09634,1.09593,1.095985,600
2024-01-02T12:55:00+00:00,1.095975,1.095995,1.09538,1.095385,591
2024-01-03T22:00:00+00:00,1.092125,1.092155,1.09206,1.092155,18
2024-01-03T22:05:00+00:00,1.09215,1.09216,1.091835,1.09194,101
2024-01-03T22:10:00+00:00,1.091945,1.091965,1.09178,1.091905,69
2024-01-03T22:15:00+00:00,1.091915,1.09231,1.091915,1.09224,116
2024-01-03T22:20:00+00:00,1.092225,1.092255,1.09191,1.09219,54
2024-01-03T22:25:00+00:00,1.092195,1.0922,1.09206,1.09208,182
2024-01-03T22:30:00+00:00,1.09209,1.092205,1.09203,1.092145,181
2024-01-03T22:35:00+00:00,1.092125,1.092215,1.09206,1.092075,245
2024-01-03T22:40:00+00:00,1.09207,1.092085,1.092055,1.092075,227
2024-01-03T22:45:00+00:00,1.092065,1.09213,1.09206,1.092115,137
2024-01-03T22:50:00+00:00,1.092125,1.09219,1.09211,1.09217,78
2024-01-03T22:55:00+00:00,1.09218,1.092205,1.0921,1.092155,157
2024-01-03T23:00:00+00:00,1.09216,1.09258,1.09216,1.092395,109
2024-01-03T23:05:00+00:00,1.09244,1.092555,1.092395,1.09249,100
2024-01-03T23:10:00+00:00,1.092495,1.09252,1.092425,1.092485,150
2024-01-03T23:15:00+00:00,1.09249,1.092495,1.092275,1.092305,61
2024-01-03T23:20:00+00:00,1.0923,1.092345,1.09222,1.09229,85
2024-01-03T23:25:00+00:00,1.092295,1.092505,1.092255,1.09246,90
2024-01-03T23:30:00+00:00,1.09244,1.09257,1.092395,1.092505,140
2024-01-03T23:35:00+00:00,1.0925,1.092555,1.09246,1.092485,84
2024-01-03T23:40:00+00:00,1.09247,1.092555,1.09247,1.092475,75
2024-01-03T23:45:00+00:00,1.09248,1.09256,1.09246,1.09256,136
2024-01-03T23:50:00+00:00,1.09255,1.09276,1.092545,1.09276,153
2024-01-03T23:55:00+00:00,1.092765,1.09277,1.092555,1.092605,86
2024-01-04T00:00:00+00:00,1.09261,1.09266,1.09256,1.0926,227
2024-01-04T00:05:00+00:00,1.092605,1.09261,1.09235,1.09236,210
2024-01-04T00:10:00+00:00,1.092355,1.09245,1.09213,1.09241,186
2024-01-04T00:15:00+00:00,1.092415,1.09262,1.092405,1.0926,112
2024-01-04T00:20:00+00:00,1.09261,1.092675,1.09251,1.092525,124
2024-01-04T00:25:00+00:00,1.09253,1.092585,1.09251,1.092545,130
2024-01-04T00:30:00+00:00,1.09255,1.092585,1.092505,1.09255,219
2024-01-04T00:35:00+00:00,1.092545,1.09255,1.09215,1.09224,126
2024-01-04T00:40:00+00:00,1.092245,1.09227,1.092095,1.092145,118
2024-01-04T00:45:00+00:00,1.09217,1.09233,1.0921,1.092245,172
2024-01-04T00:50:00+00:00,1.092235,1.092235,1.09195,1.091965,213
2024-01-04T00:55:00+00:00,1.09197,1.092295,1.09197,1.09226,213
2024-01-04T01:00:00+00:00,1.09225,1.09232,1.092195,1.092245,145
2024-01-04T01:05:00+00:00,1.09224,1.09242,1.09223,1.09225,169
2024-01-04T01:10:00+00:00,1.09226,1.09229,1.092015,1.09205,89
2024-01-04T01:15:00+00:00,1.09204,1.092295,1.092035,1.092135,181
2024-01-04T01:20:00+00:00,1.09213,1.092245,1.092035,1.09223,199
2024-01-04T01:25:00+00:00,1.092235,1.09224,1.091905,1.09193,111
2024-01-04T01:30:00+00:00,1.09192,1.09196,1.09176,1.09179,288
2024-01-04T01:35:00+00:00,1.091795,1.091835,1.091685,1.09175,253
2024-01-04T01:40:00+00:00,1.091755,1.091845,1.09164,1.091705,118
2024-01-04T01:45:00+00:00,1.0917,1.091885,1.09169,1.091755,194
2024-01-04T01:50:00+00:00,1.09175,1.091895,1.091715,1.09181,213
2024-01-04T01:55:00+00:00,1.091805,1.09199,1.09177,1.09179,122
2024-01-04T02:00:00+00:00,1.091785,1.091905,1.09177,1.09183,156
2024-01-04T02:05:00+00:00,1.09184,1.091905,1.0918,1.091845,127
2024-01-04T02:10:00+00:00,1.09185,1.0919,1.0918,1.091895,157
2024-01-04T02:15:00+00:00,1.09189,1.0919,1.091705,1.091755,229
2024-01-04T02:20:00+00:00,1.09173,1.09173,1.09161,1.091705,71
2024-01-04T02:25:00+00:00,1.09171,1.0919,1.09171,1.091845,149
2024-01-04T02:30:00+00:00,1.09184,1.092005,1.09182,1.091935,103
2024-01-04T02:35:00+00:00,1.091925,1.091955,1.091885,1.091925,81
2024-01-04T02:40:00+00:00,1.09192,1.091965,1.091855,1.091895,56
2024-01-04T02:45:00+00:00,1.09188,1.0919,1.09176,1.091855,136
2024-01-04T02:50:00+00:00,1.09185,1.091955,1.091805,1.09195,64
2024-01-04T02:55:00+00:00,1.091955,1.092005,1.091895,1.091945,135
2024-01-04T03:00:00+00:00,1.09195,1.09218,1.09195,1.092155,183
2024-01-04T03:05:00+00:00,1.09215,1.09223,1.092105,1.09222,194
2024-01-04T03:10:00+00:00,1.092215,1.092335,1.092195,1.092295,128
2024-01-04T03:15:00+00:00,1.0923,1.09241,1.09223,1.092375,89
2024-01-04T03:20:00+00:00,1.09237,1.09246,1.09235,1.092425,151
2024-01-04T03:25:00+00:00,1.09243,1.09271,1.09241,1.092675,227
2024-01-04T03:30:00+00:00,1.09267,1.09301,1.09267,1.09288,254
2024-01-04T03:35:00+00:00,1.09286,1.09308,1.092745,1.092745,239
2024-01-04T03:40:00+00:00,1.092735,1.092745,1.092615,1.09262,153
2024-01-04T03:45:00+00:00,1.09261,1.092675,1.0926,1.09265,80
2024-01-04T03:50:00+00:00,1.092655,1.092685,1.092585,1.092605,59
2024-01-04T03:55:00+00:00,1.09258,1.092665,1.09254,1.092625,117
2024-01-04T04:00:00+00:00,1.09263,1.09274,1.09259,1.092715,162
2024-01-04T04:05:00+00:00,1.09268,1.092745,1.09255,1.092555,105
2024-01-04T04:10:00+00:00,1.09256,1.09268,1.09248,1.092645,107
2024-01-04T04:15:00+00:00,1.09264,1.09268,1.092525,1.092545,88
2024-01-04T04:20:00+00:00,1.092535,1.092615,1.09248,1.092505,103
2024-01-04T04:25:00+00:00,1.09251,1.09253,1.09248,1.09253,121
2024-01-04T04:30:00+00:00,1.092535,1.09258,1.092505,1.092575,165
2024-01-04T04:35:00+00:00,1.09257,1.09271,1.09256,1.092705,92
2024-01-04T04:40:00+00:00,1.092715,1.092865,1.09271,1.092815,127
2024-01-04T04:45:00+00:00,1.092795,1.09284,1.092525,1.092565,187
2024-01-04T04:50:00+00:00,1.09257,1.092715,1.09255,1.092715,101
2024-01-04T04:55:00+00:00,1.092725,1.092735,1.09255,1.0926,204
2024-01-04T05:00:00+00:00,1.092605,1.092605,1.092355,1.092425,288
2024-01-04T05:05:00+00:00,1.092435,1.092545,1.092315,1.09232,218
2024-01-04T05:10:00+00:00,1.09231,1.09247,1.092295,1.092425,185
2024-01-04T05:15:00+00:00,1.09243,1.092575,1.092425,1.092555,169
2024-01-04T05:20:00+00:00,1.09256,1.092585,1.092505,1.09251,96
2024-01-04T05:25:00+00:00,1.092505,1.09257,1.09235,1.09235,137
2024-01-04T05:30:00+00:00,1.09236,1.092465,1.09232,1.092325,163
2024-01-04T05:35:00+00:00,1.0923,1.092455,1.092205,1.09232,252
2024-01-04T05:40:00+00:00,1.092315,1.092385,1.09223,1.09237,132
2024-01-04T05:45:00+00:00,1.092375,1.09241,1.092305,1.092405,93
2024-01-04T05:50:00+00:00,1.09241,1.09267,1.09239,1.09266,167
2024-01-04T05:55:00+00:00,1.092655,1.092695,1.09258,1.09267,180
2024-01-04T06:00:00+00:00,1.09266,1.092815,1.09266,1.09271,221
2024-01-04T06:05:00+00:00,1.09272,1.092805,1.0927,1.09277,169
2024-01-04T06:10:00+00:00,1.092765,1.092945,1.09273,1.09294,239
2024-01-04T06:15:00+00:00,1.092935,1.093155,1.09293,1.093105,284
2024-01-04T06:20:00+00:00,1.09311,1.09333,1.0931,1.09333,252
2024-01-04T06:25:00+00:00,1.093325,1.093475,1.09317,1.09317,255
2024-01-04T06:30:00+00:00,1.093165,1.093195,1.09225,1.0923,682
2024-01-04T06:35:00+00:00,1.092275,1.09243,1.092105,1.092405,324
2024-01-04T06:40:00+00:00,1.09241,1.092415,1.092115,1.092285,222
2024-01-04T06:45:00+00:00,1.09229,1.09262,1.092285,1.09257,274
2024-01-04T06:50:00+00:00,1.092565,1.0929,1.09252,1.09288,301
2024-01-04T06:55:00+00:00,1.092885,1.09326,1.09288,1.09325,340
2024-01-04T07:00:00+00:00,1.093245,1.09328,1.09297,1.09316,528
2024-01-04T07:05:00+00:00,1.093155,1.093495,1.0931,1.093475,435
2024-01-04T07:10:00+00:00,1.09348,1.093785,1.09323,1.09371,465
2024-01-04T07:15:00+00:00,1.093685,1.09373,1.093425,1.093425,450
2024-01-04T07:20:00+00:00,1.09342,1.093425,1.09296,1.09306,296
2024-01-04T07:25:00+00:00,1.093065,1.09354,1.093065,1.09332,469
2024-01-04T07:30:00+00:00,1.09331,1.093725,1.09327,1.093675,469
2024-01-04T07:35:00+00:00,1.09367,1.09391,1.09361,1.09386,559
2024-01-04T07:40:00+00:00,1.093855,1.09438,1.093805,1.09431,660
2024-01-04T07:45:00+00:00,1.09427,1.094305,1.093875,1.093935,601
2024-01-04T07:50:00+00:00,1.093895,1.094085,1.09359,1.093605,298
2024-01-04T07:55:00+00:00,1.09359,1.093805,1.09348,1.09377,393
2024-01-04T08:00:00+00:00,1.093765,1.09388,1.093525,1.093725,641
2024-01-04T08:05:00+00:00,1.09372,1.09447,1.09346,1.094095,698
2024-01-04T08:10:00+00:00,1.094105,1.094445,1.09402,1.094345,641
2024-01-04T08:15:00+00:00,1.09433,1.094885,1.094245,1.094325,668
2024-01-04T08:20:00+00:00,1.09432,1.09455,1.09417,1.094345,589
2024-01-04T08:25:00+00:00,1.09433,1.094815,1.094155,1.09426,459
2024-01-04T08:30:00+00:00,1.09428,1.09428,1.093795,1.09396,557
2024-01-04T08:35:00+00:00,1.093955,1.09412,1.09372,1.09408,441
2024-01-04T08:40:00+00:00,1.094095,1.09431,1.093765,1.09404,625
2024-01-04T08:45:00+00:00,1.09403,1.09468,1.09389,1.09456,653
2024-01-04T08:50:00+00:00,1.09455,1.09507,1.09455,1.094865,640
2024-01-04T08:55:00+00:00,1.094855,1.0956,1.09481,1.09534,810
2024-01-04T09:00:00+00:00,1.095335,1.09577,1.09507,1.09516,948
2024-01-04T09:05:00+00:00,1.09515,1.09519,1.09454,1.09457,682
2024-01-04T09:10:00+00:00,1.09458,1.095095,1.09458,1.095065,438
2024-01-04T09:15:00+00:00,1.09506,1.095795,1.095015,1.095665,559
2024-01-04T09:20:00+00:00,1.09566,1.095715,1.095375,1.09555,443
2024-01-04T09:25:00+00:00,1.095565,1.09576,1.095185,1.095695,408
2024-01-04T09:30:00+00:00,1.095705,1.095985,1.09562,1.09592,463
2024-01-04T09:35:00+00:00,1.09591,1.09629,1.09591,1.096285,434
2024-01-04T09:40:00+00:00,1.09629,1.096695,1.096215,1.09662,409
2024-01-04T09:45:00+00:00,1.09661,1.096915,1.096405,1.096825,552
2024-01-04T09:50:00+00:00,1.09682,1.09688,1.096405,1.096465,520
2024-01-04T09:55:00+00:00,1.096475,1.096865,1.096355,1.096765,641
2024-01-04T10:00:00+00:00,1.09677,1.09722,1.09669,1.097015,718
2024-01-04T10:05:00+00:00,1.09702,1.09709,1.096585,1.096605,503
2024-01-04T10:10:00+00:00,1.0966,1.09668,1.096245,1.096245,538
2024-01-04T10:15:00+00:00,1.09625,1.096705,1.096245,1.09668,296
2024-01-04T10:20:00+00:00,1.09667,1.096735,1.09638,1.09659,252
2024-01-04T10:25:00+00:00,1.096585,1.096595,1.09593,1.09609,367
2024-01-04T10:30:00+00:00,1.09611,1.096495,1.09611,1.096255,353
2024-01-04T10:35:00+00:00,1.09626,1.09632,1.095985,1.09618,264
2024-01-04T10:40:00+00:00,1.096165,1.09633,1.095825,1.095895,393
2024-01-04T10:45:00+00:00,1.095885,1.096015,1.09573,1.09573,307
2024-01-04T10:50:00+00:00,1.09574,1.095745,1.095445,1.09549,365
2024-01-04T10:55:00+00:00,1.0955,1.09568,1.095445,1.09556,396
2024-01-04T11:00:00+00:00,1.09557,1.09571,1.095385,1.09544,311
2024-01-04T11:05:00+00:00,1.095435,1.095645,1.095335,1.09538,288
2024-01-04T11:10:00+00:00,1.09537,1.095475,1.095315,1.09541,172
2024-01-04T11:15:00+00:00,1.09542,1.09551,1.095075,1.095265,260
2024-01-04T11:20:00+00:00,1.09527,1.09541,1.09497,1.095165,244
2024-01-04T11:25:00+00:00,1.09516,1.09564,1.095145,1.09549,271
2024-01-04T11:30:00+00:00,1.095495,1.09579,1.09549,1.09559,263
2024-01-04T11:35:00+00:00,1.09558,1.09558,1.09529,1.095485,258
2024-01-04T11:40:00+00:00,1.095475,1.09553,1.095285,1.09553,229
2024-01-04T11:45:00+00:00,1.09552,1.09554,1.0953,1.09543,204
2024-01-04T11:50:00+00:00,1.095435,1.095435,1.09491,1.094925,221
2024-01-04T11:55:00+00:00,1.094915,1.09494,1.09463,1.0948,409
2024-01-04T12:00:00+00:00,1.094775,1.094925,1.09469,1.0948,384
2024-01-04T12:05:00+00:00,1.094805,1.095115,1.094695,1.09501,317
2024-01-04T12:10:00+00:00,1.09502,1.095075,1.094885,1.09498,279
2024-01-04T12:15:00+00:00,1.095,1.09517,1.094885,1.095015,325
2024-01-04T12:20:00+00:00,1.09502,1.09523,1.09492,1.09504,307
2024-01-04T12:25:00+00:00,1.09503,1.09551,1.09503,1.09544,305
2024-01-04T12:30:00+00:00,1.095435,1.09555,1.09505,1.09531,387
2024-01-04T12:35:00+00:00,1.095295,1.09544,1.095175,1.095295,260
2024-01-04T12:40:00+00:00,1.0953,1.09554,1.09518,1.09551,242
2024-01-04T12:45:00+00:00,1.095515,1.095585,1.09521,1.095545,243
2024-01-04T12:50:00+00:00,1.095565,1.095585,1.095195,1.095305,240
2024-01-04T12:55:00+00:00,1.095315,1.095535,1.095155,1.09524,328
2024-01-04T13:00:00+00:00,1.095245,1.09527,1.09484,1.09502,520
2024-01-04T13:05:00+00:00,1.095025,1.095355,1.095015,1.095285,465
2024-01-04T13:10:00+00:00,1.09529,1.09543,1.09503,1.09514,491
2024-01-04T13:15:00+00:00,1.09513,1.095535,1.094495,1.095305,1104
2024-01-04T13:20:00+00:00,1.0953,1.095435,1.09469,1.095,869
2024-01-04T13:25:00+00:00,1.094995,1.095175,1.094685,1.094845,589
2024-01-04T13:30:00+00:00,1.09484,1.09486,1.093285,1.093895,1232
2024-01-04T13:35:00+00:00,1.09388,1.094615,1.093825,1.094335,924
2024-01-04T13:40:00+00:00,1.09432,1.09451,1.094015,1.094205,800
2024-01-04T13:45:00+00:00,1.0942,1.09485,1.09385,1.09464,790
2024-01-04T13:50:00+00:00,1.09465,1.09491,1.094525,1.0948,838
2024-01-04T13:55:00+00:00,1.094795,1.09498,1.094555,1.094715,867
2024-01-04T14:00:00+00:00,1.09471,1.09506,1.094465,1.094525,777
2024-01-04T14:05:00+00:00,1.094535,1.09464,1.09394,1.094405,838
2024-01-04T14:10:00+00:00,1.094395,1.09452,1.094055,1.094225,732
2024-01-04T14:15:00+00:00,1.094215,1.094595,1.09414,1.094235,534
2024-01-04T14:20:00+00:00,1.094205,1.094845,1.09408,1.094275,629
2024-01-04T14:25:00+00:00,1.094295,1.094575,1.09415,1.094285,591
2024-01-04T14:30:00+00:00,1.094295,1.094465,1.09415,1.0942,875
2024-01-04T14:35:00+00:00,1.094205,1.094225,1.093825,1.09418,654
2024-01-04T14:40:00+00:00,1.09417,1.094765,1.09407,1.094485,580
2024-01-04T14:45:00+00:00,1.09448,1.0945,1.09401,1.0942,935
2024-01-04T14:50:00+00:00,1.0942,1.094685,1.094095,1.09442,934
2024-01-04T14:55:00+00:00,1.09441,1.094695,1.094305,1.09454,799
2024-01-04T15:00:00+00:00,1.094535,1.095975,1.094535,1.095725,910
2024-01-04T15:05:00+00:00,1.095735,1.09588,1.095255,1.0954,1016
2024-01-04T15:10:00+00:00,1.09542,1.09613,1.095275,1.096125,807
2024-01-04T15:15:00+00:00,1.096135,1.096185,1.09568,1.09591,807
2024-01-04T15:20:00+00:00,1.095915,1.096105,1.095585,1.09609,600
2024-01-04T15:25:00+00:00,1.0961,1.096515,1.095995,1.09646,614
2024-01-04T15:30:00+00:00,1.096465,1.096515,1.096125,1.09617,633
2024-01-04T15:35:00+00:00,1.09615,1.09636,1.09591,1.096085,710
2024-01-04T15:40:00+00:00,1.096055,1.096285,1.095625,1.096255,662
2024-01-04T15:45:00+00:00,1.096265,1.09653,1.09585,1.09585,967
2024-01-04T15:50:00+00:00,1.095855,1.09611,1.095615,1.095655,806
2024-01-04T15:55:00+00:00,1.09565,1.09574,1.095335,1.095515,661
2024-01-04T16:00:00+00:00,1.095525,1.095805,1.095435,1.09556,737
2024-01-04T16:05:00+00:00,1.095565,1.0959,1.095445,1.095795,513
2024-01-04T16:10:00+00:00,1.09579,1.096285,1.09578,1.09613,662
2024-01-04T16:15:00+00:00,1.096115,1.096395,1.09587,1.095885,564
2024-01-04T16:20:00+00:00,1.09588,1.096025,1.095865,1.09588,428
2024-01-04T16:25:00+00:00,1.095885,1.096175,1.095835,1.09598,519
2024-01-04T16:30:00+00:00,1.095975,1.09603,1.09566,1.095905,365
2024-01-04T16:35:00+00:00,1.09591,1.09617,1.095805,1.095815,379
2024-01-04T16:40:00+00:00,1.095785,1.09584,1.095495,1.09556,531
2024-01-04T16:45:00+00:00,1.095555,1.09583,1.095495,1.09571,408
2024-01-04T16:50:00+00:00,1.0957,1.095875,1.09554,1.09557,426
2024-01-04T16:55:00+00:00,1.095565,1.09594,1.095515,1.095605,451
2024-01-04T17:00:00+00:00,1.095615,1.09567,1.095395,1.09567,299
2024-01-04T17:05:00+00:00,1.095685,1.09598,1.09564,1.095685,328
2024-01-04T17:10:00+00:00,1.09564,1.09575,1.095415,1.09554,331
2024-01-04T17:15:00+00:00,1.09555,1.095885,1.09529,1.09534,479
2024-01-04T17:20:00+00:00,1.095335,1.09534,1.094865,1.094915,381
2024-01-04T17:25:00+00:00,1.094905,1.09497,1.09455,1.09459,253
2024-01-04T17:30:00+00:00,1.094595,1.09464,1.0942,1.0944,349
2024-01-04T17:35:00+00:00,1.094405,1.094835,1.09425,1.09477,203
2024-01-04T17:40:00+00:00,1.09476,1.09489,1.094635,1.094705,220
2024-01-04T17:45:00+00:00,1.09471,1.09486,1.094425,1.09486,296
2024-01-04T17:50:00+00:00,1.094835,1.09502,1.09476,1.09496,307
2024-01-04T17:55:00+00:00,1.094955,1.09505,1.094745,1.09505,295
2024-01-04T19:00:00+00:00,1.09472,1.094765,1.094525,1.094625,208
2024-01-04T19:05:00+00:00,1.09463,1.09477,1.094515,1.09452,170
2024-01-04T19:10:00+00:00,1.09453,1.094765,1.0945,1.09459,224
2024-01-04T19:15:00+00:00,1.0946,1.094745,1.094545,1.09458,291
2024-01-04T19:20:00+00:00,1.094575,1.09467,1.09437,1.0944,198
2024-01-04T19:25:00+00:00,1.09441,1.09454,1.094345,1.09445,180
2024-01-04T19:30:00+00:00,1.094455,1.09451,1.09436,1.09441,143
2024-01-04T19:35:00+00:00,1.0944,1.09461,1.09439,1.0946,118
2024-01-04T19:40:00+00:00,1.094605,1.094625,1.094455,1.09449,165
2024-01-04T19:45:00+00:00,1.094475,1.0949,1.094435,1.0949,297
2024-01-04T19:50:00+00:00,1.09492,1.094985,1.0947,1.094905,200
2024-01-04T19:55:00+00:00,1.09492,1.09498,1.0947,1.094705,213
2024-01-04T18:00:00+00:00,1.095045,1.095205,1.094945,1.095155,283
2024-01-04T18:05:00+00:00,1.095125,1.09515,1.094985,1.095055,263
2024-01-04T18:10:00+00:00,1.095035,1.09516,1.09493,1.09511,159
2024-01-04T18:15:00+00:00,1.09508,1.09544,1.095055,1.09506,284
2024-01-04T18:20:00+00:00,1.095055,1.09518,1.094935,1.095,375
2024-01-04T18:25:00+00:00,1.095005,1.095185,1.09494,1.094945,322
2024-01-04T18:30:00+00:00,1.09496,1.0951,1.09491,1.09499,296
2024-01-04T18:35:00+00:00,1.095,1.095125,1.09491,1.094945,223
2024-01-04T18:40:00+00:00,1.09494,1.09497,1.094815,1.09483,218
2024-01-04T18:45:00+00:00,1.094825,1.095005,1.094715,1.09489,296
2024-01-04T18:50:00+00:00,1.094895,1.09507,1.094685,1.094695,289
2024-01-04T18:55:00+00:00,1.09468,1.094855,1.094605,1.0947,249
2024-01-04T20:00:00+00:00,1.0947,1.09477,1.094505,1.094505,331
2024-01-04T20:05:00+00:00,1.09451,1.094605,1.09447,1.09456,152
2024-01-04T20:10:00+00:00,1.094555,1.094745,1.09452,1.09461,193
2024-01-04T20:15:00+00:00,1.0946,1.09461,1.09432,1.09453,253
2024-01-04T20:20:00+00:00,1.094515,1.09454,1.094355,1.0944,421
2024-01-04T20:25:00+00:00,1.094385,1.0945,1.09432,1.09449,327
2024-01-04T20:30:00+00:00,1.094495,1.094705,1.09444,1.094635,407
2024-01-04T20:35:00+00:00,1.09464,1.09479,1.09456,1.094585,290
2024-01-04T20:40:00+00:00,1.09458,1.09464,1.094455,1.094485,171
2024-01-04T20:45:00+00:00,1.09448,1.094695,1.09439,1.094545,278
2024-01-04T20:50:00+00:00,1.094545,1.094615,1.09439,1.09461,224
2024-01-04T20:55:00+00:00,1.09462,1.094925,1.094575,1.09492,354
2024-01-04T22:00:00+00:00,1.09451,1.094885,1.09448,1.094755,24
2024-01-04T22:05:00+00:00,1.0946,1.094765,1.09457,1.09472,176
2024-01-04T22:10:00+00:00,1.094725,1.09481,1.09467,1.094765,77
2024-01-04T22:15:00+00:00,1.09477,1.094945,1.094655,1.094675,235
2024-01-04T22:20:00+00:00,1.094655,1.09475,1.094625,1.094635,52
2024-01-04T22:25:00+00:00,1.094625,1.09494,1.094595,1.09468,127
2024-01-04T22:30:00+00:00,1.094695,1.094845,1.09463,1.094765,180
2024-01-04T22:35:00+00:00,1.094775,1.094965,1.094765,1.094925,197
2024-01-04T22:40:00+00:00,1.0949,1.095025,1.094815,1.09488,288
2024-01-04T22:45:00+00:00,1.094875,1.094875,1.094775,1.09481,101
2024-01-04T22:50:00+00:00,1.094815,1.09494,1.094655,1.09481,312
2024-01-04T22:55:00+00:00,1.0948,1.094835,1.09466,1.094735,223
2024-01-04T21:00:00+00:00,1.094915,1.095005,1.094705,1.09485,299
2024-01-04T21:05:00+00:00,1.094855,1.09493,1.09483,1.094895,165
2024-01-04T21:10:00+00:00,1.09491,1.095,1.09483,1.09495,173
2024-01-04T21:15:00+00:00,1.094945,1.095005,1.09479,1.09484,103
2024-01-04T21:20:00+00:00,1.09483,1.094895,1.094755,1.09487,96
2024-01-04T21:25:00+00:00,1.094875,1.094875,1.09475,1.094785,78
2024-01-04T21:30:00+00:00,1.09479,1.094805,1.0947,1.09473,129
2024-01-04T21:35:00+00:00,1.094735,1.094735,1.094575,1.094595,153
2024-01-04T21:40:00+00:00,1.0946,1.094725,1.094565,1.094725,179
2024-01-04T21:45:00+00:00,1.09473,1.094795,1.09467,1.09478,317
2024-01-04T21:50:00+00:00,1.09479,1.094845,1.094775,1.09479,190
2024-01-04T21:55:00+00:00,1.094785,1.094805,1.09438,1.09444,285
2024-01-04T23:00:00+00:00,1.094685,1.094895,1.094605,1.09462,120
2024-01-04T23:05:00+00:00,1.094625,1.094735,1.094605,1.09472,56
2024-01-04T23:10:00+00:00,1.094735,1.094775,1.094625,1.094625,52
2024-01-04T23:15:00+00:00,1.09463,1.094705,1.094555,1.094575,53
2024-01-04T23:20:00+00:00,1.09456,1.094585,1.09449,1.09451,85
2024-01-04T23:25:00+00:00,1.094515,1.094525,1.09443,1.094435,54
2024-01-04T23:30:00+00:00,1.09443,1.09454,1.09433,1.094535,90
2024-01-04T23:35:00+00:00,1.09454,1.09459,1.09454,1.09459,33
2024-01-04T23:40:00+00:00,1.09456,1.0946,1.09447,1.094495,79
2024-01-04T23:45:00+00:00,1.09449,1.094595,1.094485,1.09459,48
2024-01-04T23:50:00+00:00,1.09458,1.094695,1.09458,1.09469,61
2024-01-04T23:55:00+00:00,1.094685,1.094705,1.094635,1.094635,86
2024-01-05T00:00:00+00:00,1.09462,1.094635,1.094445,1.094485,140
2024-01-05T00:05:00+00:00,1.09449,1.094685,1.094455,1.09463,112
2024-01-05T00:10:00+00:00,1.09461,1.094885,1.0946,1.09488,132
2024-01-05T00:15:00+00:00,1.094865,1.095035,1.09485,1.095015,130
2024-01-05T00:20:00+00:00,1.09502,1.09504,1.09493,1.09494,73
2024-01-05T00:25:00+00:00,1.094935,1.094965,1.094875,1.09494,61
2024-01-05T00:30:00+00:00,1.094945,1.095045,1.09488,1.095045,58
2024-01-05T00:35:00+00:00,1.095035,1.095085,1.09499,1.09499,45
2024-01-05T00:40:00+00:00,1.094975,1.09506,1.094955,1.095035,90
2024-01-05T00:45:00+00:00,1.09503,1.095135,1.094935,1.094935,54
2024-01-05T00:50:00+00:00,1.094945,1.095065,1.094815,1.095025,304
2024-01-05T00:55:00+00:00,1.09503,1.09515,1.094985,1.09509,174
2024-01-05T01:00:00+00:00,1.095085,1.095225,1.095035,1.095095,144
2024-01-05T01:05:00+00:00,1.09511,1.095225,1.095025,1.095225,119
2024-01-05T01:10:00+00:00,1.09521,1.095475,1.09517,1.095395,297
2024-01-05T01:15:00+00:00,1.095415,1.095525,1.095365,1.09543,275
2024-01-05T01:20:00+00:00,1.095425,1.095445,1.09515,1.09524,232
2024-01-05T01:25:00+00:00,1.095245,1.095245,1.095125,1.095185,166
2024-01-05T01:30:00+00:00,1.09519,1.09523,1.09504,1.09519,277
2024-01-05T01:35:00+00:00,1.095185,1.095585,1.09516,1.095385,310
2024-01-05T01:40:00+00:00,1.09539,1.095545,1.095205,1.095495,305
2024-01-05T01:45:00+00:00,1.095515,1.095595,1.095375,1.095385,384
2024-01-05T01:50:00+00:00,1.09539,1.09539,1.095245,1.09527,197
2024-01-05T01:55:00+00:00,1.095275,1.095295,1.095095,1.095165,285
2024-01-05T02:00:00+00:00,1.09517,1.095235,1.09508,1.09521,190
2024-01-05T02:05:00+00:00,1.095215,1.09529,1.09521,1.09528,72
2024-01-05T02:10:00+00:00,1.095285,1.09535,1.09522,1.095285,111
2024-01-05T02:15:00+00:00,1.095325,1.095335,1.095155,1.095185,133
2024-01-05T02:20:00+00:00,1.09521,1.09539,1.09521,1.09538,154
2024-01-05T02:25:00+00:00,1.095385,1.09543,1.09518,1.095225,203
2024-01-05T02:30:00+00:00,1.095235,1.095235,1.09503,1.095035,208
2024-01-05T02:35:00+00:00,1.09504,1.095145,1.094985,1.095095,158
2024-01-05T02:40:00+00:00,1.09509,1.095145,1.09488,1.094885,120
2024-01-05T02:45:00+00:00,1.09488,1.09502,1.09478,1.094785,153
2024-01-05T02:50:00+00:00,1.094795,1.094835,1.09472,1.09483,223
2024-01-05T02:55:00+00:00,1.094835,1.09486,1.09467,1.0947,176
2024-01-05T04:00:00+00:00,1.09393,1.094005,1.09391,1.09396,109
2024-01-05T04:05:00+00:00,1.093955,1.09399,1.093885,1.093935,121
2024-01-05T04:10:00+00:00,1.09393,1.093945,1.093775,1.09383,129
2024-01-05T04:15:00+00:00,1.093835,1.093845,1.09378,1.093835,70
2024-01-05T04:20:00+00:00,1.09384,1.093905,1.093835,1.093885,56
2024-01-05T04:25:00+00:00,1.093875,1.094085,1.093875,1.093985,99
2024-01-05T04:30:00+00:00,1.09399,1.09413,1.09398,1.09405,144
2024-01-05T04:35:00+00:00,1.09404,1.09404,1.09392,1.093985,101
2024-01-05T04:40:00+00:00,1.09399,1.09402,1.093875,1.093875,119
2024-01-05T04:45:00+00:00,1.09387,1.093875,1.09365,1.093725,80
2024-01-05T04:50:00+00:00,1.09373,1.093795,1.093675,1.09368,44
2024-01-05T04:55:00+00:00,1.093685,1.09378,1.093675,1.093725,60
2024-01-05T03:00:00+00:00,1.094695,1.09474,1.094555,1.09463,184
2024-01-05T03:05:00+00:00,1.09465,1.094685,1.09458,1.09463,195
2024-01-05T03:10:00+00:00,1.094635,1.094635,1.094385,1.094385,148
2024-01-05T03:15:00+00:00,1.09438,1.09449,1.094275,1.094325,163
2024-01-05T03:20:00+00:00,1.09432,1.09438,1.094165,1.09419,102
2024-01-05T03:25:00+00:00,1.094185,1.0942,1.09408,1.094095,164
2024-01-05T03:30:00+00:00,1.0941,1.09419,1.094065,1.09409,167
2024-01-05T03:35:00+00:00,1.094085,1.09418,1.094065,1.09418,185
2024-01-05T03:40:00+00:00,1.094195,1.09421,1.094025,1.09408,140
2024-01-05T03:45:00+00:00,1.094085,1.094085,1.093925,1.09398,169
2024-01-05T03:50:00+00:00,1.093985,1.094025,1.093935,1.094025,150
2024-01-05T03:55:00+00:00,1.09405,1.09409,1.09392,1.093925,141
2024-01-05T05:00:00+00:00,1.09373,1.09376,1.093675,1.093725,177
2024-01-05T05:05:00+00:00,1.09372,1.09372,1.093425,1.09343,207
2024-01-05T05:10:00+00:00,1.093425,1.093575,1.093425,1.093535,141
2024-01-05T05:15:00+00:00,1.09354,1.093635,1.09345,1.093565,158
2024-01-05T05:20:00+00:00,1.09356,1.093645,1.093555,1.093595,133
2024-01-05T05:25:00+00:00,1.093605,1.09364,1.093525,1.093535,129
2024-01-05T05:30:00+00:00,1.09356,1.093675,1.09356,1.09367,102
2024-01-05T05:35:00+00:00,1.093685,1.093685,1.093575,1.09366,161
2024-01-05T05:40:00+00:00,1.09367,1.09369,1.093575,1.09359,176
2024-01-05T05:45:00+00:00,1.093575,1.0936,1.0935,1.09358,155
2024-01-05T05:50:00+00:00,1.093585,1.09363,1.093475,1.093485,102
2024-01-05T05:55:00+00:00,1.09349,1.093815,1.093485,1.093755,263
2024-01-05T06:00:00+00:00,1.09375,1.09375,1.093315,1.09338,242
2024-01-05T06:05:00+00:00,1.09336,1.09345,1.093215,1.093275,223
2024-01-05T06:10:00+00:00,1.093265,1.093275,1.09319,1.0932,193
2024-01-05T06:15:00+00:00,1.09321,1.09321,1.09298,1.093085,201
2024-01-05T06:20:00+00:00,1.093075,1.093115,1.092975,1.092995,173
2024-01-05T06:25:00+00:00,1.09298,1.093015,1.092765,1.092885,243
2024-01-05T06:30:00+00:00,1.09288,1.092915,1.0927,1.09275,329
2024-01-05T06:35:00+00:00,1.092765,1.092825,1.09249,1.09253,252
2024-01-05T06:40:00+00:00,1.092535,1.092695,1.09249,1.092575,150
2024-01-05T06:45:00+00:00,1.09258,1.092755,1.09258,1.09268,254
2024-01-05T06:50:00+00:00,1.0927,1.092785,1.09262,1.09263,178
2024-01-05T06:55:00+00:00,1.092645,1.092845,1.092575,1.09278,212
2024-01-05T07:00:00+00:00,1.092775,1.09281,1.09253,1.092685,325
2024-01-05T07:05:00+00:00,1.09268,1.09293,1.092545,1.092885,319
2024-01-05T07:10:00+00:00,1.09289,1.093135,1.09284,1.09303,200
2024-01-05T07:15:00+00:00,1.093025,1.09318,1.092925,1.09299,383
2024-01-05T07:20:00+00:00,1.09301,1.093295,1.092885,1.093255,384
2024-01-05T07:25:00+00:00,1.09325,1.09335,1.09304,1.09304,319
2024-01-05T07:30:00+00:00,1.093045,1.093215,1.093,1.093025,338
2024-01-05T07:35:00+00:00,1.09302,1.09311,1.092905,1.092935,212
2024-01-05T07:40:00+00:00,1.09294,1.092965,1.09243,1.09244,235
2024-01-05T07:45:00+00:00,1.09243,1.09258,1.09232,1.09258,311
2024-01-05T07:50:00+00:00,1.092565,1.09283,1.09249,1.09264,252
2024-01-05T07:55:00+00:00,1.092645,1.09268,1.09227,1.09233,310
2024-01-05T08:00:00+00:00,1.09232,1.09247,1.092035,1.09231,624
2024-01-05T08:05:00+00:00,1.092305,1.09244,1.09207,1.09241,561
2024-01-05T08:10:00+00:00,1.092405,1.092585,1.092165,1.09228,417
2024-01-05T08:15:00+00:00,1.092285,1.09248,1.09181,1.091925,471
2024-01-05T08:20:00+00:00,1.091935,1.0923,1.09183,1.09186,455
2024-01-05T08:25:00+00:00,1.091845,1.092105,1.09164,1.09172,285
2024-01-05T08:30:00+00:00,1.091715,1.091725,1.091165,1.09149,412
2024-01-05T08:35:00+00:00,1.0915,1.09168,1.091225,1.09127,363
2024-01-05T08:40:00+00:00,1.091285,1.091455,1.091075,1.09116,464
2024-01-05T08:45:00+00:00,1.091155,1.0914,1.091095,1.09129,278
2024-01-05T08:50:00+00:00,1.091295,1.09148,1.090635,1.090675,459
2024-01-05T08:55:00+00:00,1.09065,1.09083,1.09035,1.090775,485
2024-01-05T09:00:00+00:00,1.090765,1.090875,1.090585,1.090715,495
2024-01-05T09:05:00+00:00,1.0907,1.0907,1.090285,1.09068,391
2024-01-05T09:10:00+00:00,1.09067,1.091525,1.090645,1.091475,652
2024-01-05T09:15:00+00:00,1.09148,1.09179,1.09137,1.09175,594
2024-01-05T09:20:00+00:00,1.09173,1.092195,1.091705,1.09201,436
2024-01-05T09:25:00+00:00,1.092005,1.09235,1.091845,1.092265,369
2024-01-05T09:30:00+00:00,1.09225,1.09306,1.09212,1.09275,563
2024-01-05T09:35:00+00:00,1.092755,1.09285,1.092075,1.09235,532
2024-01-05T09:40:00+00:00,1.092345,1.09238,1.0917,1.091735,431
2024-01-05T09:45:00+00:00,1.09173,1.09173,1.09135,1.09144,483
2024-01-05T09:50:00+00:00,1.09143,1.09143,1.09105,1.091085,281
2024-01-05T09:55:00+00:00,1.091095,1.0914,1.091005,1.091285,356
2024-01-05T10:00:00+00:00,1.09129,1.09133,1.091105,1.091185,491
2024-01-05T10:05:00+00:00,1.09118,1.09123,1.090715,1.090775,500
2024-01-05T10:10:00+00:00,1.09077,1.09118,1.090725,1.09104,323
2024-01-05T10:15:00+00:00,1.091045,1.091125,1.090815,1.091005,318
2024-01-05T10:20:00+00:00,1.090995,1.090995,1.090375,1.090505,351
2024-01-05T10:25:00+00:00,1.09049,1.090615,1.090405,1.090495,321
2024-01-05T10:30:00+00:00,1.09049,1.090705,1.090395,1.090705,308
2024-01-05T10:35:00+00:00,1.0907,1.09094,1.090645,1.090795,389
2024-01-05T10:40:00+00:00,1.09081,1.091145,1.09081,1.091,271
2024-01-05T10:45:00+00:00,1.090995,1.091245,1.09085,1.091065,220
2024-01-05T10:50:00+00:00,1.09106,1.091385,1.09085,1.0913,306
2024-01-05T10:55:00+00:00,1.091295,1.091335,1.091065,1.091285,311
2024-01-05T11:00:00+00:00,1.09127,1.091445,1.09117,1.09134,314
2024-01-05T11:05:00+00:00,1.09135,1.091435,1.091195,1.091195,170
2024-01-05T11:10:00+00:00,1.09119,1.09126,1.09104,1.09117,143
2024-01-05T11:15:00+00:00,1.09116,1.09156,1.091,1.091465,383
2024-01-05T11:20:00+00:00,1.09147,1.091605,1.09131,1.091365,283
2024-01-05T11:25:00+00:00,1.09137,1.09142,1.09109,1.0912,268
2024-01-05T11:30:00+00:00,1.09121,1.0914,1.09111,1.091395,199
2024-01-05T11:35:00+00:00,1.091385,1.091545,1.09128,1.09135,308
2024-01-05T11:40:00+00:00,1.09136,1.091655,1.091355,1.091615,208
2024-01-05T11:45:00+00:00,1.09162,1.09176,1.09151,1.091675,261
2024-01-05T11:50:00+00:00,1.091665,1.091665,1.091315,1.09134,246
2024-01-05T11:55:00+00:00,1.09133,1.091445,1.091265,1.091425,211
2024-01-05T12:00:00+00:00,1.091435,1.09175,1.091435,1.0917,315
2024-01-05T12:05:00+00:00,1.091705,1.091845,1.091585,1.09161,229
2024-01-05T12:10:00+00:00,1.091615,1.091905,1.0916,1.09174,226
2024-01-05T12:15:00+00:00,1.091735,1.09178,1.091525,1.09167,272
2024-01-05T12:20:00+00:00,1.091675,1.09174,1.091445,1.09152,177
2024-01-05T12:25:00+00:00,1.09153,1.09169,1.09138,1.091585,367
2024-01-05T12:30:00+00:00,1.09159,1.0917,1.091385,1.091575,310
2024-01-05T12:35:00+00:00,1.091585,1.09174,1.09157,1.09169,247
2024-01-05T12:40:00+00:00,1.091695,1.09199,1.09168,1.091865,373
2024-01-05T12:45:00+00:00,1.091855,1.092035,1.09169,1.09169,260
2024-01-05T12:50:00+00:00,1.091695,1.09181,1.091435,1.091685,282
2024-01-05T12:55:00+00:00,1.09167,1.09209,1.091455,1.09177,350
2024-01-05T15:00:00+00:00,1.094955,1.09899,1.094945,1.09877,2606
2024-01-05T15:05:00+00:00,1.098775,1.09923,1.098295,1.099215,2034
2024-01-05T15:10:00+00:00,1.09921,1.099855,1.098525,1.09854,1903
2024-01-05T15:15:00+00:00,1.098535,1.098615,1.09722,1.097885,1752
2024-01-05T15:20:00+00:00,1.09787,1.098965,1.09752,1.09885,1665
2024-01-05T15:25:00+00:00,1.098865,1.099195,1.098025,1.098125,1495
2024-01-05T15:30:00+00:00,1.09813,1.09893,1.097635,1.098775,1306
2024-01-05T15:35:00+00:00,1.09879,1.099245,1.09832,1.0988,1268
2024-01-05T15:40:00+00:00,1.098805,1.09939,1.09859,1.09895,1287
2024-01-05T15:45:00+00:00,1.098915,1.099275,1.09808,1.098175,1069
2024-01-05T15:50:00+00:00,1.09816,1.098345,1.097585,1.098095,993
2024-01-05T15:55:00+00:00,1.09809,1.098135,1.09771,1.097825,944
2024-01-05T17:00:00+00:00,1.0956,1.095625,1.09521,1.095315,693
2024-01-05T17:05:00+00:00,1.095325,1.09541,1.094555,1.09462,714
2024-01-05T17:10:00+00:00,1.094615,1.09515,1.094425,1.09493,978
2024-01-05T17:15:00+00:00,1.094925,1.095285,1.094875,1.09491,620
2024-01-05T17:20:00+00:00,1.09493,1.095445,1.094925,1.095095,650
2024-01-05T17:25:00+00:00,1.095085,1.09519,1.094525,1.094555,533
2024-01-05T17:30:00+00:00,1.09454,1.09493,1.094315,1.094345,619
2024-01-05T17:35:00+00:00,1.09436,1.094885,1.09434,1.094815,712
2024-01-05T17:40:00+00:00,1.09482,1.095135,1.09473,1.095035,671
2024-01-05T17:45:00+00:00,1.095025,1.095135,1.094575,1.09475,496
2024-01-05T17:50:00+00:00,1.09474,1.09498,1.09458,1.094855,482
2024-01-05T17:55:00+00:00,1.09486,1.094905,1.09452,1.094635,650
2024-01-05T18:00:00+00:00,1.094625,1.094625,1.093965,1.094015,687
2024-01-05T18:05:00+00:00,1.09402,1.094175,1.093865,1.09392,451
2024-01-05T18:10:00+00:00,1.093925,1.09408,1.09375,1.093995,472
2024-01-05T18:15:00+00:00,1.09401,1.09407,1.09353,1.093595,352
2024-01-05T18:20:00+00:00,1.0936,1.09402,1.0936,1.09399,382
2024-01-05T18:25:00+00:00,1.09398,1.094595,1.093965,1.094525,519
2024-01-05T18:30:00+00:00,1.09453,1.09487,1.094515,1.09462,575
2024-01-05T18:35:00+00:00,1.09464,1.095385,1.09464,1.095315,596
2024-01-05T18:40:00+00:00,1.09531,1.0954,1.095,1.09509,305
2024-01-05T18:45:00+00:00,1.095095,1.095485,1.095085,1.09518,253
2024-01-05T18:50:00+00:00,1.095165,1.095265,1.09502,1.09521,260
2024-01-05T18:55:00+00:00,1.09522,1.09563,1.095175,1.09541,278
2024-01-05T19:00:00+00:00,1.095425,1.09568,1.09542,1.095455,352
2024-01-05T19:05:00+00:00,1.09545,1.09577,1.095385,1.09572,314
2024-01-05T19:10:00+00:00,1.09573,1.095985,1.095565,1.095665,437
2024-01-05T19:15:00+00:00,1.095655,1.095705,1.095165,1.095255,491
2024-01-05T19:20:00+00:00,1.09525,1.09542,1.09517,1.095325,290
2024-01-05T19:25:00+00:00,1.095335,1.095485,1.09524,1.09537,378
2024-01-05T19:30:00+00:00,1.095375,1.095675,1.09527,1.09542,319
2024-01-05T19:35:00+00:00,1.09544,1.095585,1.095115,1.095115,380
2024-01-05T19:40:00+00:00,1.09514,1.095145,1.09475,1.09492,294
2024-01-05T19:45:00+00:00,1.09489,1.09489,1.09463,1.09465,407
2024-01-05T19:50:00+00:00,1.094645,1.094835,1.09432,1.09458,394
2024-01-05T19:55:00+00:00,1.094565,1.094735,1.09444,1.094535,481
2024-01-05T20:00:00+00:00,1.09453,1.094715,1.09426,1.094355,449
2024-01-05T20:05:00+00:00,1.09434,1.094575,1.09429,1.094425,311
2024-01-05T20:10:00+00:00,1.094405,1.09443,1.094225,1.094335,338
2024-01-05T20:15:00+00:00,1.09433,1.09433,1.09387,1.093885,373
2024-01-05T20:20:00+00:00,1.09388,1.094205,1.09387,1.094065,274
2024-01-05T20:25:00+00:00,1.09405,1.09411,1.09393,1.09403,265
2024-01-05T20:30:00+00:00,1.09401,1.09413,1.09382,1.094015,351
2024-01-05T20:35:00+00:00,1.09402,1.0941,1.09375,1.09375,206
2024-01-05T20:40:00+00:00,1.093735,1.093975,1.09358,1.093975,228
2024-01-05T20:45:00+00:00,1.094,1.094105,1.09382,1.09399,386
2024-01-05T20:50:00+00:00,1.09398,1.09415,1.093925,1.09412,218
2024-01-05T20:55:00+00:00,1.09414,1.09418,1.09377,1.093935,435
2024-01-05T21:00:00+00:00,1.09394,1.09397,1.09372,1.093845,320
2024-01-05T21:05:00+00:00,1.09385,1.093895,1.09371,1.09375,199
2024-01-05T21:10:00+00:00,1.093755,1.09392,1.09371,1.09384,170
2024-01-05T21:15:00+00:00,1.093835,1.09391,1.093775,1.09391,221
2024-01-05T21:20:00+00:00,1.093905,1.094005,1.09389,1.093965,234
2024-01-05T21:25:00+00:00,1.09397,1.09399,1.093885,1.093885,286
2024-01-05T21:30:00+00:00,1.093895,1.09396,1.093875,1.09392,233
2024-01-05T21:35:00+00:00,1.093915,1.093955,1.09387,1.093925,229
2024-01-05T21:40:00+00:00,1.09393,1.093935,1.0939,1.09393,132
2024-01-05T21:45:00+00:00,1.093925,1.094035,1.093915,1.094025,217
2024-01-05T21:50:00+00:00,1.09403,1.09416,1.09402,1.094095,241
2024-01-05T21:55:00+00:00,1.0941,1.0944,1.094075,1.09422,366
2024-01-07T22:00:00+00:00,1.09462,1.09462,1.094485,1.094495,10
2024-01-07T22:05:00+00:00,1.0945,1.094655,1.094375,1.094445,84
2024-01-07T22:10:00+00:00,1.09445,1.094465,1.09439,1.09444,55
2024-01-07T22:15:00+00:00,1.09442,1.09445,1.094295,1.09441,116
2024-01-07T22:20:00+00:00,1.09439,1.09445,1.094375,1.094435,213
2024-01-07T22:25:00+00:00,1.09444,1.0945,1.094415,1.09445,58
2024-01-07T22:30:00+00:00,1.09447,1.09447,1.094345,1.09438,111
2024-01-07T22:35:00+00:00,1.09437,1.09446,1.09433,1.09444,66
2024-01-07T22:40:00+00:00,1.094445,1.09449,1.094435,1.094465,19
2024-01-07T22:45:00+00:00,1.09447,1.094495,1.09446,1.09448,10
2024-01-07T22:50:00+00:00,1.094475,1.09452,1.094475,1.09448,18
2024-01-07T22:55:00+00:00,1.094485,1.094525,1.094445,1.094445,56
2024-01-08T00:00:00+00:00,1.094135,1.094315,1.0941,1.09431,108
2024-01-08T00:05:00+00:00,1.094305,1.09431,1.094035,1.09408,103
2024-01-08T00:10:00+00:00,1.094075,1.094405,1.094075,1.094405,80
2024-01-08T00:15:00+00:00,1.0944,1.094625,1.0944,1.094575,119
2024-01-08T00:20:00+00:00,1.09457,1.09466,1.094415,1.094465,117
2024-01-08T00:25:00+00:00,1.09447,1.09468,1.09447,1.094635,66
2024-01-08T00:30:00+00:00,1.094595,1.09466,1.094505,1.09466,100
2024-01-08T00:35:00+00:00,1.09465,1.094875,1.09465,1.094725,146
2024-01-08T00:40:00+00:00,1.094745,1.09479,1.09473,1.09477,61
2024-01-08T00:45:00+00:00,1.09478,1.09488,1.094775,1.09483,87
2024-01-08T00:50:00+00:00,1.094835,1.0949,1.094795,1.0948,89
2024-01-08T00:55:00+00:00,1.09478,1.09493,1.094765,1.09486,153
2024-01-07T23:00:00+00:00,1.094455,1.094605,1.09393,1.093985,281
2024-01-07T23:05:00+00:00,1.094005,1.09407,1.09384,1.09392,140
2024-01-07T23:10:00+00:00,1.093925,1.09401,1.09389,1.09392,97
2024-01-07T23:15:00+00:00,1.093915,1.093965,1.09384,1.09396,76
2024-01-07T23:20:00+00:00,1.093975,1.094015,1.09382,1.093825,84
2024-01-07T23:25:00+00:00,1.093845,1.093875,1.09356,1.09358,104
2024-01-07T23:30:00+00:00,1.093575,1.09372,1.093545,1.09367,117
2024-01-07T23:35:00+00:00,1.093665,1.093725,1.093535,1.093565,111
2024-01-07T23:40:00+00:00,1.09356,1.09376,1.093495,1.093745,79
2024-01-07T23:45:00+00:00,1.09375,1.09391,1.09375,1.093865,58
2024-01-07T23:50:00+00:00,1.093855,1.09399,1.09384,1.09399,55
2024-01-07T23:55:00+00:00,1.093995,1.094205,1.093985,1.09416,96
2024-01-08T01:00:00+00:00,1.09485,1.09489,1.094705,1.09485,165
2024-01-08T01:05:00+00:00,1.09486,1.095025,1.094815,1.09502,181
2024-01-08T01:10:00+00:00,1.095015,1.09506,1.094875,1.09491,163
2024-01-08T01:15:00+00:00,1.094905,1.09517,1.09486,1.09517,183
2024-01-08T01:20:00+00:00,1.095165,1.09523,1.09512,1.095145,121
2024-01-08T01:25:00+00:00,1.09512,1.09512,1.09496,1.095065,102
2024-01-08T01:30:00+00:00,1.09506,1.09521,1.095015,1.0952,183
2024-01-08T01:35:00+00:00,1.095185,1.095255,1.095,1.09523,120
2024-01-08T01:40:00+00:00,1.095225,1.09527,1.09508,1.095225,220
2024-01-08T01:45:00+00:00,1.09522,1.095315,1.095115,1.09512,141
2024-01-08T01:50:00+00:00,1.09511,1.09517,1.09476,1.094765,190
2024-01-08T01:55:00+00:00,1.094755,1.094895,1.09472,1.094805,235
2024-01-08T02:00:00+00:00,1.094795,1.094795,1.09452,1.09463,216
2024-01-08T02:05:00+00:00,1.094625,1.09467,1.094505,1.09452,115
2024-01-08T02:10:00+00:00,1.094525,1.094525,1.094335,1.09435,165
2024-01-08T02:15:00+00:00,1.094365,1.09443,1.094285,1.094395,123
2024-01-08T02:20:00+00:00,1.0944,1.09452,1.094325,1.09436,96
2024-01-08T02:25:00+00:00,1.09439,1.094415,1.094255,1.09426,144
2024-01-08T02:30:00+00:00,1.094255,1.094265,1.09395,1.093985,270
2024-01-08T02:35:00+00:00,1.09399,1.09408,1.09396,1.09402,110
2024-01-08T02:40:00+00:00,1.094015,1.09408,1.093955,1.094015,118
2024-01-08T02:45:00+00:00,1.09401,1.094035,1.09395,1.093955,137
2024-01-08T02:50:00+00:00,1.09396,1.09403,1.09372,1.093735,151
2024-01-08T02:55:00+00:00,1.09373,1.09383,1.093605,1.09373,247
2024-01-08T03:00:00+00:00,1.09372,1.09373,1.09356,1.093595,181
2024-01-08T03:05:00+00:00,1.0936,1.09374,1.093565,1.09372,111
2024-01-08T03:10:00+00:00,1.093725,1.093825,1.093685,1.09377,227
2024-01-08T03:15:00+00:00,1.09376,1.09393,1.09374,1.0939,127
2024-01-08T03:20:00+00:00,1.093905,1.093915,1.093755,1.09387,178
2024-01-08T03:25:00+00:00,1.093865,1.09388,1.09375,1.093755,96
2024-01-08T03:30:00+00:00,1.093745,1.093745,1.09357,1.09361,86
2024-01-08T03:35:00+00:00,1.093615,1.093615,1.093465,1.093525,133
2024-01-08T03:40:00+00:00,1.09354,1.09354,1.093155,1.09331,198
2024-01-08T03:45:00+00:00,1.093335,1.09346,1.093305,1.093365,94
2024-01-08T03:50:00+00:00,1.09339,1.093425,1.09316,1.093205,109
2024-01-08T03:55:00+00:00,1.093215,1.093305,1.093155,1.093305,116
2024-01-08T05:00:00+00:00,1.093435,1.093435,1.0933,1.09338,163
2024-01-08T05:05:00+00:00,1.093375,1.093555,1.093365,1.09355,107
2024-01-08T05:10:00+00:00,1.09356,1.09362,1.093495,1.093555,126
2024-01-08T05:15:00+00:00,1.093585,1.09366,1.09349,1.09366,95
2024-01-08T05:20:00+00:00,1.093645,1.09366,1.093525,1.093555,103
2024-01-08T05:25:00+00:00,1.093545,1.09365,1.093545,1.093605,38
2024-01-08T05:30:00+00:00,1.093575,1.093575,1.093215,1.093305,139
2024-01-08T05:35:00+00:00,1.09331,1.09349,1.093225,1.093445,195
2024-01-08T05:40:00+00:00,1.09345,1.0935,1.093395,1.09348,136
2024-01-08T05:45:00+00:00,1.093485,1.093615,1.09345,1.09358,107
2024-01-08T05:50:00+00:00,1.093565,1.093745,1.093515,1.09374,139
2024-01-08T05:55:00+00:00,1.093745,1.093755,1.093635,1.093755,173
2024-01-08T04:00:00+00:00,1.093295,1.09342,1.09313,1.09314,109
2024-01-08T04:05:00+00:00,1.093135,1.093255,1.093075,1.09311,94
2024-01-08T04:10:00+00:00,1.093105,1.09323,1.09309,1.093215,103
2024-01-08T04:15:00+00:00,1.09322,1.09341,1.093215,1.093335,120
2024-01-08T04:20:00+00:00,1.093325,1.09352,1.093315,1.093515,141
2024-01-08T04:25:00+00:00,1.09351,1.093615,1.093495,1.093605,53
2024-01-08T04:30:00+00:00,1.09361,1.093625,1.093525,1.093545,66
2024-01-08T04:35:00+00:00,1.09352,1.09353,1.093445,1.093455,108
2024-01-08T04:40:00+00:00,1.093475,1.09371,1.093475,1.09363,123
2024-01-08T04:45:00+00:00,1.093625,1.093705,1.09355,1.09361,128
2024-01-08T04:50:00+00:00,1.093605,1.093655,1.09351,1.093615,66
2024-01-08T04:55:00+00:00,1.09362,1.093725,1.093395,1.093415,171
2024-01-08T06:00:00+00:00,1.09374,1.093855,1.093645,1.093835,156
2024-01-08T06:05:00+00:00,1.093845,1.094055,1.093845,1.093985,168
2024-01-08T06:10:00+00:00,1.09398,1.09408,1.093765,1.094045,170
2024-01-08T06:15:00+00:00,1.09404,1.09417,1.094025,1.094115,112
2024-01-08T06:20:00+00:00,1.09412,1.094275,1.093965,1.094265,141
2024-01-08T06:25:00+00:00,1.094225,1.094375,1.094165,1.094335,182
2024-01-08T06:30:00+00:00,1.094325,1.094325,1.094055,1.094155,134
2024-01-08T06:35:00+00:00,1.094165,1.094455,1.094165,1.094265,211
2024-01-08T06:40:00+00:00,1.09426,1.09442,1.094215,1.09431,203
2024-01-08T06:45:00+00:00,1.094315,1.09456,1.094305,1.094435,185
2024-01-08T06:50:00+00:00,1.094425,1.09468,1.09437,1.094645,214
2024-01-08T06:55:00+00:00,1.094655,1.09467,1.09457,1.094605,214
2024-01-08T07:00:00+00:00,1.094615,1.094875,1.0942,1.094765,479
2024-01-08T07:05:00+00:00,1.094785,1.095075,1.09469,1.095055,434
2024-01-08T07:10:00+00:00,1.09505,1.095235,1.09497,1.09511,432
2024-01-08T07:15:00+00:00,1.095105,1.095125,1.094535,1.094535,273
2024-01-08T07:20:00+00:00,1.09455,1.094665,1.094445,1.094645,297
2024-01-08T07:25:00+00:00,1.09464,1.094815,1.094555,1.094655,271
2024-01-08T07:30:00+00:00,1.094675,1.094745,1.094355,1.094365,389
2024-01-08T07:35:00+00:00,1.094375,1.0945,1.094025,1.094155,293
2024-01-08T07:40:00+00:00,1.094165,1.094565,1.093955,1.094515,499
2024-01-08T07:45:00+00:00,1.09452,1.094765,1.094505,1.09461,435
2024-01-08T07:50:00+00:00,1.094605,1.094865,1.094515,1.09461,361
2024-01-08T07:55:00+00:00,1.09464,1.094755,1.094405,1.09453,459
2024-01-08T08:00:00+00:00,1.094545,1.094545,1.09373,1.093795,782
2024-01-08T08:05:00+00:00,1.093785,1.093905,1.09348,1.09386,664
2024-01-08T08:10:00+00:00,1.093865,1.09407,1.093005,1.093225,947
2024-01-08T08:15:00+00:00,1.093235,1.09359,1.093155,1.093515,663
2024-01-08T08:20:00+00:00,1.09351,1.093535,1.093215,1.093255,506
2024-01-08T08:25:00+00:00,1.09326,1.093275,1.092935,1.09324,522
2024-01-08T08:30:00+00:00,1.09325,1.093955,1.093245,1.09362,644
2024-01-08T08:35:00+00:00,1.09361,1.093645,1.09333,1.09341,597
2024-01-08T08:40:00+00:00,1.09342,1.093685,1.093165,1.093385,587
2024-01-08T08:45:00+00:00,1.09339,1.093495,1.093305,1.0934,319
2024-01-08T08:50:00+00:00,1.093395,1.09359,1.093265,1.0933,446
2024-01-08T08:55:00+00:00,1.093295,1.0934,1.093145,1.093385,501
2024-01-08T09:00:00+00:00,1.093375,1.09344,1.092855,1.09289,493
2024-01-08T09:05:00+00:00,1.0929,1.093245,1.09273,1.093115,470
2024-01-08T09:10:00+00:00,1.09311,1.093195,1.092945,1.093115,320
2024-01-08T09:15:00+00:00,1.09313,1.093195,1.092755,1.09279,363
2024-01-08T09:20:00+00:00,1.092785,1.092855,1.0925,1.092565,375
2024-01-08T09:25:00+00:00,1.09256,1.092845,1.09255,1.09266,475
2024-01-08T09:30:00+00:00,1.092655,1.092655,1.09227,1.092545,646
2024-01-08T09:35:00+00:00,1.09254,1.092955,1.092405,1.092925,433
2024-01-08T09:40:00+00:00,1.0929,1.093415,1.0929,1.09326,365
2024-01-08T09:45:00+00:00,1.093255,1.09399,1.093255,1.09397,460
2024-01-08T09:50:00+00:00,1.09398,1.09402,1.093715,1.094015,398
2024-01-08T09:55:00+00:00,1.09402,1.09425,1.09371,1.09371,492
2024-01-08T10:00:00+00:00,1.093705,1.09411,1.093595,1.093655,516
2024-01-08T10:05:00+00:00,1.09366,1.094005,1.093545,1.09386,549
2024-01-08T10:10:00+00:00,1.09384,1.093985,1.09362,1.09366,454
2024-01-08T10:15:00+00:00,1.093655,1.094025,1.093435,1.093855,501
2024-01-08T10:20:00+00:00,1.09386,1.093885,1.093655,1.09381,375
2024-01-08T10:25:00+00:00,1.0938,1.093865,1.09354,1.093755,299
2024-01-08T10:30:00+00:00,1.09376,1.094295,1.09376,1.09418,289
2024-01-08T10:35:00+00:00,1.094175,1.094175,1.093675,1.093745,349
2024-01-08T10:40:00+00:00,1.093755,1.0942,1.093755,1.094025,458
2024-01-08T10:45:00+00:00,1.09402,1.094355,1.093935,1.0941,275
2024-01-08T10:50:00+00:00,1.094095,1.094335,1.094075,1.09422,290
2024-01-08T10:55:00+00:00,1.09423,1.0943,1.094075,1.094255,327
2024-01-08T11:00:00+00:00,1.09425,1.094355,1.09403,1.094355,249
2024-01-08T11:05:00+00:00,1.094365,1.0944,1.09417,1.094315,328
2024-01-08T11:10:00+00:00,1.094345,1.09484,1.094345,1.094815,313
2024-01-08T11:15:00+00:00,1.09481,1.095025,1.094505,1.094605,473
2024-01-08T11:20:00+00:00,1.094615,1.095075,1.09433,1.09435,378
2024-01-08T11:25:00+00:00,1.094365,1.094425,1.094225,1.094255,382
2024-01-08T11:30:00+00:00,1.094245,1.094505,1.09422,1.094235,348
2024-01-08T11:35:00+00:00,1.09424,1.094255,1.09387,1.093895,395
2024-01-08T11:40:00+00:00,1.09391,1.09401,1.093765,1.093765,324
2024-01-08T11:45:00+00:00,1.093775,1.093945,1.09372,1.0938,321
2024-01-08T11:50:00+00:00,1.093805,1.09394,1.09369,1.093785,281
2024-01-08T11:55:00+00:00,1.09379,1.09402,1.093755,1.093805,332
2024-01-08T12:00:00+00:00,1.093795,1.094375,1.09378,1.09435,360
2024-01-08T12:05:00+00:00,1.094345,1.09482,1.09422,1.09453,549
2024-01-08T12:10:00+00:00,1.09452,1.094795,1.094375,1.094785,444
2024-01-08T12:15:00+00:00,1.09479,1.09481,1.09425,1.09436,358
2024-01-08T12:20:00+00:00,1.094365,1.09454,1.09426,1.09444,339
2024-01-08T12:25:00+00:00,1.094435,1.094435,1.09422,1.094295,233
2024-01-08T12:30:00+00:00,1.0943,1.09435,1.09373,1.09382,360
2024-01-08T12:35:00+00:00,1.09381,1.093935,1.0938,1.093915,292
2024-01-08T12:40:00+00:00,1.09391,1.094235,1.09391,1.09422,386
2024-01-08T12:45:00+00:00,1.094215,1.09464,1.09414,1.094635,397
2024-01-08T12:50:00+00:00,1.094645,1.094705,1.094365,1.094555,317
2024-01-08T12:55:00+00:00,1.09455,1.09466,1.094285,1.09446,461
2024-01-08T13:00:00+00:00,1.094465,1.094935,1.094465,1.094745,464
2024-01-08T13:05:00+00:00,1.09475,1.09478,1.094535,1.09459,477
2024-01-08T13:10:00+00:00,1.094595,1.094625,1.09427,1.0944,345
2024-01-08T13:15:00+00:00,1.09441,1.094645,1.094385,1.094565,436
2024-01-08T13:20:00+00:00,1.09458,1.09489,1.094385,1.094755,662
2024-01-08T13:25:00+00:00,1.094735,1.094885,1.09464,1.094855,600
2024-01-08T13:30:00+00:00,1.094875,1.09535,1.09472,1.095045,712
2024-01-08T13:35:00+00:00,1.09505,1.09563,1.09505,1.095365,751
2024-01-08T13:40:00+00:00,1.09536,1.095615,1.095115,1.09528,674
2024-01-08T13:45:00+00:00,1.095275,1.095275,1.09476,1.094945,634
2024-01-08T13:50:00+00:00,1.09494,1.095175,1.09481,1.09499,622
2024-01-08T13:55:00+00:00,1.09498,1.095215,1.09482,1.095085,503
2024-01-08T14:00:00+00:00,1.095075,1.09561,1.09502,1.0952,801
2024-01-08T14:05:00+00:00,1.095215,1.095395,1.09495,1.095365,648
2024-01-08T14:10:00+00:00,1.09534,1.09587,1.09531,1.095605,629
2024-01-08T14:15:00+00:00,1.095615,1.09587,1.095425,1.09584,612
2024-01-08T14:20:00+00:00,1.09583,1.09597,1.09556,1.095585,600
2024-01-08T14:25:00+00:00,1.09557,1.0957,1.09542,1.09556,530
2024-01-08T14:30:00+00:00,1.095565,1.096015,1.095405,1.09601,809
2024-01-08T14:35:00+00:00,1.096025,1.096275,1.095465,1.095815,931
2024-01-08T14:40:00+00:00,1.09582,1.096095,1.095595,1.095735,953
2024-01-08T14:45:00+00:00,1.09574,1.0961,1.095625,1.095905,899
2024-01-08T14:50:00+00:00,1.09591,1.096045,1.095525,1.095615,752
2024-01-08T14:55:00+00:00,1.09562,1.096095,1.095345,1.09604,764
2024-01-08T15:00:00+00:00,1.09603,1.096175,1.09553,1.09614,707
2024-01-08T15:05:00+00:00,1.096145,1.096425,1.096015,1.096325,586
2024-01-08T15:10:00+00:00,1.09632,1.09668,1.096275,1.0964,550
2024-01-08T15:15:00+00:00,1.09641,1.097105,1.09638,1.096925,693
2024-01-08T15:20:00+00:00,1.09693,1.096935,1.096175,1.09636,550
2024-01-08T15:25:00+00:00,1.096355,1.09718,1.096325,1.096935,584
2024-01-08T15:30:00+00:00,1.09694,1.09718,1.096635,1.09681,651
2024-01-08T15:35:00+00:00,1.096795,1.096845,1.096465,1.096685,621
2024-01-08T15:40:00+00:00,1.09668,1.096975,1.09661,1.09687,523
2024-01-08T15:45:00+00:00,1.096865,1.097235,1.09662,1.097225,656
2024-01-08T15:50:00+00:00,1.09722,1.097465,1.096895,1.09706,712
2024-01-08T15:55:00+00:00,1.097065,1.097295,1.09682,1.096975,602
2024-01-08T16:00:00+00:00,1.09697,1.097415,1.09684,1.096875,715
2024-01-08T16:05:00+00:00,1.096865,1.09771,1.096865,1.097515,549
2024-01-08T16:10:00+00:00,1.09752,1.097885,1.097415,1.097645,614
2024-01-08T16:15:00+00:00,1.09766,1.09768,1.097205,1.09737,569
2024-01-08T16:20:00+00:00,1.097365,1.097705,1.097355,1.09749,663
2024-01-08T16:25:00+00:00,1.097505,1.097515,1.097135,1.09731,591
2024-01-08T16:30:00+00:00,1.097315,1.097415,1.09729,1.097415,399
2024-01-08T16:35:00+00:00,1.09742,1.09774,1.097295,1.09731,379
2024-01-08T16:40:00+00:00,1.097315,1.097815,1.097315,1.097715,432
2024-01-08T16:45:00+00:00,1.09773,1.09787,1.097345,1.09741,351
2024-01-08T16:50:00+00:00,1.097405,1.09751,1.09718,1.09727,342
2024-01-08T16:55:00+00:00,1.097265,1.097565,1.09726,1.09755,348
2024-01-08T17:00:00+00:00,1.097545,1.09789,1.0975,1.097785,401
2024-01-08T17:05:00+00:00,1.09778,1.097805,1.0975,1.09758,386
2024-01-08T17:10:00+00:00,1.097585,1.09762,1.097235,1.097315,256
2024-01-08T17:15:00+00:00,1.097305,1.097385,1.097045,1.09706,333
2024-01-08T17:20:00+00:00,1.09707,1.097085,1.096735,1.09681,291
2024-01-08T17:25:00+00:00,1.09679,1.096975,1.096615,1.096795,282
2024-01-08T17:30:00+00:00,1.096805,1.096805,1.096365,1.09645,314
2024-01-08T17:35:00+00:00,1.096445,1.096725,1.09636,1.09668,239
2024-01-08T17:40:00+00:00,1.09669,1.0967,1.09651,1.09657,165
2024-01-08T17:45:00+00:00,1.096535,1.096535,1.09626,1.09643,282
2024-01-08T17:50:00+00:00,1.096425,1.096635,1.096355,1.096575,247
2024-01-08T17:55:00+00:00,1.09657,1.096645,1.09642,1.096475,183
2024-01-08T18:00:00+00:00,1.09647,1.09647,1.096225,1.09643,263
2024-01-08T18:05:00+00:00,1.09644,1.09657,1.09627,1.09627,208
2024-01-08T18:10:00+00:00,1.096275,1.09629,1.096025,1.09603,143
2024-01-08T18:15:00+00:00,1.096015,1.09609,1.09593,1.096055,167
2024-01-08T18:20:00+00:00,1.09606,1.096065,1.095945,1.09599,78
2024-01-08T18:25:00+00:00,1.095985,1.095995,1.095655,1.09574,207
2024-01-08T18:30:00+00:00,1.095745,1.0958,1.09519,1.095415,294
2024-01-08T18:35:00+00:00,1.09543,1.095455,1.095185,1.095185,129
2024-01-08T18:40:00+00:00,1.09519,1.0952,1.094895,1.0952,216
2024-01-08T18:45:00+00:00,1.095185,1.095425,1.09515,1.095365,217
2024-01-08T18:50:00+00:00,1.09538,1.095435,1.095245,1.09543,311
2024-01-08T18:55:00+00:00,1.095425,1.09559,1.095385,1.095545,343
2024-01-08T19:00:00+00:00,1.09554,1.09579,1.09532,1.095365,417
2024-01-08T19:05:00+00:00,1.09537,1.095585,1.095305,1.09553,243
2024-01-08T19:10:00+00:00,1.09552,1.095895,1.0955,1.095835,302
2024-01-08T19:15:00+00:00,1.095845,1.09594,1.095745,1.095825,235
2024-01-08T19:20:00+00:00,1.09583,1.095865,1.09574,1.09583,194
2024-01-08T19:25:00+00:00,1.095835,1.096015,1.09573,1.09576,337
2024-01-08T19:30:00+00:00,1.09577,1.09613,1.09577,1.09605,265
2024-01-08T19:35:00+00:00,1.096055,1.09606,1.095875,1.095935,114
2024-01-08T19:40:00+00:00,1.09594,1.09616,1.09587,1.09608,147
2024-01-08T19:45:00+00:00,1.09607,1.096275,1.09597,1.096165,140
2024-01-08T19:50:00+00:00,1.09617,1.09629,1.09616,1.096195,224
2024-01-08T19:55:00+00:00,1.0962,1.09627,1.09601,1.096105,284
2024-01-08T20:00:00+00:00,1.09611,1.09611,1.09564,1.095775,266
2024-01-08T20:05:00+00:00,1.095765,1.095765,1.09548,1.095575,173
2024-01-08T20:10:00+00:00,1.09557,1.09561,1.095015,1.09506,285
2024-01-08T20:15:00+00:00,1.095055,1.09522,1.094955,1.09522,176
2024-01-08T20:20:00+00:00,1.095225,1.09525,1.09509,1.09521,202
2024-01-08T20:25:00+00:00,1.095205,1.095345,1.095185,1.09531,226
2024-01-08T20:30:00+00:00,1.095325,1.095595,1.095285,1.095535,337
2024-01-08T20:35:00+00:00,1.09554,1.095665,1.095475,1.09553,240
2024-01-08T20:40:00+00:00,1.09555,1.095585,1.095265,1.095395,282
2024-01-08T20:45:00+00:00,1.09539,1.095395,1.09515,1.095175,406
2024-01-08T20:50:00+00:00,1.09518,1.095595,1.09518,1.095435,357
2024-01-08T20:55:00+00:00,1.09543,1.095695,1.095345,1.09548,463
2024-01-08T21:00:00+00:00,1.095485,1.095645,1.09541,1.09544,213
2024-01-08T21:05:00+00:00,1.095445,1.095595,1.095385,1.09557,126
2024-01-08T21:10:00+00:00,1.095555,1.09556,1.095465,1.09556,157
2024-01-08T21:15:00+00:00,1.095545,1.09559,1.095415,1.09542,101
2024-01-08T21:20:00+00:00,1.0954,1.09541,1.09531,1.09541,49
2024-01-08T21:25:00+00:00,1.0954,1.0954,1.09515,1.09517,174
2024-01-08T21:30:00+00:00,1.095155,1.095195,1.095015,1.095065,123
2024-01-08T21:35:00+00:00,1.09506,1.09519,1.09503,1.09518,157
2024-01-08T21:40:00+00:00,1.09519,1.09519,1.095035,1.095055,161
2024-01-08T21:45:00+00:00,1.09506,1.09511,1.09506,1.09509,187
2024-01-08T21:50:00+00:00,1.095095,1.09515,1.095035,1.09508,164
2024-01-08T21:55:00+00:00,1.09509,1.09509,1.09498,1.095015,402
2024-01-08T22:00:00+00:00,1.09504,1.095275,1.09503,1.095275,12
2024-01-08T22:05:00+00:00,1.09528,1.095325,1.095155,1.095325,50
2024-01-08T22:10:00+00:00,1.095295,1.09535,1.095295,1.095325,6
2024-01-08T22:15:00+00:00,1.09535,1.095355,1.095005,1.09519,222
2024-01-08T22:20:00+00:00,1.095195,1.095285,1.095185,1.095235,82
2024-01-08T22:25:00+00:00,1.09523,1.09523,1.095155,1.095185,62
2024-01-08T22:30:00+00:00,1.09519,1.095245,1.09515,1.095165,108
2024-01-08T22:35:00+00:00,1.095205,1.095235,1.09513,1.095205,194
2024-01-08T22:40:00+00:00,1.095215,1.095295,1.095145,1.095165,189
2024-01-08T22:45:00+00:00,1.095175,1.095175,1.095125,1.095145,68
2024-01-08T22:50:00+00:00,1.09516,1.095185,1.095,1.095165,171
2024-01-08T22:55:00+00:00,1.09514,1.09553,1.0951,1.0951,368
2024-01-08T23:00:00+00:00,1.09514,1.095265,1.09508,1.09511,127
2024-01-08T23:05:00+00:00,1.095115,1.09521,1.09504,1.0951,81
2024-01-08T23:10:00+00:00,1.095105,1.09517,1.094975,1.09517,83
2024-01-08T23:15:00+00:00,1.09516,1.09523,1.095145,1.09518,55
2024-01-08T23:20:00+00:00,1.095175,1.09523,1.09517,1.09517,82
2024-01-08T23:25:00+00:00,1.095175,1.095275,1.09517,1.095195,97
2024-01-08T23:30:00+00:00,1.09516,1.09519,1.095065,1.09519,52
2024-01-08T23:35:00+00:00,1.095175,1.095205,1.095085,1.095125,62
2024-01-08T23:40:00+00:00,1.09511,1.09519,1.0951,1.095125,24
2024-01-08T23:45:00+00:00,1.09511,1.095125,1.09502,1.09502,52
2024-01-08T23:50:00+00:00,1.095025,1.0951,1.094965,1.094965,28
2024-01-08T23:55:00+00:00,1.09498,1.09502,1.094975,1.094985,53
2024-01-09T00:00:00+00:00,1.09498,1.095205,1.09494,1.095145,182
2024-01-09T00:05:00+00:00,1.09515,1.09553,1.095085,1.095515,186
2024-01-09T00:10:00+00:00,1.095495,1.095685,1.09547,1.09566,203
2024-01-09T00:15:00+00:00,1.095645,1.09576,1.09547,1.09571,248
2024-01-09T00:20:00+00:00,1.095705,1.095745,1.0956,1.095625,219
2024-01-09T00:25:00+00:00,1.09563,1.095715,1.095465,1.095625,150
2024-01-09T00:30:00+00:00,1.09564,1.09587,1.09564,1.095835,154
2024-01-09T00:35:00+00:00,1.09583,1.09593,1.09578,1.09592,197
2024-01-09T00:40:00+00:00,1.09594,1.09594,1.095785,1.095785,112
2024-01-09T00:45:00+00:00,1.09578,1.09579,1.09568,1.095695,112
2024-01-09T00:50:00+00:00,1.095705,1.095735,1.09541,1.09544,191
2024-01-09T00:55:00+00:00,1.09545,1.09569,1.09544,1.09553,224
2024-01-09T01:00:00+00:00,1.09551,1.09568,1.095455,1.095635,93
2024-01-09T01:05:00+00:00,1.095645,1.09579,1.095525,1.095765,109
2024-01-09T01:10:00+00:00,1.095775,1.095775,1.09532,1.09532,235
2024-01-09T01:15:00+00:00,1.09534,1.09544,1.09525,1.09527,230
2024-01-09T01:20:00+00:00,1.095255,1.0955,1.09523,1.09539,224
2024-01-09T01:25:00+00:00,1.095395,1.095475,1.0953,1.09543,240
2024-01-09T01:30:00+00:00,1.095435,1.095505,1.095345,1.095375,354
2024-01-09T01:35:00+00:00,1.09538,1.0954,1.095225,1.095225,232
2024-01-09T01:40:00+00:00,1.09523,1.095425,1.095155,1.095275,215
2024-01-09T01:45:00+00:00,1.095285,1.095765,1.095285,1.09569,208
2024-01-09T01:50:00+00:00,1.095695,1.096145,1.095695,1.096095,233
2024-01-09T01:55:00+00:00,1.09609,1.096195,1.096015,1.09616,224
2024-01-09T03:00:00+00:00,1.0963,1.096325,1.096215,1.09629,119
2024-01-09T03:05:00+00:00,1.096295,1.096295,1.096145,1.096285,108
2024-01-09T03:10:00+00:00,1.09628,1.09645,1.09622,1.09634,160
2024-01-09T03:15:00+00:00,1.096335,1.096635,1.096335,1.09639,146
2024-01-09T03:20:00+00:00,1.0964,1.096475,1.096335,1.0964,156
2024-01-09T03:25:00+00:00,1.096395,1.096395,1.096285,1.09635,125
2024-01-09T03:30:00+00:00,1.09636,1.096455,1.096265,1.0963,190
2024-01-09T03:35:00+00:00,1.096295,1.096535,1.096215,1.09648,140
2024-01-09T03:40:00+00:00,1.096465,1.096505,1.0964,1.096445,151
2024-01-09T03:45:00+00:00,1.09643,1.0965,1.096355,1.096405,165
2024-01-09T03:50:00+00:00,1.096385,1.096385,1.096135,1.09616,96
2024-01-09T03:55:00+00:00,1.09615,1.09628,1.09609,1.09628,88
2024-01-09T04:00:00+00:00,1.096285,1.096305,1.096195,1.096275,110
2024-01-09T04:05:00+00:00,1.096285,1.096285,1.09606,1.096135,143
2024-01-09T04:10:00+00:00,1.09613,1.09613,1.095975,1.095985,47
2024-01-09T04:15:00+00:00,1.095995,1.09603,1.095775,1.095785,68
2024-01-09T04:20:00+00:00,1.095795,1.095805,1.09556,1.09557,75
2024-01-09T04:25:00+00:00,1.095575,1.09563,1.09536,1.09538,127
2024-01-09T04:30:00+00:00,1.095385,1.095555,1.095385,1.095515,152
2024-01-09T04:35:00+00:00,1.09551,1.09563,1.09546,1.095585,108
2024-01-09T04:40:00+00:00,1.095595,1.09565,1.095515,1.095515,101
2024-01-09T04:45:00+00:00,1.09551,1.095585,1.095485,1.095565,102
2024-01-09T04:50:00+00:00,1.095575,1.095895,1.09557,1.095875,118
2024-01-09T04:55:00+00:00,1.095855,1.095855,1.09559,1.09562,116
2024-01-09T05:00:00+00:00,1.095615,1.095625,1.09556,1.095605,111
2024-01-09T05:05:00+00:00,1.095625,1.095625,1.09545,1.09547,48
2024-01-09T05:10:00+00:00,1.095465,1.09549,1.09541,1.09542,57
2024-01-09T05:15:00+00:00,1.095425,1.095515,1.095335,1.095335,110
2024-01-09T05:20:00+00:00,1.09533,1.09533,1.09506,1.095105,132
2024-01-09T05:25:00+00:00,1.09511,1.095155,1.0949,1.094965,140
2024-01-09T05:30:00+00:00,1.09495,1.095115,1.09487,1.09508,117
2024-01-09T05:35:00+00:00,1.095095,1.09517,1.09508,1.09517,85
2024-01-09T05:40:00+00:00,1.095165,1.095165,1.09482,1.09484,150
2024-01-09T05:45:00+00:00,1.094845,1.09495,1.094845,1.09488,95
2024-01-09T05:50:00+00:00,1.09489,1.094985,1.094815,1.094875,183
2024-01-09T05:55:00+00:00,1.09487,1.095035,1.09487,1.094975,235
2024-01-09T06:00:00+00:00,1.09497,1.09507,1.094835,1.094865,179
2024-01-09T06:05:00+00:00,1.09486,1.095255,1.09481,1.095235,178
2024-01-09T06:10:00+00:00,1.09523,1.095335,1.095115,1.095265,216
2024-01-09T06:15:00+00:00,1.09526,1.095485,1.095235,1.095445,287
2024-01-09T06:20:00+00:00,1.09544,1.095505,1.095295,1.095375,196
2024-01-09T06:25:00+00:00,1.095385,1.095385,1.095105,1.09516,180
2024-01-09T06:30:00+00:00,1.09515,1.09518,1.09499,1.095165,168
2024-01-09T06:35:00+00:00,1.09517,1.09517,1.09498,1.095095,139
2024-01-09T06:40:00+00:00,1.09511,1.09528,1.095075,1.095235,243
2024-01-09T06:45:00+00:00,1.09523,1.095305,1.09498,1.09503,186
2024-01-09T06:50:00+00:00,1.095025,1.09514,1.09499,1.095085,118
2024-01-09T06:55:00+00:00,1.0951,1.0951,1.09489,1.09503,210
2024-01-09T07:00:00+00:00,1.095025,1.09503,1.094625,1.094925,499
2024-01-09T07:05:00+00:00,1.09492,1.09542,1.09492,1.09542,249
2024-01-09T07:10:00+00:00,1.0954,1.095455,1.09517,1.095365,412
2024-01-09T07:15:00+00:00,1.09537,1.095845,1.0953,1.095805,303
2024-01-09T07:20:00+00:00,1.0958,1.09584,1.09557,1.095735,224
2024-01-09T07:25:00+00:00,1.09574,1.09594,1.095705,1.095845,362
2024-01-09T07:30:00+00:00,1.09584,1.096305,1.095815,1.09625,533
2024-01-09T07:35:00+00:00,1.096255,1.09628,1.09604,1.096165,298
2024-01-09T07:40:00+00:00,1.09617,1.09617,1.09594,1.095985,338
2024-01-09T07:45:00+00:00,1.09598,1.09605,1.09573,1.095835,295
2024-01-09T07:50:00+00:00,1.09584,1.09603,1.09582,1.09596,342
2024-01-09T07:55:00+00:00,1.09595,1.095965,1.09554,1.095675,475
2024-01-09T08:00:00+00:00,1.095665,1.09568,1.095285,1.09544,727
2024-01-09T08:05:00+00:00,1.095425,1.09545,1.094935,1.094945,579
2024-01-09T08:10:00+00:00,1.094915,1.09493,1.094275,1.094275,418
2024-01-09T08:15:00+00:00,1.09426,1.094265,1.0939,1.09424,470
2024-01-09T08:20:00+00:00,1.09423,1.0944,1.0942,1.094295,443
2024-01-09T08:25:00+00:00,1.0943,1.094415,1.09391,1.094055,390
2024-01-09T08:30:00+00:00,1.09408,1.09451,1.09408,1.09448,533
2024-01-09T08:35:00+00:00,1.09447,1.094595,1.094275,1.094345,636
2024-01-09T08:40:00+00:00,1.09435,1.094625,1.0942,1.094565,579
2024-01-09T08:45:00+00:00,1.09458,1.094835,1.094575,1.094715,378
2024-01-09T08:50:00+00:00,1.094705,1.094995,1.094705,1.09499,329
2024-01-09T08:55:00+00:00,1.09499,1.095185,1.0947,1.09498,411
2024-01-09T09:00:00+00:00,1.09499,1.09506,1.094855,1.094945,410
2024-01-09T09:05:00+00:00,1.094925,1.09496,1.09458,1.09459,277
2024-01-09T09:10:00+00:00,1.094585,1.0946,1.093805,1.09385,518
2024-01-09T09:15:00+00:00,1.093835,1.094325,1.09382,1.09418,504
2024-01-09T09:20:00+00:00,1.09419,1.09423,1.09382,1.093875,530
2024-01-09T09:25:00+00:00,1.093865,1.09428,1.093845,1.094065,551
2024-01-09T09:30:00+00:00,1.09406,1.09441,1.09391,1.094315,444
2024-01-09T09:35:00+00:00,1.09432,1.09453,1.09419,1.094465,339
2024-01-09T09:40:00+00:00,1.09447,1.094515,1.094035,1.09416,342
2024-01-09T09:45:00+00:00,1.094155,1.094355,1.094105,1.09428,322
2024-01-09T09:50:00+00:00,1.094295,1.09437,1.094045,1.0943,360
2024-01-09T09:55:00+00:00,1.094295,1.094425,1.094155,1.09442,315
2024-01-09T10:00:00+00:00,1.094415,1.0946,1.094085,1.09418,433
2024-01-09T10:05:00+00:00,1.094175,1.09424,1.093675,1.09382,337
2024-01-09T10:10:00+00:00,1.093815,1.09406,1.093605,1.093665,399
2024-01-09T10:15:00+00:00,1.09369,1.09405,1.09366,1.093975,314
2024-01-09T10:20:00+00:00,1.093965,1.094195,1.09388,1.09401,246
2024-01-09T10:25:00+00:00,1.09403,1.094815,1.09403,1.094625,464
2024-01-09T10:30:00+00:00,1.094615,1.094675,1.09426,1.094665,513
2024-01-09T10:35:00+00:00,1.09466,1.09474,1.0943,1.094615,367
2024-01-09T10:40:00+00:00,1.094595,1.09464,1.094075,1.09409,377
2024-01-09T10:45:00+00:00,1.0941,1.09417,1.09335,1.093675,457
2024-01-09T10:50:00+00:00,1.09368,1.093705,1.093255,1.09349,231
2024-01-09T10:55:00+00:00,1.093495,1.09362,1.093275,1.09355,370
2024-01-09T11:00:00+00:00,1.093555,1.093605,1.09326,1.09353,406
2024-01-09T11:05:00+00:00,1.093515,1.09358,1.09327,1.09334,304
2024-01-09T11:10:00+00:00,1.093335,1.093335,1.09303,1.09308,273
2024-01-09T11:15:00+00:00,1.093105,1.09338,1.093105,1.093185,262
2024-01-09T11:20:00+00:00,1.09317,1.093285,1.093055,1.093245,276
2024-01-09T11:25:00+00:00,1.09325,1.093495,1.09322,1.09346,310
2024-01-09T11:30:00+00:00,1.093455,1.093465,1.09294,1.09307,220
2024-01-09T11:35:00+00:00,1.09306,1.09311,1.09288,1.092965,289
2024-01-09T11:40:00+00:00,1.09297,1.093025,1.092905,1.09295,243
2024-01-09T11:45:00+00:00,1.092945,1.09322,1.092905,1.093195,278
2024-01-09T11:50:00+00:00,1.093185,1.093225,1.092935,1.09308,323
2024-01-09T11:55:00+00:00,1.09307,1.093225,1.092955,1.09315,291
2024-01-09T12:00:00+00:00,1.09314,1.093215,1.09289,1.092915,264
2024-01-09T12:05:00+00:00,1.092955,1.09325,1.092905,1.09325,325
2024-01-09T12:10:00+00:00,1.093255,1.093375,1.093055,1.093235,313
2024-01-09T12:15:00+00:00,1.093225,1.093685,1.09319,1.093685,315
2024-01-09T12:20:00+00:00,1.09368,1.09413,1.093635,1.09412,421
2024-01-09T12:25:00+00:00,1.094125,1.094155,1.093825,1.093945,471
2024-01-09T12:30:00+00:00,1.09395,1.094015,1.0933,1.093325,582
2024-01-09T12:35:00+00:00,1.09333,1.093725,1.093315,1.093605,435
2024-01-09T12:40:00+00:00,1.0936,1.0936,1.09291,1.093255,366
2024-01-09T12:45:00+00:00,1.093245,1.093625,1.093205,1.09355,268
2024-01-09T12:50:00+00:00,1.093545,1.0938,1.093485,1.09372,423
2024-01-09T12:55:00+00:00,1.09373,1.094155,1.09373,1.09406,619
2024-01-09T13:00:00+00:00,1.09407,1.094145,1.09365,1.09376,488
2024-01-09T13:05:00+00:00,1.093765,1.094035,1.093625,1.09398,522
2024-01-09T13:10:00+00:00,1.093985,1.094695,1.093985,1.094585,440
2024-01-09T13:15:00+00:00,1.09459,1.094665,1.09419,1.09421,406
2024-01-09T13:20:00+00:00,1.094195,1.094195,1.09352,1.093565,630
2024-01-09T13:25:00+00:00,1.09357,1.093655,1.093315,1.09361,639
2024-01-09T13:30:00+00:00,1.09363,1.09384,1.09337,1.093725,624
2024-01-09T13:35:00+00:00,1.09372,1.09457,1.09361,1.094485,826
2024-01-09T13:40:00+00:00,1.09449,1.09449,1.093885,1.093895,747
2024-01-09T13:45:00+00:00,1.093905,1.094365,1.09374,1.094155,708
2024-01-09T13:50:00+00:00,1.09415,1.094245,1.093615,1.09412,776
2024-01-09T13:55:00+00:00,1.094095,1.094675,1.093935,1.094605,836
2024-01-09T14:00:00+00:00,1.09461,1.094755,1.09425,1.09426,665
2024-01-09T14:05:00+00:00,1.094245,1.094445,1.093805,1.094405,715
2024-01-09T14:10:00+00:00,1.09443,1.094545,1.094065,1.09426,741
2024-01-09T14:15:00+00:00,1.09425,1.09457,1.09399,1.09417,699
2024-01-09T14:20:00+00:00,1.09416,1.094195,1.09392,1.094,568
2024-01-09T14:25:00+00:00,1.093975,1.09455,1.093905,1.094265,425
2024-01-09T14:30:00+00:00,1.09426,1.094965,1.09425,1.09481,944
2024-01-09T14:35:00+00:00,1.09483,1.095135,1.094605,1.094675,924
2024-01-09T14:40:00+00:00,1.09468,1.094725,1.094255,1.094315,622
2024-01-09T14:45:00+00:00,1.0943,1.09467,1.094215,1.094265,689
2024-01-09T14:50:00+00:00,1.09426,1.09452,1.093995,1.09426,645
2024-01-09T14:55:00+00:00,1.094265,1.09456,1.09404,1.094555,889
2024-01-09T15:00:00+00:00,1.09457,1.094675,1.09425,1.094385,605
2024-01-09T15:05:00+00:00,1.094375,1.094395,1.09406,1.09409,772
2024-01-09T15:10:00+00:00,1.09408,1.09438,1.093885,1.09415,538
2024-01-09T15:15:00+00:00,1.094165,1.094485,1.0941,1.094295,612
2024-01-09T15:20:00+00:00,1.09429,1.09429,1.093865,1.09395,507
2024-01-09T15:25:00+00:00,1.093955,1.094045,1.093525,1.09372,690
2024-01-09T15:30:00+00:00,1.093715,1.093725,1.09324,1.0936,729
2024-01-09T15:35:00+00:00,1.093605,1.093735,1.09342,1.09347,722
2024-01-09T15:40:00+00:00,1.093475,1.093485,1.092865,1.092865,752
2024-01-09T15:45:00+00:00,1.092845,1.092895,1.092465,1.092515,841
2024-01-09T15:50:00+00:00,1.09252,1.092615,1.092225,1.09224,921
2024-01-09T15:55:00+00:00,1.09226,1.092445,1.091765,1.09179,933
2024-01-09T16:00:00+00:00,1.09179,1.09207,1.091535,1.09169,954
2024-01-09T16:05:00+00:00,1.09168,1.09168,1.09104,1.091165,682
2024-01-09T16:10:00+00:00,1.09117,1.091715,1.09117,1.091635,734
2024-01-09T16:15:00+00:00,1.091645,1.092065,1.091585,1.091965,643
2024-01-09T16:20:00+00:00,1.09197,1.092655,1.09196,1.09261,455
2024-01-09T16:25:00+00:00,1.09264,1.092825,1.09253,1.092615,378
2024-01-09T16:30:00+00:00,1.09262,1.09281,1.092575,1.09277,455
2024-01-09T16:35:00+00:00,1.09278,1.09298,1.092675,1.092875,347
2024-01-09T16:40:00+00:00,1.09287,1.092885,1.092275,1.09233,442
2024-01-09T16:45:00+00:00,1.092325,1.09299,1.092315,1.092945,384
2024-01-09T16:50:00+00:00,1.092955,1.093335,1.092955,1.093245,336
2024-01-09T16:55:00+00:00,1.09325,1.09352,1.0932,1.09344,383
2024-01-09T17:00:00+00:00,1.09346,1.093515,1.093125,1.09314,488
2024-01-09T17:05:00+00:00,1.09313,1.093505,1.093015,1.093395,455
2024-01-09T17:10:00+00:00,1.093405,1.09364,1.093165,1.09328,437
2024-01-09T17:15:00+00:00,1.0933,1.093435,1.0931,1.09317,305
2024-01-09T17:20:00+00:00,1.09318,1.09333,1.093125,1.09327,279
2024-01-09T17:25:00+00:00,1.093285,1.093905,1.093285,1.093785,277
2024-01-09T17:30:00+00:00,1.093795,1.093925,1.093375,1.093725,291
2024-01-09T17:35:00+00:00,1.09373,1.09373,1.09338,1.09338,538
2024-01-09T17:40:00+00:00,1.093375,1.09379,1.093375,1.09368,372
2024-01-09T17:45:00+00:00,1.093695,1.093845,1.093675,1.09371,300
2024-01-09T17:50:00+00:00,1.09372,1.093755,1.093415,1.09371,435
2024-01-09T17:55:00+00:00,1.093715,1.09372,1.09334,1.093405,258
2024-01-09T18:00:00+00:00,1.09341,1.09401,1.093245,1.093905,471
2024-01-09T18:05:00+00:00,1.093895,1.09398,1.093365,1.09337,501
2024-01-09T18:10:00+00:00,1.093385,1.09379,1.093385,1.093765,456
2024-01-09T18:15:00+00:00,1.093755,1.09391,1.09367,1.09369,348
2024-01-09T18:20:00+00:00,1.093685,1.09372,1.09317,1.093175,458
2024-01-09T18:25:00+00:00,1.09317,1.093175,1.092815,1.092825,371
2024-01-09T18:30:00+00:00,1.09283,1.092855,1.09236,1.092525,325
2024-01-09T18:35:00+00:00,1.092505,1.09283,1.092485,1.092565,365
2024-01-09T18:40:00+00:00,1.092575,1.0926,1.092325,1.09237,287
2024-01-09T18:45:00+00:00,1.09238,1.092545,1.09224,1.09241,282
2024-01-09T18:50:00+00:00,1.092405,1.092675,1.09232,1.09253,294
2024-01-09T18:55:00+00:00,1.09252,1.092565,1.09236,1.09242,262
2024-01-09T19:00:00+00:00,1.09241,1.09268,1.092365,1.09252,213
2024-01-09T19:05:00+00:00,1.092545,1.092875,1.092425,1.092715,277
2024-01-09T19:10:00+00:00,1.09271,1.09272,1.09246,1.092475,339
2024-01-09T19:15:00+00:00,1.09247,1.09247,1.09221,1.09236,262
2024-01-09T19:20:00+00:00,1.09235,1.09248,1.09229,1.09242,323
2024-01-09T19:25:00+00:00,1.0924,1.092425,1.09219,1.09227,341
2024-01-09T19:30:00+00:00,1.092275,1.09236,1.09208,1.092225,184
2024-01-09T19:35:00+00:00,1.092215,1.09232,1.09206,1.09213,207
2024-01-09T19:40:00+00:00,1.09215,1.09219,1.09201,1.09207,217
2024-01-09T19:45:00+00:00,1.092065,1.09217,1.092015,1.092165,224
2024-01-09T19:50:00+00:00,1.092145,1.09232,1.09208,1.09228,190
2024-01-09T19:55:00+00:00,1.092285,1.092535,1.09218,1.09253,323
2024-01-09T20:00:00+00:00,1.092535,1.09285,1.09253,1.09273,286
2024-01-09T20:05:00+00:00,1.092735,1.092825,1.09258,1.092705,367
2024-01-09T20:10:00+00:00,1.09271,1.092975,1.09271,1.0928,415
2024-01-09T20:15:00+00:00,1.09281,1.09283,1.092685,1.09277,252
2024-01-09T20:20:00+00:00,1.092765,1.09297,1.09274,1.09279,382
2024-01-09T20:25:00+00:00,1.092785,1.09285,1.092695,1.092805,356
2024-01-09T20:30:00+00:00,1.09281,1.09295,1.09274,1.092925,386
2024-01-09T20:35:00+00:00,1.092895,1.09296,1.09278,1.092845,236
2024-01-09T20:40:00+00:00,1.09285,1.09288,1.0927,1.09278,344
2024-01-09T20:45:00+00:00,1.09277,1.09277,1.09263,1.092635,229
2024-01-09T20:50:00+00:00,1.09265,1.092755,1.09251,1.09275,293
2024-01-09T20:55:00+00:00,1.092755,1.092865,1.092725,1.0928,286
2024-01-09T21:00:00+00:00,1.09281,1.092985,1.092775,1.09295,198
2024-01-09T21:05:00+00:00,1.092945,1.093,1.09286,1.092915,185
2024-01-09T21:10:00+00:00,1.092925,1.09298,1.092885,1.092935,97
2024-01-09T21:15:00+00:00,1.09293,1.09299,1.09292,1.09298,65
2024-01-09T21:20:00+00:00,1.092975,1.092995,1.09291,1.092985,98
2024-01-09T21:25:00+00:00,1.09298,1.09309,1.092895,1.092995,223
2024-01-09T21:30:00+00:00,1.093,1.093105,1.092985,1.09305,207
2024-01-09T21:35:00+00:00,1.093045,1.093065,1.093025,1.093035,125
2024-01-09T21:40:00+00:00,1.09303,1.093085,1.09303,1.09304,195
2024-01-09T21:45:00+00:00,1.093045,1.0931,1.09303,1.09309,105
2024-01-09T21:50:00+00:00,1.093085,1.093105,1.09308,1.093095,108
2024-01-09T21:55:00+00:00,1.09309,1.09316,1.093085,1.093145,290
2024-01-09T22:00:00+00:00,1.09315,1.09315,1.092865,1.092935,27
2024-01-09T22:05:00+00:00,1.09291,1.09298,1.09281,1.092885,256
2024-01-09T22:10:00+00:00,1.092925,1.092925,1.092875,1.09291,422
2024-01-09T22:15:00+00:00,1.09293,1.09293,1.09288,1.09289,83
2024-01-09T22:20:00+00:00,1.092885,1.092945,1.09285,1.092905,536
2024-01-09T22:25:00+00:00,1.09291,1.092945,1.092785,1.09286,622
2024-01-09T22:30:00+00:00,1.092845,1.092955,1.092845,1.092915,454
2024-01-09T22:35:00+00:00,1.092925,1.09296,1.0929,1.09295,240
2024-01-09T22:40:00+00:00,1.09296,1.092965,1.092915,1.092925,93
2024-01-09T22:45:00+00:00,1.09293,1.09297,1.092915,1.092945,92
2024-01-09T22:50:00+00:00,1.092955,1.092965,1.092905,1.09294,104
2024-01-09T22:55:00+00:00,1.092945,1.09295,1.092885,1.09292,100
2024-01-09T23:00:00+00:00,1.092905,1.09319,1.092875,1.09319,99
2024-01-09T23:05:00+00:00,1.093195,1.093285,1.093195,1.093225,46
2024-01-09T23:10:00+00:00,1.093215,1.093235,1.09313,1.09322,32
2024-01-09T23:15:00+00:00,1.09323,1.093235,1.09317,1.093235,13
2024-01-09T23:20:00+00:00,1.09323,1.093235,1.09319,1.09321,26
2024-01-09T23:25:00+00:00,1.09322,1.09324,1.093195,1.093205,16
2024-01-09T23:30:00+00:00,1.093215,1.093215,1.093105,1.093125,16
2024-01-09T23:35:00+00:00,1.09313,1.09313,1.09299,1.093035,53
2024-01-09T23:40:00+00:00,1.093045,1.09309,1.093045,1.09305,39
2024-01-09T23:45:00+00:00,1.093055,1.093085,1.093045,1.09308,28
2024-01-09T23:50:00+00:00,1.093085,1.09315,1.09304,1.09304,46
2024-01-09T23:55:00+00:00,1.09306,1.09319,1.09306,1.09319,42
2024-01-10T00:00:00+00:00,1.093165,1.09346,1.09316,1.093425,159
2024-01-10T00:05:00+00:00,1.09343,1.09345,1.09339,1.093445,83
2024-01-10T00:10:00+00:00,1.09344,1.09355,1.09342,1.093545,89
2024-01-10T00:15:00+00:00,1.09355,1.093645,1.093455,1.09355,115
2024-01-10T00:20:00+00:00,1.093545,1.093605,1.093525,1.093555,132
2024-01-10T00:25:00+00:00,1.09357,1.09365,1.093535,1.0936,78
2024-01-10T00:30:00+00:00,1.093595,1.0936,1.0934,1.093515,174
2024-01-10T00:35:00+00:00,1.093525,1.093525,1.093185,1.093185,181
2024-01-10T00:40:00+00:00,1.09317,1.09326,1.093035,1.093045,191
2024-01-10T00:45:00+00:00,1.09304,1.093125,1.092925,1.09309,192
2024-01-10T00:50:00+00:00,1.09308,1.093365,1.09305,1.093315,239
2024-01-10T00:55:00+00:00,1.09331,1.093335,1.09306,1.093085,222
2024-01-05T14:00:00+00:00,1.092135,1.09333,1.092135,1.093255,1684
2024-01-05T14:05:00+00:00,1.09326,1.09393,1.09284,1.092865,1624
2024-01-05T14:10:00+00:00,1.092855,1.09338,1.092505,1.0926,1398
2024-01-05T14:15:00+00:00,1.09261,1.094455,1.09251,1.09378,1510
2024-01-05T14:20:00+00:00,1.09379,1.094345,1.09368,1.0938,1214
2024-01-05T14:25:00+00:00,1.093795,1.094865,1.09361,1.09458,1277
2024-01-05T14:30:00+00:00,1.094565,1.09499,1.09447,1.094685,1514
2024-01-05T14:35:00+00:00,1.094715,1.09474,1.094005,1.09402,1251
2024-01-05T14:40:00+00:00,1.094015,1.094485,1.093625,1.09406,1150
2024-01-05T14:45:00+00:00,1.09405,1.095115,1.094035,1.094945,1048
2024-01-05T14:50:00+00:00,1.09494,1.095495,1.094885,1.095035,849
2024-01-05T14:55:00+00:00,1.09504,1.095225,1.09466,1.094945,801
2024-01-10T01:00:00+00:00,1.09308,1.093085,1.09289,1.09293,124
2024-01-10T01:05:00+00:00,1.092935,1.092985,1.092695,1.092775,251
2024-01-10T01:10:00+00:00,1.09278,1.092835,1.09262,1.092745,286
2024-01-10T01:15:00+00:00,1.09275,1.092935,1.092685,1.092825,188
2024-01-10T01:20:00+00:00,1.09281,1.092905,1.092725,1.092785,155
2024-01-10T01:25:00+00:00,1.09277,1.09285,1.092675,1.09285,166
2024-01-10T01:30:00+00:00,1.09284,1.092975,1.09283,1.09292,238
2024-01-10T01:35:00+00:00,1.092915,1.09314,1.092895,1.09314,290
2024-01-10T01:40:00+00:00,1.093135,1.09334,1.093135,1.09316,202
2024-01-10T01:45:00+00:00,1.093175,1.093245,1.092995,1.093215,164
2024-01-10T01:50:00+00:00,1.09322,1.09324,1.093095,1.093135,118
2024-01-10T01:55:00+00:00,1.09316,1.093295,1.09316,1.093235,127
2024-01-10T02:00:00+00:00,1.09324,1.09341,1.09321,1.09323,274
2024-01-10T02:05:00+00:00,1.093235,1.09337,1.093235,1.09324,246
2024-01-10T02:10:00+00:00,1.09323,1.093285,1.0932,1.093235,191
2024-01-10T02:15:00+00:00,1.09323,1.093505,1.09322,1.093485,254
2024-01-10T02:20:00+00:00,1.09349,1.093535,1.09338,1.093385,152
2024-01-10T02:25:00+00:00,1.09339,1.09346,1.093325,1.09333,79
2024-01-10T02:30:00+00:00,1.093325,1.093335,1.093225,1.093275,157
2024-01-10T02:35:00+00:00,1.093265,1.09337,1.093175,1.093305,100
2024-01-10T02:40:00+00:00,1.093285,1.09344,1.09322,1.09344,87
2024-01-10T02:45:00+00:00,1.093445,1.09359,1.09338,1.093575,121
2024-01-10T02:50:00+00:00,1.09357,1.09359,1.093305,1.09331,135
2024-01-10T02:55:00+00:00,1.093265,1.093485,1.09318,1.093385,189
2024-01-10T03:00:00+00:00,1.09339,1.093485,1.09339,1.093455,96
2024-01-10T03:05:00+00:00,1.09345,1.09345,1.09324,1.093275,185
2024-01-10T03:10:00+00:00,1.09328,1.0934,1.093155,1.093335,209
2024-01-10T03:15:00+00:00,1.09333,1.093445,1.093315,1.093405,107
2024-01-10T03:20:00+00:00,1.09341,1.093595,1.093375,1.09338,167
2024-01-10T03:25:00+00:00,1.093375,1.09361,1.09335,1.093465,129
2024-01-10T03:30:00+00:00,1.09347,1.09349,1.09317,1.09322,160
2024-01-10T03:35:00+00:00,1.093245,1.09334,1.09317,1.09333,166
2024-01-10T03:40:00+00:00,1.093325,1.09336,1.09314,1.09318,140
2024-01-10T03:45:00+00:00,1.0932,1.093225,1.093085,1.09319,184
2024-01-10T03:50:00+00:00,1.093175,1.09324,1.09297,1.093015,184
2024-01-10T03:55:00+00:00,1.09301,1.093025,1.09279,1.092935,198
2024-01-10T04:00:00+00:00,1.09293,1.093035,1.092895,1.092995,96
2024-01-10T04:05:00+00:00,1.093005,1.09309,1.09298,1.09302,74
2024-01-10T04:10:00+00:00,1.093025,1.093085,1.09298,1.09308,72
2024-01-10T04:15:00+00:00,1.09309,1.093145,1.093085,1.093145,79
2024-01-10T04:20:00+00:00,1.093135,1.09314,1.093055,1.0931,54
2024-01-10T04:25:00+00:00,1.09309,1.09311,1.093,1.0931,54
2024-01-10T04:30:00+00:00,1.093105,1.093135,1.093015,1.09306,138
2024-01-10T04:35:00+00:00,1.093065,1.093175,1.09306,1.093175,72
2024-01-10T04:40:00+00:00,1.093155,1.093275,1.09314,1.09324,83
2024-01-10T04:45:00+00:00,1.093235,1.0933,1.09322,1.093285,122
2024-01-10T04:50:00+00:00,1.093295,1.0933,1.093095,1.093135,105
2024-01-10T04:55:00+00:00,1.09313,1.093235,1.093095,1.093215,97
2024-01-10T05:00:00+00:00,1.09322,1.09328,1.093155,1.093235,136
2024-01-10T05:05:00+00:00,1.09324,1.093315,1.093125,1.09313,215
2024-01-10T05:10:00+00:00,1.09314,1.09314,1.093055,1.093125,73
2024-01-10T05:15:00+00:00,1.0931,1.09313,1.093075,1.09312,66
2024-01-10T05:20:00+00:00,1.093115,1.093135,1.093085,1.09309,49
2024-01-10T05:25:00+00:00,1.093095,1.093365,1.093075,1.093275,104
2024-01-10T05:30:00+00:00,1.093255,1.09341,1.093255,1.093365,100
2024-01-10T05:35:00+00:00,1.09337,1.093385,1.093285,1.093375,94
2024-01-10T05:40:00+00:00,1.093355,1.09337,1.093225,1.093295,65
2024-01-10T05:45:00+00:00,1.09329,1.09329,1.093075,1.0932,138
2024-01-10T05:50:00+00:00,1.093205,1.09325,1.093095,1.093185,122
2024-01-10T05:55:00+00:00,1.093175,1.093305,1.093155,1.09325,126
2024-01-10T06:00:00+00:00,1.093245,1.093245,1.092995,1.093045,188
2024-01-10T06:05:00+00:00,1.09304,1.093045,1.092835,1.09288,175
2024-01-10T06:10:00+00:00,1.09286,1.092945,1.092775,1.09288,135
2024-01-10T06:15:00+00:00,1.092895,1.0929,1.092705,1.09286,159
2024-01-10T06:20:00+00:00,1.092865,1.093355,1.09284,1.0933,199
2024-01-10T06:25:00+00:00,1.093295,1.0933,1.093065,1.09312,128
2024-01-10T06:30:00+00:00,1.093125,1.093155,1.092905,1.092935,141
2024-01-10T06:35:00+00:00,1.09292,1.09311,1.09285,1.092885,164
2024-01-10T06:40:00+00:00,1.09289,1.0929,1.09274,1.09281,137
2024-01-10T06:45:00+00:00,1.092805,1.092955,1.09263,1.09264,205
2024-01-10T06:50:00+00:00,1.09265,1.09268,1.092455,1.09255,188
2024-01-10T06:55:00+00:00,1.092565,1.092575,1.09237,1.09247,269
2024-01-10T07:00:00+00:00,1.092475,1.0929,1.092475,1.092755,466
2024-01-10T07:05:00+00:00,1.09275,1.09295,1.092665,1.09284,305
2024-01-10T07:10:00+00:00,1.092825,1.09283,1.092465,1.092735,317
2024-01-10T07:15:00+00:00,1.09274,1.093065,1.09257,1.093025,295
2024-01-10T07:20:00+00:00,1.09303,1.093465,1.092865,1.09334,396
2024-01-10T07:25:00+00:00,1.093325,1.09346,1.093125,1.09332,265
2024-01-10T07:30:00+00:00,1.093305,1.09374,1.09321,1.09367,446
2024-01-10T07:35:00+00:00,1.093665,1.093995,1.093665,1.09399,529
2024-01-10T07:40:00+00:00,1.093985,1.094045,1.093865,1.093995,432
2024-01-10T07:45:00+00:00,1.09401,1.094535,1.09401,1.094525,401
2024-01-10T07:50:00+00:00,1.094535,1.094535,1.0937,1.093765,421
2024-01-10T07:55:00+00:00,1.093775,1.09379,1.09259,1.09262,1102
2024-01-10T08:00:00+00:00,1.09263,1.09316,1.09229,1.09294,1042
2024-01-10T08:05:00+00:00,1.092935,1.09339,1.092935,1.09332,646
2024-01-10T08:10:00+00:00,1.09333,1.09333,1.092955,1.09309,354
2024-01-10T08:15:00+00:00,1.09308,1.09344,1.093,1.0934,420
2024-01-10T08:20:00+00:00,1.09339,1.094035,1.09335,1.09388,514
2024-01-10T08:25:00+00:00,1.093875,1.094215,1.09367,1.094095,331
2024-01-10T08:30:00+00:00,1.09409,1.09409,1.09372,1.09374,446
2024-01-10T08:35:00+00:00,1.093745,1.09392,1.09366,1.09392,346
2024-01-10T08:40:00+00:00,1.09394,1.09398,1.09371,1.0939,343
2024-01-10T08:45:00+00:00,1.093905,1.094245,1.09381,1.0941,543
2024-01-10T08:50:00+00:00,1.09411,1.09414,1.093855,1.09401,312
2024-01-10T08:55:00+00:00,1.094015,1.094495,1.09397,1.09435,517
2024-01-10T09:00:00+00:00,1.09434,1.094485,1.09416,1.09421,501
2024-01-10T09:05:00+00:00,1.094215,1.094745,1.09418,1.094535,443
2024-01-10T09:10:00+00:00,1.09453,1.094895,1.094515,1.09479,343
2024-01-10T09:15:00+00:00,1.09481,1.094925,1.09461,1.09481,366
2024-01-10T09:20:00+00:00,1.094815,1.094985,1.09478,1.094945,284
2024-01-10T09:25:00+00:00,1.09496,1.09497,1.094775,1.09479,255
2024-01-10T09:30:00+00:00,1.094785,1.094985,1.094745,1.09494,244
2024-01-10T09:35:00+00:00,1.094935,1.095195,1.09478,1.094905,305
2024-01-10T09:40:00+00:00,1.09491,1.09501,1.09477,1.0948,227
2024-01-10T09:45:00+00:00,1.094795,1.094795,1.094515,1.094625,328
2024-01-10T09:50:00+00:00,1.094605,1.09478,1.0945,1.09471,397
2024-01-10T09:55:00+00:00,1.094705,1.09491,1.0947,1.094725,243
2024-01-10T10:00:00+00:00,1.094715,1.095165,1.094525,1.09513,356
2024-01-10T10:05:00+00:00,1.095135,1.09545,1.09485,1.09486,421
2024-01-10T10:10:00+00:00,1.09487,1.09518,1.094835,1.095125,332
2024-01-10T10:15:00+00:00,1.09512,1.09525,1.095085,1.09516,310
2024-01-10T10:20:00+00:00,1.09518,1.095295,1.09493,1.09524,258
2024-01-10T10:25:00+00:00,1.095245,1.09549,1.095245,1.09532,401
2024-01-10T10:30:00+00:00,1.095335,1.095335,1.09492,1.095145,365
2024-01-10T10:35:00+00:00,1.09515,1.09528,1.095065,1.095085,273
2024-01-10T10:40:00+00:00,1.09507,1.0951,1.094725,1.09482,275
2024-01-10T10:45:00+00:00,1.094825,1.09524,1.09474,1.09521,219
2024-01-10T10:50:00+00:00,1.09518,1.09532,1.09498,1.09515,218
2024-01-10T10:55:00+00:00,1.095155,1.095195,1.094815,1.09493,317
2024-01-10T11:00:00+00:00,1.094965,1.095105,1.094825,1.09502,265
2024-01-10T11:05:00+00:00,1.095015,1.09515,1.09489,1.095075,211
2024-01-10T11:10:00+00:00,1.095085,1.095545,1.09507,1.09537,264
2024-01-10T11:15:00+00:00,1.09535,1.095375,1.09499,1.0951,281
2024-01-10T11:20:00+00:00,1.09512,1.095185,1.09494,1.095005,212
2024-01-10T11:25:00+00:00,1.09501,1.095025,1.09446,1.094475,379
2024-01-10T11:30:00+00:00,1.09447,1.094605,1.094335,1.094365,381
2024-01-10T11:35:00+00:00,1.09436,1.09452,1.094185,1.09422,240
2024-01-10T11:40:00+00:00,1.094215,1.09449,1.094175,1.09448,247
2024-01-10T11:45:00+00:00,1.0945,1.09463,1.09446,1.094545,253
2024-01-10T11:50:00+00:00,1.094565,1.094615,1.094315,1.09453,202
2024-01-10T11:55:00+00:00,1.094535,1.09472,1.094535,1.0946,178
2024-01-10T12:00:00+00:00,1.094605,1.09483,1.09458,1.094805,240
2024-01-10T12:05:00+00:00,1.094795,1.09505,1.09474,1.09474,252
2024-01-10T12:10:00+00:00,1.09472,1.095015,1.094585,1.09489,241
2024-01-10T12:15:00+00:00,1.094915,1.09493,1.094575,1.09462,191
2024-01-10T12:20:00+00:00,1.094625,1.09478,1.094525,1.094735,213
2024-01-10T12:25:00+00:00,1.09475,1.09494,1.09473,1.09488,161
2024-01-10T12:30:00+00:00,1.094885,1.09503,1.09472,1.09478,256
2024-01-10T12:35:00+00:00,1.0948,1.094905,1.094685,1.094685,179
2024-01-10T12:40:00+00:00,1.09468,1.09468,1.09432,1.09448,341
2024-01-10T12:45:00+00:00,1.094485,1.09461,1.0944,1.09446,262
2024-01-10T12:50:00+00:00,1.094475,1.094585,1.094375,1.094435,283
2024-01-10T12:55:00+00:00,1.094425,1.09471,1.09437,1.094395,464
2024-01-10T13:00:00+00:00,1.09439,1.094475,1.094135,1.094465,382
2024-01-10T13:05:00+00:00,1.094445,1.094735,1.09438,1.09453,368
2024-01-10T13:10:00+00:00,1.09455,1.095185,1.09455,1.0951,391
2024-01-10T13:15:00+00:00,1.09511,1.0952,1.0945,1.09457,414
2024-01-10T13:20:00+00:00,1.094565,1.09475,1.094335,1.094415,495
2024-01-10T13:25:00+00:00,1.09443,1.094965,1.094225,1.09463,522
2024-01-10T13:30:00+00:00,1.094635,1.09466,1.09431,1.09455,383
2024-01-10T13:35:00+00:00,1.09454,1.094855,1.094465,1.094785,363
2024-01-10T13:40:00+00:00,1.094825,1.09483,1.09427,1.09427,650
2024-01-10T13:45:00+00:00,1.09428,1.09444,1.094165,1.094295,373
2024-01-10T13:50:00+00:00,1.09431,1.09438,1.09412,1.09428,317
2024-01-10T13:55:00+00:00,1.09429,1.0944,1.094055,1.09406,305
2024-01-10T14:00:00+00:00,1.094055,1.09416,1.09384,1.09387,337
2024-01-10T14:05:00+00:00,1.09386,1.094005,1.09377,1.09398,361
2024-01-10T14:10:00+00:00,1.093985,1.094,1.093735,1.09399,433
2024-01-10T14:15:00+00:00,1.093985,1.093985,1.09354,1.093745,292
2024-01-10T14:20:00+00:00,1.09375,1.093825,1.09361,1.0937,318
2024-01-10T14:25:00+00:00,1.093705,1.09394,1.09369,1.093815,293
2024-01-10T14:30:00+00:00,1.093825,1.094035,1.09369,1.09386,619
2024-01-10T14:35:00+00:00,1.093855,1.09397,1.093715,1.0938,396
2024-01-10T14:40:00+00:00,1.09382,1.093865,1.09333,1.09369,520
2024-01-10T14:45:00+00:00,1.093715,1.09372,1.093275,1.09329,662
2024-01-10T14:50:00+00:00,1.093295,1.09383,1.093215,1.09351,693
2024-01-10T14:55:00+00:00,1.093505,1.094035,1.093215,1.094005,652
2024-01-10T15:00:00+00:00,1.094,1.09425,1.093565,1.093795,625
2024-01-10T15:05:00+00:00,1.09379,1.094385,1.09371,1.094335,688
2024-01-10T15:10:00+00:00,1.094325,1.094685,1.094285,1.094485,490
2024-01-10T15:15:00+00:00,1.09449,1.094825,1.094455,1.094585,576
2024-01-10T15:20:00+00:00,1.09459,1.09488,1.09456,1.094575,402
2024-01-10T15:25:00+00:00,1.09457,1.09482,1.094435,1.094725,531
2024-01-10T15:30:00+00:00,1.09472,1.095785,1.09472,1.09576,785
2024-01-10T15:35:00+00:00,1.09577,1.095995,1.09563,1.095815,528
2024-01-10T15:40:00+00:00,1.09581,1.096555,1.095795,1.09637,665
2024-01-10T15:45:00+00:00,1.096375,1.09678,1.09636,1.09654,596
2024-01-10T15:50:00+00:00,1.09655,1.0969,1.096515,1.096835,541
2024-01-10T15:55:00+00:00,1.09684,1.09691,1.096645,1.09674,591
2024-01-10T16:00:00+00:00,1.09675,1.0969,1.0966,1.09679,583
2024-01-10T16:05:00+00:00,1.096785,1.096905,1.096535,1.09671,391
2024-01-10T16:10:00+00:00,1.096705,1.09671,1.09617,1.096175,464
2024-01-10T16:15:00+00:00,1.096185,1.096245,1.09596,1.09614,408
2024-01-10T16:20:00+00:00,1.096145,1.09637,1.096035,1.096095,399
2024-01-10T16:25:00+00:00,1.09609,1.09613,1.095705,1.095975,395
2024-01-10T16:30:00+00:00,1.095965,1.095965,1.095535,1.095585,376
2024-01-10T16:35:00+00:00,1.09558,1.0956,1.095245,1.095315,328
2024-01-10T16:40:00+00:00,1.09532,1.095625,1.095315,1.09557,301
2024-01-10T16:45:00+00:00,1.095565,1.09585,1.09555,1.095735,361
2024-01-10T16:50:00+00:00,1.09575,1.095785,1.09537,1.09562,324
2024-01-10T16:55:00+00:00,1.09563,1.095975,1.09563,1.095905,366
2024-01-10T17:00:00+00:00,1.09591,1.096115,1.09583,1.0961,328
2024-01-10T17:05:00+00:00,1.096105,1.096345,1.096055,1.096295,293
2024-01-10T17:10:00+00:00,1.09629,1.09647,1.096215,1.0964,202
2024-01-10T17:15:00+00:00,1.096395,1.09654,1.09627,1.09654,250
2024-01-10T17:20:00+00:00,1.096535,1.09663,1.096505,1.09663,258
2024-01-10T17:25:00+00:00,1.096635,1.09668,1.09636,1.09661,227
2024-01-10T17:30:00+00:00,1.096615,1.096755,1.09656,1.096575,241
2024-01-10T17:35:00+00:00,1.09659,1.096805,1.09653,1.096805,211
2024-01-10T17:40:00+00:00,1.09681,1.09681,1.096575,1.096775,342
2024-01-10T17:45:00+00:00,1.09677,1.09678,1.09662,1.096665,182
2024-01-10T17:50:00+00:00,1.09666,1.09671,1.09653,1.096605,210
2024-01-10T17:55:00+00:00,1.0966,1.096735,1.096435,1.09673,259
2024-01-10T18:00:00+00:00,1.096725,1.09687,1.096395,1.09641,412
2024-01-10T18:05:00+00:00,1.096405,1.096445,1.0961,1.09618,402
2024-01-10T18:10:00+00:00,1.096175,1.096485,1.09595,1.09644,339
2024-01-10T18:15:00+00:00,1.096435,1.096805,1.09638,1.09675,235
2024-01-10T18:20:00+00:00,1.096735,1.09679,1.096655,1.09675,92
2024-01-10T18:25:00+00:00,1.09676,1.09695,1.096725,1.096855,252
2024-01-10T18:30:00+00:00,1.09686,1.096895,1.096705,1.096785,197
2024-01-10T18:35:00+00:00,1.09679,1.096805,1.096535,1.09671,189
2024-01-10T18:40:00+00:00,1.096705,1.096865,1.096655,1.096725,186
2024-01-10T18:45:00+00:00,1.096715,1.096785,1.09659,1.09677,206
2024-01-10T18:50:00+00:00,1.096775,1.096945,1.096695,1.09693,181
2024-01-10T18:55:00+00:00,1.096925,1.096985,1.0969,1.096955,219
2024-01-10T19:00:00+00:00,1.09696,1.09708,1.09694,1.09705,308
2024-01-10T19:05:00+00:00,1.09706,1.09707,1.096735,1.09677,169
2024-01-10T19:10:00+00:00,1.096755,1.097015,1.09674,1.0969,169
2024-01-10T19:15:00+00:00,1.096915,1.096975,1.09679,1.096965,172
2024-01-10T19:20:00+00:00,1.09697,1.09697,1.09687,1.09693,149
2024-01-10T19:25:00+00:00,1.096935,1.09703,1.096875,1.09691,133
2024-01-10T19:30:00+00:00,1.096925,1.096995,1.096855,1.096855,135
2024-01-10T19:35:00+00:00,1.09684,1.09687,1.0967,1.096805,166
2024-01-10T19:40:00+00:00,1.09681,1.097045,1.09681,1.09697,250
2024-01-10T19:45:00+00:00,1.096975,1.09699,1.0967,1.09689,154
2024-01-10T19:50:00+00:00,1.096915,1.09709,1.09688,1.09695,199
2024-01-10T19:55:00+00:00,1.096945,1.09705,1.09692,1.09704,249
2024-01-10T20:00:00+00:00,1.097045,1.09713,1.096945,1.097035,216
2024-01-10T20:05:00+00:00,1.09704,1.097285,1.097035,1.09715,144
2024-01-10T20:10:00+00:00,1.09714,1.09715,1.09629,1.09659,298
2024-01-10T20:15:00+00:00,1.096585,1.097285,1.096185,1.097,941
2024-01-10T20:20:00+00:00,1.09701,1.097035,1.09636,1.096415,671
2024-01-10T20:25:00+00:00,1.096425,1.09652,1.09631,1.09635,511
2024-01-10T20:30:00+00:00,1.096345,1.096605,1.09623,1.09654,399
2024-01-10T20:35:00+00:00,1.09653,1.096615,1.096325,1.096445,349
2024-01-10T20:40:00+00:00,1.09647,1.096515,1.09616,1.09634,429
2024-01-10T20:45:00+00:00,1.09632,1.09653,1.096205,1.096295,384
2024-01-10T20:50:00+00:00,1.09628,1.09653,1.09621,1.09652,301
2024-01-10T20:55:00+00:00,1.09651,1.096595,1.096405,1.096555,321
2024-01-05T13:00:00+00:00,1.091775,1.09199,1.0916,1.091855,518
2024-01-05T13:05:00+00:00,1.09187,1.09219,1.091755,1.092115,584
2024-01-05T13:10:00+00:00,1.09211,1.09219,1.091765,1.09219,488
2024-01-05T13:15:00+00:00,1.09222,1.09239,1.091925,1.092225,521
2024-01-05T13:20:00+00:00,1.09221,1.09279,1.09217,1.09234,602
2024-01-05T13:25:00+00:00,1.092345,1.09246,1.091935,1.092015,793
2024-01-05T13:30:00+00:00,1.09201,1.09201,1.087695,1.08978,2704
2024-01-05T13:35:00+00:00,1.089785,1.090375,1.08901,1.08999,2346
2024-01-05T13:40:00+00:00,1.089975,1.091965,1.08944,1.09174,2107
2024-01-05T13:45:00+00:00,1.09173,1.09173,1.09053,1.09149,1760
2024-01-05T13:50:00+00:00,1.091495,1.092495,1.09118,1.092465,1960
2024-01-05T13:55:00+00:00,1.09247,1.092525,1.09131,1.092115,1813
2024-01-10T21:00:00+00:00,1.096545,1.096735,1.09649,1.096665,279
2024-01-10T21:05:00+00:00,1.09667,1.09679,1.096575,1.09678,189
2024-01-10T21:10:00+00:00,1.096775,1.096865,1.09675,1.09685,89
2024-01-10T21:15:00+00:00,1.096855,1.09697,1.09684,1.096885,144
2024-01-10T21:20:00+00:00,1.09689,1.09701,1.09686,1.09701,145
2024-01-10T21:25:00+00:00,1.097005,1.09701,1.09693,1.09697,207
2024-01-10T21:30:00+00:00,1.09697,1.09707,1.09695,1.09706,182
2024-01-10T21:35:00+00:00,1.097065,1.09719,1.097025,1.097165,92
2024-01-10T21:40:00+00:00,1.097175,1.097215,1.097085,1.09721,82
2024-01-10T21:45:00+00:00,1.09718,1.097195,1.097135,1.097165,157
2024-01-10T21:50:00+00:00,1.09717,1.09722,1.09714,1.097205,201
2024-01-10T21:55:00+00:00,1.097215,1.097315,1.097215,1.097275,321
2024-01-10T22:00:00+00:00,1.09729,1.09729,1.097165,1.09721,21
2024-01-10T22:05:00+00:00,1.09722,1.097265,1.097115,1.097165,94
2024-01-10T22:10:00+00:00,1.09717,1.09727,1.09704,1.09704,254
2024-01-10T22:15:00+00:00,1.097025,1.09716,1.09702,1.09712,1342
2024-01-10T22:20:00+00:00,1.097125,1.097195,1.097065,1.09714,267
2024-01-10T22:25:00+00:00,1.097095,1.097215,1.09709,1.097175,504
2024-01-10T22:30:00+00:00,1.097185,1.097215,1.097065,1.097115,84
2024-01-10T22:35:00+00:00,1.09713,1.09713,1.097115,1.09713,158
2024-01-10T22:40:00+00:00,1.09712,1.09713,1.097115,1.097125,57
2024-01-10T22:45:00+00:00,1.09712,1.097135,1.097115,1.09712,28
2024-01-10T22:50:00+00:00,1.097125,1.097205,1.09712,1.0972,53
2024-01-10T22:55:00+00:00,1.09719,1.097305,1.097185,1.097275,44
2024-01-10T23:00:00+00:00,1.09727,1.097315,1.097115,1.097145,173
2024-01-10T23:05:00+00:00,1.097145,1.09728,1.097145,1.09728,88
2024-01-10T23:10:00+00:00,1.097285,1.097315,1.09727,1.097295,54
2024-01-10T23:15:00+00:00,1.09728,1.097315,1.097275,1.097285,16
2024-01-10T23:20:00+00:00,1.097275,1.097285,1.097175,1.0972,47
2024-01-10T23:25:00+00:00,1.09722,1.09735,1.09722,1.097285,77
2024-01-10T23:30:00+00:00,1.097295,1.09732,1.09727,1.097285,69
2024-01-10T23:35:00+00:00,1.09729,1.097375,1.09728,1.09732,41
2024-01-10T23:40:00+00:00,1.097325,1.097355,1.097285,1.09733,35
2024-01-10T23:45:00+00:00,1.09732,1.09744,1.097315,1.09739,32
2024-01-10T23:50:00+00:00,1.097365,1.097435,1.097345,1.09743,55
2024-01-10T23:55:00+00:00,1.097425,1.09749,1.097415,1.097415,70
2024-01-11T01:00:00+00:00,1.097795,1.09795,1.09771,1.09772,357
2024-01-11T01:05:00+00:00,1.097705,1.09782,1.09767,1.09775,353
2024-01-11T01:10:00+00:00,1.09774,1.097815,1.097715,1.097795,369
2024-01-11T01:15:00+00:00,1.0978,1.097865,1.097665,1.097725,447
2024-01-11T01:20:00+00:00,1.09772,1.097805,1.09757,1.097655,375
2024-01-11T01:25:00+00:00,1.09766,1.097745,1.09763,1.097715,272
2024-01-11T01:30:00+00:00,1.09771,1.097715,1.09753,1.09762,338
2024-01-11T01:35:00+00:00,1.097625,1.09773,1.09751,1.09757,373
2024-01-11T01:40:00+00:00,1.097575,1.097685,1.09757,1.097575,234
2024-01-11T01:45:00+00:00,1.09759,1.09786,1.09759,1.097805,142
2024-01-11T01:50:00+00:00,1.097825,1.098025,1.09779,1.097925,149
2024-01-11T01:55:00+00:00,1.097915,1.09793,1.097865,1.09789,156
2024-01-11T00:00:00+00:00,1.097435,1.097535,1.097405,1.097525,78
2024-01-11T00:05:00+00:00,1.09752,1.09753,1.097315,1.097355,69
2024-01-11T00:10:00+00:00,1.09736,1.097405,1.09734,1.097365,40
2024-01-11T00:15:00+00:00,1.09737,1.097615,1.09737,1.09748,227
2024-01-11T00:20:00+00:00,1.097485,1.097555,1.09741,1.09748,305
2024-01-11T00:25:00+00:00,1.09747,1.097625,1.097455,1.097565,172
2024-01-11T00:30:00+00:00,1.09757,1.09767,1.09753,1.09764,198
2024-01-11T00:35:00+00:00,1.097645,1.09766,1.0976,1.097615,183
2024-01-11T00:40:00+00:00,1.09762,1.097695,1.097505,1.097665,238
2024-01-11T00:45:00+00:00,1.09767,1.09779,1.09766,1.09773,304
2024-01-11T00:50:00+00:00,1.097725,1.09776,1.097595,1.09762,428
2024-01-11T00:55:00+00:00,1.097615,1.097885,1.097615,1.09779,371
2024-01-11T02:00:00+00:00,1.097895,1.09797,1.097825,1.09792,145
2024-01-11T02:05:00+00:00,1.097925,1.097935,1.097775,1.09781,118
2024-01-11T02:10:00+00:00,1.097815,1.098065,1.097775,1.098025,131
2024-01-11T02:15:00+00:00,1.09803,1.09849,1.09803,1.098405,406
2024-01-11T02:20:00+00:00,1.098415,1.09848,1.09808,1.098185,309
2024-01-11T02:25:00+00:00,1.09818,1.09818,1.09802,1.098025,194
2024-01-11T02:30:00+00:00,1.09803,1.0981,1.097885,1.09797,174
2024-01-11T02:35:00+00:00,1.097955,1.09797,1.097865,1.097875,132
2024-01-11T02:40:00+00:00,1.09786,1.097895,1.097715,1.09785,217
2024-01-11T02:45:00+00:00,1.097845,1.09786,1.097725,1.097805,146
2024-01-11T02:50:00+00:00,1.097815,1.098,1.09778,1.09778,157
2024-01-11T02:55:00+00:00,1.097785,1.09783,1.09774,1.097825,153
2024-01-11T03:00:00+00:00,1.09782,1.097925,1.097805,1.097905,127
2024-01-11T03:05:00+00:00,1.09789,1.09791,1.097735,1.09782,101
2024-01-11T03:10:00+00:00,1.097815,1.09788,1.09778,1.09782,99
2024-01-11T03:15:00+00:00,1.09783,1.09797,1.097825,1.097965,72
2024-01-11T03:20:00+00:00,1.09796,1.097975,1.097895,1.09791,98
2024-01-11T03:25:00+00:00,1.097905,1.097945,1.09783,1.097875,126
2024-01-11T03:30:00+00:00,1.09788,1.09809,1.097825,1.09806,136
2024-01-11T03:35:00+00:00,1.098045,1.09807,1.09797,1.09799,103
2024-01-11T03:40:00+00:00,1.097985,1.098065,1.097905,1.09791,69
2024-01-11T03:45:00+00:00,1.097895,1.097905,1.09784,1.097905,97
2024-01-11T03:50:00+00:00,1.097925,1.09801,1.097885,1.097945,115
2024-01-11T03:55:00+00:00,1.09793,1.09813,1.09789,1.09804,131
2024-01-11T04:00:00+00:00,1.098035,1.09828,1.098035,1.09828,101
2024-01-11T04:05:00+00:00,1.09826,1.09829,1.098185,1.098185,101
2024-01-11T04:10:00+00:00,1.098155,1.098165,1.098025,1.098125,121
2024-01-11T04:15:00+00:00,1.09813,1.098145,1.09794,1.09794,82
2024-01-11T04:20:00+00:00,1.097945,1.098115,1.097935,1.098115,142
2024-01-11T04:25:00+00:00,1.098105,1.098105,1.097945,1.097985,85
2024-01-11T04:30:00+00:00,1.097965,1.09801,1.097925,1.09799,72
2024-01-11T04:35:00+00:00,1.097995,1.098,1.0978,1.09782,158
2024-01-11T04:40:00+00:00,1.097825,1.09794,1.097765,1.09788,126
2024-01-11T04:45:00+00:00,1.097875,1.09795,1.097865,1.09792,80
2024-01-11T04:50:00+00:00,1.097935,1.098,1.097895,1.09799,138
2024-01-11T04:55:00+00:00,1.097995,1.097995,1.097775,1.097785,122
2024-01-11T06:00:00+00:00,1.09785,1.097865,1.09746,1.097585,152
2024-01-11T06:05:00+00:00,1.09759,1.09798,1.097585,1.097975,77
2024-01-11T06:10:00+00:00,1.09796,1.098015,1.097895,1.097925,90
2024-01-11T06:15:00+00:00,1.097915,1.09801,1.09783,1.097985,71
2024-01-11T06:20:00+00:00,1.09799,1.09828,1.097985,1.09822,146
2024-01-11T06:25:00+00:00,1.09823,1.09844,1.09823,1.09838,272
2024-01-11T06:30:00+00:00,1.098375,1.0987,1.098315,1.098545,273
2024-01-11T06:35:00+00:00,1.09856,1.09874,1.09847,1.09849,157
2024-01-11T06:40:00+00:00,1.098485,1.098865,1.098485,1.09862,199
2024-01-11T06:45:00+00:00,1.09861,1.098645,1.09846,1.098485,119
2024-01-11T06:50:00+00:00,1.09848,1.09861,1.098415,1.098435,123
2024-01-11T06:55:00+00:00,1.09843,1.098625,1.09836,1.098585,132
2024-01-11T05:00:00+00:00,1.097765,1.09782,1.09758,1.097725,110
2024-01-11T05:05:00+00:00,1.09773,1.09794,1.097715,1.097935,119
2024-01-11T05:10:00+00:00,1.09794,1.098145,1.097915,1.09813,230
2024-01-11T05:15:00+00:00,1.09814,1.098145,1.098025,1.09804,171
2024-01-11T05:20:00+00:00,1.098055,1.098075,1.09793,1.09796,144
2024-01-11T05:25:00+00:00,1.097955,1.09802,1.097835,1.09797,243
2024-01-11T05:30:00+00:00,1.09796,1.098005,1.097835,1.097875,170
2024-01-11T05:35:00+00:00,1.097905,1.097965,1.097855,1.09788,79
2024-01-11T05:40:00+00:00,1.097885,1.09799,1.097865,1.09793,116
2024-01-11T05:45:00+00:00,1.097925,1.09805,1.097915,1.097935,106
2024-01-11T05:50:00+00:00,1.09794,1.098045,1.09791,1.09798,147
2024-01-11T05:55:00+00:00,1.097985,1.09802,1.097815,1.097845,164
2024-01-11T07:00:00+00:00,1.09859,1.09868,1.098405,1.09849,266
2024-01-11T07:05:00+00:00,1.0985,1.098675,1.098375,1.09859,251
2024-01-11T07:10:00+00:00,1.09858,1.098685,1.098515,1.098525,246
2024-01-11T07:15:00+00:00,1.09851,1.09861,1.09835,1.09837,213
2024-01-11T07:20:00+00:00,1.098375,1.098535,1.098325,1.098335,140
2024-01-11T07:25:00+00:00,1.09833,1.09844,1.09825,1.09828,165
2024-01-11T07:30:00+00:00,1.09827,1.09829,1.098,1.09823,273
2024-01-11T07:35:00+00:00,1.098225,1.09825,1.098035,1.09819,204
2024-01-11T07:40:00+00:00,1.09817,1.098305,1.097905,1.09796,270
2024-01-11T07:45:00+00:00,1.097955,1.09821,1.09782,1.09782,281
2024-01-11T07:50:00+00:00,1.097825,1.097945,1.09774,1.097875,346
2024-01-11T07:55:00+00:00,1.09787,1.09796,1.09775,1.09789,276
2024-01-11T08:00:00+00:00,1.097905,1.09797,1.0973,1.097365,535
2024-01-11T08:05:00+00:00,1.097345,1.09759,1.09718,1.097565,398
2024-01-11T08:10:00+00:00,1.09757,1.09784,1.09754,1.09756,365
2024-01-11T08:15:00+00:00,1.097565,1.09781,1.09747,1.097705,449
2024-01-11T08:20:00+00:00,1.09771,1.09806,1.09758,1.097915,504
2024-01-11T08:25:00+00:00,1.09792,1.09805,1.097815,1.09804,388
2024-01-11T08:30:00+00:00,1.098035,1.098145,1.097665,1.09776,351
2024-01-11T08:35:00+00:00,1.09774,1.09796,1.097735,1.09785,249
2024-01-11T08:40:00+00:00,1.097845,1.09793,1.097455,1.09754,383
2024-01-11T08:45:00+00:00,1.097525,1.09757,1.097215,1.097315,413
2024-01-11T08:50:00+00:00,1.09734,1.09746,1.097285,1.09731,256
2024-01-11T08:55:00+00:00,1.097315,1.097545,1.097255,1.09752,350
2024-01-11T09:00:00+00:00,1.09751,1.09753,1.097165,1.09723,502
2024-01-11T09:05:00+00:00,1.097225,1.097225,1.096885,1.096935,297
2024-01-11T09:10:00+00:00,1.096925,1.096955,1.096665,1.096815,401
2024-01-11T09:15:00+00:00,1.096825,1.096825,1.096565,1.096595,302
2024-01-11T09:20:00+00:00,1.096585,1.09689,1.09657,1.096875,265
2024-01-11T09:25:00+00:00,1.096885,1.096885,1.09674,1.09678,248
2024-01-11T09:30:00+00:00,1.096775,1.09678,1.095995,1.096465,538
2024-01-11T09:35:00+00:00,1.09646,1.09647,1.09615,1.096185,379
2024-01-11T09:40:00+00:00,1.096195,1.096195,1.095895,1.095955,382
2024-01-11T09:45:00+00:00,1.09595,1.09627,1.09594,1.09622,294
2024-01-11T09:50:00+00:00,1.09623,1.096545,1.096135,1.09646,293
2024-01-11T09:55:00+00:00,1.09647,1.09659,1.09628,1.096385,273
2024-01-11T10:00:00+00:00,1.09639,1.09648,1.09616,1.09619,434
2024-01-11T10:05:00+00:00,1.09619,1.0963,1.095865,1.096225,397
2024-01-11T10:10:00+00:00,1.09621,1.09636,1.096055,1.096345,339
2024-01-11T10:15:00+00:00,1.09633,1.096645,1.096325,1.09662,432
2024-01-11T10:20:00+00:00,1.096625,1.096735,1.09653,1.09662,289
2024-01-11T10:25:00+00:00,1.096615,1.0968,1.096515,1.09655,302
2024-01-11T10:30:00+00:00,1.096545,1.096635,1.09645,1.09662,285
2024-01-11T10:35:00+00:00,1.096625,1.09685,1.096455,1.09659,359
2024-01-11T10:40:00+00:00,1.09658,1.09672,1.09646,1.09662,296
2024-01-11T10:45:00+00:00,1.096615,1.096705,1.096375,1.09641,264
2024-01-11T10:50:00+00:00,1.09642,1.09657,1.09639,1.09641,261
2024-01-11T10:55:00+00:00,1.0964,1.096985,1.096275,1.096905,385
2024-01-11T11:00:00+00:00,1.0969,1.097385,1.096765,1.097275,630
2024-01-11T11:05:00+00:00,1.09727,1.09777,1.097245,1.09762,520
2024-01-11T11:10:00+00:00,1.097615,1.097775,1.09754,1.097715,290
2024-01-11T11:15:00+00:00,1.097695,1.09825,1.09759,1.098185,456
2024-01-11T11:20:00+00:00,1.09819,1.098245,1.098025,1.098105,295
2024-01-11T11:25:00+00:00,1.09811,1.09818,1.097965,1.09807,267
2024-01-11T11:30:00+00:00,1.098095,1.09817,1.0979,1.098035,257
2024-01-11T11:35:00+00:00,1.09804,1.09814,1.09774,1.09786,302
2024-01-11T11:40:00+00:00,1.097865,1.09803,1.09781,1.09792,227
2024-01-11T11:45:00+00:00,1.09793,1.098055,1.09773,1.0978,206
2024-01-11T11:50:00+00:00,1.097805,1.098055,1.09779,1.09798,266
2024-01-11T11:55:00+00:00,1.097985,1.09803,1.09773,1.097865,314
2024-01-11T12:00:00+00:00,1.09787,1.097995,1.097655,1.09768,350
2024-01-11T12:05:00+00:00,1.097685,1.097945,1.09763,1.097865,187
2024-01-11T12:10:00+00:00,1.097855,1.098085,1.09785,1.09807,182
2024-01-11T12:15:00+00:00,1.09805,1.09805,1.09764,1.09765,246
2024-01-11T12:20:00+00:00,1.097675,1.097875,1.097635,1.09776,309
2024-01-11T12:25:00+00:00,1.097765,1.09789,1.097735,1.097825,205
2024-01-11T12:30:00+00:00,1.09783,1.09829,1.09782,1.09812,326
2024-01-11T12:35:00+00:00,1.09813,1.098405,1.09803,1.09831,296
2024-01-11T12:40:00+00:00,1.098305,1.09849,1.098185,1.098465,291
2024-01-11T12:45:00+00:00,1.09846,1.098885,1.098425,1.098825,346
2024-01-11T12:50:00+00:00,1.09885,1.099055,1.09876,1.09897,276
2024-01-11T12:55:00+00:00,1.098945,1.098985,1.09832,1.09838,415
2024-01-11T13:00:00+00:00,1.098395,1.098645,1.09835,1.098425,553
2024-01-11T13:05:00+00:00,1.09843,1.09875,1.098405,1.098695,355
2024-01-11T13:10:00+00:00,1.09869,1.0988,1.09829,1.09858,441
2024-01-11T13:15:00+00:00,1.098585,1.098735,1.098515,1.098645,461
2024-01-11T13:20:00+00:00,1.09864,1.099005,1.0986,1.09869,643
2024-01-11T13:25:00+00:00,1.09872,1.099095,1.098655,1.098805,684
2024-01-11T13:30:00+00:00,1.09878,1.10001,1.09402,1.096585,2894
2024-01-11T13:35:00+00:00,1.0966,1.09821,1.095975,1.09646,2742
2024-01-11T13:40:00+00:00,1.096465,1.09671,1.095125,1.09527,2305
2024-01-11T13:45:00+00:00,1.09527,1.096565,1.0945,1.09488,1966
2024-01-11T13:50:00+00:00,1.09489,1.09503,1.093565,1.09375,1778
2024-01-11T13:55:00+00:00,1.093745,1.09449,1.093685,1.09395,1668
2024-01-11T14:00:00+00:00,1.093975,1.094065,1.09331,1.093455,1452
2024-01-11T14:05:00+00:00,1.09345,1.094095,1.093155,1.093875,1252
2024-01-11T14:10:00+00:00,1.09386,1.09486,1.0938,1.094805,1262
2024-01-11T14:15:00+00:00,1.0948,1.09555,1.094715,1.095135,1202
2024-01-11T14:20:00+00:00,1.09513,1.095595,1.0944,1.09546,1093
2024-01-11T14:25:00+00:00,1.095465,1.09641,1.0954,1.095775,1347
2024-01-11T14:30:00+00:00,1.09578,1.096495,1.095565,1.096475,1675
2024-01-11T14:35:00+00:00,1.09648,1.097385,1.095755,1.09602,1899
2024-01-11T14:40:00+00:00,1.096025,1.09642,1.09482,1.09529,1615
2024-01-11T14:45:00+00:00,1.095295,1.0954,1.09459,1.09492,1463
2024-01-11T14:50:00+00:00,1.09494,1.095195,1.094535,1.09504,1262
2024-01-11T14:55:00+00:00,1.095045,1.09559,1.09502,1.095425,1260
2024-01-11T15:00:00+00:00,1.09543,1.09543,1.093995,1.094035,1287
2024-01-11T15:05:00+00:00,1.09405,1.09433,1.093515,1.093625,1343
2024-01-11T15:10:00+00:00,1.09362,1.09386,1.093035,1.09309,1202
2024-01-11T15:15:00+00:00,1.093095,1.094355,1.093075,1.094355,1140
2024-01-11T15:20:00+00:00,1.09435,1.095055,1.094305,1.094545,1191
2024-01-11T15:25:00+00:00,1.094535,1.095075,1.094095,1.09475,1145
2024-01-11T15:30:00+00:00,1.094755,1.09567,1.09474,1.094885,1242
2024-01-11T15:35:00+00:00,1.09489,1.09586,1.094805,1.095695,1237
2024-01-11T15:40:00+00:00,1.09566,1.096295,1.095425,1.096225,1185
2024-01-11T15:45:00+00:00,1.096235,1.09625,1.095295,1.095425,1286
2024-01-11T15:50:00+00:00,1.09543,1.095465,1.094385,1.0944,1288
2024-01-11T15:55:00+00:00,1.094415,1.094845,1.094185,1.094645,1024
2024-01-11T16:00:00+00:00,1.094665,1.094975,1.09443,1.09497,1159
2024-01-11T16:05:00+00:00,1.094965,1.095125,1.09443,1.0945,890
2024-01-11T16:10:00+00:00,1.094495,1.09492,1.094415,1.09455,800
2024-01-11T16:15:00+00:00,1.094545,1.095235,1.09436,1.095045,908
2024-01-11T16:20:00+00:00,1.095015,1.095435,1.09481,1.094935,842
2024-01-11T16:25:00+00:00,1.09493,1.095,1.094465,1.094755,872
2024-01-11T16:30:00+00:00,1.094745,1.094795,1.094235,1.09434,703
2024-01-11T16:35:00+00:00,1.094335,1.094695,1.094085,1.09412,722
2024-01-11T16:40:00+00:00,1.09411,1.094715,1.094,1.09436,824
2024-01-11T16:45:00+00:00,1.09438,1.09556,1.09425,1.09549,845
2024-01-11T16:50:00+00:00,1.095495,1.09574,1.093985,1.094115,1282
2024-01-11T16:55:00+00:00,1.094135,1.09426,1.09367,1.094245,883
2024-01-11T17:00:00+00:00,1.09424,1.095075,1.094235,1.09486,866
2024-01-11T17:05:00+00:00,1.094875,1.09512,1.09445,1.0946,629
2024-01-11T17:10:00+00:00,1.09461,1.095245,1.09449,1.09519,746
2024-01-11T17:15:00+00:00,1.095195,1.095345,1.094715,1.094785,628
2024-01-11T17:20:00+00:00,1.094775,1.09509,1.09458,1.094925,788
2024-01-11T17:25:00+00:00,1.09492,1.09507,1.094445,1.094595,598
2024-01-11T17:30:00+00:00,1.09459,1.094765,1.094245,1.094425,595
2024-01-11T17:35:00+00:00,1.094405,1.09445,1.094155,1.09435,493
2024-01-11T17:40:00+00:00,1.094355,1.095065,1.094265,1.095015,677
2024-01-11T17:45:00+00:00,1.095025,1.095225,1.094875,1.095005,443
2024-01-11T17:50:00+00:00,1.095035,1.095455,1.09498,1.095395,289
2024-01-11T17:55:00+00:00,1.09539,1.09539,1.09498,1.09509,324
2024-01-11T18:00:00+00:00,1.09509,1.095605,1.09499,1.09542,702
2024-01-11T18:05:00+00:00,1.09543,1.095805,1.09527,1.095545,801
2024-01-11T18:10:00+00:00,1.095535,1.095905,1.095465,1.095735,468
2024-01-11T18:15:00+00:00,1.09573,1.09593,1.09557,1.095855,437
2024-01-11T18:20:00+00:00,1.09585,1.095975,1.095695,1.095875,463
2024-01-11T18:25:00+00:00,1.09585,1.096055,1.09572,1.09572,270
2024-01-11T18:30:00+00:00,1.095725,1.09591,1.095465,1.09552,368
2024-01-11T18:35:00+00:00,1.095545,1.09577,1.09545,1.09563,373
2024-01-11T18:40:00+00:00,1.095635,1.095845,1.095625,1.09571,220
2024-01-11T18:45:00+00:00,1.095715,1.095985,1.095635,1.095855,346
2024-01-11T18:50:00+00:00,1.095865,1.0963,1.095815,1.09614,371
2024-01-11T18:55:00+00:00,1.096135,1.096615,1.096135,1.096485,446
2024-01-11T19:00:00+00:00,1.09649,1.09709,1.09649,1.096925,585
2024-01-11T19:05:00+00:00,1.096935,1.097105,1.096795,1.09692,455
2024-01-11T19:10:00+00:00,1.09693,1.0975,1.09693,1.097435,435
2024-01-11T19:15:00+00:00,1.09744,1.097485,1.097095,1.097095,355
2024-01-11T19:20:00+00:00,1.097095,1.09731,1.09689,1.097125,517
2024-01-11T19:25:00+00:00,1.09713,1.09807,1.097125,1.09787,647
2024-01-11T19:30:00+00:00,1.097885,1.09795,1.09747,1.097675,571
2024-01-11T19:35:00+00:00,1.09767,1.097905,1.09759,1.09787,413
2024-01-11T19:40:00+00:00,1.09789,1.09819,1.09776,1.097905,375
2024-01-11T19:45:00+00:00,1.09791,1.09819,1.09789,1.09816,295
2024-01-11T19:50:00+00:00,1.098165,1.09819,1.09789,1.098155,427
2024-01-11T19:55:00+00:00,1.09815,1.098305,1.098145,1.098205,467
2024-01-11T20:00:00+00:00,1.09821,1.09826,1.09749,1.09761,554
2024-01-11T20:05:00+00:00,1.097625,1.097665,1.09683,1.09694,452
2024-01-11T20:10:00+00:00,1.096935,1.096995,1.09653,1.096585,620
2024-01-11T20:15:00+00:00,1.09658,1.096655,1.095625,1.096015,678
2024-01-11T20:20:00+00:00,1.09603,1.0963,1.09601,1.096165,595
2024-01-11T20:25:00+00:00,1.096155,1.096255,1.095965,1.09607,547
2024-01-11T20:30:00+00:00,1.096075,1.096255,1.096,1.096225,513
2024-01-11T20:35:00+00:00,1.09622,1.09623,1.09582,1.096155,481
2024-01-11T20:40:00+00:00,1.096145,1.09652,1.096105,1.09648,551
2024-01-11T20:45:00+00:00,1.096485,1.097145,1.096305,1.09705,459
2024-01-11T20:50:00+00:00,1.097025,1.09728,1.096805,1.09719,517
2024-01-11T20:55:00+00:00,1.097185,1.09724,1.096895,1.097145,413
2024-01-11T21:00:00+00:00,1.097155,1.0974,1.097105,1.097395,215
2024-01-11T21:05:00+00:00,1.0974,1.0974,1.09708,1.097135,301
2024-01-11T21:10:00+00:00,1.09713,1.097165,1.09704,1.097145,188
2024-01-11T21:15:00+00:00,1.09715,1.09722,1.09705,1.09721,266
2024-01-11T21:20:00+00:00,1.097215,1.097215,1.097035,1.09713,260
2024-01-11T21:25:00+00:00,1.097125,1.09735,1.0971,1.09723,298
2024-01-11T21:30:00+00:00,1.097225,1.097345,1.09719,1.09727,282
2024-01-11T21:35:00+00:00,1.097285,1.09745,1.097285,1.097415,206
2024-01-11T21:40:00+00:00,1.097425,1.097525,1.097335,1.09747,315
2024-01-11T21:45:00+00:00,1.09748,1.09749,1.097245,1.09727,111
2024-01-11T21:50:00+00:00,1.097275,1.0973,1.097185,1.097285,188
2024-01-11T21:55:00+00:00,1.097295,1.09735,1.097215,1.097215,488
2024-01-11T22:00:00+00:00,1.097215,1.097255,1.09683,1.0972,14
2024-01-11T22:05:00+00:00,1.09715,1.09746,1.09711,1.09741,41
2024-01-11T22:10:00+00:00,1.097405,1.09742,1.09728,1.09728,58
2024-01-11T22:15:00+00:00,1.097355,1.09742,1.09725,1.097365,109
2024-01-11T22:20:00+00:00,1.09736,1.09739,1.097325,1.097375,52
2024-01-11T22:25:00+00:00,1.09737,1.097425,1.09735,1.097385,122
2024-01-11T22:30:00+00:00,1.097405,1.09746,1.097365,1.0974,243
2024-01-11T22:35:00+00:00,1.0974,1.097435,1.09738,1.097405,294
2024-01-11T22:40:00+00:00,1.09742,1.09743,1.097385,1.097395,266
2024-01-11T22:45:00+00:00,1.097405,1.09741,1.097335,1.097335,192
2024-01-11T22:50:00+00:00,1.097355,1.09737,1.097325,1.09735,152
2024-01-11T22:55:00+00:00,1.097355,1.09737,1.097245,1.097285,156
2024-01-11T23:00:00+00:00,1.097295,1.097295,1.097075,1.09727,148
2024-01-11T23:05:00+00:00,1.097265,1.097405,1.09723,1.09732,79
2024-01-11T23:10:00+00:00,1.097325,1.09755,1.09731,1.09753,72
2024-01-11T23:15:00+00:00,1.097515,1.097625,1.09745,1.097625,76
2024-01-11T23:20:00+00:00,1.097615,1.09767,1.097475,1.097605,91
2024-01-11T23:25:00+00:00,1.097595,1.09768,1.097545,1.09758,87
2024-01-11T23:30:00+00:00,1.097575,1.0978,1.09756,1.09778,107
2024-01-11T23:35:00+00:00,1.09776,1.09791,1.097755,1.097855,168
2024-01-11T23:40:00+00:00,1.09786,1.0981,1.09786,1.098075,137
2024-01-11T23:45:00+00:00,1.09807,1.098215,1.097995,1.098195,145
2024-01-11T23:50:00+00:00,1.09819,1.098235,1.09797,1.09801,71
2024-01-11T23:55:00+00:00,1.097995,1.09827,1.097995,1.098255,58
2024-01-12T00:00:00+00:00,1.098245,1.098475,1.098245,1.09833,134
2024-01-12T00:05:00+00:00,1.098325,1.09844,1.098325,1.0984,139
2024-01-12T00:10:00+00:00,1.09839,1.09839,1.098065,1.098075,212
2024-01-12T00:15:00+00:00,1.09808,1.09814,1.097915,1.098135,138
2024-01-12T00:20:00+00:00,1.09814,1.09814,1.09794,1.098,215
2024-01-12T00:25:00+00:00,1.09802,1.098075,1.097925,1.097945,166
2024-01-12T00:30:00+00:00,1.09794,1.097945,1.097765,1.09779,309
2024-01-12T00:35:00+00:00,1.097785,1.097865,1.09765,1.097655,255
2024-01-12T00:40:00+00:00,1.09764,1.097655,1.097425,1.097555,228
2024-01-12T00:45:00+00:00,1.09756,1.0978,1.097505,1.09768,193
2024-01-12T00:50:00+00:00,1.09771,1.09795,1.09763,1.09789,186
2024-01-12T00:55:00+00:00,1.0979,1.09791,1.097535,1.097575,172
2024-01-12T01:00:00+00:00,1.097555,1.097635,1.09739,1.09744,306
2024-01-12T01:05:00+00:00,1.097435,1.097525,1.097285,1.097375,228
2024-01-12T01:10:00+00:00,1.097365,1.097475,1.09727,1.09743,234
2024-01-12T01:15:00+00:00,1.097435,1.09752,1.097335,1.097495,175
2024-01-12T01:20:00+00:00,1.097505,1.09754,1.0974,1.09748,294
2024-01-12T01:25:00+00:00,1.097475,1.09782,1.097425,1.09765,141
2024-01-12T01:30:00+00:00,1.097655,1.097795,1.097575,1.097785,236
2024-01-12T01:35:00+00:00,1.097795,1.09813,1.097775,1.09813,223
2024-01-12T01:40:00+00:00,1.098135,1.098415,1.09813,1.098235,261
2024-01-12T01:45:00+00:00,1.098225,1.098425,1.09813,1.098335,191
2024-01-12T01:50:00+00:00,1.098325,1.09837,1.09821,1.098315,180
2024-01-12T01:55:00+00:00,1.0983,1.098435,1.09822,1.09828,283
2024-01-12T02:00:00+00:00,1.098275,1.098485,1.098275,1.098405,201
2024-01-12T02:05:00+00:00,1.0984,1.09854,1.098375,1.09847,146
2024-01-12T02:10:00+00:00,1.09848,1.09854,1.098185,1.09839,238
2024-01-12T02:15:00+00:00,1.0984,1.09843,1.098275,1.09829,167
2024-01-12T02:20:00+00:00,1.098305,1.0984,1.098115,1.09827,208
2024-01-12T02:25:00+00:00,1.098275,1.098285,1.09803,1.09814,235
2024-01-12T02:30:00+00:00,1.098135,1.098165,1.09801,1.098085,187
2024-01-12T02:35:00+00:00,1.09809,1.09823,1.097875,1.097965,207
2024-01-12T02:40:00+00:00,1.09796,1.097965,1.09783,1.097885,142
2024-01-12T02:45:00+00:00,1.09788,1.09823,1.09788,1.098135,181
2024-01-12T02:50:00+00:00,1.098115,1.098145,1.098045,1.098075,191
2024-01-12T02:55:00+00:00,1.09808,1.09808,1.097875,1.09797,307
2024-01-12T03:00:00+00:00,1.097975,1.09807,1.09797,1.098025,149
2024-01-12T03:05:00+00:00,1.09802,1.09827,1.09798,1.098225,161
2024-01-12T03:10:00+00:00,1.09821,1.098245,1.098135,1.098175,74
2024-01-12T03:15:00+00:00,1.098185,1.098185,1.098085,1.098085,27
2024-01-12T03:20:00+00:00,1.09809,1.098185,1.09807,1.098075,41
2024-01-12T03:25:00+00:00,1.098105,1.098235,1.098085,1.09819,67
2024-01-12T03:30:00+00:00,1.098175,1.09829,1.09816,1.0982,99
2024-01-12T03:35:00+00:00,1.098205,1.098205,1.097765,1.097835,134
2024-01-12T03:40:00+00:00,1.09785,1.097865,1.09772,1.097825,143
2024-01-12T03:45:00+00:00,1.09783,1.097925,1.097825,1.097835,46
2024-01-12T03:50:00+00:00,1.09783,1.0979,1.09783,1.09784,14
2024-01-12T03:55:00+00:00,1.097825,1.09783,1.097765,1.097775,35
2024-01-12T04:00:00+00:00,1.09775,1.09775,1.097455,1.097455,69
2024-01-12T04:05:00+00:00,1.09745,1.09758,1.09744,1.097545,126
2024-01-12T04:10:00+00:00,1.09755,1.097595,1.09748,1.097485,62
2024-01-12T04:15:00+00:00,1.09749,1.09757,1.097395,1.0974,71
2024-01-12T04:20:00+00:00,1.097405,1.09743,1.097325,1.097425,117
2024-01-12T04:25:00+00:00,1.09741,1.097545,1.09741,1.097495,111
2024-01-12T04:30:00+00:00,1.0975,1.097605,1.097485,1.097485,111
2024-01-12T04:35:00+00:00,1.09749,1.097495,1.097385,1.097485,147
2024-01-12T04:40:00+00:00,1.0975,1.09763,1.097425,1.0976,139
2024-01-12T04:45:00+00:00,1.097595,1.0976,1.09751,1.097535,128
2024-01-12T04:50:00+00:00,1.09754,1.09764,1.097535,1.09759,135
2024-01-12T04:55:00+00:00,1.097625,1.097725,1.097565,1.09757,80
2024-01-12T05:00:00+00:00,1.09758,1.09776,1.09757,1.09769,118
2024-01-12T05:05:00+00:00,1.0977,1.097965,1.09769,1.097915,88
2024-01-12T05:10:00+00:00,1.09793,1.09799,1.09779,1.09788,240
2024-01-12T05:15:00+00:00,1.097885,1.098045,1.09783,1.097865,158
2024-01-12T05:20:00+00:00,1.09787,1.097915,1.09769,1.09771,102
2024-01-12T05:25:00+00:00,1.097725,1.09777,1.097675,1.09771,80
2024-01-12T05:30:00+00:00,1.097715,1.097715,1.097535,1.0976,184
2024-01-12T05:35:00+00:00,1.097605,1.097685,1.097595,1.09768,103
2024-01-12T05:40:00+00:00,1.097675,1.09768,1.097545,1.09766,85
2024-01-12T05:45:00+00:00,1.097655,1.097655,1.09738,1.097445,158
2024-01-12T05:50:00+00:00,1.09746,1.0977,1.097455,1.09762,103
2024-01-12T05:55:00+00:00,1.097615,1.097725,1.097525,1.097565,263
2024-01-12T06:00:00+00:00,1.09757,1.09761,1.09732,1.097535,195
2024-01-12T06:05:00+00:00,1.09752,1.097585,1.097415,1.097535,118
2024-01-12T06:10:00+00:00,1.09754,1.097865,1.09754,1.097775,147
2024-01-12T06:15:00+00:00,1.09777,1.09782,1.097735,1.097755,67
2024-01-12T06:20:00+00:00,1.09777,1.09787,1.097755,1.097835,67
2024-01-12T06:25:00+00:00,1.09782,1.09783,1.09775,1.09775,87
2024-01-12T06:30:00+00:00,1.09776,1.09777,1.097625,1.09763,74
2024-01-12T06:35:00+00:00,1.09762,1.097675,1.097585,1.097605,103
2024-01-12T06:40:00+00:00,1.09762,1.097655,1.09751,1.09751,121
2024-01-12T06:45:00+00:00,1.09752,1.097625,1.0975,1.097575,88
2024-01-12T06:50:00+00:00,1.097565,1.097595,1.097375,1.097535,138
2024-01-12T06:55:00+00:00,1.09754,1.097765,1.097455,1.09753,221
2024-01-12T07:00:00+00:00,1.09754,1.09779,1.096885,1.096885,593
2024-01-12T07:05:00+00:00,1.09689,1.09723,1.09677,1.0968,490
2024-01-12T07:10:00+00:00,1.09682,1.09684,1.09659,1.096655,416
2024-01-12T07:15:00+00:00,1.09665,1.096925,1.096605,1.09692,307
2024-01-12T07:20:00+00:00,1.096925,1.096965,1.09671,1.09672,193
2024-01-12T07:25:00+00:00,1.09673,1.096825,1.096575,1.09676,273
2024-01-12T07:30:00+00:00,1.09677,1.0969,1.09651,1.096515,360
2024-01-12T07:35:00+00:00,1.09651,1.09652,1.096095,1.096155,432
2024-01-12T07:40:00+00:00,1.09616,1.09654,1.09616,1.096375,436
2024-01-12T07:45:00+00:00,1.09638,1.09661,1.096245,1.09652,334
2024-01-12T07:50:00+00:00,1.09653,1.0969,1.09653,1.09681,407
2024-01-12T07:55:00+00:00,1.096815,1.096885,1.09664,1.096685,456
2024-01-12T08:00:00+00:00,1.09668,1.096915,1.09651,1.096915,515
2024-01-12T08:05:00+00:00,1.09691,1.09752,1.09691,1.097415,474
2024-01-12T08:10:00+00:00,1.09742,1.097735,1.097235,1.09759,467
2024-01-12T08:15:00+00:00,1.097605,1.097685,1.097205,1.0973,496
2024-01-12T08:20:00+00:00,1.097295,1.09775,1.09729,1.097695,408
2024-01-12T08:25:00+00:00,1.09769,1.09793,1.097685,1.09779,426
2024-01-12T08:30:00+00:00,1.09778,1.098195,1.09765,1.098145,379
2024-01-12T08:35:00+00:00,1.09816,1.098285,1.09766,1.09773,438
2024-01-12T08:40:00+00:00,1.097735,1.09778,1.09702,1.09734,464
2024-01-12T08:45:00+00:00,1.097325,1.097365,1.096915,1.09693,498
2024-01-12T08:50:00+00:00,1.09692,1.09748,1.09687,1.097285,462
2024-01-12T08:55:00+00:00,1.097295,1.097635,1.09721,1.09751,407
2024-01-12T09:00:00+00:00,1.097515,1.097735,1.09738,1.097465,410
2024-01-12T09:05:00+00:00,1.097475,1.097715,1.09737,1.09771,306
2024-01-12T09:10:00+00:00,1.097715,1.097985,1.09769,1.09775,337
2024-01-12T09:15:00+00:00,1.097755,1.09782,1.09733,1.097385,395
2024-01-12T09:20:00+00:00,1.09738,1.09741,1.097,1.09706,372
2024-01-12T09:25:00+00:00,1.097055,1.09731,1.09683,1.097045,444
2024-01-12T09:30:00+00:00,1.09704,1.09704,1.096685,1.096705,480
2024-01-12T09:35:00+00:00,1.09671,1.096885,1.09664,1.09682,464
2024-01-12T09:40:00+00:00,1.096815,1.096885,1.09659,1.096845,362
2024-01-12T09:45:00+00:00,1.096835,1.096935,1.09659,1.096665,330
2024-01-12T09:50:00+00:00,1.096665,1.096685,1.096115,1.096255,477
2024-01-12T09:55:00+00:00,1.09625,1.096495,1.09615,1.09626,338
2024-01-12T10:00:00+00:00,1.096265,1.096285,1.09573,1.09598,436
2024-01-12T10:05:00+00:00,1.095985,1.09603,1.095705,1.09599,345
2024-01-12T10:10:00+00:00,1.095995,1.09607,1.095875,1.09593,253
2024-01-12T10:15:00+00:00,1.095955,1.09596,1.095685,1.09575,216
2024-01-12T10:20:00+00:00,1.095755,1.095995,1.09574,1.095985,208
2024-01-12T10:25:00+00:00,1.09599,1.09617,1.09587,1.09611,329
2024-01-12T10:30:00+00:00,1.096095,1.096095,1.09592,1.096005,336
2024-01-12T10:35:00+00:00,1.096,1.096135,1.095925,1.09606,317
2024-01-12T10:40:00+00:00,1.096065,1.09641,1.096065,1.096275,236
2024-01-12T10:45:00+00:00,1.096285,1.09631,1.09601,1.09604,261
2024-01-12T10:50:00+00:00,1.096035,1.096085,1.095695,1.09599,324
2024-01-12T10:55:00+00:00,1.09598,1.09634,1.095945,1.096005,378
2024-01-09T02:00:00+00:00,1.09616,1.09633,1.09609,1.096285,232
2024-01-09T02:05:00+00:00,1.09628,1.09635,1.096205,1.09624,222
2024-01-09T02:10:00+00:00,1.096225,1.096235,1.096105,1.096145,188
2024-01-09T02:15:00+00:00,1.09614,1.09627,1.096115,1.096195,165
2024-01-09T02:20:00+00:00,1.096205,1.09645,1.096185,1.096425,163
2024-01-09T02:25:00+00:00,1.096405,1.096445,1.09615,1.09618,95
2024-01-09T02:30:00+00:00,1.09619,1.09623,1.09607,1.09619,139
2024-01-09T02:35:00+00:00,1.096195,1.0964,1.09609,1.096395,146
2024-01-09T02:40:00+00:00,1.0964,1.0964,1.096285,1.096375,146
2024-01-09T02:45:00+00:00,1.096385,1.09648,1.096215,1.096245,131
2024-01-09T02:50:00+00:00,1.09624,1.096305,1.096195,1.096295,140
2024-01-09T02:55:00+00:00,1.09629,1.0964,1.096265,1.09628,186
2024-01-12T11:00:00+00:00,1.09601,1.09619,1.095825,1.095995,290
2024-01-12T11:05:00+00:00,1.096,1.096035,1.095805,1.09584,235
2024-01-12T11:10:00+00:00,1.095855,1.09602,1.09573,1.095905,328
2024-01-12T11:15:00+00:00,1.0959,1.09621,1.09588,1.096015,288
2024-01-12T11:20:00+00:00,1.096025,1.096045,1.095465,1.09548,303
2024-01-12T11:25:00+00:00,1.095465,1.095465,1.09516,1.0954,312
2024-01-12T11:30:00+00:00,1.095395,1.09548,1.09519,1.09539,389
2024-01-12T11:35:00+00:00,1.095395,1.0955,1.09519,1.09522,279
2024-01-12T11:40:00+00:00,1.095215,1.09529,1.094895,1.094955,350
2024-01-12T11:45:00+00:00,1.09497,1.09498,1.09467,1.09471,375
2024-01-12T11:50:00+00:00,1.0947,1.095085,1.094665,1.09507,337
2024-01-12T11:55:00+00:00,1.095085,1.09528,1.094805,1.09497,365
2024-01-12T12:00:00+00:00,1.09496,1.09519,1.094755,1.09501,383
2024-01-12T12:05:00+00:00,1.095015,1.095125,1.09477,1.094805,403
2024-01-12T12:10:00+00:00,1.0948,1.094995,1.094565,1.094645,407
2024-01-12T12:15:00+00:00,1.09463,1.09463,1.09418,1.094365,448
2024-01-12T12:20:00+00:00,1.09436,1.09476,1.094155,1.094735,458
2024-01-12T12:25:00+00:00,1.09473,1.095005,1.09469,1.09471,376
2024-01-12T12:30:00+00:00,1.094715,1.094965,1.09445,1.094825,425
2024-01-12T12:35:00+00:00,1.09484,1.094855,1.09441,1.09455,268
2024-01-12T12:40:00+00:00,1.09453,1.09453,1.094175,1.094335,290
2024-01-12T12:45:00+00:00,1.09433,1.094335,1.09403,1.09418,390
2024-01-12T12:50:00+00:00,1.094195,1.094335,1.09388,1.094215,324
2024-01-12T12:55:00+00:00,1.09421,1.09421,1.09372,1.09378,429
2024-01-12T13:00:00+00:00,1.093785,1.09412,1.0936,1.094095,686
2024-01-12T13:05:00+00:00,1.09409,1.09429,1.09397,1.09423,603
2024-01-12T13:10:00+00:00,1.09422,1.094465,1.09418,1.0944,381
2024-01-12T13:15:00+00:00,1.09441,1.094595,1.094275,1.094365,525
2024-01-12T13:20:00+00:00,1.09437,1.09467,1.09427,1.094575,602
2024-01-12T13:25:00+00:00,1.09458,1.095115,1.094565,1.09507,643
2024-01-12T13:30:00+00:00,1.09506,1.09696,1.09506,1.096415,1964
2024-01-12T13:35:00+00:00,1.09639,1.096965,1.095945,1.096565,1787
2024-01-12T13:40:00+00:00,1.096555,1.09657,1.09537,1.095865,1564
2024-01-12T13:45:00+00:00,1.09586,1.09604,1.09456,1.09461,1253
2024-01-12T13:50:00+00:00,1.094605,1.09554,1.094485,1.09554,1106
2024-01-12T13:55:00+00:00,1.09553,1.095685,1.09486,1.095535,1127
2024-01-12T14:00:00+00:00,1.09553,1.09661,1.095365,1.096385,1476
2024-01-12T14:05:00+00:00,1.096375,1.0965,1.09551,1.09553,1073
2024-01-12T14:10:00+00:00,1.095555,1.09591,1.095275,1.09569,837
2024-01-12T14:15:00+00:00,1.095685,1.09598,1.09562,1.095875,763
2024-01-12T14:20:00+00:00,1.095885,1.0966,1.095825,1.09645,839
2024-01-12T14:25:00+00:00,1.09646,1.09686,1.09645,1.096805,813
2024-01-12T14:30:00+00:00,1.096815,1.09738,1.096805,1.097255,918
2024-01-12T14:35:00+00:00,1.09727,1.097955,1.097085,1.097585,1037
2024-01-12T14:40:00+00:00,1.097575,1.09835,1.097525,1.098205,832
2024-01-12T14:45:00+00:00,1.09821,1.098495,1.097855,1.09812,991
2024-01-12T14:50:00+00:00,1.09813,1.098135,1.09746,1.097465,1054
2024-01-12T14:55:00+00:00,1.09746,1.098095,1.097385,1.097575,1020
2024-01-12T15:00:00+00:00,1.097565,1.098095,1.09715,1.09798,993
2024-01-12T15:05:00+00:00,1.097985,1.098615,1.09793,1.09855,846
2024-01-12T15:10:00+00:00,1.098555,1.0987,1.09816,1.09838,932
2024-01-12T15:15:00+00:00,1.098405,1.098535,1.09791,1.098035,851
2024-01-12T15:20:00+00:00,1.098045,1.098435,1.097955,1.098215,810
2024-01-12T15:25:00+00:00,1.09819,1.09844,1.09779,1.09794,751
2024-01-12T15:30:00+00:00,1.097945,1.098305,1.09788,1.09812,622
2024-01-12T15:35:00+00:00,1.09811,1.09816,1.09753,1.09765,659
2024-01-12T15:40:00+00:00,1.097645,1.097875,1.09712,1.097355,773
2024-01-12T15:45:00+00:00,1.09736,1.09745,1.096515,1.09661,942
2024-01-12T15:50:00+00:00,1.096615,1.09666,1.096245,1.09644,842
2024-01-12T15:55:00+00:00,1.09641,1.096675,1.09626,1.09663,706
2024-01-12T16:00:00+00:00,1.09664,1.097035,1.096585,1.09683,718
2024-01-12T16:05:00+00:00,1.096825,1.09739,1.096625,1.097035,652
2024-01-12T16:10:00+00:00,1.09703,1.097345,1.09678,1.096895,715
2024-01-12T16:15:00+00:00,1.096875,1.097135,1.09672,1.097115,670
2024-01-12T16:20:00+00:00,1.097105,1.09713,1.09663,1.09672,575
2024-01-12T16:25:00+00:00,1.096725,1.097375,1.096725,1.097245,552
2024-01-12T16:30:00+00:00,1.09724,1.097305,1.097055,1.09715,437
2024-01-12T16:35:00+00:00,1.097155,1.09721,1.09615,1.096365,555
2024-01-12T16:40:00+00:00,1.09637,1.096605,1.096195,1.09651,526
2024-01-12T16:45:00+00:00,1.096505,1.096505,1.09607,1.09619,664
2024-01-12T16:50:00+00:00,1.096185,1.09627,1.09596,1.09626,459
2024-01-12T16:55:00+00:00,1.096265,1.096265,1.09584,1.095845,409
2024-01-12T17:00:00+00:00,1.09583,1.09588,1.09549,1.09549,426
2024-01-12T17:05:00+00:00,1.095485,1.095485,1.095225,1.09529,358
2024-01-12T17:10:00+00:00,1.0953,1.09558,1.095235,1.09546,479
2024-01-12T17:15:00+00:00,1.095465,1.09555,1.09518,1.09532,409
2024-01-12T17:20:00+00:00,1.09531,1.09559,1.095265,1.095265,403
2024-01-12T17:25:00+00:00,1.09526,1.09539,1.095015,1.095375,400
2024-01-12T17:30:00+00:00,1.095365,1.09539,1.095045,1.09516,384
2024-01-12T17:35:00+00:00,1.095155,1.095155,1.09483,1.09504,319
2024-01-12T17:40:00+00:00,1.09503,1.09516,1.09484,1.095135,302
2024-01-12T17:45:00+00:00,1.09513,1.09515,1.09471,1.09486,236
2024-01-12T17:50:00+00:00,1.094845,1.09522,1.094795,1.094955,291
2024-01-12T17:55:00+00:00,1.094965,1.095135,1.094915,1.094965,362
2024-01-12T18:00:00+00:00,1.09497,1.09529,1.09492,1.09529,274
2024-01-12T18:05:00+00:00,1.095305,1.09542,1.09527,1.095305,253
2024-01-12T18:10:00+00:00,1.095335,1.09565,1.095335,1.09556,319
2024-01-12T18:15:00+00:00,1.095545,1.09569,1.095415,1.09558,289
2024-01-12T18:20:00+00:00,1.095585,1.095745,1.095475,1.095575,286
2024-01-12T18:25:00+00:00,1.09557,1.09579,1.09556,1.09575,269
2024-01-12T18:30:00+00:00,1.095755,1.09595,1.095535,1.09565,260
2024-01-12T18:35:00+00:00,1.09564,1.09589,1.095585,1.09578,224
2024-01-12T18:40:00+00:00,1.095765,1.095765,1.095535,1.09563,185
2024-01-12T18:45:00+00:00,1.09562,1.09587,1.09557,1.09586,188
2024-01-12T18:50:00+00:00,1.09585,1.09597,1.09567,1.09576,208
2024-01-12T18:55:00+00:00,1.095765,1.09596,1.095755,1.095955,186
2024-01-12T19:00:00+00:00,1.095935,1.09607,1.095895,1.09607,224
2024-01-12T19:05:00+00:00,1.096065,1.096175,1.09602,1.096085,159
2024-01-12T19:10:00+00:00,1.096105,1.096345,1.09601,1.096295,267
2024-01-12T19:15:00+00:00,1.096305,1.09631,1.096135,1.096295,229
2024-01-12T19:20:00+00:00,1.096275,1.096275,1.09602,1.09608,235
2024-01-12T19:25:00+00:00,1.09609,1.0962,1.09601,1.09604,114
2024-01-12T19:30:00+00:00,1.09605,1.09613,1.095845,1.095895,289
2024-01-12T19:35:00+00:00,1.09587,1.0959,1.095725,1.095765,206
2024-01-12T19:40:00+00:00,1.09576,1.09582,1.095495,1.09553,191
2024-01-12T19:45:00+00:00,1.09552,1.095755,1.09537,1.09575,234
2024-01-12T19:50:00+00:00,1.095755,1.09596,1.095755,1.095805,158
2024-01-12T19:55:00+00:00,1.09578,1.09578,1.09549,1.0956,323
2024-01-12T20:00:00+00:00,1.095605,1.09565,1.095355,1.09549,231
2024-01-12T20:05:00+00:00,1.095485,1.0956,1.095395,1.095395,239
2024-01-12T20:10:00+00:00,1.09539,1.095475,1.09534,1.095455,176
2024-01-12T20:15:00+00:00,1.095445,1.0956,1.0953,1.09548,281
2024-01-12T20:20:00+00:00,1.095485,1.0956,1.09522,1.0953,232
2024-01-12T20:25:00+00:00,1.095305,1.0955,1.095255,1.09545,214
2024-01-12T20:30:00+00:00,1.09543,1.09557,1.09542,1.09547,181
2024-01-12T20:35:00+00:00,1.09548,1.09555,1.095425,1.095535,190
2024-01-12T20:40:00+00:00,1.09552,1.09552,1.095305,1.095345,197
2024-01-12T20:45:00+00:00,1.09534,1.095395,1.095185,1.095225,211
2024-01-12T20:50:00+00:00,1.09523,1.09533,1.095175,1.095305,267
2024-01-12T20:55:00+00:00,1.0953,1.0953,1.095045,1.095135,296
2024-01-12T21:00:00+00:00,1.09513,1.095175,1.09497,1.095095,226
2024-01-12T21:05:00+00:00,1.0951,1.095245,1.095095,1.095155,331
2024-01-12T21:10:00+00:00,1.09515,1.09528,1.09499,1.09499,249
2024-01-12T21:15:00+00:00,1.095005,1.09515,1.09491,1.09514,193
2024-01-12T21:20:00+00:00,1.09515,1.095225,1.09511,1.095115,207
2024-01-12T21:25:00+00:00,1.0951,1.0951,1.094935,1.094945,214
2024-01-12T21:30:00+00:00,1.09495,1.094955,1.094845,1.09485,281
2024-01-12T21:35:00+00:00,1.094845,1.09492,1.094835,1.09488,374
2024-01-12T21:40:00+00:00,1.09487,1.09495,1.09485,1.094905,364
2024-01-12T21:45:00+00:00,1.094895,1.095155,1.094895,1.095035,191
2024-01-12T21:50:00+00:00,1.09504,1.09515,1.094985,1.095,352
2024-01-12T21:55:00+00:00,1.09498,1.09512,1.09496,1.095075,366
2024-01-14T22:00:00+00:00,1.09515,1.09517,1.09475,1.09482,85
2024-01-14T22:05:00+00:00,1.09477,1.094845,1.09456,1.09464,145
2024-01-14T22:10:00+00:00,1.094735,1.094945,1.094735,1.09487,121
2024-01-14T22:15:00+00:00,1.09489,1.095025,1.09486,1.094975,275
2024-01-14T22:20:00+00:00,1.094935,1.094975,1.09491,1.094955,25
2024-01-14T22:25:00+00:00,1.09495,1.09502,1.09493,1.094965,69
2024-01-14T22:30:00+00:00,1.09496,1.09501,1.09492,1.094955,46
2024-01-14T22:35:00+00:00,1.094945,1.09502,1.094945,1.09498,32
2024-01-14T22:40:00+00:00,1.094985,1.095025,1.094945,1.09497,41
2024-01-14T22:45:00+00:00,1.094975,1.09505,1.094975,1.09505,93
2024-01-14T22:50:00+00:00,1.095055,1.095065,1.095005,1.09503,20
2024-01-14T22:55:00+00:00,1.095005,1.09506,1.09495,1.095025,98
2024-01-14T23:00:00+00:00,1.095005,1.09502,1.09459,1.094645,257
2024-01-14T23:05:00+00:00,1.09465,1.094715,1.094635,1.09469,150
2024-01-14T23:10:00+00:00,1.094685,1.094795,1.09465,1.094795,62
2024-01-14T23:15:00+00:00,1.09478,1.094825,1.094695,1.094825,66
2024-01-14T23:20:00+00:00,1.094805,1.094845,1.09469,1.094725,71
2024-01-14T23:25:00+00:00,1.094715,1.09472,1.09466,1.09468,49
2024-01-14T23:30:00+00:00,1.094685,1.09469,1.094545,1.094595,88
2024-01-14T23:35:00+00:00,1.094585,1.09473,1.094585,1.09473,35
2024-01-14T23:40:00+00:00,1.09472,1.094795,1.09469,1.09469,46
2024-01-14T23:45:00+00:00,1.094685,1.094685,1.094515,1.094525,127
2024-01-14T23:50:00+00:00,1.09453,1.09455,1.094445,1.094545,96
2024-01-14T23:55:00+00:00,1.094535,1.094535,1.094415,1.094525,86
2024-01-15T00:00:00+00:00,1.09452,1.09456,1.094145,1.094145,178
2024-01-15T00:05:00+00:00,1.09415,1.09431,1.094085,1.094245,211
2024-01-15T00:10:00+00:00,1.09424,1.094425,1.094195,1.094305,206
2024-01-15T00:15:00+00:00,1.094325,1.09445,1.09426,1.09445,196
2024-01-15T00:20:00+00:00,1.094445,1.09471,1.09436,1.094655,294
2024-01-15T00:25:00+00:00,1.09465,1.09472,1.094545,1.094605,251
2024-01-15T00:30:00+00:00,1.09461,1.094885,1.09455,1.09486,289
2024-01-15T00:35:00+00:00,1.094865,1.09496,1.09483,1.094865,251
2024-01-15T00:40:00+00:00,1.09485,1.095005,1.094825,1.094935,222
2024-01-15T00:45:00+00:00,1.09494,1.095215,1.094925,1.095045,298
2024-01-15T00:50:00+00:00,1.09503,1.095415,1.095015,1.09531,352
2024-01-15T00:55:00+00:00,1.095295,1.09535,1.095205,1.09535,354
2024-01-15T01:00:00+00:00,1.095345,1.095575,1.09528,1.09546,230
2024-01-15T01:05:00+00:00,1.095465,1.09552,1.095365,1.09546,179
2024-01-15T01:10:00+00:00,1.095455,1.095495,1.095305,1.095375,167
2024-01-15T01:15:00+00:00,1.09537,1.0954,1.09517,1.09527,183
2024-01-15T01:20:00+00:00,1.095265,1.09541,1.095225,1.095305,322
2024-01-15T01:25:00+00:00,1.0953,1.09531,1.094955,1.09498,202
2024-01-15T01:30:00+00:00,1.094975,1.095215,1.094975,1.095005,252
2024-01-15T01:35:00+00:00,1.09501,1.095215,1.095005,1.095205,170
2024-01-15T01:40:00+00:00,1.09521,1.09542,1.095205,1.0954,152
2024-01-15T01:45:00+00:00,1.095395,1.09542,1.09532,1.095405,101
2024-01-15T01:50:00+00:00,1.09541,1.0956,1.09541,1.095545,139
2024-01-15T01:55:00+00:00,1.095565,1.09562,1.09545,1.095485,187
2024-01-15T02:00:00+00:00,1.095495,1.095715,1.095495,1.095715,132
2024-01-15T02:05:00+00:00,1.09574,1.09584,1.09569,1.09581,88
2024-01-15T02:10:00+00:00,1.095815,1.09601,1.09579,1.09601,156
2024-01-15T02:15:00+00:00,1.096015,1.09639,1.09601,1.096335,189
2024-01-15T02:20:00+00:00,1.096325,1.096465,1.09622,1.09622,233
2024-01-15T02:25:00+00:00,1.096205,1.09635,1.096145,1.0963,155
2024-01-15T02:30:00+00:00,1.096295,1.096355,1.09617,1.096255,163
2024-01-15T02:35:00+00:00,1.09626,1.096295,1.096165,1.096275,112
2024-01-15T02:40:00+00:00,1.09627,1.096305,1.096165,1.096285,155
2024-01-15T02:45:00+00:00,1.09629,1.096365,1.09622,1.096295,97
2024-01-15T02:50:00+00:00,1.0963,1.096495,1.096195,1.09644,183
2024-01-15T02:55:00+00:00,1.096445,1.09656,1.09644,1.096495,196
2024-01-15T03:00:00+00:00,1.096515,1.09675,1.096495,1.096535,186
2024-01-15T03:05:00+00:00,1.09654,1.09665,1.096485,1.09658,98
2024-01-15T03:10:00+00:00,1.096585,1.09665,1.096535,1.09664,93
2024-01-15T03:15:00+00:00,1.096645,1.09667,1.09651,1.0966,142
2024-01-15T03:20:00+00:00,1.096605,1.09676,1.0966,1.0967,129
2024-01-15T03:25:00+00:00,1.096695,1.096705,1.09654,1.09655,101
2024-01-15T03:30:00+00:00,1.09657,1.0966,1.096395,1.096395,149
2024-01-15T03:35:00+00:00,1.0964,1.09654,1.09637,1.09653,164
2024-01-15T03:40:00+00:00,1.096545,1.0966,1.09646,1.09655,135
2024-01-15T03:45:00+00:00,1.096555,1.09663,1.09651,1.09658,90
2024-01-15T03:50:00+00:00,1.09659,1.096655,1.096545,1.09655,91
2024-01-15T03:55:00+00:00,1.096545,1.09656,1.096385,1.096435,268
2024-01-15T04:00:00+00:00,1.09643,1.096445,1.096345,1.09638,130
2024-01-15T04:05:00+00:00,1.096395,1.0964,1.09612,1.0963,123
2024-01-15T04:10:00+00:00,1.096295,1.096295,1.09618,1.0962,76
2024-01-15T04:15:00+00:00,1.096195,1.09624,1.096135,1.09615,61
2024-01-15T04:20:00+00:00,1.09614,1.09614,1.095945,1.09597,65
2024-01-15T04:25:00+00:00,1.095975,1.09604,1.09591,1.09592,135
2024-01-15T04:30:00+00:00,1.095925,1.096005,1.09588,1.09595,89
2024-01-15T04:35:00+00:00,1.095945,1.09601,1.09593,1.095995,71
2024-01-15T04:40:00+00:00,1.09599,1.09615,1.09599,1.0961,62
2024-01-15T04:45:00+00:00,1.09608,1.096155,1.09608,1.096145,65
2024-01-15T04:50:00+00:00,1.09615,1.09621,1.096135,1.096155,81
2024-01-15T04:55:00+00:00,1.096145,1.0963,1.096135,1.096295,52
2024-01-15T05:00:00+00:00,1.0963,1.09639,1.096275,1.09634,94
2024-01-15T05:05:00+00:00,1.09633,1.096345,1.096285,1.09631,76
2024-01-15T05:10:00+00:00,1.096305,1.096335,1.09623,1.096335,22
2024-01-15T05:15:00+00:00,1.09634,1.09636,1.096295,1.096295,89
2024-01-15T05:20:00+00:00,1.09631,1.09635,1.09609,1.096095,87
2024-01-15T05:25:00+00:00,1.09609,1.09632,1.09609,1.096285,140
2024-01-15T05:30:00+00:00,1.09629,1.096355,1.09623,1.096315,196
2024-01-15T05:35:00+00:00,1.09632,1.096415,1.09632,1.096405,152
2024-01-15T05:40:00+00:00,1.09641,1.096565,1.09641,1.09649,102
2024-01-15T05:45:00+00:00,1.096485,1.096605,1.09643,1.09659,112
2024-01-15T05:50:00+00:00,1.096595,1.096595,1.09632,1.096395,119
2024-01-15T05:55:00+00:00,1.096365,1.096415,1.096315,1.09641,129
2024-01-15T06:00:00+00:00,1.09642,1.096445,1.096325,1.09643,144
2024-01-15T06:05:00+00:00,1.096425,1.09643,1.09626,1.0964,116
2024-01-15T06:10:00+00:00,1.09639,1.09661,1.096335,1.09659,153
2024-01-15T06:15:00+00:00,1.096595,1.09667,1.09658,1.096635,196
2024-01-15T06:20:00+00:00,1.096585,1.096595,1.09642,1.096435,169
2024-01-15T06:25:00+00:00,1.09643,1.096485,1.096375,1.09643,126
2024-01-15T06:30:00+00:00,1.096425,1.096505,1.09632,1.096435,188
2024-01-15T06:35:00+00:00,1.09644,1.096615,1.096425,1.096595,155
2024-01-15T06:40:00+00:00,1.0966,1.09662,1.09651,1.096595,104
2024-01-15T06:45:00+00:00,1.0966,1.096605,1.096445,1.096525,117
2024-01-15T06:50:00+00:00,1.09653,1.096625,1.096485,1.096545,128
2024-01-15T06:55:00+00:00,1.096535,1.096545,1.09634,1.0964,137
2024-01-15T08:00:00+00:00,1.09536,1.096125,1.09536,1.095945,527
2024-01-15T08:05:00+00:00,1.095935,1.096295,1.095785,1.096195,482
2024-01-15T08:10:00+00:00,1.09618,1.096415,1.096035,1.09628,568
2024-01-15T08:15:00+00:00,1.096285,1.0964,1.09592,1.09609,365
2024-01-15T08:20:00+00:00,1.096095,1.096425,1.09593,1.09637,378
2024-01-15T08:25:00+00:00,1.096355,1.096515,1.096125,1.096245,439
2024-01-15T08:30:00+00:00,1.09624,1.09629,1.095705,1.095845,525
2024-01-15T08:35:00+00:00,1.09583,1.096155,1.095755,1.09606,384
2024-01-15T08:40:00+00:00,1.09605,1.096055,1.095795,1.096015,421
2024-01-15T08:45:00+00:00,1.09599,1.09606,1.09577,1.09589,307
2024-01-15T08:50:00+00:00,1.095895,1.09607,1.095785,1.09594,332
2024-01-15T08:55:00+00:00,1.095945,1.09598,1.09571,1.09581,359
2024-01-15T07:00:00+00:00,1.09638,1.09655,1.0961,1.096215,400
2024-01-15T07:05:00+00:00,1.09622,1.096585,1.09622,1.096585,324
2024-01-15T07:10:00+00:00,1.09658,1.096635,1.09636,1.096415,246
2024-01-15T07:15:00+00:00,1.09642,1.09642,1.095865,1.095875,335
2024-01-15T07:20:00+00:00,1.09587,1.0961,1.095825,1.095935,351
2024-01-15T07:25:00+00:00,1.09593,1.096135,1.09578,1.09603,320
2024-01-15T07:30:00+00:00,1.096045,1.09624,1.095875,1.09588,320
2024-01-15T07:35:00+00:00,1.095885,1.09595,1.09563,1.09563,274
2024-01-15T07:40:00+00:00,1.09564,1.0959,1.09561,1.09582,330
2024-01-15T07:45:00+00:00,1.095815,1.0959,1.09558,1.095625,356
2024-01-15T07:50:00+00:00,1.095615,1.095695,1.095415,1.095435,383
2024-01-15T07:55:00+00:00,1.09543,1.09551,1.09516,1.09535,407
2024-01-15T09:00:00+00:00,1.095815,1.095885,1.09514,1.09545,567
2024-01-15T09:05:00+00:00,1.095445,1.095725,1.09541,1.09551,329
2024-01-15T09:10:00+00:00,1.095515,1.095655,1.09534,1.0955,212
2024-01-15T09:15:00+00:00,1.095485,1.09549,1.09523,1.09534,326
2024-01-15T09:20:00+00:00,1.095355,1.095555,1.095245,1.09539,254
2024-01-15T09:25:00+00:00,1.095385,1.09551,1.095265,1.09538,293
2024-01-15T09:30:00+00:00,1.09537,1.09559,1.095195,1.09521,276
2024-01-15T09:35:00+00:00,1.095205,1.09526,1.094505,1.09472,386
2024-01-15T09:40:00+00:00,1.094715,1.094765,1.094535,1.094555,379
2024-01-15T09:45:00+00:00,1.09455,1.09471,1.094305,1.094695,384
2024-01-15T09:50:00+00:00,1.09468,1.09472,1.09442,1.0946,412
2024-01-15T09:55:00+00:00,1.094605,1.09487,1.094515,1.094675,434
2024-01-15T10:00:00+00:00,1.09467,1.09468,1.09403,1.094055,492
2024-01-15T10:05:00+00:00,1.094045,1.094255,1.093915,1.09393,335
2024-01-15T10:10:00+00:00,1.09392,1.094005,1.09372,1.09387,395
2024-01-15T10:15:00+00:00,1.093845,1.093845,1.093385,1.09349,473
2024-01-15T10:20:00+00:00,1.093495,1.09356,1.093355,1.09346,346
2024-01-15T10:25:00+00:00,1.09346,1.093675,1.093425,1.093545,287
2024-01-15T10:30:00+00:00,1.093555,1.09387,1.09354,1.093625,379
2024-01-15T10:35:00+00:00,1.09362,1.093725,1.09347,1.093705,360
2024-01-15T10:40:00+00:00,1.09371,1.093815,1.09356,1.093625,295
2024-01-15T10:45:00+00:00,1.093615,1.09372,1.09343,1.09362,271
2024-01-15T10:50:00+00:00,1.093615,1.093955,1.09359,1.093875,289
2024-01-15T10:55:00+00:00,1.093865,1.094205,1.093865,1.09401,279
2024-01-15T11:00:00+00:00,1.094005,1.09423,1.094,1.0942,243
2024-01-15T11:05:00+00:00,1.09419,1.09422,1.09407,1.09414,232
2024-01-15T11:10:00+00:00,1.094135,1.094255,1.094055,1.094245,210
2024-01-15T11:15:00+00:00,1.09425,1.094355,1.09408,1.09412,287
2024-01-15T11:20:00+00:00,1.094115,1.09434,1.09408,1.0943,215
2024-01-15T11:25:00+00:00,1.094305,1.094645,1.094305,1.094645,276
2024-01-15T11:30:00+00:00,1.094635,1.09472,1.094405,1.094405,222
2024-01-15T11:35:00+00:00,1.09441,1.094835,1.0944,1.094785,279
2024-01-15T11:40:00+00:00,1.094795,1.094895,1.09456,1.094625,250
2024-01-15T11:45:00+00:00,1.09461,1.094625,1.0943,1.09447,237
2024-01-15T11:50:00+00:00,1.094465,1.09449,1.094145,1.094275,294
2024-01-15T11:55:00+00:00,1.09427,1.09472,1.09427,1.094545,334
2024-01-15T12:00:00+00:00,1.09454,1.094885,1.094385,1.094835,331
2024-01-15T12:05:00+00:00,1.09483,1.09514,1.09483,1.09513,298
2024-01-15T12:10:00+00:00,1.095135,1.095495,1.095115,1.09549,269
2024-01-15T12:15:00+00:00,1.09549,1.09568,1.09542,1.09543,319
2024-01-15T12:20:00+00:00,1.09545,1.095505,1.09518,1.0952,353
2024-01-15T12:25:00+00:00,1.095195,1.095365,1.09493,1.09505,386
2024-01-15T12:30:00+00:00,1.09506,1.095235,1.094665,1.095115,405
2024-01-15T12:35:00+00:00,1.09512,1.095175,1.094765,1.095155,346
2024-01-15T12:40:00+00:00,1.095175,1.095895,1.095175,1.09546,452
2024-01-15T12:45:00+00:00,1.09547,1.095605,1.095105,1.09555,384
2024-01-15T12:50:00+00:00,1.095545,1.09577,1.095435,1.095705,290
2024-01-15T12:55:00+00:00,1.0957,1.09574,1.095265,1.09539,381
2024-01-15T13:00:00+00:00,1.09538,1.09542,1.094935,1.094955,580
2024-01-15T13:05:00+00:00,1.094965,1.095075,1.09447,1.094485,476
2024-01-15T13:10:00+00:00,1.09451,1.09484,1.094445,1.094595,444
2024-01-15T13:15:00+00:00,1.094575,1.09504,1.0945,1.09504,341
2024-01-15T13:20:00+00:00,1.095035,1.09512,1.09468,1.094835,335
2024-01-15T13:25:00+00:00,1.09484,1.094985,1.09474,1.094745,366
2024-01-15T13:30:00+00:00,1.09475,1.095245,1.094645,1.0952,485
2024-01-15T13:35:00+00:00,1.095165,1.0953,1.0949,1.09499,276
2024-01-15T13:40:00+00:00,1.094965,1.095,1.094795,1.094985,260
2024-01-15T13:45:00+00:00,1.09498,1.095085,1.09484,1.095035,270
2024-01-15T13:50:00+00:00,1.095045,1.09523,1.094835,1.0949,351
2024-01-15T13:55:00+00:00,1.09492,1.095105,1.094875,1.095065,248
2024-01-15T14:00:00+00:00,1.09507,1.0952,1.09459,1.09467,397
2024-01-15T14:05:00+00:00,1.09464,1.09467,1.09394,1.09411,436
2024-01-15T14:10:00+00:00,1.0941,1.09415,1.093965,1.09399,367
2024-01-15T14:15:00+00:00,1.094,1.09423,1.09394,1.093945,262
2024-01-15T14:20:00+00:00,1.09395,1.09426,1.093865,1.09425,293
2024-01-15T14:25:00+00:00,1.094255,1.094355,1.094065,1.094195,408
2024-01-15T14:30:00+00:00,1.094185,1.094395,1.09414,1.0942,412
2024-01-15T14:35:00+00:00,1.09421,1.0943,1.09397,1.09429,315
2024-01-15T14:40:00+00:00,1.09426,1.09438,1.094175,1.09428,261
2024-01-15T14:45:00+00:00,1.09427,1.0943,1.09407,1.09415,294
2024-01-15T14:50:00+00:00,1.094145,1.094205,1.094005,1.094065,230
2024-01-15T14:55:00+00:00,1.09407,1.094395,1.09407,1.09434,277
2024-01-15T15:00:00+00:00,1.094345,1.094425,1.0941,1.094385,323
2024-01-15T15:05:00+00:00,1.09438,1.09457,1.09431,1.09443,270
2024-01-15T15:10:00+00:00,1.094425,1.094485,1.093825,1.094115,366
2024-01-15T15:15:00+00:00,1.09411,1.094255,1.094065,1.09414,375
2024-01-15T15:20:00+00:00,1.094135,1.09436,1.09407,1.094345,330
2024-01-15T15:25:00+00:00,1.09435,1.09468,1.094345,1.09453,301
2024-01-15T15:30:00+00:00,1.09451,1.09451,1.09406,1.094155,355
2024-01-15T15:35:00+00:00,1.09414,1.094155,1.093825,1.09386,350
2024-01-15T15:40:00+00:00,1.093865,1.094135,1.093865,1.09413,249
2024-01-15T15:45:00+00:00,1.09412,1.09448,1.0941,1.09444,272
2024-01-15T15:50:00+00:00,1.094475,1.09505,1.094475,1.094925,389
2024-01-15T15:55:00+00:00,1.09493,1.095095,1.0948,1.094975,443
2024-01-15T16:00:00+00:00,1.09498,1.09516,1.09485,1.09485,359
2024-01-15T16:05:00+00:00,1.09483,1.09498,1.094765,1.094895,214
2024-01-15T16:10:00+00:00,1.0949,1.09497,1.094785,1.09488,211
2024-01-15T16:15:00+00:00,1.09487,1.09499,1.09474,1.09474,214
2024-01-15T16:20:00+00:00,1.094745,1.09495,1.09472,1.0949,117
2024-01-15T16:25:00+00:00,1.094895,1.09525,1.094855,1.095245,176
2024-01-15T16:30:00+00:00,1.095235,1.09524,1.094915,1.095085,270
2024-01-15T16:35:00+00:00,1.09509,1.09509,1.094875,1.09493,204
2024-01-15T16:40:00+00:00,1.09495,1.09496,1.094675,1.094765,233
2024-01-15T16:45:00+00:00,1.09477,1.09502,1.094735,1.09498,129
2024-01-15T16:50:00+00:00,1.094995,1.095,1.094825,1.09484,127
2024-01-15T16:55:00+00:00,1.094835,1.094845,1.09467,1.09473,140
2024-01-15T17:00:00+00:00,1.094735,1.094905,1.0947,1.094875,148
2024-01-15T17:05:00+00:00,1.09488,1.09508,1.09478,1.094845,131
2024-01-15T17:10:00+00:00,1.09485,1.09486,1.094625,1.09484,96
2024-01-15T17:15:00+00:00,1.09486,1.09496,1.09486,1.09489,87
2024-01-15T17:20:00+00:00,1.094875,1.09498,1.094875,1.094975,95
2024-01-15T17:25:00+00:00,1.09501,1.09519,1.09501,1.09519,48
2024-01-15T17:30:00+00:00,1.095205,1.09525,1.095115,1.095195,118
2024-01-15T17:35:00+00:00,1.0952,1.095215,1.09511,1.09515,106
2024-01-15T17:40:00+00:00,1.09514,1.09515,1.09503,1.095075,113
2024-01-15T17:45:00+00:00,1.09508,1.095095,1.0949,1.094915,52
2024-01-15T17:50:00+00:00,1.09492,1.094975,1.09477,1.094825,117
2024-01-15T17:55:00+00:00,1.09484,1.09484,1.09469,1.09482,91
2024-01-15T18:00:00+00:00,1.094815,1.094845,1.094775,1.094845,41
2024-01-15T18:05:00+00:00,1.09484,1.095005,1.09484,1.095,19
2024-01-15T18:10:00+00:00,1.094965,1.094965,1.09486,1.0949,53
2024-01-15T18:15:00+00:00,1.094895,1.0949,1.094865,1.094885,50
2024-01-15T18:20:00+00:00,1.09489,1.09495,1.09489,1.09493,33
2024-01-15T18:25:00+00:00,1.09494,1.095005,1.09491,1.095,48
2024-01-15T18:30:00+00:00,1.094995,1.095015,1.094905,1.094945,22
2024-01-15T18:35:00+00:00,1.09494,1.094985,1.094925,1.094985,19
2024-01-15T18:40:00+00:00,1.095,1.095005,1.094985,1.095,11
2024-01-15T18:45:00+00:00,1.09499,1.095,1.094985,1.094995,5
2024-01-15T18:50:00+00:00,1.095005,1.09506,1.095005,1.09503,28
2024-01-15T18:55:00+00:00,1.095035,1.095285,1.095025,1.095285,96
2024-01-15T19:00:00+00:00,1.095285,1.095365,1.095165,1.095165,90
2024-01-15T19:05:00+00:00,1.095175,1.095215,1.095145,1.095155,12
2024-01-15T19:10:00+00:00,1.095165,1.09523,1.095145,1.09522,32
2024-01-15T19:15:00+00:00,1.09523,1.09531,1.095195,1.095305,44
2024-01-15T19:20:00+00:00,1.095315,1.09533,1.09515,1.095265,78
2024-01-15T19:25:00+00:00,1.095275,1.095285,1.09522,1.095275,80
2024-01-15T19:30:00+00:00,1.09527,1.09527,1.095165,1.095175,28
2024-01-15T19:35:00+00:00,1.09518,1.095185,1.09518,1.095185,6
2024-01-15T19:40:00+00:00,1.095195,1.09522,1.095145,1.095155,56
2024-01-15T19:45:00+00:00,1.09515,1.09519,1.09515,1.095175,14
2024-01-15T19:50:00+00:00,1.09518,1.095195,1.095,1.09503,57
2024-01-15T19:55:00+00:00,1.095035,1.09507,1.09499,1.095055,79
2024-01-15T20:00:00+00:00,1.095075,1.095105,1.094985,1.094985,28
2024-01-15T20:05:00+00:00,1.09497,1.095005,1.094945,1.09498,56
2024-01-15T20:10:00+00:00,1.094985,1.09499,1.09495,1.094955,23
2024-01-15T20:15:00+00:00,1.09497,1.09498,1.09492,1.09493,28
2024-01-15T20:20:00+00:00,1.094925,1.094985,1.094925,1.094985,18
2024-01-15T20:25:00+00:00,1.094975,1.09504,1.094975,1.09503,17
2024-01-15T20:30:00+00:00,1.095035,1.09504,1.094935,1.09499,46
2024-01-15T20:35:00+00:00,1.09498,1.095065,1.09497,1.094995,62
2024-01-15T20:40:00+00:00,1.095,1.095075,1.09497,1.095065,70
2024-01-15T20:45:00+00:00,1.09508,1.095125,1.095045,1.095075,43
2024-01-15T20:50:00+00:00,1.09508,1.09517,1.09508,1.0951,44
2024-01-15T20:55:00+00:00,1.095095,1.095185,1.095095,1.095185,37
2024-01-15T21:00:00+00:00,1.095175,1.095185,1.09511,1.095135,38
2024-01-15T21:05:00+00:00,1.095105,1.095105,1.095055,1.095065,8
2024-01-15T21:10:00+00:00,1.09506,1.095075,1.095035,1.095075,22
2024-01-15T21:15:00+00:00,1.095085,1.0951,1.094995,1.09502,19
2024-01-15T21:20:00+00:00,1.095025,1.095165,1.095015,1.095095,29
2024-01-15T21:25:00+00:00,1.095085,1.095115,1.09503,1.095105,81
2024-01-15T21:30:00+00:00,1.09511,1.09514,1.09511,1.095115,34
2024-01-15T21:35:00+00:00,1.09511,1.09514,1.09508,1.095135,19
2024-01-15T21:40:00+00:00,1.09513,1.09513,1.095045,1.095045,9
2024-01-15T21:45:00+00:00,1.09505,1.095095,1.09505,1.095055,29
2024-01-15T21:50:00+00:00,1.09506,1.095075,1.095035,1.09506,41
2024-01-15T21:55:00+00:00,1.095075,1.095085,1.09501,1.095085,55
2024-01-15T22:00:00+00:00,1.0951,1.0951,1.09485,1.09485,18
2024-01-15T22:05:00+00:00,1.09483,1.09505,1.09483,1.09489,748
2024-01-15T22:10:00+00:00,1.094895,1.09495,1.094855,1.094925,1414
2024-01-15T22:15:00+00:00,1.094945,1.094975,1.094875,1.09493,624
2024-01-15T22:20:00+00:00,1.094935,1.09503,1.0949,1.095005,569
2024-01-15T22:25:00+00:00,1.095025,1.095025,1.09499,1.09501,429
2024-01-15T22:30:00+00:00,1.095015,1.09508,1.095015,1.09503,223
2024-01-15T22:35:00+00:00,1.095035,1.09505,1.09497,1.09499,191
2024-01-15T22:40:00+00:00,1.094985,1.095005,1.09498,1.094995,173
2024-01-15T22:45:00+00:00,1.094995,1.09503,1.094985,1.09502,201
2024-01-15T22:50:00+00:00,1.095015,1.09503,1.094965,1.094995,73
2024-01-15T22:55:00+00:00,1.095005,1.095035,1.094955,1.094995,138
2024-01-15T23:00:00+00:00,1.094975,1.09513,1.09479,1.094815,123
2024-01-15T23:05:00+00:00,1.09481,1.09489,1.094765,1.09487,42
2024-01-15T23:10:00+00:00,1.094875,1.095015,1.094855,1.094925,116
2024-01-15T23:15:00+00:00,1.09493,1.09499,1.09484,1.094935,126
2024-01-15T23:20:00+00:00,1.09494,1.094995,1.09491,1.09491,123
2024-01-15T23:25:00+00:00,1.094915,1.09492,1.094695,1.09471,117
2024-01-15T23:30:00+00:00,1.094715,1.0948,1.094655,1.09466,116
2024-01-15T23:35:00+00:00,1.094665,1.094755,1.094595,1.09462,166
2024-01-15T23:40:00+00:00,1.094615,1.0947,1.094615,1.094645,142
2024-01-15T23:45:00+00:00,1.09464,1.094675,1.094605,1.09464,111
2024-01-15T23:50:00+00:00,1.094635,1.094695,1.094555,1.094555,122
2024-01-15T23:55:00+00:00,1.09456,1.094575,1.094485,1.09451,143
2024-01-16T00:00:00+00:00,1.094485,1.094625,1.094375,1.094465,230
2024-01-16T00:05:00+00:00,1.09445,1.094615,1.09445,1.094515,215
2024-01-16T00:10:00+00:00,1.094545,1.09456,1.09441,1.09442,123
2024-01-16T00:15:00+00:00,1.09441,1.094465,1.094365,1.09437,141
2024-01-16T00:20:00+00:00,1.094365,1.09438,1.094105,1.094155,225
2024-01-16T00:25:00+00:00,1.09415,1.09418,1.09386,1.09391,262
2024-01-16T00:30:00+00:00,1.093905,1.093985,1.09372,1.09374,201
2024-01-16T00:35:00+00:00,1.093735,1.093745,1.09336,1.093415,199
2024-01-16T00:40:00+00:00,1.09342,1.09342,1.09305,1.09321,305
2024-01-16T00:45:00+00:00,1.093215,1.093215,1.09295,1.093025,203
2024-01-16T00:50:00+00:00,1.093015,1.093025,1.092425,1.09254,345
2024-01-16T00:55:00+00:00,1.092515,1.092575,1.091925,1.091975,525
2024-01-16T01:00:00+00:00,1.09198,1.092325,1.091705,1.09174,553
2024-01-16T01:05:00+00:00,1.09173,1.091995,1.09156,1.09156,661
2024-01-16T01:10:00+00:00,1.09156,1.09202,1.091545,1.091965,471
2024-01-16T01:15:00+00:00,1.091955,1.092045,1.091755,1.09177,503
2024-01-16T01:20:00+00:00,1.091765,1.092195,1.09171,1.092155,455
2024-01-16T01:25:00+00:00,1.09216,1.092315,1.092085,1.092305,488
2024-01-16T01:30:00+00:00,1.0923,1.09263,1.09226,1.092625,440
2024-01-16T01:35:00+00:00,1.092615,1.09292,1.092545,1.092915,415
2024-01-16T01:40:00+00:00,1.0929,1.093145,1.09289,1.09301,306
2024-01-16T01:45:00+00:00,1.093005,1.093165,1.092925,1.092955,227
2024-01-16T01:50:00+00:00,1.09296,1.093,1.092845,1.09291,196
2024-01-16T01:55:00+00:00,1.092915,1.09292,1.092665,1.092765,81
2024-01-16T02:00:00+00:00,1.09277,1.09277,1.092225,1.09223,275
2024-01-16T02:05:00+00:00,1.092225,1.092615,1.09221,1.092455,230
2024-01-16T02:10:00+00:00,1.09245,1.092725,1.09245,1.092655,193
2024-01-16T02:15:00+00:00,1.09266,1.09266,1.092455,1.092485,138
2024-01-16T02:20:00+00:00,1.092495,1.092565,1.092405,1.092445,202
2024-01-16T02:25:00+00:00,1.09244,1.092655,1.092335,1.09252,191
2024-01-16T02:30:00+00:00,1.092545,1.09267,1.092325,1.092355,205
2024-01-16T02:35:00+00:00,1.092365,1.09261,1.092305,1.09251,191
2024-01-16T02:40:00+00:00,1.092515,1.09257,1.09241,1.092465,189
2024-01-16T02:45:00+00:00,1.09246,1.09248,1.092285,1.09242,183
2024-01-16T02:50:00+00:00,1.092415,1.092425,1.092165,1.0922,206
2024-01-16T02:55:00+00:00,1.092205,1.092455,1.092205,1.0924,195
2024-01-16T03:00:00+00:00,1.092395,1.092465,1.092295,1.092405,194
2024-01-16T03:05:00+00:00,1.0924,1.09255,1.09237,1.09251,89
2024-01-16T03:10:00+00:00,1.09252,1.092545,1.0922,1.09221,115
2024-01-16T03:15:00+00:00,1.092225,1.092285,1.09219,1.09221,116
2024-01-16T03:20:00+00:00,1.092215,1.092215,1.092015,1.09202,146
2024-01-16T03:25:00+00:00,1.092015,1.09205,1.09192,1.091975,162
2024-01-16T03:30:00+00:00,1.091965,1.091965,1.09163,1.091755,224
2024-01-16T03:35:00+00:00,1.091765,1.09182,1.09163,1.091775,244
2024-01-16T03:40:00+00:00,1.09178,1.091945,1.091725,1.09182,162
2024-01-16T03:45:00+00:00,1.09183,1.091965,1.091825,1.09189,151
2024-01-16T03:50:00+00:00,1.091875,1.091975,1.091865,1.09193,132
2024-01-16T03:55:00+00:00,1.091925,1.092005,1.091815,1.091905,92
2024-01-16T04:00:00+00:00,1.09189,1.0919,1.0918,1.091865,107
2024-01-16T04:05:00+00:00,1.09187,1.091945,1.091795,1.09183,146
2024-01-16T04:10:00+00:00,1.091825,1.091995,1.091815,1.09197,75
2024-01-16T04:15:00+00:00,1.091965,1.09201,1.09194,1.09197,137
2024-01-16T04:20:00+00:00,1.09196,1.091975,1.0918,1.091855,104
2024-01-16T04:25:00+00:00,1.091865,1.091865,1.091745,1.091765,77
2024-01-16T04:30:00+00:00,1.09175,1.0918,1.09168,1.091755,64
2024-01-16T04:35:00+00:00,1.091765,1.0918,1.09168,1.091765,102
2024-01-16T04:40:00+00:00,1.091755,1.091805,1.09169,1.091705,85
2024-01-16T04:45:00+00:00,1.091695,1.091695,1.091405,1.09146,175
2024-01-16T04:50:00+00:00,1.09149,1.091555,1.091405,1.091495,112
2024-01-16T04:55:00+00:00,1.091505,1.09178,1.091355,1.09176,260
2024-01-16T05:00:00+00:00,1.091765,1.091865,1.091505,1.09155,257
2024-01-16T05:05:00+00:00,1.091555,1.0917,1.091495,1.0917,150
2024-01-16T05:10:00+00:00,1.091705,1.091705,1.091555,1.09164,101
2024-01-16T05:15:00+00:00,1.091635,1.091755,1.09157,1.091755,120
2024-01-16T05:20:00+00:00,1.091745,1.091825,1.09155,1.091625,132
2024-01-16T05:25:00+00:00,1.091605,1.09173,1.091595,1.0917,72
2024-01-16T05:30:00+00:00,1.091695,1.091695,1.09146,1.091495,138
2024-01-16T05:35:00+00:00,1.09148,1.09156,1.09145,1.091455,101
2024-01-16T05:40:00+00:00,1.091445,1.091445,1.09127,1.09131,141
2024-01-16T05:45:00+00:00,1.091325,1.0915,1.09127,1.091455,194
2024-01-16T05:50:00+00:00,1.09143,1.09146,1.091305,1.09138,180
2024-01-16T05:55:00+00:00,1.09137,1.09155,1.09134,1.091545,259
2024-01-16T06:00:00+00:00,1.091535,1.091535,1.09129,1.09137,200
2024-01-16T06:05:00+00:00,1.09136,1.091525,1.091285,1.091525,120
2024-01-16T06:10:00+00:00,1.09152,1.091715,1.091385,1.09167,186
2024-01-16T06:15:00+00:00,1.09166,1.09187,1.091575,1.09161,326
2024-01-16T06:20:00+00:00,1.091615,1.09165,1.09141,1.09162,349
2024-01-16T06:25:00+00:00,1.0916,1.091855,1.0916,1.091855,128
2024-01-16T06:30:00+00:00,1.091835,1.092065,1.09176,1.092065,283
2024-01-16T06:35:00+00:00,1.09208,1.09214,1.09199,1.092105,277
2024-01-16T06:40:00+00:00,1.0921,1.09217,1.091845,1.09186,183
2024-01-16T06:45:00+00:00,1.09184,1.091895,1.091715,1.09176,197
2024-01-16T06:50:00+00:00,1.09177,1.092115,1.09176,1.091815,211
2024-01-16T06:55:00+00:00,1.09181,1.0919,1.091735,1.091745,234
2024-01-16T07:00:00+00:00,1.09177,1.092085,1.091425,1.091935,637
2024-01-16T07:05:00+00:00,1.09191,1.092035,1.091625,1.091715,452
2024-01-16T07:10:00+00:00,1.091695,1.09171,1.09117,1.0912,437
2024-01-16T07:15:00+00:00,1.09118,1.091235,1.090995,1.091025,369
2024-01-16T07:20:00+00:00,1.09102,1.09126,1.09088,1.09123,349
2024-01-16T07:25:00+00:00,1.091245,1.091355,1.09108,1.091245,415
2024-01-16T07:30:00+00:00,1.09124,1.091785,1.091235,1.091565,444
2024-01-16T07:35:00+00:00,1.09156,1.092075,1.09153,1.09198,349
2024-01-16T07:40:00+00:00,1.091975,1.09233,1.091855,1.092275,406
2024-01-16T07:45:00+00:00,1.092285,1.092365,1.092095,1.092275,268
2024-01-16T07:50:00+00:00,1.09228,1.09267,1.092275,1.09246,452
2024-01-16T07:55:00+00:00,1.09246,1.092495,1.091785,1.091855,405
2024-01-16T08:00:00+00:00,1.09185,1.09185,1.091085,1.091235,665
2024-01-16T08:05:00+00:00,1.091245,1.09169,1.09118,1.09123,802
2024-01-16T08:10:00+00:00,1.09122,1.09136,1.091045,1.091305,655
2024-01-16T08:15:00+00:00,1.091295,1.091635,1.091105,1.091245,669
2024-01-16T08:20:00+00:00,1.09123,1.092355,1.091225,1.091785,988
2024-01-16T08:25:00+00:00,1.091795,1.091985,1.09116,1.091185,645
2024-01-16T08:30:00+00:00,1.091175,1.091385,1.090105,1.090215,913
2024-01-16T08:35:00+00:00,1.09022,1.090325,1.08945,1.09004,937
2024-01-16T08:40:00+00:00,1.090035,1.090265,1.08977,1.090135,813
2024-01-16T08:45:00+00:00,1.09013,1.090505,1.090045,1.090425,631
2024-01-16T08:50:00+00:00,1.090445,1.090695,1.090115,1.090325,673
2024-01-16T08:55:00+00:00,1.09032,1.090495,1.09005,1.09048,745
2024-01-16T09:00:00+00:00,1.09046,1.09046,1.08953,1.089605,924
2024-01-16T09:05:00+00:00,1.0896,1.089615,1.0891,1.08941,898
2024-01-16T09:10:00+00:00,1.089405,1.089545,1.089185,1.08934,734
2024-01-16T09:15:00+00:00,1.08936,1.08954,1.089075,1.089385,634
2024-01-16T09:20:00+00:00,1.08938,1.089705,1.08932,1.089585,707
2024-01-16T09:25:00+00:00,1.08957,1.08962,1.08939,1.08959,396
2024-01-16T09:30:00+00:00,1.089585,1.08974,1.08943,1.08947,583
2024-01-16T09:35:00+00:00,1.08946,1.08946,1.088935,1.089045,591
2024-01-16T09:40:00+00:00,1.089045,1.089045,1.08842,1.088715,646
2024-01-16T09:45:00+00:00,1.088695,1.08897,1.08849,1.08857,517
2024-01-16T09:50:00+00:00,1.088575,1.08877,1.0884,1.088765,484
2024-01-16T09:55:00+00:00,1.088775,1.088875,1.088575,1.08862,279
2024-01-16T10:00:00+00:00,1.08865,1.08892,1.0883,1.08859,637
2024-01-16T10:05:00+00:00,1.088585,1.088755,1.088555,1.088685,409
2024-01-16T10:10:00+00:00,1.08868,1.08895,1.088625,1.08874,545
2024-01-16T10:15:00+00:00,1.088735,1.088865,1.08844,1.08858,454
2024-01-16T10:20:00+00:00,1.08857,1.0889,1.088485,1.088565,340
2024-01-16T10:25:00+00:00,1.08856,1.08873,1.088415,1.08852,291
2024-01-16T10:30:00+00:00,1.088525,1.088655,1.088465,1.0885,323
2024-01-16T10:35:00+00:00,1.088495,1.08858,1.088405,1.088465,307
2024-01-16T10:40:00+00:00,1.088455,1.088465,1.08803,1.088335,406
2024-01-16T10:45:00+00:00,1.08834,1.088395,1.08816,1.08832,278
2024-01-16T10:50:00+00:00,1.088315,1.088335,1.08805,1.08813,230
2024-01-16T10:55:00+00:00,1.088135,1.088235,1.087935,1.08813,365
2024-01-16T11:00:00+00:00,1.08812,1.088385,1.08771,1.087715,516
2024-01-16T11:05:00+00:00,1.087725,1.087885,1.087565,1.087685,317
2024-01-16T11:10:00+00:00,1.08765,1.087735,1.0874,1.08757,315
2024-01-16T11:15:00+00:00,1.08758,1.088175,1.08758,1.088175,380
2024-01-16T11:20:00+00:00,1.08816,1.088345,1.088045,1.088345,441
2024-01-16T11:25:00+00:00,1.08834,1.08879,1.08821,1.08879,435
2024-01-16T11:30:00+00:00,1.088785,1.089005,1.0887,1.08892,463
2024-01-16T11:35:00+00:00,1.08893,1.089435,1.08893,1.08939,299
2024-01-16T11:40:00+00:00,1.089385,1.089475,1.089115,1.089255,299
2024-01-16T11:45:00+00:00,1.08926,1.089445,1.088985,1.08913,379
2024-01-16T11:50:00+00:00,1.08914,1.08939,1.08904,1.089185,431
2024-01-16T11:55:00+00:00,1.08918,1.0893,1.089105,1.089235,496
2024-01-16T12:00:00+00:00,1.08924,1.089335,1.088995,1.089035,424
2024-01-16T12:05:00+00:00,1.089045,1.08905,1.0887,1.088895,444
2024-01-16T12:10:00+00:00,1.088905,1.0891,1.08873,1.08882,282
2024-01-16T12:15:00+00:00,1.088815,1.08918,1.08876,1.08901,338
2024-01-16T12:20:00+00:00,1.089015,1.089035,1.088805,1.088905,279
2024-01-16T12:25:00+00:00,1.08891,1.0891,1.08883,1.08901,361
2024-01-16T12:30:00+00:00,1.08902,1.089255,1.08897,1.08909,393
2024-01-16T12:35:00+00:00,1.0891,1.089115,1.08881,1.08885,356
2024-01-16T12:40:00+00:00,1.088835,1.088905,1.08838,1.088505,379
2024-01-16T12:45:00+00:00,1.08851,1.08871,1.08845,1.08867,267
2024-01-16T12:50:00+00:00,1.08867,1.088735,1.08853,1.08863,268
2024-01-16T12:55:00+00:00,1.08864,1.08868,1.088495,1.08863,471
2024-01-16T14:00:00+00:00,1.08741,1.087755,1.08713,1.087635,1127
2024-01-16T14:05:00+00:00,1.087605,1.08827,1.087415,1.088245,857
2024-01-16T14:10:00+00:00,1.08824,1.08844,1.08801,1.088175,811
2024-01-16T14:15:00+00:00,1.088165,1.088245,1.087755,1.08808,751
2024-01-16T14:20:00+00:00,1.088075,1.08891,1.088055,1.08887,814
2024-01-16T14:25:00+00:00,1.088875,1.08894,1.088395,1.08847,833
2024-01-16T14:30:00+00:00,1.088465,1.08875,1.087755,1.088035,1407
2024-01-16T14:35:00+00:00,1.08803,1.08806,1.08745,1.08776,978
2024-01-16T14:40:00+00:00,1.087745,1.087955,1.087395,1.087415,769
2024-01-16T14:45:00+00:00,1.087405,1.08758,1.087155,1.087165,831
2024-01-16T14:50:00+00:00,1.08717,1.08726,1.08666,1.08723,1023
2024-01-16T14:55:00+00:00,1.08724,1.087465,1.087085,1.087255,827
2024-01-16T13:00:00+00:00,1.08864,1.08883,1.088325,1.08835,455
2024-01-16T13:05:00+00:00,1.088345,1.088525,1.08811,1.088115,404
2024-01-16T13:10:00+00:00,1.08811,1.088265,1.0875,1.087775,527
2024-01-16T13:15:00+00:00,1.087785,1.088025,1.087495,1.08782,599
2024-01-16T13:20:00+00:00,1.08784,1.08798,1.08748,1.087495,827
2024-01-16T13:25:00+00:00,1.08749,1.08785,1.087485,1.08778,508
2024-01-16T13:30:00+00:00,1.08777,1.08948,1.08776,1.08891,2089
2024-01-16T13:35:00+00:00,1.0889,1.08937,1.08859,1.08927,1292
2024-01-16T13:40:00+00:00,1.089265,1.0898,1.089085,1.089285,1312
2024-01-16T13:45:00+00:00,1.0893,1.089395,1.08787,1.087975,1116
2024-01-16T13:50:00+00:00,1.08796,1.088345,1.087415,1.087525,1057
2024-01-16T13:55:00+00:00,1.08751,1.087835,1.087175,1.08742,911
2024-01-16T15:00:00+00:00,1.087265,1.08763,1.08715,1.087155,694
2024-01-16T15:05:00+00:00,1.08716,1.087345,1.086575,1.08706,736
2024-01-16T15:10:00+00:00,1.087055,1.087575,1.087045,1.08746,829
2024-01-16T15:15:00+00:00,1.08745,1.088055,1.08741,1.088015,722
2024-01-16T15:20:00+00:00,1.08801,1.08849,1.087895,1.08844,601
2024-01-16T15:25:00+00:00,1.08845,1.088795,1.08845,1.088505,536
2024-01-16T15:30:00+00:00,1.0885,1.08858,1.088115,1.08818,537
2024-01-16T15:35:00+00:00,1.088145,1.088425,1.087805,1.08838,642
2024-01-16T15:40:00+00:00,1.088365,1.088805,1.08828,1.088715,634
2024-01-16T15:45:00+00:00,1.08871,1.088835,1.088425,1.088595,534
2024-01-16T15:50:00+00:00,1.088605,1.088675,1.088175,1.08838,672
2024-01-16T15:55:00+00:00,1.088365,1.08877,1.088265,1.088585,890
2024-01-16T16:00:00+00:00,1.08858,1.088695,1.08622,1.087245,2727
2024-01-16T16:05:00+00:00,1.08722,1.088055,1.087085,1.08743,1841
2024-01-16T16:10:00+00:00,1.087455,1.08824,1.087025,1.0881,1730
2024-01-16T16:15:00+00:00,1.08812,1.089125,1.08783,1.08871,1594
2024-01-16T16:20:00+00:00,1.088705,1.08947,1.088695,1.089465,1418
2024-01-16T16:25:00+00:00,1.08946,1.08946,1.08878,1.08885,1247
2024-01-16T16:30:00+00:00,1.088845,1.089325,1.08873,1.089175,1107
2024-01-16T16:35:00+00:00,1.08918,1.089185,1.087845,1.088,1091
2024-01-16T16:40:00+00:00,1.087995,1.088235,1.087735,1.088115,873
2024-01-16T16:45:00+00:00,1.08812,1.088345,1.087965,1.088295,602
2024-01-16T16:50:00+00:00,1.08831,1.0886,1.08795,1.08798,578
2024-01-16T16:55:00+00:00,1.087975,1.0881,1.08781,1.0881,730
2024-01-16T17:00:00+00:00,1.08811,1.08829,1.087445,1.087505,669
2024-01-16T17:05:00+00:00,1.087495,1.087495,1.086745,1.086985,829
2024-01-16T17:10:00+00:00,1.08697,1.087105,1.086635,1.086635,636
2024-01-16T17:15:00+00:00,1.086605,1.087165,1.08647,1.086895,694
2024-01-16T17:20:00+00:00,1.0869,1.087265,1.08673,1.086815,600
2024-01-16T17:25:00+00:00,1.086805,1.086925,1.086485,1.086605,744
2024-01-16T17:30:00+00:00,1.0866,1.086735,1.086545,1.086655,451
2024-01-16T17:35:00+00:00,1.08667,1.087335,1.08667,1.087125,546
2024-01-16T17:40:00+00:00,1.08713,1.08719,1.086895,1.0869,385
2024-01-16T17:45:00+00:00,1.086895,1.086915,1.08654,1.08659,252
2024-01-16T17:50:00+00:00,1.08658,1.08678,1.086495,1.08655,237
2024-01-16T17:55:00+00:00,1.086555,1.08662,1.086295,1.086305,368
2024-01-16T18:00:00+00:00,1.0863,1.08654,1.086295,1.086535,500
2024-01-16T18:05:00+00:00,1.08653,1.08663,1.086385,1.08661,371
2024-01-16T18:10:00+00:00,1.086605,1.0867,1.08645,1.086675,292
2024-01-16T18:15:00+00:00,1.08667,1.08719,1.086665,1.086975,511
2024-01-16T18:20:00+00:00,1.08697,1.087015,1.08672,1.086925,279
2024-01-16T18:25:00+00:00,1.08692,1.087345,1.086805,1.087345,427
2024-01-16T18:30:00+00:00,1.08734,1.08771,1.0873,1.087455,333
2024-01-16T18:35:00+00:00,1.08746,1.08753,1.087215,1.087235,228
2024-01-16T18:40:00+00:00,1.08723,1.087315,1.086855,1.08691,307
2024-01-16T18:45:00+00:00,1.086905,1.086975,1.0867,1.08696,250
2024-01-16T18:50:00+00:00,1.086965,1.08699,1.08667,1.08682,296
2024-01-16T18:55:00+00:00,1.08681,1.08718,1.08676,1.087005,289
2024-01-16T19:00:00+00:00,1.08701,1.087115,1.086785,1.086915,312
2024-01-16T19:05:00+00:00,1.086895,1.08725,1.08683,1.08691,222
2024-01-16T19:10:00+00:00,1.086915,1.087085,1.08682,1.08695,311
2024-01-16T19:15:00+00:00,1.08693,1.086985,1.08681,1.086815,362
2024-01-16T19:20:00+00:00,1.08682,1.08712,1.086815,1.087105,306
2024-01-16T19:25:00+00:00,1.08713,1.08713,1.086855,1.08694,243
2024-01-16T19:30:00+00:00,1.086945,1.0871,1.086845,1.0871,283
2024-01-16T19:35:00+00:00,1.0871,1.08718,1.08696,1.08697,116
2024-01-16T19:40:00+00:00,1.086975,1.087055,1.08684,1.08705,146
2024-01-16T19:45:00+00:00,1.08706,1.08732,1.087005,1.0873,145
2024-01-16T19:50:00+00:00,1.08732,1.087475,1.08726,1.087375,261
2024-01-16T19:55:00+00:00,1.08738,1.08748,1.08732,1.087375,242
2024-01-16T20:00:00+00:00,1.087385,1.087515,1.087355,1.087365,306
2024-01-16T20:05:00+00:00,1.08735,1.08748,1.087255,1.087395,293
2024-01-16T20:10:00+00:00,1.087415,1.08757,1.08739,1.08741,365
2024-01-16T20:15:00+00:00,1.087405,1.08746,1.087255,1.08738,319
2024-01-16T20:20:00+00:00,1.087375,1.087395,1.087145,1.08715,311
2024-01-16T20:25:00+00:00,1.08716,1.087205,1.0871,1.087105,278
2024-01-16T20:30:00+00:00,1.087095,1.08719,1.087015,1.087055,270
2024-01-16T20:35:00+00:00,1.087065,1.08717,1.08704,1.08714,226
2024-01-16T20:40:00+00:00,1.08712,1.087135,1.08703,1.0871,224
2024-01-16T20:45:00+00:00,1.087105,1.08718,1.087035,1.087125,144
2024-01-16T20:50:00+00:00,1.087105,1.08718,1.087035,1.0871,198
2024-01-16T20:55:00+00:00,1.087115,1.087255,1.087095,1.087155,281
2024-01-16T22:00:00+00:00,1.08752,1.087625,1.087515,1.087625,12
2024-01-16T22:05:00+00:00,1.08752,1.087565,1.087485,1.087545,23
2024-01-16T22:10:00+00:00,1.087515,1.08753,1.087275,1.08742,155
2024-01-16T22:15:00+00:00,1.08744,1.08756,1.087325,1.08754,255
2024-01-16T22:20:00+00:00,1.087515,1.087575,1.087425,1.08757,234
2024-01-16T22:25:00+00:00,1.087575,1.08762,1.08753,1.08762,63
2024-01-16T22:30:00+00:00,1.087615,1.087645,1.087575,1.087575,89
2024-01-16T22:35:00+00:00,1.087595,1.087645,1.087535,1.087615,128
2024-01-16T22:40:00+00:00,1.087605,1.087725,1.087605,1.087675,188
2024-01-16T22:45:00+00:00,1.087685,1.08776,1.087655,1.08772,278
2024-01-16T22:50:00+00:00,1.08774,1.087765,1.08767,1.087725,279
2024-01-16T22:55:00+00:00,1.087725,1.08778,1.087665,1.08773,235
2024-01-16T21:00:00+00:00,1.087165,1.08744,1.08715,1.087415,209
2024-01-16T21:05:00+00:00,1.08742,1.087465,1.087375,1.087395,83
2024-01-16T21:10:00+00:00,1.0874,1.08748,1.08739,1.08746,56
2024-01-16T21:15:00+00:00,1.087455,1.087625,1.087455,1.08759,105
2024-01-16T21:20:00+00:00,1.087595,1.08761,1.087555,1.087555,46
2024-01-16T21:25:00+00:00,1.08756,1.08776,1.087555,1.08773,72
2024-01-16T21:30:00+00:00,1.087735,1.087745,1.087625,1.087655,41
2024-01-16T21:35:00+00:00,1.08765,1.087655,1.08744,1.087455,104
2024-01-16T21:40:00+00:00,1.08747,1.087605,1.087415,1.087605,86
2024-01-16T21:45:00+00:00,1.08758,1.087615,1.08755,1.087565,80
2024-01-16T21:50:00+00:00,1.08756,1.0876,1.08752,1.087565,100
2024-01-16T21:55:00+00:00,1.087565,1.08758,1.087505,1.08752,330
2024-01-16T23:00:00+00:00,1.087705,1.087875,1.087575,1.08786,115
2024-01-16T23:05:00+00:00,1.087865,1.087865,1.08769,1.08775,54
2024-01-16T23:10:00+00:00,1.087765,1.087785,1.087705,1.08771,24
2024-01-16T23:15:00+00:00,1.087705,1.08772,1.087705,1.08772,9
2024-01-16T23:20:00+00:00,1.087715,1.087725,1.08771,1.08771,13
2024-01-16T23:25:00+00:00,1.087705,1.087725,1.0877,1.087725,14
2024-01-16T23:30:00+00:00,1.08772,1.087775,1.087665,1.08777,42
2024-01-16T23:35:00+00:00,1.087765,1.087815,1.08765,1.087655,67
2024-01-16T23:40:00+00:00,1.08765,1.087655,1.08761,1.087625,34
2024-01-16T23:45:00+00:00,1.087635,1.087715,1.087595,1.08771,72
2024-01-16T23:50:00+00:00,1.087715,1.08783,1.08771,1.08782,90
2024-01-16T23:55:00+00:00,1.08782,1.087855,1.08781,1.087855,46
2024-01-17T01:00:00+00:00,1.08779,1.087885,1.08752,1.087645,181
2024-01-17T01:05:00+00:00,1.08765,1.087755,1.087555,1.08765,152
2024-01-17T01:10:00+00:00,1.087645,1.087855,1.087625,1.087855,236
2024-01-17T01:15:00+00:00,1.087875,1.08823,1.087865,1.0882,329
2024-01-17T01:20:00+00:00,1.088195,1.088235,1.087975,1.088065,189
2024-01-17T01:25:00+00:00,1.08807,1.08809,1.087645,1.087725,233
2024-01-17T01:30:00+00:00,1.08772,1.08777,1.08753,1.08758,266
2024-01-17T01:35:00+00:00,1.087595,1.08764,1.0874,1.087485,233
2024-01-17T01:40:00+00:00,1.08749,1.08767,1.087455,1.087565,236
2024-01-17T01:45:00+00:00,1.087585,1.087585,1.087345,1.08754,202
2024-01-17T01:50:00+00:00,1.087545,1.08775,1.08754,1.087705,206
2024-01-17T01:55:00+00:00,1.08771,1.087745,1.087595,1.087745,144
2024-01-17T00:00:00+00:00,1.08787,1.087875,1.08764,1.087655,137
2024-01-17T00:05:00+00:00,1.087645,1.087745,1.087575,1.08766,164
2024-01-17T00:10:00+00:00,1.08767,1.087705,1.08749,1.0875,207
2024-01-17T00:15:00+00:00,1.087495,1.087525,1.08724,1.087345,199
2024-01-17T00:20:00+00:00,1.087325,1.087445,1.08726,1.087285,99
2024-01-17T00:25:00+00:00,1.08728,1.08745,1.08726,1.08745,74
2024-01-17T00:30:00+00:00,1.087465,1.087705,1.08745,1.087555,125
2024-01-17T00:35:00+00:00,1.08755,1.08768,1.08754,1.087645,95
2024-01-17T00:40:00+00:00,1.08764,1.08764,1.08749,1.087565,104
2024-01-17T00:45:00+00:00,1.08758,1.087695,1.08753,1.08764,110
2024-01-17T00:50:00+00:00,1.087655,1.087755,1.08755,1.08755,225
2024-01-17T00:55:00+00:00,1.087545,1.087895,1.087505,1.087795,222
2024-01-17T02:00:00+00:00,1.087755,1.08798,1.08767,1.087955,215
2024-01-17T02:05:00+00:00,1.087925,1.088455,1.08791,1.088145,287
2024-01-17T02:10:00+00:00,1.08814,1.0882,1.08806,1.08806,143
2024-01-17T02:15:00+00:00,1.088055,1.08818,1.08789,1.08789,156
2024-01-17T02:20:00+00:00,1.087885,1.08789,1.08764,1.08769,192
2024-01-17T02:25:00+00:00,1.087685,1.0877,1.08753,1.0877,151
2024-01-17T02:30:00+00:00,1.087695,1.08774,1.08751,1.087555,149
2024-01-17T02:35:00+00:00,1.087545,1.087555,1.087435,1.08745,134
2024-01-17T02:40:00+00:00,1.087455,1.08756,1.0874,1.087555,140
2024-01-17T02:45:00+00:00,1.087545,1.087615,1.087485,1.08756,148
2024-01-17T02:50:00+00:00,1.08755,1.087635,1.087465,1.087555,112
2024-01-17T02:55:00+00:00,1.08755,1.08763,1.087485,1.087485,106
2024-01-17T03:00:00+00:00,1.08749,1.08749,1.087385,1.087395,141
2024-01-17T03:05:00+00:00,1.0874,1.087485,1.08736,1.08736,79
2024-01-17T03:10:00+00:00,1.087355,1.08743,1.08734,1.08734,145
2024-01-17T03:15:00+00:00,1.087345,1.087345,1.086835,1.08684,349
2024-01-17T03:20:00+00:00,1.08685,1.086975,1.086835,1.086945,229
2024-01-17T03:25:00+00:00,1.08694,1.086975,1.086645,1.086665,221
2024-01-17T03:30:00+00:00,1.08667,1.08685,1.086645,1.08678,181
2024-01-17T03:35:00+00:00,1.08676,1.08676,1.08659,1.086695,246
2024-01-17T03:40:00+00:00,1.08669,1.086695,1.08654,1.08656,225
2024-01-17T03:45:00+00:00,1.086565,1.08664,1.086555,1.086585,174
2024-01-17T03:50:00+00:00,1.08659,1.08668,1.086515,1.08658,139
2024-01-17T03:55:00+00:00,1.086585,1.08668,1.086585,1.086645,103
2024-01-17T04:00:00+00:00,1.08664,1.08668,1.086485,1.086495,173
2024-01-17T04:05:00+00:00,1.08649,1.086695,1.08649,1.08669,130
2024-01-17T04:10:00+00:00,1.08668,1.08675,1.08664,1.086745,121
2024-01-17T04:15:00+00:00,1.08675,1.08684,1.086735,1.086765,88
2024-01-17T04:20:00+00:00,1.08677,1.086815,1.086615,1.08667,116
2024-01-17T04:25:00+00:00,1.086675,1.086705,1.08659,1.086685,135
2024-01-17T04:30:00+00:00,1.086665,1.086715,1.086625,1.086715,65
2024-01-17T04:35:00+00:00,1.08672,1.08682,1.08671,1.08679,128
2024-01-17T04:40:00+00:00,1.086775,1.086845,1.086755,1.08684,131
2024-01-17T04:45:00+00:00,1.086835,1.0871,1.086825,1.08699,126
2024-01-17T04:50:00+00:00,1.087015,1.087045,1.08688,1.086985,87
2024-01-17T04:55:00+00:00,1.08698,1.08712,1.086835,1.087105,167
2024-01-17T05:00:00+00:00,1.0871,1.08722,1.08689,1.08689,155
2024-01-17T05:05:00+00:00,1.08687,1.086885,1.086595,1.086685,208
2024-01-17T05:10:00+00:00,1.08668,1.086685,1.08652,1.086545,150
2024-01-17T05:15:00+00:00,1.08654,1.086545,1.08629,1.086485,248
2024-01-17T05:20:00+00:00,1.08647,1.086585,1.086385,1.0865,135
2024-01-17T05:25:00+00:00,1.086495,1.086535,1.086375,1.086435,133
2024-01-17T05:30:00+00:00,1.086445,1.086475,1.086345,1.08647,226
2024-01-17T05:35:00+00:00,1.08645,1.08651,1.08622,1.08625,180
2024-01-17T05:40:00+00:00,1.086255,1.08637,1.08622,1.08623,270
2024-01-17T05:45:00+00:00,1.08623,1.08632,1.08609,1.08627,316
2024-01-17T05:50:00+00:00,1.086275,1.08639,1.086185,1.086265,170
2024-01-17T05:55:00+00:00,1.08627,1.086495,1.086265,1.08649,253
2024-01-17T07:00:00+00:00,1.08626,1.08674,1.08624,1.0863,927
2024-01-17T07:05:00+00:00,1.08631,1.08658,1.086145,1.08635,496
2024-01-17T07:10:00+00:00,1.086345,1.08656,1.08595,1.08655,560
2024-01-17T07:15:00+00:00,1.086545,1.087115,1.086445,1.087005,497
2024-01-17T07:20:00+00:00,1.086985,1.08736,1.086905,1.087255,468
2024-01-17T07:25:00+00:00,1.08725,1.0873,1.08678,1.08691,324
2024-01-17T07:30:00+00:00,1.0869,1.087075,1.08668,1.086975,528
2024-01-17T07:35:00+00:00,1.08698,1.087065,1.085875,1.086775,945
2024-01-17T07:40:00+00:00,1.08677,1.08726,1.086595,1.087205,527
2024-01-17T07:45:00+00:00,1.08721,1.087375,1.086745,1.086795,454
2024-01-17T07:50:00+00:00,1.0868,1.087295,1.086765,1.08716,399
2024-01-17T07:55:00+00:00,1.087155,1.087375,1.08688,1.08703,625
2024-01-17T06:00:00+00:00,1.086505,1.086505,1.08617,1.086185,245
2024-01-17T06:05:00+00:00,1.08621,1.08625,1.08579,1.08582,347
2024-01-17T06:10:00+00:00,1.08583,1.08592,1.085635,1.085775,413
2024-01-17T06:15:00+00:00,1.085785,1.08585,1.085675,1.08577,299
2024-01-17T06:20:00+00:00,1.085755,1.08586,1.08565,1.085785,217
2024-01-17T06:25:00+00:00,1.08578,1.08582,1.08562,1.08563,228
2024-01-17T06:30:00+00:00,1.085635,1.08574,1.085555,1.085685,237
2024-01-17T06:35:00+00:00,1.085675,1.085775,1.085605,1.085695,226
2024-01-17T06:40:00+00:00,1.085675,1.086195,1.085645,1.086055,427
2024-01-17T06:45:00+00:00,1.08605,1.08626,1.086015,1.086205,323
2024-01-17T06:50:00+00:00,1.0862,1.08642,1.086175,1.086225,197
2024-01-17T06:55:00+00:00,1.086205,1.086455,1.086185,1.086245,343
2024-01-17T08:00:00+00:00,1.087025,1.087865,1.087015,1.087485,941
2024-01-17T08:05:00+00:00,1.087465,1.08792,1.08732,1.087545,718
2024-01-17T08:10:00+00:00,1.087535,1.088055,1.087315,1.08788,747
2024-01-17T08:15:00+00:00,1.087875,1.087935,1.08757,1.08759,679
2024-01-17T08:20:00+00:00,1.087585,1.088055,1.087465,1.08776,462
2024-01-17T08:25:00+00:00,1.087745,1.088155,1.087685,1.08794,563
2024-01-17T08:30:00+00:00,1.087965,1.088005,1.087485,1.087665,566
2024-01-17T08:35:00+00:00,1.08766,1.087855,1.087525,1.08755,423
2024-01-17T08:40:00+00:00,1.08756,1.08759,1.0871,1.08722,489
2024-01-17T08:45:00+00:00,1.087215,1.08728,1.08668,1.086895,467
2024-01-17T08:50:00+00:00,1.08689,1.087005,1.08673,1.08678,394
2024-01-17T08:55:00+00:00,1.086785,1.087005,1.08663,1.08668,451
2024-01-17T09:00:00+00:00,1.086685,1.08669,1.08638,1.08651,519
2024-01-17T09:05:00+00:00,1.086505,1.08699,1.0865,1.08677,395
2024-01-17T09:10:00+00:00,1.086775,1.086975,1.08654,1.086645,499
2024-01-17T09:15:00+00:00,1.08665,1.08693,1.08655,1.08655,374
2024-01-17T09:20:00+00:00,1.086565,1.08658,1.086345,1.086545,527
2024-01-17T09:25:00+00:00,1.08654,1.08658,1.0861,1.086285,616
2024-01-17T09:30:00+00:00,1.086275,1.086885,1.08627,1.086885,319
2024-01-17T09:35:00+00:00,1.08689,1.087145,1.086705,1.0869,531
2024-01-17T09:40:00+00:00,1.086905,1.087375,1.08678,1.08734,335
2024-01-17T09:45:00+00:00,1.08735,1.08761,1.087225,1.08741,488
2024-01-17T09:50:00+00:00,1.087405,1.087585,1.08737,1.08749,333
2024-01-17T09:55:00+00:00,1.087505,1.087875,1.08745,1.087675,386
2024-01-17T10:00:00+00:00,1.08765,1.088185,1.08763,1.088025,546
2024-01-17T10:05:00+00:00,1.08803,1.088285,1.087975,1.088235,404
2024-01-17T10:10:00+00:00,1.088225,1.088395,1.088175,1.088235,355
2024-01-17T10:15:00+00:00,1.08822,1.0883,1.08769,1.087865,539
2024-01-17T10:20:00+00:00,1.08787,1.088,1.08767,1.08773,411
2024-01-17T10:25:00+00:00,1.087735,1.087795,1.087355,1.0874,421
2024-01-17T10:30:00+00:00,1.087395,1.08747,1.08705,1.08708,407
2024-01-17T10:35:00+00:00,1.08709,1.08714,1.086725,1.086785,341
2024-01-17T10:40:00+00:00,1.0868,1.0872,1.08672,1.087145,326
2024-01-17T10:45:00+00:00,1.08714,1.087295,1.08698,1.08715,403
2024-01-17T10:50:00+00:00,1.087145,1.08729,1.08693,1.087025,469
2024-01-17T10:55:00+00:00,1.08702,1.087415,1.08702,1.08718,373
2024-01-17T11:00:00+00:00,1.0872,1.087345,1.08706,1.087195,308
2024-01-17T11:05:00+00:00,1.08717,1.08741,1.08699,1.08729,393
2024-01-17T11:10:00+00:00,1.087285,1.08739,1.08699,1.08717,338
2024-01-17T11:15:00+00:00,1.08716,1.087765,1.08705,1.08712,410
2024-01-17T11:20:00+00:00,1.08711,1.08768,1.087095,1.087425,305
2024-01-17T11:25:00+00:00,1.087435,1.087645,1.087375,1.08752,282
2024-01-17T11:30:00+00:00,1.08751,1.087875,1.087455,1.087815,362
2024-01-17T11:35:00+00:00,1.08783,1.087885,1.0876,1.08774,241
2024-01-17T11:40:00+00:00,1.087745,1.088315,1.08769,1.08826,322
2024-01-17T11:45:00+00:00,1.088285,1.08832,1.087925,1.087985,432
2024-01-17T11:50:00+00:00,1.08799,1.08816,1.087905,1.08811,316
2024-01-17T11:55:00+00:00,1.088125,1.08816,1.08786,1.08786,300
2024-01-17T12:00:00+00:00,1.087855,1.08795,1.08757,1.08779,284
2024-01-17T12:05:00+00:00,1.08777,1.08789,1.08769,1.087775,296
2024-01-17T12:10:00+00:00,1.08778,1.087955,1.087585,1.087945,280
2024-01-17T12:15:00+00:00,1.087955,1.088045,1.08775,1.087905,297
2024-01-17T12:20:00+00:00,1.08791,1.088135,1.08764,1.08764,375
2024-01-17T12:25:00+00:00,1.087635,1.08771,1.08725,1.08736,330
2024-01-17T12:30:00+00:00,1.08735,1.0875,1.087305,1.087435,304
2024-01-17T12:35:00+00:00,1.08743,1.08768,1.087225,1.08723,284
2024-01-17T12:40:00+00:00,1.08722,1.08741,1.08714,1.087215,292
2024-01-17T12:45:00+00:00,1.08721,1.08721,1.086955,1.08705,270
2024-01-17T12:50:00+00:00,1.087075,1.08731,1.08707,1.087255,286
2024-01-17T12:55:00+00:00,1.08725,1.08761,1.087245,1.087445,431
2024-01-17T13:00:00+00:00,1.08745,1.08747,1.08697,1.087295,457
2024-01-17T13:05:00+00:00,1.0873,1.08767,1.08727,1.087645,410
2024-01-17T13:10:00+00:00,1.087625,1.087865,1.08753,1.08766,293
2024-01-17T13:15:00+00:00,1.08767,1.08771,1.087265,1.087295,424
2024-01-17T13:20:00+00:00,1.087285,1.087295,1.086755,1.086805,668
2024-01-17T13:25:00+00:00,1.08681,1.087195,1.086545,1.087045,563
2024-01-17T13:30:00+00:00,1.08705,1.08705,1.085135,1.08612,2062
2024-01-17T13:35:00+00:00,1.086105,1.086695,1.08582,1.0865,1543
2024-01-17T13:40:00+00:00,1.08652,1.08668,1.08586,1.08588,1307
2024-01-17T13:45:00+00:00,1.085885,1.086235,1.085505,1.086115,1096
2024-01-17T13:50:00+00:00,1.08612,1.086705,1.086055,1.08656,958
2024-01-17T13:55:00+00:00,1.086555,1.08656,1.086095,1.0864,866
2024-01-17T14:00:00+00:00,1.086405,1.086545,1.086095,1.086375,957
2024-01-17T14:05:00+00:00,1.086365,1.086405,1.086065,1.08626,684
2024-01-17T14:10:00+00:00,1.086255,1.08671,1.086165,1.08671,658
2024-01-17T14:15:00+00:00,1.086715,1.08703,1.08637,1.086545,934
2024-01-17T14:20:00+00:00,1.08653,1.086915,1.086395,1.086445,667
2024-01-17T14:25:00+00:00,1.08645,1.086815,1.086315,1.086455,541
2024-01-17T14:30:00+00:00,1.086445,1.08683,1.08605,1.086085,1177
2024-01-17T14:35:00+00:00,1.086075,1.08626,1.085735,1.08626,891
2024-01-17T14:40:00+00:00,1.086245,1.08632,1.085625,1.085745,940
2024-01-17T14:45:00+00:00,1.085735,1.085735,1.085275,1.085475,701
2024-01-17T14:50:00+00:00,1.085485,1.08566,1.085295,1.08534,793
2024-01-17T14:55:00+00:00,1.085335,1.0854,1.084785,1.084895,725
2024-01-17T15:00:00+00:00,1.084885,1.086165,1.084665,1.08601,993
2024-01-17T15:05:00+00:00,1.086005,1.08709,1.085855,1.08665,961
2024-01-17T15:10:00+00:00,1.086645,1.08691,1.08649,1.086495,838
2024-01-17T15:15:00+00:00,1.08649,1.086555,1.085695,1.08583,713
2024-01-17T15:20:00+00:00,1.085835,1.085845,1.085295,1.085685,774
2024-01-17T15:25:00+00:00,1.08568,1.08598,1.085445,1.085645,872
2024-01-17T15:30:00+00:00,1.085625,1.085915,1.085425,1.085555,919
2024-01-17T15:35:00+00:00,1.08556,1.08588,1.085355,1.08588,726
2024-01-17T15:40:00+00:00,1.085885,1.0864,1.085385,1.08544,891
2024-01-17T15:45:00+00:00,1.08545,1.085845,1.08518,1.08528,634
2024-01-17T15:50:00+00:00,1.085275,1.0854,1.084465,1.084555,707
2024-01-17T15:55:00+00:00,1.084565,1.085,1.084505,1.084905,548
2024-01-17T16:00:00+00:00,1.0849,1.085955,1.08488,1.085955,783
2024-01-17T16:05:00+00:00,1.08598,1.086475,1.08592,1.08611,555
2024-01-17T16:10:00+00:00,1.086105,1.086105,1.08564,1.08575,461
2024-01-17T16:15:00+00:00,1.085755,1.086145,1.08567,1.08607,564
2024-01-17T16:20:00+00:00,1.08606,1.0861,1.08557,1.085615,476
2024-01-17T16:25:00+00:00,1.085605,1.085895,1.085225,1.08527,503
2024-01-17T16:30:00+00:00,1.085275,1.085425,1.084775,1.08495,484
2024-01-17T16:35:00+00:00,1.08496,1.085765,1.08488,1.08572,632
2024-01-17T16:40:00+00:00,1.085715,1.086035,1.08561,1.085925,597
2024-01-17T16:45:00+00:00,1.08593,1.08607,1.08563,1.085645,721
2024-01-17T16:50:00+00:00,1.08565,1.085685,1.0853,1.08542,571
2024-01-17T16:55:00+00:00,1.085435,1.085995,1.085435,1.085735,434
2024-01-17T17:00:00+00:00,1.08574,1.086355,1.08574,1.0861,542
2024-01-17T17:05:00+00:00,1.08611,1.086245,1.0859,1.08621,411
2024-01-17T17:10:00+00:00,1.0862,1.086405,1.08597,1.08632,308
2024-01-17T17:15:00+00:00,1.08634,1.08644,1.086135,1.08638,386
2024-01-17T17:20:00+00:00,1.086375,1.08644,1.08619,1.0862,314
2024-01-17T17:25:00+00:00,1.086195,1.086245,1.085895,1.085905,274
2024-01-17T17:30:00+00:00,1.08591,1.08614,1.085685,1.086055,328
2024-01-17T17:35:00+00:00,1.086065,1.086465,1.086045,1.086355,393
2024-01-17T17:40:00+00:00,1.08635,1.086445,1.086115,1.08621,321
2024-01-17T17:45:00+00:00,1.086205,1.08684,1.0861,1.086705,397
2024-01-17T17:50:00+00:00,1.08672,1.086975,1.08667,1.08685,286
2024-01-17T17:55:00+00:00,1.086845,1.087005,1.08654,1.0867,378
2024-01-17T18:00:00+00:00,1.086715,1.086735,1.086255,1.086555,578
2024-01-17T18:05:00+00:00,1.086535,1.08657,1.08633,1.086355,431
2024-01-17T18:10:00+00:00,1.08636,1.086655,1.08621,1.08625,377
2024-01-17T18:15:00+00:00,1.086245,1.086245,1.085885,1.08589,404
2024-01-17T18:20:00+00:00,1.085895,1.08591,1.08567,1.085845,340
2024-01-17T18:25:00+00:00,1.085865,1.08598,1.085725,1.085855,282
2024-01-17T18:30:00+00:00,1.08586,1.086025,1.085755,1.08579,220
2024-01-17T18:35:00+00:00,1.085785,1.08599,1.085735,1.085805,315
2024-01-17T18:40:00+00:00,1.08581,1.08616,1.08566,1.086125,443
2024-01-17T18:45:00+00:00,1.08612,1.08625,1.08599,1.08609,382
2024-01-17T18:50:00+00:00,1.086105,1.086325,1.08588,1.086265,324
2024-01-17T18:55:00+00:00,1.08626,1.086735,1.086255,1.086585,335
2024-01-17T19:00:00+00:00,1.08659,1.08694,1.08659,1.08682,340
2024-01-17T19:05:00+00:00,1.0868,1.08707,1.086745,1.087055,353
2024-01-17T19:10:00+00:00,1.08703,1.08717,1.08692,1.087045,319
2024-01-17T19:15:00+00:00,1.08705,1.087225,1.08704,1.08715,167
2024-01-17T19:20:00+00:00,1.087165,1.087425,1.08715,1.087395,214
2024-01-17T19:25:00+00:00,1.087375,1.087455,1.08707,1.08714,264
2024-01-17T19:30:00+00:00,1.087145,1.08729,1.08707,1.08727,150
2024-01-17T19:35:00+00:00,1.087265,1.08747,1.087265,1.08744,318
2024-01-17T19:40:00+00:00,1.087445,1.08781,1.08738,1.087695,309
2024-01-17T19:45:00+00:00,1.0877,1.087885,1.08751,1.087555,274
2024-01-17T19:50:00+00:00,1.08755,1.08781,1.08753,1.0876,331
2024-01-17T19:55:00+00:00,1.087605,1.08771,1.08738,1.08739,346
2024-01-17T20:00:00+00:00,1.087385,1.087445,1.087315,1.087385,249
2024-01-17T20:05:00+00:00,1.08739,1.087575,1.08736,1.0874,150
2024-01-17T20:10:00+00:00,1.087425,1.087445,1.087155,1.08721,268
2024-01-17T20:15:00+00:00,1.087205,1.087435,1.087205,1.087345,240
2024-01-17T20:20:00+00:00,1.08735,1.08738,1.087065,1.087195,333
2024-01-17T20:25:00+00:00,1.087205,1.087285,1.087035,1.087285,241
2024-01-17T20:30:00+00:00,1.087295,1.087465,1.087295,1.08737,233
2024-01-17T20:35:00+00:00,1.08738,1.08775,1.08738,1.08771,181
2024-01-17T20:40:00+00:00,1.087715,1.08781,1.087695,1.087755,123
2024-01-17T20:45:00+00:00,1.08777,1.087945,1.08772,1.08791,89
2024-01-17T20:50:00+00:00,1.08792,1.088135,1.08789,1.088105,227
2024-01-17T20:55:00+00:00,1.0881,1.088215,1.088085,1.08811,306
2024-01-17T21:00:00+00:00,1.088105,1.088275,1.0881,1.08821,110
2024-01-17T21:05:00+00:00,1.08822,1.08822,1.0881,1.08811,72
2024-01-17T21:10:00+00:00,1.088115,1.088215,1.08809,1.088205,121
2024-01-17T21:15:00+00:00,1.08821,1.08823,1.08815,1.08815,46
2024-01-17T21:20:00+00:00,1.08816,1.088185,1.088145,1.08816,49
2024-01-17T21:25:00+00:00,1.088155,1.08821,1.088105,1.088205,112
2024-01-17T21:30:00+00:00,1.08821,1.088235,1.08815,1.088215,95
2024-01-17T21:35:00+00:00,1.08821,1.08822,1.08819,1.088195,142
2024-01-17T21:40:00+00:00,1.0882,1.088205,1.088105,1.08815,103
2024-01-17T21:45:00+00:00,1.088145,1.088175,1.08814,1.08816,199
2024-01-17T21:50:00+00:00,1.088165,1.088215,1.088155,1.088165,131
2024-01-17T21:55:00+00:00,1.08816,1.08828,1.088155,1.088255,210
2024-01-17T22:00:00+00:00,1.088245,1.08826,1.088175,1.088195,26
2024-01-17T22:05:00+00:00,1.08824,1.08829,1.088205,1.088205,58
2024-01-17T22:10:00+00:00,1.0882,1.088245,1.088145,1.088185,88
2024-01-17T22:15:00+00:00,1.088175,1.08824,1.088145,1.08822,228
2024-01-17T22:20:00+00:00,1.088215,1.088265,1.088145,1.08825,88
2024-01-17T22:25:00+00:00,1.08826,1.08827,1.08811,1.08811,71
2024-01-17T22:30:00+00:00,1.08813,1.08813,1.08802,1.088055,177
2024-01-17T22:35:00+00:00,1.088065,1.088235,1.088065,1.08815,171
2024-01-17T22:40:00+00:00,1.088165,1.088175,1.08805,1.088055,93
2024-01-17T22:45:00+00:00,1.08806,1.088195,1.088035,1.08819,498
2024-01-17T22:50:00+00:00,1.088195,1.08835,1.088195,1.08825,157
2024-01-17T22:55:00+00:00,1.08826,1.088285,1.088115,1.088165,842
2024-01-17T23:00:00+00:00,1.08817,1.088375,1.08817,1.08826,164
2024-01-17T23:05:00+00:00,1.08827,1.08833,1.08822,1.08822,91
2024-01-17T23:10:00+00:00,1.088215,1.08828,1.088185,1.088225,100
2024-01-17T23:15:00+00:00,1.08823,1.08837,1.08823,1.088365,93
2024-01-17T23:20:00+00:00,1.08836,1.088395,1.088315,1.08835,244
2024-01-17T23:25:00+00:00,1.088355,1.08842,1.08835,1.088375,204
2024-01-17T23:30:00+00:00,1.088385,1.088395,1.088365,1.08838,43
2024-01-17T23:35:00+00:00,1.08837,1.08838,1.088365,1.088365,15
2024-01-17T23:40:00+00:00,1.08837,1.088395,1.088365,1.08839,32
2024-01-17T23:45:00+00:00,1.08838,1.08847,1.088375,1.088465,60
2024-01-17T23:50:00+00:00,1.08846,1.08849,1.08845,1.08849,11
2024-01-17T23:55:00+00:00,1.088485,1.088615,1.088445,1.088615,128
2024-01-18T00:00:00+00:00,1.088625,1.088655,1.08851,1.088605,141
2024-01-18T00:05:00+00:00,1.08861,1.08862,1.088365,1.08841,114
2024-01-18T00:10:00+00:00,1.088415,1.088415,1.088225,1.08831,110
2024-01-18T00:15:00+00:00,1.088335,1.08854,1.08825,1.08836,163
2024-01-18T00:20:00+00:00,1.08838,1.0884,1.0883,1.08833,143
2024-01-18T00:25:00+00:00,1.088325,1.088435,1.08816,1.088255,187
2024-01-18T00:30:00+00:00,1.088235,1.08852,1.088035,1.088435,322
2024-01-18T00:35:00+00:00,1.088445,1.088485,1.088315,1.088435,144
2024-01-18T00:40:00+00:00,1.088425,1.08851,1.088305,1.088505,216
2024-01-18T00:45:00+00:00,1.08851,1.0888,1.088505,1.088765,172
2024-01-18T00:50:00+00:00,1.08876,1.089015,1.088705,1.08893,336
2024-01-18T00:55:00+00:00,1.088905,1.08943,1.088865,1.089395,418
2024-01-18T01:00:00+00:00,1.0894,1.089655,1.08925,1.08955,506
2024-01-18T01:05:00+00:00,1.089555,1.089795,1.08955,1.089765,304
2024-01-18T01:10:00+00:00,1.08977,1.090085,1.08976,1.089805,451
2024-01-18T01:15:00+00:00,1.0898,1.090005,1.0896,1.08989,568
2024-01-18T01:20:00+00:00,1.08987,1.0899,1.08954,1.089665,556
2024-01-18T01:25:00+00:00,1.08968,1.0898,1.08964,1.089785,494
2024-01-18T01:30:00+00:00,1.08979,1.08993,1.089745,1.08977,531
2024-01-18T01:35:00+00:00,1.089765,1.089975,1.089505,1.08955,459
2024-01-18T01:40:00+00:00,1.089545,1.089545,1.08934,1.08935,239
2024-01-18T01:45:00+00:00,1.089355,1.089405,1.08925,1.089365,206
2024-01-18T01:50:00+00:00,1.08936,1.08971,1.089295,1.08971,213
2024-01-18T01:55:00+00:00,1.089705,1.08986,1.089615,1.089615,181
2024-01-18T02:00:00+00:00,1.089625,1.089785,1.08959,1.089785,197
2024-01-18T02:05:00+00:00,1.089795,1.08993,1.089765,1.089845,232
2024-01-18T02:10:00+00:00,1.08984,1.090015,1.0898,1.09,172
2024-01-18T02:15:00+00:00,1.089995,1.0903,1.08994,1.08995,229
2024-01-18T02:20:00+00:00,1.089955,1.089955,1.089755,1.0898,291
2024-01-18T02:25:00+00:00,1.089795,1.089795,1.089505,1.089605,201
2024-01-18T02:30:00+00:00,1.0896,1.089655,1.089455,1.089655,157
2024-01-18T02:35:00+00:00,1.08966,1.08969,1.08959,1.089615,166
2024-01-18T02:40:00+00:00,1.08961,1.089695,1.08945,1.089565,164
2024-01-18T02:45:00+00:00,1.08955,1.08955,1.089365,1.08941,143
2024-01-18T02:50:00+00:00,1.089405,1.089465,1.08938,1.089465,163
2024-01-18T02:55:00+00:00,1.08946,1.08951,1.089315,1.089345,182
2024-01-18T03:00:00+00:00,1.08934,1.08946,1.08931,1.089355,198
2024-01-18T03:05:00+00:00,1.08936,1.08936,1.089065,1.089115,202
2024-01-18T03:10:00+00:00,1.089125,1.08926,1.089085,1.089155,163
2024-01-18T03:15:00+00:00,1.08915,1.089605,1.089135,1.08956,338
2024-01-18T03:20:00+00:00,1.089565,1.08982,1.08956,1.089705,326
2024-01-18T03:25:00+00:00,1.0897,1.089705,1.089535,1.089585,142
2024-01-18T03:30:00+00:00,1.089595,1.089645,1.08951,1.089555,106
2024-01-18T03:35:00+00:00,1.08953,1.0898,1.089425,1.089695,183
2024-01-18T03:40:00+00:00,1.089685,1.08973,1.08962,1.08966,182
2024-01-18T03:45:00+00:00,1.08967,1.089705,1.08961,1.08968,105
2024-01-18T03:50:00+00:00,1.089675,1.0897,1.089405,1.089495,147
2024-01-18T03:55:00+00:00,1.08948,1.089655,1.08946,1.089545,222
2024-01-18T04:00:00+00:00,1.08954,1.08958,1.08944,1.08951,178
2024-01-18T04:05:00+00:00,1.089515,1.089565,1.089455,1.089545,99
2024-01-18T04:10:00+00:00,1.08952,1.08955,1.089365,1.089365,70
2024-01-18T04:15:00+00:00,1.08935,1.089365,1.089275,1.0893,169
2024-01-18T04:20:00+00:00,1.089305,1.08936,1.08913,1.089355,110
2024-01-18T04:25:00+00:00,1.089365,1.089495,1.08936,1.089435,172
2024-01-18T04:30:00+00:00,1.08944,1.08946,1.089245,1.08926,99
2024-01-18T04:35:00+00:00,1.089245,1.089365,1.089215,1.08936,96
2024-01-18T04:40:00+00:00,1.089365,1.08948,1.089365,1.089385,179
2024-01-18T04:45:00+00:00,1.089375,1.08948,1.08934,1.08946,129
2024-01-18T04:50:00+00:00,1.08947,1.08956,1.08946,1.089515,160
2024-01-18T04:55:00+00:00,1.08954,1.089635,1.089405,1.08942,89
2024-01-18T05:00:00+00:00,1.089415,1.089625,1.089415,1.089515,199
2024-01-18T05:05:00+00:00,1.089505,1.089505,1.089265,1.089265,202
2024-01-18T05:10:00+00:00,1.089255,1.089315,1.089135,1.089165,105
2024-01-18T05:15:00+00:00,1.08915,1.089325,1.08915,1.08929,61
2024-01-18T05:20:00+00:00,1.0893,1.08935,1.08919,1.089315,140
2024-01-18T05:25:00+00:00,1.08931,1.08931,1.08917,1.089205,210
2024-01-18T05:30:00+00:00,1.0892,1.089215,1.089055,1.08919,168
2024-01-18T05:35:00+00:00,1.089195,1.08941,1.089195,1.08938,200
2024-01-18T05:40:00+00:00,1.089375,1.08954,1.089375,1.08941,122
2024-01-18T05:45:00+00:00,1.089405,1.089405,1.08925,1.089365,241
2024-01-18T05:50:00+00:00,1.08936,1.08955,1.089335,1.089405,150
2024-01-18T05:55:00+00:00,1.08941,1.089605,1.089345,1.08949,201
2024-01-18T06:00:00+00:00,1.0895,1.089865,1.089485,1.089845,247
2024-01-18T06:05:00+00:00,1.08984,1.09033,1.089805,1.09025,221
2024-01-18T06:10:00+00:00,1.09027,1.090635,1.09015,1.09017,335
2024-01-18T06:15:00+00:00,1.09015,1.09047,1.090135,1.09033,263
2024-01-18T06:20:00+00:00,1.090325,1.09056,1.09018,1.090405,273
2024-01-18T06:25:00+00:00,1.09041,1.090615,1.09035,1.09052,231
2024-01-18T06:30:00+00:00,1.090525,1.090575,1.09027,1.090405,141
2024-01-18T06:35:00+00:00,1.090395,1.09054,1.09031,1.090365,138
2024-01-18T06:40:00+00:00,1.09037,1.090525,1.0903,1.090365,232
2024-01-18T06:45:00+00:00,1.09036,1.09044,1.090265,1.09031,225
2024-01-18T06:50:00+00:00,1.090315,1.090685,1.090315,1.090615,226
2024-01-18T06:55:00+00:00,1.090635,1.090645,1.09038,1.090405,258
2024-01-18T07:00:00+00:00,1.09041,1.090475,1.0901,1.090455,344
2024-01-18T07:05:00+00:00,1.09046,1.09064,1.090385,1.09046,262
2024-01-18T07:10:00+00:00,1.09044,1.090465,1.090035,1.090075,244
2024-01-18T07:15:00+00:00,1.09007,1.0903,1.089985,1.09001,287
2024-01-18T07:20:00+00:00,1.090005,1.09007,1.089735,1.089795,281
2024-01-18T07:25:00+00:00,1.08979,1.089805,1.089535,1.08962,427
2024-01-18T07:30:00+00:00,1.08962,1.08962,1.0892,1.089255,466
2024-01-18T07:35:00+00:00,1.08928,1.08932,1.089105,1.089165,394
2024-01-18T07:40:00+00:00,1.089155,1.08938,1.089065,1.089365,255
2024-01-18T07:45:00+00:00,1.08936,1.089665,1.08933,1.08936,306
2024-01-18T07:50:00+00:00,1.089365,1.089385,1.08904,1.08904,277
2024-01-18T07:55:00+00:00,1.089035,1.08904,1.08864,1.088825,438
2024-01-18T08:00:00+00:00,1.088785,1.088905,1.088565,1.08865,641
2024-01-18T08:05:00+00:00,1.088645,1.08871,1.08819,1.088195,577
2024-01-18T08:10:00+00:00,1.08819,1.08837,1.08797,1.08806,521
2024-01-18T08:15:00+00:00,1.088055,1.088525,1.08787,1.088115,495
2024-01-18T08:20:00+00:00,1.08811,1.08854,1.088055,1.088435,389
2024-01-18T08:25:00+00:00,1.088435,1.08863,1.08816,1.08854,370
2024-01-18T08:30:00+00:00,1.088535,1.088545,1.08797,1.08797,343
2024-01-18T08:35:00+00:00,1.08798,1.088185,1.087755,1.08778,375
2024-01-18T08:40:00+00:00,1.08779,1.088055,1.087775,1.08794,377
2024-01-18T08:45:00+00:00,1.08795,1.0883,1.08795,1.088175,391
2024-01-18T08:50:00+00:00,1.08815,1.08847,1.088095,1.08817,350
2024-01-18T08:55:00+00:00,1.088175,1.088195,1.087875,1.08799,448
2024-01-18T09:00:00+00:00,1.087985,1.087985,1.08767,1.08783,556
2024-01-18T09:05:00+00:00,1.08782,1.08804,1.087765,1.087885,416
2024-01-18T09:10:00+00:00,1.0879,1.088535,1.087775,1.088515,561
2024-01-18T09:15:00+00:00,1.0885,1.08879,1.08841,1.08873,456
2024-01-18T09:20:00+00:00,1.088725,1.088935,1.088535,1.088895,431
2024-01-18T09:25:00+00:00,1.08889,1.089475,1.08878,1.08942,495
2024-01-18T09:30:00+00:00,1.089405,1.08996,1.089395,1.08947,533
2024-01-18T09:35:00+00:00,1.089475,1.08958,1.089275,1.0894,416
2024-01-18T09:40:00+00:00,1.089405,1.08962,1.08931,1.0894,363
2024-01-18T09:45:00+00:00,1.089395,1.08943,1.089085,1.089095,397
2024-01-18T09:50:00+00:00,1.08909,1.08912,1.08869,1.08872,387
2024-01-18T09:55:00+00:00,1.088725,1.08884,1.0884,1.088465,364
2024-01-18T10:00:00+00:00,1.08846,1.088875,1.088295,1.088855,374
2024-01-18T10:05:00+00:00,1.088865,1.089215,1.088865,1.089085,451
2024-01-18T10:10:00+00:00,1.089075,1.089275,1.088905,1.08899,387
2024-01-18T10:15:00+00:00,1.088985,1.088985,1.08876,1.08897,212
2024-01-18T10:20:00+00:00,1.088965,1.089075,1.08881,1.08889,279
2024-01-18T10:25:00+00:00,1.088905,1.08907,1.08878,1.08907,255
2024-01-18T10:30:00+00:00,1.089075,1.089215,1.08889,1.0889,264
2024-01-18T10:35:00+00:00,1.088895,1.089015,1.08876,1.088835,296
2024-01-18T10:40:00+00:00,1.08883,1.08904,1.088765,1.089025,221
2024-01-18T10:45:00+00:00,1.089015,1.0892,1.0889,1.089185,269
2024-01-18T10:50:00+00:00,1.089215,1.089605,1.089215,1.089495,316
2024-01-18T10:55:00+00:00,1.089485,1.089575,1.089365,1.08951,349
2024-01-18T11:00:00+00:00,1.0895,1.089545,1.089185,1.08942,301
2024-01-18T11:05:00+00:00,1.089425,1.089425,1.088825,1.088945,359
2024-01-18T11:10:00+00:00,1.08895,1.088985,1.088785,1.088785,257
2024-01-18T11:15:00+00:00,1.08876,1.0888,1.088645,1.0888,215
2024-01-18T11:20:00+00:00,1.088805,1.0889,1.088795,1.08888,193
2024-01-18T11:25:00+00:00,1.08887,1.089095,1.088835,1.08904,225
2024-01-18T11:30:00+00:00,1.089045,1.089085,1.088645,1.08877,340
2024-01-18T11:35:00+00:00,1.088765,1.08906,1.088745,1.088925,251
2024-01-18T11:40:00+00:00,1.08893,1.088955,1.088665,1.088785,332
2024-01-18T11:45:00+00:00,1.08877,1.08886,1.08868,1.08873,154
2024-01-18T11:50:00+00:00,1.088755,1.088905,1.088475,1.088585,195
2024-01-18T11:55:00+00:00,1.088575,1.088945,1.088535,1.08892,356
2024-01-18T12:00:00+00:00,1.088915,1.089135,1.08888,1.089135,379
2024-01-18T12:05:00+00:00,1.08914,1.089395,1.08914,1.08922,347
2024-01-18T12:10:00+00:00,1.089215,1.08928,1.088825,1.0889,392
2024-01-18T12:15:00+00:00,1.088895,1.088945,1.08872,1.088855,314
2024-01-18T12:20:00+00:00,1.08884,1.089,1.0888,1.08888,262
2024-01-18T12:25:00+00:00,1.088885,1.08895,1.088625,1.08867,200
2024-01-18T12:30:00+00:00,1.088665,1.088665,1.088105,1.08829,481
2024-01-18T12:35:00+00:00,1.088285,1.08834,1.088,1.08826,352
2024-01-18T12:40:00+00:00,1.088255,1.08838,1.087805,1.087875,306
2024-01-18T12:45:00+00:00,1.08788,1.08799,1.087505,1.08759,303
2024-01-18T12:50:00+00:00,1.087585,1.0879,1.08752,1.0879,370
2024-01-18T12:55:00+00:00,1.087905,1.087945,1.087465,1.08775,624
2024-01-18T13:00:00+00:00,1.087745,1.087755,1.087355,1.0875,643
2024-01-18T13:05:00+00:00,1.087505,1.087765,1.087435,1.08744,427
2024-01-18T13:10:00+00:00,1.087445,1.08753,1.087145,1.08721,428
2024-01-18T13:15:00+00:00,1.087225,1.08736,1.0869,1.087065,655
2024-01-18T13:20:00+00:00,1.08706,1.087175,1.08682,1.086975,571
2024-01-18T13:25:00+00:00,1.086965,1.087035,1.08661,1.086695,477
2024-01-18T13:30:00+00:00,1.08672,1.087165,1.08526,1.08706,2008
2024-01-18T13:35:00+00:00,1.087055,1.087445,1.08595,1.08602,1416
2024-01-18T13:40:00+00:00,1.086025,1.086105,1.085505,1.085635,1037
2024-01-18T13:45:00+00:00,1.085625,1.08604,1.085535,1.08604,991
2024-01-18T13:50:00+00:00,1.086045,1.086565,1.08592,1.0864,1146
2024-01-18T13:55:00+00:00,1.086395,1.086405,1.08506,1.085255,902
2024-01-18T14:00:00+00:00,1.08525,1.085765,1.085195,1.085355,956
2024-01-18T14:05:00+00:00,1.08536,1.086065,1.08536,1.086025,863
2024-01-18T14:10:00+00:00,1.08602,1.086895,1.085935,1.086535,971
2024-01-18T14:15:00+00:00,1.08653,1.086545,1.085515,1.085765,856
2024-01-18T14:20:00+00:00,1.085755,1.086315,1.085645,1.08631,710
2024-01-18T14:25:00+00:00,1.086315,1.08649,1.085815,1.086405,827
2024-01-18T14:30:00+00:00,1.086385,1.086845,1.086145,1.08621,1270
2024-01-18T14:35:00+00:00,1.08623,1.086385,1.08549,1.085545,1211
2024-01-18T14:40:00+00:00,1.08553,1.085955,1.08505,1.08505,1322
2024-01-18T14:45:00+00:00,1.085055,1.08549,1.08494,1.0852,1210
2024-01-18T14:50:00+00:00,1.085185,1.08586,1.08504,1.085725,1036
2024-01-18T14:55:00+00:00,1.08572,1.08599,1.08544,1.085955,990
2024-01-18T16:00:00+00:00,1.085205,1.08551,1.08505,1.085355,874
2024-01-18T16:05:00+00:00,1.08536,1.085935,1.08523,1.08572,606
2024-01-18T16:10:00+00:00,1.085715,1.086115,1.08566,1.08605,747
2024-01-18T16:15:00+00:00,1.086055,1.08646,1.086015,1.086225,565
2024-01-18T16:20:00+00:00,1.086235,1.08659,1.08621,1.08644,568
2024-01-18T16:25:00+00:00,1.08645,1.086805,1.086385,1.086785,474
2024-01-18T16:30:00+00:00,1.08679,1.087015,1.086655,1.086845,580
2024-01-18T16:35:00+00:00,1.08685,1.086935,1.086615,1.08664,380
2024-01-18T16:40:00+00:00,1.086645,1.08675,1.086355,1.086445,482
2024-01-18T16:45:00+00:00,1.08645,1.086655,1.086025,1.08609,482
2024-01-18T16:50:00+00:00,1.086095,1.08651,1.08607,1.08637,488
2024-01-18T16:55:00+00:00,1.086375,1.086405,1.086005,1.08619,480
2024-01-18T15:00:00+00:00,1.08596,1.086305,1.08535,1.08546,1192
2024-01-18T15:05:00+00:00,1.085465,1.086205,1.08532,1.08576,1133
2024-01-18T15:10:00+00:00,1.08577,1.086285,1.085555,1.0861,1113
2024-01-18T15:15:00+00:00,1.086105,1.08672,1.08599,1.086255,1047
2024-01-18T15:20:00+00:00,1.08625,1.08631,1.085685,1.085775,837
2024-01-18T15:25:00+00:00,1.085785,1.08609,1.085615,1.08607,716
2024-01-18T15:30:00+00:00,1.08608,1.086485,1.085865,1.086255,867
2024-01-18T15:35:00+00:00,1.08625,1.086815,1.086205,1.086695,843
2024-01-18T15:40:00+00:00,1.086705,1.086705,1.08621,1.086525,777
2024-01-18T15:45:00+00:00,1.086545,1.08657,1.08561,1.085795,905
2024-01-18T15:50:00+00:00,1.085795,1.08598,1.085165,1.08518,862
2024-01-18T15:55:00+00:00,1.085175,1.0854,1.08468,1.08522,955
2024-01-18T17:00:00+00:00,1.086185,1.086185,1.08541,1.085435,749
2024-01-18T17:05:00+00:00,1.08542,1.08558,1.08509,1.08514,625
2024-01-18T17:10:00+00:00,1.085135,1.085585,1.08502,1.08555,535
2024-01-18T17:15:00+00:00,1.08556,1.085845,1.085545,1.08568,396
2024-01-18T17:20:00+00:00,1.085685,1.08591,1.085585,1.085895,390
2024-01-18T17:25:00+00:00,1.0859,1.08598,1.085795,1.0859,382
2024-01-18T17:30:00+00:00,1.085905,1.085935,1.08559,1.085645,384
2024-01-18T17:35:00+00:00,1.08562,1.08618,1.08557,1.086165,343
2024-01-18T17:40:00+00:00,1.08617,1.086345,1.085985,1.08634,295
2024-01-18T17:45:00+00:00,1.086345,1.08645,1.08625,1.086255,239
2024-01-18T17:50:00+00:00,1.086265,1.086265,1.085985,1.086075,319
2024-01-18T17:55:00+00:00,1.08607,1.08608,1.085905,1.08597,217
2024-01-18T18:00:00+00:00,1.08592,1.086035,1.085545,1.085945,381
2024-01-18T18:05:00+00:00,1.085925,1.08601,1.08559,1.085675,384
2024-01-18T18:10:00+00:00,1.08566,1.08575,1.08546,1.08564,384
2024-01-18T18:15:00+00:00,1.08562,1.08572,1.085435,1.08553,425
2024-01-18T18:20:00+00:00,1.085525,1.08597,1.085465,1.08591,466
2024-01-18T18:25:00+00:00,1.085915,1.08604,1.08573,1.085885,456
2024-01-18T18:30:00+00:00,1.08588,1.085925,1.085745,1.08588,283
2024-01-18T18:35:00+00:00,1.08587,1.086195,1.08587,1.08606,229
2024-01-18T18:40:00+00:00,1.08604,1.08628,1.08604,1.086205,287
2024-01-18T18:45:00+00:00,1.08621,1.086285,1.08604,1.086235,287
2024-01-18T18:50:00+00:00,1.086245,1.086515,1.086215,1.08651,443
2024-01-18T18:55:00+00:00,1.086505,1.086595,1.08638,1.086385,435
2024-01-18T19:00:00+00:00,1.08637,1.08656,1.086245,1.086555,444
2024-01-18T19:05:00+00:00,1.08656,1.086805,1.086425,1.086715,405
2024-01-18T19:10:00+00:00,1.08671,1.08682,1.086595,1.086605,313
2024-01-18T19:15:00+00:00,1.0866,1.08662,1.08626,1.08648,272
2024-01-18T19:20:00+00:00,1.0865,1.086745,1.086255,1.08667,406
2024-01-18T19:25:00+00:00,1.086685,1.086815,1.08658,1.08678,363
2024-01-18T19:30:00+00:00,1.086775,1.08692,1.086625,1.086625,469
2024-01-18T19:35:00+00:00,1.086615,1.086755,1.08644,1.086525,351
2024-01-18T19:40:00+00:00,1.086535,1.08661,1.08616,1.08622,374
2024-01-18T19:45:00+00:00,1.086215,1.08625,1.086015,1.08625,232
2024-01-18T19:50:00+00:00,1.08626,1.086365,1.08613,1.08633,199
2024-01-18T19:55:00+00:00,1.08635,1.08651,1.086135,1.086185,339
2024-01-18T20:00:00+00:00,1.08618,1.08629,1.08608,1.086275,361
2024-01-18T20:05:00+00:00,1.08627,1.086605,1.086215,1.086545,347
2024-01-18T20:10:00+00:00,1.08655,1.08656,1.086305,1.08638,359
2024-01-18T20:15:00+00:00,1.086375,1.08666,1.086365,1.08661,233
2024-01-18T20:20:00+00:00,1.086605,1.0867,1.08654,1.086615,224
2024-01-18T20:25:00+00:00,1.08661,1.086715,1.08654,1.086655,285
2024-01-18T20:30:00+00:00,1.08666,1.08681,1.08661,1.0867,272
2024-01-18T20:35:00+00:00,1.086705,1.08678,1.086485,1.086485,169
2024-01-18T20:40:00+00:00,1.086475,1.08658,1.086415,1.086505,289
2024-01-18T20:45:00+00:00,1.0865,1.08661,1.08639,1.086555,282
2024-01-18T20:50:00+00:00,1.086535,1.086855,1.08651,1.08675,352
2024-01-18T20:55:00+00:00,1.086745,1.086945,1.086635,1.08691,470
2024-01-18T21:00:00+00:00,1.08691,1.086935,1.08685,1.08686,170
2024-01-18T21:05:00+00:00,1.086875,1.086985,1.086875,1.086985,116
2024-01-18T21:10:00+00:00,1.08698,1.0872,1.086975,1.0872,106
2024-01-18T21:15:00+00:00,1.087205,1.087335,1.087205,1.087295,146
2024-01-18T21:20:00+00:00,1.08731,1.087485,1.08731,1.0874,186
2024-01-18T21:25:00+00:00,1.08741,1.087525,1.087405,1.087425,217
2024-01-18T21:30:00+00:00,1.08743,1.087645,1.08742,1.087645,243
2024-01-18T21:35:00+00:00,1.08765,1.087745,1.087635,1.087695,147
2024-01-18T21:40:00+00:00,1.0877,1.08772,1.08765,1.087655,115
2024-01-18T21:45:00+00:00,1.08765,1.087655,1.08746,1.08751,182
2024-01-18T21:50:00+00:00,1.087505,1.087585,1.087475,1.08755,104
2024-01-18T21:55:00+00:00,1.08754,1.08766,1.08754,1.08763,273
2024-01-18T22:00:00+00:00,1.087645,1.087645,1.08724,1.087505,60
2024-01-18T22:05:00+00:00,1.087455,1.08763,1.08737,1.08742,73
2024-01-18T22:10:00+00:00,1.087455,1.08751,1.087215,1.08733,375
2024-01-18T22:15:00+00:00,1.08734,1.087645,1.08727,1.087385,251
2024-01-18T22:20:00+00:00,1.08739,1.08757,1.087325,1.08752,167
2024-01-18T22:25:00+00:00,1.087515,1.08758,1.087485,1.087545,115
2024-01-18T22:30:00+00:00,1.087535,1.08762,1.087505,1.087615,231
2024-01-18T22:35:00+00:00,1.08762,1.087635,1.08755,1.08761,151
2024-01-18T22:40:00+00:00,1.087605,1.087625,1.08739,1.087525,302
2024-01-18T22:45:00+00:00,1.08753,1.087545,1.087445,1.087475,76
2024-01-18T22:50:00+00:00,1.087485,1.087645,1.087305,1.087635,234
2024-01-18T22:55:00+00:00,1.08764,1.08764,1.087305,1.087405,302
2024-01-19T00:00:00+00:00,1.088015,1.088045,1.08778,1.0879,150
2024-01-19T00:05:00+00:00,1.087915,1.08805,1.087915,1.08799,111
2024-01-19T00:10:00+00:00,1.087985,1.087995,1.087835,1.08793,114
2024-01-19T00:15:00+00:00,1.087935,1.08807,1.087885,1.088045,67
2024-01-19T00:20:00+00:00,1.08806,1.088125,1.08797,1.08803,138
2024-01-19T00:25:00+00:00,1.088045,1.088155,1.087995,1.08808,102
2024-01-19T00:30:00+00:00,1.088095,1.088185,1.087865,1.08794,214
2024-01-19T00:35:00+00:00,1.087945,1.08803,1.087885,1.08799,179
2024-01-19T00:40:00+00:00,1.087995,1.088065,1.08794,1.087985,154
2024-01-19T00:45:00+00:00,1.08798,1.08814,1.087915,1.087945,138
2024-01-19T00:50:00+00:00,1.08796,1.088115,1.08784,1.08809,209
2024-01-19T00:55:00+00:00,1.088115,1.08815,1.087965,1.087995,148
2024-01-18T23:00:00+00:00,1.087415,1.087805,1.087415,1.087755,116
2024-01-18T23:05:00+00:00,1.08775,1.08778,1.087735,1.08775,41
2024-01-18T23:10:00+00:00,1.087755,1.08791,1.08767,1.08786,96
2024-01-18T23:15:00+00:00,1.087835,1.08788,1.0878,1.08782,125
2024-01-18T23:20:00+00:00,1.087845,1.08788,1.08781,1.08782,62
2024-01-18T23:25:00+00:00,1.087825,1.087915,1.087755,1.087755,138
2024-01-18T23:30:00+00:00,1.08774,1.08774,1.087485,1.0875,95
2024-01-18T23:35:00+00:00,1.087495,1.087655,1.087495,1.087615,67
2024-01-18T23:40:00+00:00,1.08761,1.087655,1.08756,1.0876,32
2024-01-18T23:45:00+00:00,1.08761,1.087645,1.08757,1.087575,90
2024-01-18T23:50:00+00:00,1.08758,1.087845,1.087575,1.087795,86
2024-01-18T23:55:00+00:00,1.08779,1.08805,1.08776,1.08801,121
2024-01-19T01:00:00+00:00,1.088,1.088075,1.087875,1.087935,186
2024-01-19T01:05:00+00:00,1.087915,1.087915,1.087625,1.08766,182
2024-01-19T01:10:00+00:00,1.087665,1.08806,1.08765,1.08802,139
2024-01-19T01:15:00+00:00,1.08803,1.08816,1.0879,1.087965,257
2024-01-19T01:20:00+00:00,1.08797,1.088015,1.087785,1.088015,288
2024-01-19T01:25:00+00:00,1.088005,1.088095,1.08772,1.088005,220
2024-01-19T01:30:00+00:00,1.08801,1.088335,1.088005,1.08831,206
2024-01-19T01:35:00+00:00,1.088295,1.088355,1.088225,1.088315,215
2024-01-19T01:40:00+00:00,1.088305,1.08874,1.0883,1.088665,253
2024-01-19T01:45:00+00:00,1.08867,1.088725,1.08839,1.088455,228
2024-01-19T01:50:00+00:00,1.088445,1.088595,1.0884,1.088565,180
2024-01-19T01:55:00+00:00,1.08857,1.08859,1.088445,1.088565,250
2024-01-19T02:00:00+00:00,1.08856,1.08867,1.088495,1.088605,252
2024-01-19T02:05:00+00:00,1.0886,1.08862,1.088445,1.0885,158
2024-01-19T02:10:00+00:00,1.08851,1.088565,1.08841,1.08854,160
2024-01-19T02:15:00+00:00,1.08851,1.08851,1.08827,1.088315,147
2024-01-19T02:20:00+00:00,1.08833,1.088745,1.088305,1.08872,122
2024-01-19T02:25:00+00:00,1.088725,1.08888,1.088595,1.08886,262
2024-01-19T02:30:00+00:00,1.088855,1.088905,1.088695,1.088745,128
2024-01-19T02:35:00+00:00,1.088725,1.088755,1.08867,1.08874,220
2024-01-19T02:40:00+00:00,1.088745,1.08885,1.088665,1.088785,206
2024-01-19T02:45:00+00:00,1.088795,1.088965,1.088715,1.088965,210
2024-01-19T02:50:00+00:00,1.08897,1.08897,1.08887,1.088905,116
2024-01-19T02:55:00+00:00,1.08891,1.088965,1.08881,1.08882,184
2024-01-19T03:00:00+00:00,1.088825,1.08887,1.088775,1.088795,182
2024-01-19T03:05:00+00:00,1.0888,1.08888,1.088765,1.088795,152
2024-01-19T03:10:00+00:00,1.0888,1.088895,1.088775,1.088815,176
2024-01-19T03:15:00+00:00,1.08881,1.08894,1.088805,1.088915,150
2024-01-19T03:20:00+00:00,1.08891,1.088915,1.08876,1.088805,90
2024-01-19T03:25:00+00:00,1.0888,1.088805,1.088735,1.088745,102
2024-01-19T03:30:00+00:00,1.08875,1.088755,1.088555,1.08862,174
2024-01-19T03:35:00+00:00,1.08861,1.08872,1.088595,1.08871,81
2024-01-19T03:40:00+00:00,1.088705,1.08873,1.0886,1.0887,82
2024-01-19T03:45:00+00:00,1.08871,1.088775,1.088665,1.088745,104
2024-01-19T03:50:00+00:00,1.08875,1.08891,1.088725,1.08891,57
2024-01-19T03:55:00+00:00,1.08889,1.08891,1.08883,1.088905,74
2024-01-19T04:00:00+00:00,1.08891,1.08895,1.088795,1.088815,108
2024-01-19T04:05:00+00:00,1.088825,1.088895,1.088825,1.08883,74
2024-01-19T04:10:00+00:00,1.088825,1.088825,1.088735,1.088745,156
2024-01-19T04:15:00+00:00,1.08876,1.088795,1.08872,1.08872,78
2024-01-19T04:20:00+00:00,1.08873,1.08873,1.088685,1.088695,91
2024-01-19T04:25:00+00:00,1.0887,1.0887,1.088555,1.088645,66
2024-01-19T04:30:00+00:00,1.08865,1.088705,1.08863,1.08864,31
2024-01-19T04:35:00+00:00,1.08865,1.088655,1.088635,1.088655,42
2024-01-19T04:40:00+00:00,1.08866,1.08882,1.08865,1.088805,93
2024-01-19T04:45:00+00:00,1.08881,1.088815,1.0887,1.088755,56
2024-01-19T04:50:00+00:00,1.08875,1.088795,1.08869,1.0887,76
2024-01-19T04:55:00+00:00,1.088695,1.0887,1.088655,1.08866,91
2024-01-19T05:00:00+00:00,1.088665,1.08871,1.088635,1.08865,159
2024-01-19T05:05:00+00:00,1.088645,1.08869,1.088535,1.088665,137
2024-01-19T05:10:00+00:00,1.08866,1.08871,1.088615,1.0887,137
2024-01-19T05:15:00+00:00,1.088705,1.08871,1.08858,1.088585,86
2024-01-19T05:20:00+00:00,1.08858,1.088675,1.088485,1.08854,140
2024-01-19T05:25:00+00:00,1.088535,1.08855,1.08839,1.08845,147
2024-01-19T05:30:00+00:00,1.088445,1.08849,1.0883,1.0883,237
2024-01-19T05:35:00+00:00,1.08829,1.08834,1.088205,1.088245,183
2024-01-19T05:40:00+00:00,1.08825,1.08825,1.08796,1.088145,211
2024-01-19T05:45:00+00:00,1.08814,1.08821,1.08812,1.0882,93
2024-01-19T05:50:00+00:00,1.088195,1.088205,1.08806,1.088095,183
2024-01-19T05:55:00+00:00,1.08809,1.08814,1.088015,1.088095,170
2024-01-19T06:00:00+00:00,1.0881,1.0881,1.087865,1.088,226
2024-01-19T06:05:00+00:00,1.087995,1.08808,1.087905,1.088,220
2024-01-19T06:10:00+00:00,1.087995,1.087995,1.087865,1.08797,212
2024-01-19T06:15:00+00:00,1.08798,1.08817,1.087975,1.088055,172
2024-01-19T06:20:00+00:00,1.08804,1.08804,1.08786,1.08786,147
2024-01-19T06:25:00+00:00,1.087855,1.08786,1.08766,1.087745,190
2024-01-19T06:30:00+00:00,1.08774,1.087755,1.087555,1.0877,255
2024-01-19T06:35:00+00:00,1.087695,1.087915,1.087695,1.087905,163
2024-01-19T06:40:00+00:00,1.08791,1.087965,1.08776,1.08791,156
2024-01-19T06:45:00+00:00,1.087905,1.08797,1.087855,1.087955,145
2024-01-19T06:50:00+00:00,1.08796,1.08815,1.087935,1.08805,165
2024-01-19T06:55:00+00:00,1.08804,1.08824,1.088015,1.08811,181
2024-01-19T07:00:00+00:00,1.088115,1.08829,1.08769,1.08825,584
2024-01-19T07:05:00+00:00,1.08824,1.08827,1.08777,1.0878,409
2024-01-19T07:10:00+00:00,1.087795,1.087815,1.087465,1.08766,337
2024-01-19T07:15:00+00:00,1.087665,1.087845,1.087625,1.08779,325
2024-01-19T07:20:00+00:00,1.087785,1.08805,1.08773,1.08789,265
2024-01-19T07:25:00+00:00,1.08788,1.08798,1.08775,1.087855,220
2024-01-19T07:30:00+00:00,1.08786,1.088205,1.08779,1.087995,247
2024-01-19T07:35:00+00:00,1.08799,1.088465,1.087945,1.088295,363
2024-01-19T07:40:00+00:00,1.088285,1.088635,1.088215,1.08857,292
2024-01-19T07:45:00+00:00,1.08856,1.088565,1.088285,1.0883,231
2024-01-19T07:50:00+00:00,1.08829,1.08841,1.088205,1.08821,282
2024-01-19T07:55:00+00:00,1.088175,1.088175,1.08788,1.08795,321
2024-01-19T08:00:00+00:00,1.087945,1.088195,1.08768,1.087915,479
2024-01-19T08:05:00+00:00,1.08791,1.08816,1.087785,1.087785,355
2024-01-19T08:10:00+00:00,1.08779,1.0881,1.08775,1.08795,360
2024-01-19T08:15:00+00:00,1.087945,1.08795,1.087335,1.087335,462
2024-01-19T08:20:00+00:00,1.08735,1.08748,1.087325,1.087435,236
2024-01-19T08:25:00+00:00,1.087415,1.087415,1.087155,1.08725,330
2024-01-19T08:30:00+00:00,1.087255,1.0873,1.08682,1.08708,449
2024-01-19T08:35:00+00:00,1.087065,1.087385,1.08706,1.08729,230
2024-01-19T08:40:00+00:00,1.087295,1.087295,1.087025,1.08703,233
2024-01-19T08:45:00+00:00,1.087015,1.087335,1.086915,1.08731,256
2024-01-19T08:50:00+00:00,1.08732,1.08764,1.08717,1.087605,339
2024-01-19T08:55:00+00:00,1.08762,1.08795,1.08748,1.087725,456
2024-01-19T09:00:00+00:00,1.08773,1.08777,1.087225,1.087245,546
2024-01-19T09:05:00+00:00,1.08725,1.087525,1.08715,1.087415,456
2024-01-19T09:10:00+00:00,1.08742,1.08765,1.087245,1.08763,443
2024-01-19T09:15:00+00:00,1.087615,1.08785,1.087615,1.08784,340
2024-01-19T09:20:00+00:00,1.087845,1.08813,1.087795,1.08811,240
2024-01-19T09:25:00+00:00,1.088095,1.088465,1.088085,1.0884,491
2024-01-19T09:30:00+00:00,1.088405,1.088425,1.088145,1.08823,411
2024-01-19T09:35:00+00:00,1.088235,1.088405,1.08816,1.08823,377
2024-01-19T09:40:00+00:00,1.08822,1.08823,1.087625,1.08764,341
2024-01-19T09:45:00+00:00,1.08763,1.08789,1.087595,1.087885,203
2024-01-19T09:50:00+00:00,1.087895,1.088495,1.087895,1.088325,255
2024-01-19T09:55:00+00:00,1.08833,1.08841,1.088145,1.0883,337
2024-01-19T10:00:00+00:00,1.08828,1.0885,1.088135,1.08842,402
2024-01-19T10:05:00+00:00,1.08843,1.08843,1.087835,1.087835,371
2024-01-19T10:10:00+00:00,1.08784,1.087985,1.08756,1.0876,379
2024-01-19T10:15:00+00:00,1.087605,1.087825,1.0876,1.08774,312
2024-01-19T10:20:00+00:00,1.08775,1.087845,1.08758,1.087715,365
2024-01-19T10:25:00+00:00,1.08771,1.08772,1.08751,1.087535,243
2024-01-19T10:30:00+00:00,1.08753,1.087745,1.08731,1.087745,314
2024-01-19T10:35:00+00:00,1.087755,1.088075,1.08773,1.08791,356
2024-01-19T10:40:00+00:00,1.087915,1.088015,1.087775,1.08787,266
2024-01-19T10:45:00+00:00,1.087865,1.08811,1.08785,1.08811,163
2024-01-19T10:50:00+00:00,1.088105,1.08827,1.08801,1.088165,278
2024-01-19T10:55:00+00:00,1.08816,1.088265,1.088085,1.088095,312
2024-01-19T11:00:00+00:00,1.0881,1.08814,1.08792,1.087995,257
2024-01-19T11:05:00+00:00,1.088,1.08819,1.087945,1.08819,211
2024-01-19T11:10:00+00:00,1.088195,1.088755,1.088185,1.088695,364
2024-01-19T11:15:00+00:00,1.088675,1.08872,1.08844,1.08866,211
2024-01-19T11:20:00+00:00,1.088655,1.08889,1.08853,1.088695,280
2024-01-19T11:25:00+00:00,1.08869,1.088975,1.08864,1.088905,194
2024-01-19T11:30:00+00:00,1.08891,1.089315,1.08883,1.08905,279
2024-01-19T11:35:00+00:00,1.089045,1.08906,1.088625,1.088785,212
2024-01-19T11:40:00+00:00,1.08878,1.088805,1.08863,1.088735,233
2024-01-19T11:45:00+00:00,1.08872,1.08884,1.088555,1.08856,221
2024-01-19T11:50:00+00:00,1.088565,1.08888,1.088565,1.08869,171
2024-01-19T11:55:00+00:00,1.08866,1.0888,1.08853,1.088745,226
2024-01-19T12:00:00+00:00,1.08874,1.088805,1.08852,1.088575,374
2024-01-19T12:05:00+00:00,1.08858,1.088585,1.08816,1.088295,231
2024-01-19T12:10:00+00:00,1.08831,1.08849,1.088225,1.088345,276
2024-01-19T12:15:00+00:00,1.088355,1.088365,1.08806,1.088135,160
2024-01-19T12:20:00+00:00,1.08813,1.08832,1.08809,1.088165,156
2024-01-19T12:25:00+00:00,1.08816,1.0884,1.088125,1.08833,264
2024-01-19T12:30:00+00:00,1.088335,1.08853,1.08828,1.08842,311
2024-01-19T12:35:00+00:00,1.08843,1.088495,1.08823,1.08832,173
2024-01-19T12:40:00+00:00,1.088335,1.088415,1.088215,1.08828,266
2024-01-19T12:45:00+00:00,1.08826,1.08826,1.08803,1.08803,233
2024-01-19T12:50:00+00:00,1.08802,1.088315,1.08801,1.088055,239
2024-01-19T12:55:00+00:00,1.08806,1.088525,1.08806,1.08827,378
2024-01-19T13:00:00+00:00,1.08826,1.088715,1.08825,1.08838,488
2024-01-19T13:05:00+00:00,1.0884,1.08872,1.088145,1.08869,363
2024-01-19T13:10:00+00:00,1.0887,1.08877,1.08847,1.08855,268
2024-01-19T13:15:00+00:00,1.08856,1.088875,1.08849,1.08886,336
2024-01-19T13:20:00+00:00,1.08884,1.08884,1.088325,1.08838,381
2024-01-19T13:25:00+00:00,1.08839,1.088595,1.08829,1.088505,410
2024-01-19T13:30:00+00:00,1.088495,1.08897,1.08837,1.088515,678
2024-01-19T13:35:00+00:00,1.08851,1.08869,1.08819,1.08826,571
2024-01-19T13:40:00+00:00,1.088245,1.088245,1.08755,1.08777,653
2024-01-19T13:45:00+00:00,1.08778,1.0882,1.08776,1.088035,681
2024-01-19T13:50:00+00:00,1.08804,1.08817,1.08786,1.08805,456
2024-01-19T13:55:00+00:00,1.08804,1.088125,1.087795,1.08806,476
2024-01-19T14:00:00+00:00,1.08807,1.088345,1.08792,1.088275,581
2024-01-19T14:05:00+00:00,1.088265,1.08838,1.087955,1.08797,366
2024-01-19T14:10:00+00:00,1.08797,1.088055,1.087715,1.087765,481
2024-01-19T14:15:00+00:00,1.08776,1.08782,1.087515,1.08768,503
2024-01-19T14:20:00+00:00,1.087675,1.08791,1.08732,1.08789,532
2024-01-19T14:25:00+00:00,1.087885,1.087885,1.087355,1.08737,497
2024-01-19T14:30:00+00:00,1.087375,1.08804,1.0873,1.08767,880
2024-01-19T14:35:00+00:00,1.087675,1.087675,1.08679,1.086825,874
2024-01-19T14:40:00+00:00,1.08683,1.08716,1.08657,1.087075,812
2024-01-19T14:45:00+00:00,1.087065,1.087535,1.087035,1.087345,589
2024-01-19T14:50:00+00:00,1.08734,1.08779,1.087245,1.087665,628
2024-01-19T14:55:00+00:00,1.087645,1.088055,1.08754,1.088055,564
2024-01-19T15:00:00+00:00,1.08804,1.08902,1.08778,1.088245,1660
2024-01-19T15:05:00+00:00,1.08825,1.088295,1.087305,1.087565,1287
2024-01-19T15:10:00+00:00,1.08757,1.087735,1.086985,1.087295,1028
2024-01-19T15:15:00+00:00,1.087305,1.08756,1.087265,1.08755,848
2024-01-19T15:20:00+00:00,1.087555,1.08789,1.087155,1.087545,876
2024-01-19T15:25:00+00:00,1.08755,1.087875,1.087475,1.087805,618
2024-01-19T15:30:00+00:00,1.08779,1.08779,1.087255,1.087485,752
2024-01-19T15:35:00+00:00,1.08749,1.087995,1.08744,1.087745,757
2024-01-19T15:40:00+00:00,1.08775,1.08824,1.08752,1.088195,881
2024-01-19T15:45:00+00:00,1.08819,1.08844,1.087585,1.087595,844
2024-01-19T15:50:00+00:00,1.08759,1.088205,1.087535,1.08805,828
2024-01-19T15:55:00+00:00,1.08806,1.08835,1.08804,1.088255,848
2024-01-19T17:00:00+00:00,1.08868,1.088765,1.088295,1.088295,444
2024-01-19T17:05:00+00:00,1.0883,1.08849,1.088195,1.0882,329
2024-01-19T17:10:00+00:00,1.088215,1.088235,1.088015,1.088195,433
2024-01-19T17:15:00+00:00,1.088205,1.08855,1.08816,1.088505,308
2024-01-19T17:20:00+00:00,1.08851,1.088755,1.088485,1.08866,232
2024-01-19T17:25:00+00:00,1.088655,1.089015,1.088645,1.088995,358
2024-01-19T17:30:00+00:00,1.088985,1.08934,1.08893,1.089225,379
2024-01-19T17:35:00+00:00,1.08922,1.08934,1.08897,1.089,433
2024-01-19T17:40:00+00:00,1.089005,1.089065,1.088775,1.089045,518
2024-01-19T17:45:00+00:00,1.08904,1.08904,1.08856,1.088565,486
2024-01-19T17:50:00+00:00,1.088575,1.08885,1.08845,1.088785,423
2024-01-19T17:55:00+00:00,1.08879,1.08899,1.08876,1.08897,357
2024-01-19T18:00:00+00:00,1.08897,1.088975,1.0886,1.08868,397
2024-01-19T18:05:00+00:00,1.088685,1.088925,1.08863,1.088915,359
2024-01-19T18:10:00+00:00,1.0889,1.08925,1.088865,1.08919,204
2024-01-19T18:15:00+00:00,1.089215,1.08937,1.08921,1.08934,223
2024-01-19T18:20:00+00:00,1.089345,1.08964,1.08934,1.08953,243
2024-01-19T18:25:00+00:00,1.08954,1.08954,1.089315,1.08935,193
2024-01-19T18:30:00+00:00,1.089355,1.0894,1.089,1.08913,278
2024-01-19T18:35:00+00:00,1.089145,1.08919,1.08901,1.089055,200
2024-01-19T18:40:00+00:00,1.08906,1.089165,1.088975,1.089115,240
2024-01-19T18:45:00+00:00,1.08912,1.089245,1.08912,1.08914,134
2024-01-19T18:50:00+00:00,1.089145,1.089255,1.089085,1.08919,128
2024-01-19T18:55:00+00:00,1.089205,1.08924,1.08891,1.08921,223
2024-01-19T19:00:00+00:00,1.08922,1.089465,1.089185,1.089405,337
2024-01-19T19:05:00+00:00,1.0894,1.08948,1.089275,1.08934,214
2024-01-19T19:10:00+00:00,1.08935,1.0894,1.08926,1.08937,205
2024-01-19T19:15:00+00:00,1.08936,1.08936,1.08899,1.088995,248
2024-01-19T19:20:00+00:00,1.089005,1.08902,1.08885,1.088925,209
2024-01-19T19:25:00+00:00,1.088905,1.089115,1.08889,1.08895,253
2024-01-19T19:30:00+00:00,1.08896,1.08902,1.08883,1.08897,189
2024-01-19T19:35:00+00:00,1.08898,1.08904,1.08881,1.08902,313
2024-01-19T19:40:00+00:00,1.089025,1.089225,1.08901,1.08912,212
2024-01-19T19:45:00+00:00,1.089115,1.089235,1.089085,1.089185,220
2024-01-19T19:50:00+00:00,1.089195,1.089265,1.089025,1.08919,263
2024-01-19T19:55:00+00:00,1.089205,1.089435,1.0892,1.089235,310
2024-01-19T21:00:00+00:00,1.089495,1.08964,1.08949,1.08961,288
2024-01-19T21:05:00+00:00,1.089605,1.089695,1.089555,1.08965,227
2024-01-19T21:10:00+00:00,1.089655,1.089665,1.089495,1.08952,260
2024-01-19T21:15:00+00:00,1.089515,1.089525,1.089405,1.08947,244
2024-01-19T21:20:00+00:00,1.089475,1.0895,1.0894,1.08945,221
2024-01-19T21:25:00+00:00,1.089445,1.08951,1.08939,1.0895,390
2024-01-19T21:30:00+00:00,1.089495,1.08961,1.08945,1.089595,365
2024-01-19T21:35:00+00:00,1.0896,1.08969,1.08959,1.08968,301
2024-01-19T21:40:00+00:00,1.089685,1.089705,1.089665,1.08968,88
2024-01-19T21:45:00+00:00,1.089685,1.089745,1.089665,1.089725,212
2024-01-19T21:50:00+00:00,1.08973,1.089785,1.089665,1.089745,209
2024-01-19T21:55:00+00:00,1.08975,1.08986,1.089695,1.08971,169
2024-01-19T20:00:00+00:00,1.089245,1.08954,1.089235,1.08939,497
2024-01-19T20:05:00+00:00,1.089395,1.089495,1.089265,1.08929,335
2024-01-19T20:10:00+00:00,1.08928,1.089345,1.08918,1.089205,224
2024-01-19T20:15:00+00:00,1.08921,1.089325,1.08919,1.08926,207
2024-01-19T20:20:00+00:00,1.08925,1.089275,1.089005,1.089125,296
2024-01-19T20:25:00+00:00,1.089135,1.08932,1.089135,1.08918,155
2024-01-19T20:30:00+00:00,1.0892,1.089345,1.0891,1.089335,341
2024-01-19T20:35:00+00:00,1.08933,1.089405,1.08921,1.08924,143
2024-01-19T20:40:00+00:00,1.089245,1.0894,1.0892,1.08924,244
2024-01-19T20:45:00+00:00,1.089245,1.089435,1.08924,1.08943,177
2024-01-19T20:50:00+00:00,1.089425,1.089515,1.08939,1.089455,251
2024-01-19T20:55:00+00:00,1.08946,1.08959,1.08942,1.089515,379
2024-01-21T22:00:00+00:00,1.08917,1.08932,1.08916,1.08931,38
2024-01-21T22:05:00+00:00,1.08932,1.08932,1.089175,1.08919,36
2024-01-21T22:10:00+00:00,1.08918,1.089195,1.08901,1.089125,52
2024-01-21T22:15:00+00:00,1.08913,1.089595,1.08907,1.089515,121
2024-01-21T22:20:00+00:00,1.08956,1.089615,1.089475,1.0895,126
2024-01-21T22:25:00+00:00,1.08946,1.08946,1.089425,1.089425,2
2024-01-21T22:30:00+00:00,1.08946,1.089475,1.089275,1.08937,209
2024-01-21T22:35:00+00:00,1.08939,1.08944,1.08913,1.08924,294
2024-01-21T22:40:00+00:00,1.08921,1.0895,1.088875,1.089385,482
2024-01-21T22:45:00+00:00,1.08939,1.08945,1.0892,1.08926,219
2024-01-21T22:50:00+00:00,1.089325,1.08954,1.08927,1.08946,243
2024-01-21T22:55:00+00:00,1.08943,1.08952,1.089245,1.08931,199
2024-01-21T23:00:00+00:00,1.08925,1.08978,1.089235,1.089775,297
2024-01-21T23:05:00+00:00,1.08976,1.089765,1.089595,1.089665,146
2024-01-21T23:10:00+00:00,1.08965,1.08965,1.08953,1.08957,99
2024-01-21T23:15:00+00:00,1.08956,1.089595,1.08953,1.089535,75
2024-01-21T23:20:00+00:00,1.08954,1.08958,1.089245,1.08926,67
2024-01-21T23:25:00+00:00,1.089265,1.089275,1.089095,1.089115,107
2024-01-21T23:30:00+00:00,1.08911,1.089205,1.089065,1.08918,131
2024-01-21T23:35:00+00:00,1.08916,1.089345,1.08913,1.08926,187
2024-01-21T23:40:00+00:00,1.08927,1.089295,1.0891,1.089115,103
2024-01-21T23:45:00+00:00,1.08911,1.08917,1.089075,1.08917,155
2024-01-21T23:50:00+00:00,1.089165,1.089245,1.089145,1.089195,168
2024-01-21T23:55:00+00:00,1.08918,1.089225,1.089115,1.089215,172
2024-01-22T00:00:00+00:00,1.08922,1.0895,1.08917,1.089495,169
2024-01-22T00:05:00+00:00,1.08947,1.089645,1.089445,1.089635,174
2024-01-22T00:10:00+00:00,1.089615,1.089615,1.08951,1.08955,127
2024-01-22T00:15:00+00:00,1.08956,1.089645,1.089545,1.08955,165
2024-01-22T00:20:00+00:00,1.089545,1.089555,1.089295,1.089315,126
2024-01-22T00:25:00+00:00,1.089305,1.089305,1.089135,1.0892,131
2024-01-22T00:30:00+00:00,1.089195,1.08942,1.089185,1.089405,158
2024-01-22T00:35:00+00:00,1.08941,1.08955,1.089375,1.089535,153
2024-01-22T00:40:00+00:00,1.08954,1.08976,1.089535,1.089715,217
2024-01-22T00:45:00+00:00,1.089705,1.08985,1.089685,1.0898,211
2024-01-22T00:50:00+00:00,1.089795,1.08999,1.08977,1.08987,189
2024-01-22T00:55:00+00:00,1.08988,1.090155,1.08988,1.09012,241
2024-01-22T01:00:00+00:00,1.090125,1.09026,1.09004,1.09021,275
2024-01-22T01:05:00+00:00,1.090185,1.090415,1.09013,1.090405,265
2024-01-22T01:10:00+00:00,1.09041,1.09051,1.090335,1.090445,302
2024-01-22T01:15:00+00:00,1.09045,1.09045,1.09017,1.090245,362
2024-01-22T01:20:00+00:00,1.090255,1.0903,1.08993,1.09001,282
2024-01-22T01:25:00+00:00,1.090015,1.09006,1.089885,1.09005,191
2024-01-22T01:30:00+00:00,1.090035,1.090205,1.09002,1.09016,197
2024-01-22T01:35:00+00:00,1.090175,1.090205,1.09007,1.090105,164
2024-01-22T01:40:00+00:00,1.09011,1.090265,1.08999,1.090265,174
2024-01-22T01:45:00+00:00,1.090255,1.09048,1.090235,1.09041,170
2024-01-22T01:50:00+00:00,1.090405,1.09041,1.09021,1.09024,161
2024-01-22T01:55:00+00:00,1.09022,1.09022,1.09011,1.090195,156
2024-01-22T02:00:00+00:00,1.0902,1.090295,1.08997,1.09,217
2024-01-22T02:05:00+00:00,1.090025,1.09022,1.090025,1.09017,114
2024-01-22T02:10:00+00:00,1.090175,1.09036,1.090075,1.0903,109
2024-01-22T02:15:00+00:00,1.090335,1.09076,1.09029,1.090715,169
2024-01-22T02:20:00+00:00,1.09071,1.09092,1.090675,1.09092,239
2024-01-22T02:25:00+00:00,1.090915,1.090925,1.090755,1.090795,137
2024-01-22T02:30:00+00:00,1.0908,1.0908,1.09055,1.090605,157
2024-01-22T02:35:00+00:00,1.0906,1.09066,1.090535,1.09066,169
2024-01-22T02:40:00+00:00,1.090665,1.09078,1.090655,1.090705,85
2024-01-22T02:45:00+00:00,1.09071,1.09086,1.09071,1.090745,106
2024-01-22T02:50:00+00:00,1.09074,1.090845,1.09063,1.090805,108
2024-01-22T02:55:00+00:00,1.090795,1.09085,1.0907,1.09073,217
2024-01-22T03:00:00+00:00,1.09074,1.09078,1.090575,1.090605,139
2024-01-22T03:05:00+00:00,1.0906,1.0907,1.09056,1.090605,78
2024-01-22T03:10:00+00:00,1.0906,1.090625,1.09046,1.0905,112
2024-01-22T03:15:00+00:00,1.090495,1.090565,1.090455,1.090565,162
2024-01-22T03:20:00+00:00,1.09056,1.09056,1.09036,1.09045,176
2024-01-22T03:25:00+00:00,1.090455,1.090505,1.090385,1.090415,114
2024-01-22T03:30:00+00:00,1.09042,1.09061,1.090415,1.09052,126
2024-01-22T03:35:00+00:00,1.090515,1.090615,1.09046,1.09054,141
2024-01-22T03:40:00+00:00,1.09055,1.090565,1.090225,1.09031,171
2024-01-22T03:45:00+00:00,1.090325,1.090355,1.09028,1.090305,104
2024-01-22T03:50:00+00:00,1.09031,1.090345,1.090145,1.09017,106
2024-01-22T03:55:00+00:00,1.090175,1.09021,1.09014,1.090205,70
2024-01-22T04:00:00+00:00,1.09022,1.09024,1.090165,1.09019,67
2024-01-22T04:05:00+00:00,1.09018,1.090415,1.09018,1.09041,99
2024-01-22T04:10:00+00:00,1.090415,1.09047,1.0904,1.09045,71
2024-01-22T04:15:00+00:00,1.090445,1.09045,1.090155,1.090205,74
2024-01-22T04:20:00+00:00,1.090235,1.090365,1.090235,1.090355,66
2024-01-22T04:25:00+00:00,1.090345,1.0904,1.09031,1.090355,77
2024-01-22T04:30:00+00:00,1.09035,1.09035,1.09022,1.09027,108
2024-01-22T04:35:00+00:00,1.090265,1.0903,1.09014,1.090205,112
2024-01-22T04:40:00+00:00,1.0902,1.090215,1.090095,1.090205,138
2024-01-22T04:45:00+00:00,1.09021,1.09025,1.090095,1.09017,121
2024-01-22T04:50:00+00:00,1.0902,1.090335,1.09019,1.090275,92
2024-01-22T04:55:00+00:00,1.09029,1.09031,1.09026,1.0903,74
2024-01-22T05:00:00+00:00,1.09031,1.09031,1.09015,1.09024,113
2024-01-22T05:05:00+00:00,1.090235,1.090255,1.0902,1.090245,65
2024-01-22T05:10:00+00:00,1.09025,1.09047,1.09022,1.090365,122
2024-01-22T05:15:00+00:00,1.09036,1.09036,1.090155,1.090205,119
2024-01-22T05:20:00+00:00,1.0902,1.09026,1.090155,1.090255,105
2024-01-22T05:25:00+00:00,1.09025,1.09026,1.09001,1.09005,136
2024-01-22T05:30:00+00:00,1.090035,1.090305,1.089955,1.090305,143
2024-01-22T05:35:00+00:00,1.090295,1.090305,1.09009,1.090115,111
2024-01-22T05:40:00+00:00,1.09011,1.090175,1.09009,1.090115,109
2024-01-22T05:45:00+00:00,1.09012,1.09016,1.090045,1.09006,167
2024-01-22T05:50:00+00:00,1.09005,1.0901,1.08986,1.08986,169
2024-01-22T05:55:00+00:00,1.089865,1.090185,1.08986,1.09016,203
2024-01-22T06:00:00+00:00,1.090165,1.090505,1.09015,1.0905,247
2024-01-22T06:05:00+00:00,1.090495,1.090495,1.090225,1.090365,165
2024-01-22T06:10:00+00:00,1.09037,1.09043,1.090205,1.09021,221
2024-01-22T06:15:00+00:00,1.090205,1.09034,1.090205,1.090305,116
2024-01-22T06:20:00+00:00,1.09031,1.09042,1.090205,1.09042,129
2024-01-22T06:25:00+00:00,1.090435,1.09089,1.090435,1.090855,226
2024-01-22T06:30:00+00:00,1.09085,1.090955,1.09048,1.090575,264
2024-01-22T06:35:00+00:00,1.09059,1.0906,1.090345,1.09036,152
2024-01-22T06:40:00+00:00,1.090365,1.09047,1.090315,1.090415,152
2024-01-22T06:45:00+00:00,1.09041,1.09066,1.09037,1.09061,234
2024-01-22T06:50:00+00:00,1.090605,1.090715,1.090465,1.090555,136
2024-01-22T06:55:00+00:00,1.09055,1.090585,1.09036,1.090495,152
2024-01-22T07:00:00+00:00,1.090485,1.090485,1.09012,1.0903,387
2024-01-22T07:05:00+00:00,1.090305,1.09052,1.090285,1.0903,241
2024-01-22T07:10:00+00:00,1.09029,1.090445,1.09024,1.09036,169
2024-01-22T07:15:00+00:00,1.090355,1.090665,1.090245,1.09065,341
2024-01-22T07:20:00+00:00,1.090655,1.09081,1.090455,1.090455,267
2024-01-22T07:25:00+00:00,1.09045,1.09056,1.09025,1.09026,237
2024-01-22T07:30:00+00:00,1.090265,1.09044,1.09005,1.090155,334
2024-01-22T07:35:00+00:00,1.090165,1.090165,1.08974,1.08981,240
2024-01-22T07:40:00+00:00,1.08982,1.09038,1.08979,1.090265,369
2024-01-22T07:45:00+00:00,1.09026,1.090365,1.090005,1.09004,293
2024-01-22T07:50:00+00:00,1.090035,1.090325,1.089945,1.09004,258
2024-01-22T07:55:00+00:00,1.090035,1.090115,1.089735,1.08978,408
2024-01-22T09:00:00+00:00,1.089175,1.089365,1.08899,1.0892,434
2024-01-22T09:05:00+00:00,1.089205,1.089545,1.0891,1.08953,354
2024-01-22T09:10:00+00:00,1.089505,1.089575,1.089315,1.089465,308
2024-01-22T09:15:00+00:00,1.089445,1.090165,1.08943,1.09014,377
2024-01-22T09:20:00+00:00,1.090135,1.09024,1.09001,1.09004,238
2024-01-22T09:25:00+00:00,1.090025,1.09003,1.08968,1.08968,252
2024-01-22T09:30:00+00:00,1.089685,1.08969,1.08945,1.089545,284
2024-01-22T09:35:00+00:00,1.08957,1.089645,1.089445,1.0896,251
2024-01-22T09:40:00+00:00,1.089585,1.089655,1.08937,1.089555,286
2024-01-22T09:45:00+00:00,1.08955,1.08956,1.089245,1.08935,258
2024-01-22T09:50:00+00:00,1.08933,1.089635,1.089305,1.089605,201
2024-01-22T09:55:00+00:00,1.089595,1.089955,1.089595,1.089705,276
2024-01-22T10:00:00+00:00,1.0897,1.089705,1.08921,1.08947,277
2024-01-22T10:05:00+00:00,1.08946,1.08946,1.08922,1.089455,214
2024-01-22T10:10:00+00:00,1.08946,1.089515,1.08933,1.08945,267
2024-01-22T10:15:00+00:00,1.08944,1.08945,1.08894,1.08908,264
2024-01-22T10:20:00+00:00,1.089075,1.08921,1.08904,1.08911,149
2024-01-22T10:25:00+00:00,1.089115,1.08916,1.088895,1.088985,256
2024-01-22T10:30:00+00:00,1.08898,1.089145,1.088955,1.089125,230
2024-01-22T10:35:00+00:00,1.08912,1.08919,1.088825,1.088845,239
2024-01-22T10:40:00+00:00,1.08885,1.08921,1.08874,1.089005,230
2024-01-22T10:45:00+00:00,1.088985,1.089025,1.0889,1.088905,185
2024-01-22T10:50:00+00:00,1.0889,1.08894,1.08869,1.088885,248
2024-01-22T10:55:00+00:00,1.08887,1.08887,1.088595,1.08869,382
2024-01-22T11:00:00+00:00,1.088685,1.088725,1.0885,1.088715,363
2024-01-22T11:05:00+00:00,1.088725,1.088935,1.088625,1.08891,282
2024-01-22T11:10:00+00:00,1.0889,1.08898,1.08871,1.088925,209
2024-01-22T11:15:00+00:00,1.088935,1.08902,1.088795,1.088805,265
2024-01-22T11:20:00+00:00,1.0888,1.08884,1.08852,1.08857,204
2024-01-22T11:25:00+00:00,1.08858,1.08858,1.088165,1.08837,340
2024-01-22T11:30:00+00:00,1.08838,1.088625,1.088345,1.0886,235
2024-01-22T11:35:00+00:00,1.08859,1.088945,1.08851,1.088895,295
2024-01-22T11:40:00+00:00,1.08888,1.08895,1.0886,1.08879,349
2024-01-22T11:45:00+00:00,1.088785,1.08905,1.088755,1.0889,326
2024-01-22T11:50:00+00:00,1.088895,1.08895,1.088755,1.0889,176
2024-01-22T11:55:00+00:00,1.088895,1.089025,1.088835,1.088995,181
2024-01-22T12:00:00+00:00,1.089,1.089105,1.08882,1.089,241
2024-01-22T12:05:00+00:00,1.08901,1.089285,1.08898,1.089205,265
2024-01-22T12:10:00+00:00,1.08921,1.089565,1.089125,1.08946,280
2024-01-22T12:15:00+00:00,1.089465,1.089595,1.089315,1.08942,312
2024-01-22T12:20:00+00:00,1.089445,1.08983,1.08936,1.08952,318
2024-01-22T12:25:00+00:00,1.08953,1.089845,1.08952,1.08968,305
2024-01-22T12:30:00+00:00,1.089675,1.08996,1.08967,1.08974,364
2024-01-22T12:35:00+00:00,1.089725,1.08978,1.08927,1.089355,299
2024-01-22T12:40:00+00:00,1.08935,1.089835,1.08935,1.089775,283
2024-01-22T12:45:00+00:00,1.08978,1.08982,1.08907,1.089135,430
2024-01-22T12:50:00+00:00,1.08913,1.089185,1.088955,1.08914,272
2024-01-22T12:55:00+00:00,1.089135,1.089335,1.089005,1.089265,407
2024-01-22T13:00:00+00:00,1.089255,1.089485,1.08897,1.08907,512
2024-01-22T13:05:00+00:00,1.089065,1.08926,1.08892,1.08899,468
2024-01-22T13:10:00+00:00,1.08897,1.089015,1.088455,1.0886,429
2024-01-22T13:15:00+00:00,1.08861,1.08865,1.088305,1.088525,445
2024-01-22T13:20:00+00:00,1.08853,1.08897,1.08836,1.08878,551
2024-01-22T13:25:00+00:00,1.08877,1.088925,1.088635,1.088815,451
2024-01-22T13:30:00+00:00,1.08882,1.08882,1.088005,1.08803,574
2024-01-22T13:35:00+00:00,1.088035,1.088575,1.08802,1.08822,643
2024-01-22T13:40:00+00:00,1.088235,1.088605,1.08818,1.08841,507
2024-01-22T13:45:00+00:00,1.088415,1.088845,1.088365,1.08862,445
2024-01-22T13:50:00+00:00,1.088605,1.089275,1.08857,1.089275,444
2024-01-22T13:55:00+00:00,1.08928,1.089525,1.08917,1.08917,543
2024-01-22T14:00:00+00:00,1.08918,1.08921,1.08865,1.08872,448
2024-01-22T14:05:00+00:00,1.088735,1.08886,1.08857,1.08871,425
2024-01-22T14:10:00+00:00,1.088705,1.088995,1.08864,1.08896,417
2024-01-22T14:15:00+00:00,1.088955,1.089065,1.08872,1.08893,442
2024-01-22T14:20:00+00:00,1.0889,1.089085,1.08878,1.089045,396
2024-01-22T14:25:00+00:00,1.089055,1.08919,1.088985,1.08914,366
2024-01-22T14:30:00+00:00,1.089135,1.089495,1.08912,1.08948,658
2024-01-22T14:35:00+00:00,1.089485,1.089635,1.089235,1.089325,612
2024-01-22T14:40:00+00:00,1.08934,1.08945,1.08854,1.088905,642
2024-01-22T14:45:00+00:00,1.08891,1.089285,1.088865,1.089205,627
2024-01-22T14:50:00+00:00,1.08922,1.08936,1.08903,1.08914,583
2024-01-22T14:55:00+00:00,1.089155,1.089235,1.088775,1.08898,518
2024-01-22T15:00:00+00:00,1.08897,1.08897,1.0887,1.08885,547
2024-01-22T15:05:00+00:00,1.08884,1.089325,1.088795,1.089305,385
2024-01-22T15:10:00+00:00,1.08931,1.089635,1.089145,1.089565,366
2024-01-22T15:15:00+00:00,1.08957,1.08982,1.08952,1.089575,350
2024-01-22T15:20:00+00:00,1.089595,1.089695,1.089485,1.08957,372
2024-01-22T15:25:00+00:00,1.0896,1.089675,1.089405,1.08949,415
2024-01-22T15:30:00+00:00,1.089485,1.089525,1.08858,1.08867,491
2024-01-22T15:35:00+00:00,1.08866,1.089165,1.088655,1.089165,419
2024-01-22T15:40:00+00:00,1.08916,1.089165,1.08865,1.088655,385
2024-01-22T15:45:00+00:00,1.08867,1.08894,1.088455,1.088885,619
2024-01-22T15:50:00+00:00,1.088875,1.088905,1.08856,1.088575,418
2024-01-22T15:55:00+00:00,1.088545,1.088645,1.088255,1.08853,565
2024-01-22T16:00:00+00:00,1.08852,1.08872,1.088195,1.088245,530
2024-01-22T16:05:00+00:00,1.08825,1.088615,1.088245,1.08856,372
2024-01-22T16:10:00+00:00,1.08855,1.08869,1.08852,1.08867,291
2024-01-22T16:15:00+00:00,1.088665,1.0889,1.08858,1.08889,257
2024-01-22T16:20:00+00:00,1.088915,1.08903,1.08882,1.08903,207
2024-01-22T16:25:00+00:00,1.089035,1.089235,1.08898,1.089095,274
2024-01-22T16:30:00+00:00,1.0891,1.08915,1.08891,1.089045,300
2024-01-22T16:35:00+00:00,1.08903,1.08908,1.088855,1.088895,254
2024-01-22T16:40:00+00:00,1.08889,1.088905,1.08868,1.08877,320
2024-01-22T16:45:00+00:00,1.088775,1.088905,1.08876,1.088795,337
2024-01-22T16:50:00+00:00,1.08879,1.089175,1.088785,1.089125,256
2024-01-22T16:55:00+00:00,1.08912,1.08944,1.08912,1.089395,300
2024-01-22T17:00:00+00:00,1.08939,1.08948,1.089245,1.08927,234
2024-01-22T17:05:00+00:00,1.089265,1.089305,1.089075,1.089215,290
2024-01-22T17:10:00+00:00,1.089225,1.08949,1.089155,1.08948,158
2024-01-22T17:15:00+00:00,1.089485,1.089545,1.08938,1.089485,291
2024-01-22T17:20:00+00:00,1.089495,1.0898,1.089495,1.089765,195
2024-01-22T17:25:00+00:00,1.089775,1.08979,1.089635,1.08979,191
2024-01-22T17:30:00+00:00,1.089805,1.090005,1.08978,1.08995,229
2024-01-22T17:35:00+00:00,1.08993,1.08995,1.08976,1.0899,197
2024-01-22T17:40:00+00:00,1.089905,1.08996,1.089735,1.089885,212
2024-01-22T17:45:00+00:00,1.08988,1.089985,1.08981,1.08982,165
2024-01-22T17:50:00+00:00,1.08981,1.08993,1.08969,1.0899,202
2024-01-22T17:55:00+00:00,1.089895,1.08992,1.089635,1.08965,166
2024-01-22T18:00:00+00:00,1.089645,1.089645,1.08925,1.089295,283
2024-01-22T18:05:00+00:00,1.08929,1.089435,1.08914,1.089155,260
2024-01-22T18:10:00+00:00,1.08917,1.08947,1.08917,1.08939,179
2024-01-22T18:15:00+00:00,1.089415,1.08949,1.08927,1.08929,178
2024-01-22T18:20:00+00:00,1.08928,1.08928,1.08911,1.089135,302
2024-01-22T18:25:00+00:00,1.08913,1.089145,1.08855,1.08859,294
2024-01-22T18:30:00+00:00,1.08857,1.08878,1.0884,1.08852,272
2024-01-22T18:35:00+00:00,1.088525,1.08879,1.08849,1.088745,289
2024-01-22T18:40:00+00:00,1.08874,1.088755,1.088545,1.08862,346
2024-01-22T18:45:00+00:00,1.08861,1.088785,1.08853,1.088675,373
2024-01-22T18:50:00+00:00,1.08867,1.088875,1.08867,1.088865,299
2024-01-22T18:55:00+00:00,1.08886,1.089045,1.088785,1.089015,198
2024-01-22T19:00:00+00:00,1.08901,1.089115,1.0889,1.088995,193
2024-01-22T19:05:00+00:00,1.08898,1.08904,1.08892,1.088955,69
2024-01-22T19:10:00+00:00,1.08895,1.08895,1.088385,1.088405,354
2024-01-22T19:15:00+00:00,1.088415,1.088415,1.08815,1.08815,223
2024-01-22T19:20:00+00:00,1.088145,1.0883,1.08805,1.088155,305
2024-01-22T19:25:00+00:00,1.088145,1.08826,1.08805,1.08805,210
2024-01-22T19:30:00+00:00,1.08804,1.08842,1.08804,1.08842,178
2024-01-22T19:35:00+00:00,1.08841,1.08873,1.08834,1.088715,294
2024-01-22T19:40:00+00:00,1.08872,1.088835,1.088545,1.088565,170
2024-01-22T19:45:00+00:00,1.08855,1.088635,1.08847,1.08854,172
2024-01-22T19:50:00+00:00,1.08853,1.088575,1.088415,1.08842,197
2024-01-22T19:55:00+00:00,1.088415,1.08862,1.088405,1.08848,225
2024-01-22T20:00:00+00:00,1.0885,1.088555,1.088285,1.08831,288
2024-01-22T20:05:00+00:00,1.088305,1.088305,1.088035,1.08825,164
2024-01-22T20:10:00+00:00,1.088275,1.08831,1.088135,1.08821,238
2024-01-22T20:15:00+00:00,1.088205,1.08825,1.088145,1.08824,119
2024-01-22T20:20:00+00:00,1.088245,1.08831,1.08817,1.088195,158
2024-01-22T20:25:00+00:00,1.0882,1.08839,1.0882,1.08835,243
2024-01-22T20:30:00+00:00,1.088355,1.088525,1.088355,1.088455,162
2024-01-22T20:35:00+00:00,1.08845,1.08852,1.08829,1.08829,116
2024-01-22T20:40:00+00:00,1.0883,1.08844,1.088275,1.088315,179
2024-01-22T20:45:00+00:00,1.08831,1.08832,1.08816,1.0882,104
2024-01-22T20:50:00+00:00,1.088195,1.08829,1.088175,1.08826,198
2024-01-22T20:55:00+00:00,1.088245,1.08845,1.088245,1.088415,431
2024-01-22T21:00:00+00:00,1.08842,1.088495,1.088395,1.088405,178
2024-01-22T21:05:00+00:00,1.088395,1.088395,1.08825,1.08829,51
2024-01-22T21:10:00+00:00,1.0883,1.088395,1.08829,1.088295,146
2024-01-22T21:15:00+00:00,1.088285,1.08838,1.08826,1.08836,94
2024-01-22T21:20:00+00:00,1.08834,1.088375,1.08828,1.088285,130
2024-01-22T21:25:00+00:00,1.088275,1.088335,1.08823,1.088235,225
2024-01-22T21:30:00+00:00,1.08822,1.088255,1.088165,1.088205,130
2024-01-22T21:35:00+00:00,1.0882,1.08821,1.088185,1.088195,78
2024-01-22T21:40:00+00:00,1.0882,1.08834,1.088195,1.088305,59
2024-01-22T21:45:00+00:00,1.08831,1.08831,1.08823,1.088245,94
2024-01-22T21:50:00+00:00,1.08824,1.08825,1.088195,1.0882,126
2024-01-22T21:55:00+00:00,1.088195,1.08831,1.08818,1.08826,240
2024-01-22T22:00:00+00:00,1.088275,1.088345,1.088255,1.08831,10
2024-01-22T22:05:00+00:00,1.08828,1.0884,1.088175,1.088175,57
2024-01-22T22:10:00+00:00,1.08822,1.088345,1.08813,1.088345,153
2024-01-22T22:15:00+00:00,1.08827,1.088445,1.088265,1.088445,743
2024-01-22T22:20:00+00:00,1.088475,1.08851,1.088365,1.088365,150
2024-01-22T22:25:00+00:00,1.08837,1.088405,1.08815,1.088345,439
2024-01-22T22:30:00+00:00,1.08835,1.088395,1.0883,1.088335,550
2024-01-22T22:35:00+00:00,1.08833,1.08838,1.088275,1.088295,448
2024-01-22T22:40:00+00:00,1.0883,1.088335,1.088275,1.0883,282
2024-01-22T22:45:00+00:00,1.08831,1.088365,1.088285,1.088355,151
2024-01-22T22:50:00+00:00,1.088345,1.08838,1.088295,1.088325,176
2024-01-22T22:55:00+00:00,1.08833,1.088345,1.08812,1.08817,188
2024-01-22T23:00:00+00:00,1.088175,1.08821,1.087945,1.088035,167
2024-01-22T23:05:00+00:00,1.08804,1.088115,1.08798,1.088055,185
2024-01-22T23:10:00+00:00,1.08806,1.088215,1.08806,1.088145,152
2024-01-22T23:15:00+00:00,1.088135,1.088135,1.087955,1.087965,119
2024-01-22T23:20:00+00:00,1.08797,1.088005,1.08796,1.087985,52
2024-01-22T23:25:00+00:00,1.087975,1.088,1.08797,1.088,42
2024-01-22T23:30:00+00:00,1.087995,1.088055,1.08798,1.088015,71
2024-01-22T23:35:00+00:00,1.088035,1.08807,1.088035,1.088055,10
2024-01-22T23:40:00+00:00,1.08805,1.088055,1.087975,1.087995,37
2024-01-22T23:45:00+00:00,1.08801,1.08801,1.08782,1.08788,243
2024-01-22T23:50:00+00:00,1.0879,1.0879,1.087695,1.087795,60
2024-01-22T23:55:00+00:00,1.0878,1.0878,1.08773,1.08773,51
2024-01-23T00:00:00+00:00,1.087765,1.087815,1.08758,1.08776,102
2024-01-23T00:05:00+00:00,1.087755,1.087755,1.0876,1.087755,63
2024-01-23T00:10:00+00:00,1.08775,1.087865,1.08765,1.087795,124
2024-01-23T00:15:00+00:00,1.08779,1.08786,1.087715,1.087845,82
2024-01-23T00:20:00+00:00,1.08785,1.087925,1.087845,1.087895,97
2024-01-23T00:25:00+00:00,1.08789,1.0879,1.087835,1.08789,86
2024-01-23T00:30:00+00:00,1.0879,1.08809,1.0879,1.08809,60
2024-01-23T00:35:00+00:00,1.08811,1.088145,1.08804,1.08804,64
2024-01-23T00:40:00+00:00,1.088035,1.08815,1.087945,1.088145,91
2024-01-23T00:45:00+00:00,1.08814,1.08818,1.08807,1.088145,80
2024-01-23T00:50:00+00:00,1.08815,1.088405,1.08815,1.088405,135
2024-01-23T00:55:00+00:00,1.08839,1.088405,1.08824,1.08832,102
2024-01-23T01:00:00+00:00,1.088315,1.08833,1.08821,1.088225,142
2024-01-23T01:05:00+00:00,1.08823,1.088405,1.08814,1.088405,125
2024-01-23T01:10:00+00:00,1.088375,1.08839,1.0881,1.08811,117
2024-01-23T01:15:00+00:00,1.088105,1.088105,1.087915,1.08799,115
2024-01-23T01:20:00+00:00,1.088005,1.088015,1.087845,1.087855,151
2024-01-23T01:25:00+00:00,1.08785,1.08799,1.08781,1.087915,119
2024-01-23T01:30:00+00:00,1.087885,1.087905,1.087675,1.087825,232
2024-01-23T01:35:00+00:00,1.08783,1.088055,1.08781,1.087895,133
2024-01-23T01:40:00+00:00,1.087885,1.08794,1.087855,1.08788,175
2024-01-23T01:45:00+00:00,1.087885,1.08809,1.08787,1.088055,230
2024-01-23T01:50:00+00:00,1.088035,1.088255,1.08802,1.08825,124
2024-01-23T01:55:00+00:00,1.088255,1.088865,1.088205,1.088845,379
2024-01-23T02:00:00+00:00,1.08885,1.08898,1.0885,1.088965,375
2024-01-23T02:05:00+00:00,1.08897,1.089005,1.088775,1.08883,551
2024-01-23T02:10:00+00:00,1.088835,1.088855,1.08861,1.088795,295
2024-01-23T02:15:00+00:00,1.08879,1.089025,1.088755,1.088995,267
2024-01-23T02:20:00+00:00,1.08899,1.089215,1.08887,1.08911,315
2024-01-23T02:25:00+00:00,1.089115,1.08922,1.089085,1.0892,211
2024-01-23T02:30:00+00:00,1.089205,1.08929,1.0892,1.08926,118
2024-01-23T02:35:00+00:00,1.089265,1.089395,1.08921,1.08938,208
2024-01-23T02:40:00+00:00,1.089385,1.089405,1.089255,1.08931,226
2024-01-23T02:45:00+00:00,1.089315,1.089375,1.089205,1.08921,157
2024-01-23T02:50:00+00:00,1.089215,1.089225,1.08899,1.089095,182
2024-01-23T02:55:00+00:00,1.0891,1.0891,1.088675,1.08874,202
2024-01-23T04:00:00+00:00,1.089295,1.08938,1.089175,1.08938,161
2024-01-23T04:05:00+00:00,1.089375,1.089465,1.08934,1.0894,118
2024-01-23T04:10:00+00:00,1.089415,1.08961,1.089415,1.089555,106
2024-01-23T04:15:00+00:00,1.08956,1.089605,1.089495,1.089545,88
2024-01-23T04:20:00+00:00,1.08955,1.089585,1.08946,1.089485,77
2024-01-23T04:25:00+00:00,1.08948,1.08948,1.089325,1.08938,75
2024-01-23T04:30:00+00:00,1.089385,1.0895,1.08938,1.08944,111
2024-01-23T04:35:00+00:00,1.089445,1.08951,1.089435,1.089465,75
2024-01-23T04:40:00+00:00,1.08946,1.08953,1.089415,1.08945,74
2024-01-23T04:45:00+00:00,1.089455,1.089645,1.08945,1.08961,113
2024-01-23T04:50:00+00:00,1.08962,1.089795,1.089615,1.08979,114
2024-01-23T04:55:00+00:00,1.089785,1.08988,1.089755,1.08985,148
2024-01-23T03:00:00+00:00,1.088755,1.088815,1.088635,1.088685,201
2024-01-23T03:05:00+00:00,1.08868,1.08885,1.088545,1.08871,294
2024-01-23T03:10:00+00:00,1.0887,1.08874,1.088545,1.088645,390
2024-01-23T03:15:00+00:00,1.088655,1.089055,1.08862,1.088825,280
2024-01-23T03:20:00+00:00,1.08883,1.088915,1.088775,1.088895,226
2024-01-23T03:25:00+00:00,1.088885,1.08897,1.08886,1.088865,104
2024-01-23T03:30:00+00:00,1.08886,1.08903,1.08886,1.089025,121
2024-01-23T03:35:00+00:00,1.08903,1.08938,1.08903,1.089195,250
2024-01-23T03:40:00+00:00,1.0892,1.089415,1.08918,1.089215,181
2024-01-23T03:45:00+00:00,1.08923,1.08929,1.08921,1.08929,115
2024-01-23T03:50:00+00:00,1.089305,1.089375,1.089185,1.089375,147
2024-01-23T03:55:00+00:00,1.08938,1.089505,1.08927,1.08929,277
2024-01-23T05:00:00+00:00,1.089855,1.08994,1.089785,1.08983,219
2024-01-23T05:05:00+00:00,1.089835,1.08994,1.089805,1.089935,147
2024-01-23T05:10:00+00:00,1.08994,1.089945,1.089725,1.089735,125
2024-01-23T05:15:00+00:00,1.08973,1.08978,1.08969,1.08978,132
2024-01-23T05:20:00+00:00,1.08977,1.089925,1.089695,1.089895,155
2024-01-23T05:25:00+00:00,1.08989,1.09003,1.089855,1.090025,188
2024-01-23T05:30:00+00:00,1.09003,1.0902,1.09003,1.090085,144
2024-01-23T05:35:00+00:00,1.09009,1.090385,1.09008,1.090335,190
2024-01-23T05:40:00+00:00,1.09033,1.09047,1.090285,1.09044,140
2024-01-23T05:45:00+00:00,1.090435,1.09049,1.0904,1.090465,133
2024-01-23T05:50:00+00:00,1.09048,1.090575,1.0904,1.09057,96
2024-01-23T05:55:00+00:00,1.09058,1.0908,1.09055,1.090695,239
2024-01-23T07:00:00+00:00,1.09141,1.091475,1.091105,1.09144,511
2024-01-23T07:05:00+00:00,1.09143,1.091465,1.09136,1.09137,387
2024-01-23T07:10:00+00:00,1.09138,1.0915,1.091335,1.09148,351
2024-01-23T07:15:00+00:00,1.091485,1.091625,1.091315,1.091355,556
2024-01-23T07:20:00+00:00,1.09136,1.091395,1.090805,1.090805,489
2024-01-23T07:25:00+00:00,1.0908,1.090925,1.09061,1.090905,434
2024-01-23T07:30:00+00:00,1.09092,1.091325,1.0909,1.0909,512
2024-01-23T07:35:00+00:00,1.090895,1.0909,1.09057,1.09073,427
2024-01-23T07:40:00+00:00,1.090735,1.09082,1.09039,1.090605,400
2024-01-23T07:45:00+00:00,1.090635,1.09085,1.09044,1.090525,364
2024-01-23T07:50:00+00:00,1.09051,1.09097,1.0905,1.090955,370
2024-01-23T07:55:00+00:00,1.090945,1.09096,1.09068,1.09084,425
2024-01-23T06:00:00+00:00,1.0907,1.09071,1.09051,1.09053,196
2024-01-23T06:05:00+00:00,1.090545,1.09055,1.09017,1.09025,221
2024-01-23T06:10:00+00:00,1.090235,1.090285,1.09017,1.0902,204
2024-01-23T06:15:00+00:00,1.090205,1.090285,1.09018,1.09023,136
2024-01-23T06:20:00+00:00,1.09024,1.09055,1.09024,1.090435,221
2024-01-23T06:25:00+00:00,1.09044,1.0908,1.09042,1.090755,333
2024-01-23T06:30:00+00:00,1.09076,1.090785,1.090525,1.09067,237
2024-01-23T06:35:00+00:00,1.090675,1.09071,1.09052,1.090655,290
2024-01-23T06:40:00+00:00,1.09067,1.09079,1.090575,1.09073,287
2024-01-23T06:45:00+00:00,1.090735,1.091125,1.090715,1.090975,327
2024-01-23T06:50:00+00:00,1.09097,1.091135,1.09097,1.091125,394
2024-01-23T06:55:00+00:00,1.091115,1.091425,1.09108,1.091405,519
2024-01-23T08:00:00+00:00,1.090845,1.091065,1.090475,1.090575,477
2024-01-23T08:05:00+00:00,1.09058,1.09076,1.09044,1.09046,453
2024-01-23T08:10:00+00:00,1.09047,1.090615,1.0903,1.090365,473
2024-01-23T08:15:00+00:00,1.090375,1.09042,1.09015,1.090315,458
2024-01-23T08:20:00+00:00,1.09032,1.09048,1.09024,1.09029,493
2024-01-23T08:25:00+00:00,1.0903,1.090395,1.090195,1.090385,391
2024-01-23T08:30:00+00:00,1.09038,1.090755,1.09036,1.090735,461
2024-01-23T08:35:00+00:00,1.090725,1.09073,1.09004,1.09012,415
2024-01-23T08:40:00+00:00,1.090115,1.090115,1.089605,1.089805,436
2024-01-23T08:45:00+00:00,1.08981,1.089915,1.08964,1.089705,254
2024-01-23T08:50:00+00:00,1.08971,1.08972,1.0894,1.08946,285
2024-01-23T08:55:00+00:00,1.089455,1.08954,1.089255,1.089525,407
2024-01-23T09:00:00+00:00,1.08952,1.089525,1.089015,1.08905,520
2024-01-23T09:05:00+00:00,1.089045,1.08905,1.08856,1.088735,418
2024-01-23T09:10:00+00:00,1.088725,1.089055,1.08869,1.088905,423
2024-01-23T09:15:00+00:00,1.08891,1.08904,1.088735,1.088995,371
2024-01-23T09:20:00+00:00,1.08899,1.0894,1.08897,1.089315,406
2024-01-23T09:25:00+00:00,1.089305,1.089505,1.08901,1.089205,388
2024-01-23T09:30:00+00:00,1.0892,1.089355,1.089055,1.08909,270
2024-01-23T09:35:00+00:00,1.08907,1.089195,1.08898,1.08914,194
2024-01-23T09:40:00+00:00,1.08913,1.08913,1.08871,1.08877,218
2024-01-23T09:45:00+00:00,1.08878,1.08878,1.08838,1.08854,279
2024-01-23T09:50:00+00:00,1.088545,1.08881,1.088495,1.08881,294
2024-01-23T09:55:00+00:00,1.088805,1.08905,1.08872,1.088755,350
2024-01-23T10:00:00+00:00,1.088745,1.088835,1.088545,1.088545,437
2024-01-23T10:05:00+00:00,1.088535,1.088645,1.08837,1.08838,253
2024-01-23T10:10:00+00:00,1.08837,1.088415,1.088095,1.08831,327
2024-01-23T10:15:00+00:00,1.088305,1.08843,1.08815,1.08843,282
2024-01-23T10:20:00+00:00,1.088415,1.088585,1.08826,1.08829,218
2024-01-23T10:25:00+00:00,1.088295,1.088515,1.088225,1.088455,340
2024-01-23T10:30:00+00:00,1.088445,1.088575,1.08842,1.08851,283
2024-01-23T10:35:00+00:00,1.088515,1.088515,1.088115,1.08822,246
2024-01-23T10:40:00+00:00,1.08823,1.088255,1.08793,1.08793,217
2024-01-23T10:45:00+00:00,1.087925,1.087925,1.087155,1.087175,331
2024-01-23T10:50:00+00:00,1.087145,1.087175,1.086995,1.08703,340
2024-01-23T10:55:00+00:00,1.087025,1.087125,1.086745,1.086955,592
2024-01-23T11:00:00+00:00,1.08696,1.087205,1.08673,1.08677,458
2024-01-23T11:05:00+00:00,1.086765,1.087105,1.086765,1.087085,419
2024-01-23T11:10:00+00:00,1.08709,1.08721,1.0869,1.08716,282
2024-01-23T11:15:00+00:00,1.087155,1.08716,1.08664,1.08673,336
2024-01-23T11:20:00+00:00,1.086715,1.086845,1.086415,1.08653,376
2024-01-23T11:25:00+00:00,1.086525,1.086545,1.08601,1.08636,539
2024-01-23T11:30:00+00:00,1.086365,1.086515,1.08625,1.086415,519
2024-01-23T11:35:00+00:00,1.08641,1.08659,1.086395,1.08655,299
2024-01-23T11:40:00+00:00,1.086545,1.086595,1.08633,1.08649,334
2024-01-23T11:45:00+00:00,1.086485,1.08654,1.086265,1.08653,356
2024-01-23T11:50:00+00:00,1.08652,1.0866,1.08621,1.086445,346
2024-01-23T11:55:00+00:00,1.08644,1.08676,1.08637,1.086635,406
2024-01-23T12:00:00+00:00,1.086645,1.086775,1.08654,1.086615,362
2024-01-23T12:05:00+00:00,1.08664,1.087045,1.08664,1.08688,229
2024-01-23T12:10:00+00:00,1.086865,1.08722,1.08684,1.087185,320
2024-01-23T12:15:00+00:00,1.08719,1.08733,1.087025,1.087075,317
2024-01-23T12:20:00+00:00,1.08707,1.087075,1.086565,1.08662,374
2024-01-23T12:25:00+00:00,1.08661,1.08662,1.08617,1.08622,259
2024-01-23T12:30:00+00:00,1.086215,1.08645,1.086145,1.086325,313
2024-01-23T12:35:00+00:00,1.08634,1.086345,1.08618,1.086245,253
2024-01-23T12:40:00+00:00,1.08625,1.086305,1.086075,1.08626,285
2024-01-23T12:45:00+00:00,1.086255,1.086325,1.086045,1.08616,268
2024-01-23T12:50:00+00:00,1.08615,1.086605,1.086145,1.08658,381
2024-01-23T12:55:00+00:00,1.086595,1.086675,1.086275,1.086385,456
2024-01-23T13:00:00+00:00,1.086395,1.086885,1.086395,1.086845,451
2024-01-23T13:05:00+00:00,1.086855,1.087185,1.08669,1.087145,384
2024-01-23T13:10:00+00:00,1.08714,1.08716,1.08675,1.086875,355
2024-01-23T13:15:00+00:00,1.08688,1.08711,1.08678,1.086845,273
2024-01-23T13:20:00+00:00,1.086865,1.087065,1.08678,1.08678,405
2024-01-23T13:25:00+00:00,1.08677,1.08713,1.086585,1.08711,516
2024-01-23T13:30:00+00:00,1.087115,1.087155,1.08677,1.086995,497
2024-01-23T13:35:00+00:00,1.08699,1.087445,1.086985,1.087245,342
2024-01-23T13:40:00+00:00,1.08725,1.087475,1.08706,1.08716,337
2024-01-23T13:45:00+00:00,1.087155,1.08745,1.087005,1.087085,512
2024-01-23T13:50:00+00:00,1.08707,1.087285,1.086905,1.087085,369
2024-01-23T13:55:00+00:00,1.08708,1.087595,1.087025,1.08741,474
2024-01-23T14:00:00+00:00,1.0874,1.08741,1.08695,1.087015,402
2024-01-23T14:05:00+00:00,1.08701,1.08701,1.086625,1.086715,510
2024-01-23T14:10:00+00:00,1.08671,1.087095,1.08659,1.087045,467
2024-01-23T14:15:00+00:00,1.08706,1.087095,1.08668,1.08706,331
2024-01-23T14:20:00+00:00,1.08705,1.08706,1.08653,1.08656,396
2024-01-23T14:25:00+00:00,1.086555,1.086675,1.086275,1.08647,498
2024-01-23T14:30:00+00:00,1.086465,1.086505,1.085665,1.085765,992
2024-01-23T14:35:00+00:00,1.08575,1.08628,1.0857,1.085965,811
2024-01-23T14:40:00+00:00,1.08596,1.08603,1.085395,1.08576,906
2024-01-23T14:45:00+00:00,1.08575,1.08579,1.085275,1.08533,849
2024-01-23T14:50:00+00:00,1.085325,1.08543,1.084855,1.08519,658
2024-01-23T14:55:00+00:00,1.085185,1.08547,1.08506,1.085275,650
2024-01-23T15:00:00+00:00,1.085285,1.08569,1.08527,1.085555,680
2024-01-23T15:05:00+00:00,1.08556,1.08583,1.08522,1.085275,716
2024-01-23T15:10:00+00:00,1.08527,1.085295,1.08448,1.08488,687
2024-01-23T15:15:00+00:00,1.084885,1.084955,1.084545,1.08474,679
2024-01-23T15:20:00+00:00,1.084755,1.08503,1.083705,1.083905,729
2024-01-23T15:25:00+00:00,1.083895,1.084055,1.08351,1.083845,668
2024-01-23T15:30:00+00:00,1.083855,1.08388,1.08334,1.08334,875
2024-01-23T15:35:00+00:00,1.083335,1.083455,1.083085,1.08337,607
2024-01-23T15:40:00+00:00,1.08339,1.08342,1.082165,1.082345,865
2024-01-23T15:45:00+00:00,1.08235,1.08303,1.082305,1.083,778
2024-01-23T15:50:00+00:00,1.082995,1.083455,1.082645,1.08332,829
2024-01-23T15:55:00+00:00,1.08331,1.083345,1.083085,1.08309,697
2024-01-23T16:00:00+00:00,1.083105,1.083875,1.083105,1.08378,765
2024-01-23T16:05:00+00:00,1.083775,1.08396,1.08359,1.083595,537
2024-01-23T16:10:00+00:00,1.08359,1.0839,1.083305,1.083355,432
2024-01-23T16:15:00+00:00,1.08337,1.08354,1.0829,1.083115,442
2024-01-23T16:20:00+00:00,1.083105,1.08362,1.08309,1.083505,477
2024-01-23T16:25:00+00:00,1.083525,1.083875,1.08338,1.08382,450
2024-01-23T16:30:00+00:00,1.083825,1.08383,1.083395,1.08351,467
2024-01-23T16:35:00+00:00,1.08352,1.083785,1.08348,1.083495,367
2024-01-23T16:40:00+00:00,1.083505,1.08352,1.082945,1.082995,637
2024-01-23T16:45:00+00:00,1.08299,1.082995,1.08264,1.08272,362
2024-01-23T16:50:00+00:00,1.082705,1.08285,1.08267,1.08281,354
2024-01-23T16:55:00+00:00,1.082815,1.08291,1.08257,1.082825,353
2024-01-23T17:00:00+00:00,1.082815,1.083095,1.082445,1.08271,478
2024-01-23T17:05:00+00:00,1.082705,1.08303,1.082595,1.08302,260
2024-01-23T17:10:00+00:00,1.083015,1.08328,1.083015,1.08319,325
2024-01-23T17:15:00+00:00,1.083195,1.083205,1.082985,1.08307,185
2024-01-23T17:20:00+00:00,1.083095,1.083185,1.083,1.083095,302
2024-01-23T17:25:00+00:00,1.08309,1.08358,1.08309,1.083485,375
2024-01-23T17:30:00+00:00,1.08347,1.083545,1.083355,1.083425,324
2024-01-23T17:35:00+00:00,1.08342,1.083445,1.082865,1.082875,280
2024-01-23T17:40:00+00:00,1.08287,1.082925,1.082725,1.08282,332
2024-01-23T17:45:00+00:00,1.082815,1.08289,1.082615,1.08266,267
2024-01-23T17:50:00+00:00,1.082655,1.08306,1.08247,1.08305,362
2024-01-23T17:55:00+00:00,1.08305,1.083365,1.083015,1.08315,337
2024-01-23T18:00:00+00:00,1.083155,1.083625,1.08304,1.08349,424
2024-01-23T18:05:00+00:00,1.08347,1.08363,1.083395,1.08355,347
2024-01-23T18:10:00+00:00,1.083555,1.083605,1.083325,1.08356,315
2024-01-23T18:15:00+00:00,1.083555,1.083785,1.083545,1.083685,282
2024-01-23T18:20:00+00:00,1.08369,1.083865,1.083665,1.08374,307
2024-01-23T18:25:00+00:00,1.083745,1.083935,1.083715,1.0838,296
2024-01-23T18:30:00+00:00,1.083805,1.08394,1.08365,1.083845,265
2024-01-23T18:35:00+00:00,1.083825,1.083845,1.08362,1.08365,200
2024-01-23T18:40:00+00:00,1.083645,1.083805,1.083645,1.08372,149
2024-01-23T18:45:00+00:00,1.083685,1.083685,1.0834,1.08347,246
2024-01-23T18:50:00+00:00,1.083475,1.0837,1.083425,1.083675,240
2024-01-23T18:55:00+00:00,1.083685,1.08383,1.083595,1.08371,411
2024-01-23T19:00:00+00:00,1.083725,1.083795,1.08367,1.08375,359
2024-01-23T19:05:00+00:00,1.083745,1.08376,1.08359,1.08367,203
2024-01-23T19:10:00+00:00,1.08366,1.083915,1.083635,1.083795,225
2024-01-23T19:15:00+00:00,1.083785,1.08393,1.083735,1.083895,205
2024-01-23T19:20:00+00:00,1.083885,1.0839,1.083825,1.08385,133
2024-01-23T19:25:00+00:00,1.08386,1.08411,1.08385,1.084035,185
2024-01-23T19:30:00+00:00,1.08406,1.08427,1.084005,1.08427,271
2024-01-23T19:35:00+00:00,1.084275,1.084485,1.08413,1.084455,174
2024-01-23T19:40:00+00:00,1.08445,1.08478,1.08445,1.08469,247
2024-01-23T19:45:00+00:00,1.08468,1.08469,1.0845,1.0845,170
2024-01-23T19:50:00+00:00,1.084495,1.084545,1.084405,1.08443,142
2024-01-23T19:55:00+00:00,1.08444,1.084665,1.08443,1.084525,377
2024-01-23T20:00:00+00:00,1.08453,1.084555,1.08437,1.084435,260
2024-01-23T20:05:00+00:00,1.08443,1.08475,1.08442,1.084715,122
2024-01-23T20:10:00+00:00,1.084705,1.084915,1.08467,1.0848,184
2024-01-23T20:15:00+00:00,1.0848,1.084915,1.084755,1.084895,187
2024-01-23T20:20:00+00:00,1.08489,1.084895,1.084675,1.084695,147
2024-01-23T20:25:00+00:00,1.08469,1.084695,1.08447,1.08448,113
2024-01-23T20:30:00+00:00,1.08447,1.084515,1.08438,1.08439,203
2024-01-23T20:35:00+00:00,1.084385,1.084475,1.084385,1.08443,65
2024-01-23T20:40:00+00:00,1.08445,1.084595,1.084385,1.08456,133
2024-01-23T20:45:00+00:00,1.084565,1.084725,1.084565,1.08462,187
2024-01-23T20:50:00+00:00,1.084625,1.084725,1.084605,1.08469,157
2024-01-23T20:55:00+00:00,1.084685,1.08502,1.084675,1.08498,323
2024-01-23T22:00:00+00:00,1.08542,1.08542,1.084955,1.085225,17
2024-01-23T22:05:00+00:00,1.08523,1.085335,1.0849,1.085095,160
2024-01-23T22:10:00+00:00,1.085105,1.08515,1.08503,1.08511,132
2024-01-23T22:15:00+00:00,1.0851,1.085235,1.0851,1.085195,135
2024-01-23T22:20:00+00:00,1.08519,1.08529,1.08517,1.085215,236
2024-01-23T22:25:00+00:00,1.08522,1.085415,1.085205,1.0854,220
2024-01-23T22:30:00+00:00,1.085415,1.08543,1.085365,1.0854,51
2024-01-23T22:35:00+00:00,1.0854,1.085415,1.085365,1.085405,401
2024-01-23T22:40:00+00:00,1.08541,1.08546,1.085385,1.08543,164
2024-01-23T22:45:00+00:00,1.085425,1.085465,1.085395,1.08543,87
2024-01-23T22:50:00+00:00,1.085445,1.085505,1.085395,1.085475,76
2024-01-23T22:55:00+00:00,1.08547,1.085515,1.08513,1.085335,197
2024-01-23T21:00:00+00:00,1.08499,1.08505,1.08483,1.08501,175
2024-01-23T21:05:00+00:00,1.08502,1.085085,1.084975,1.08503,93
2024-01-23T21:10:00+00:00,1.085035,1.085335,1.08503,1.08513,112
2024-01-23T21:15:00+00:00,1.085145,1.085155,1.08506,1.08509,130
2024-01-23T21:20:00+00:00,1.085105,1.08537,1.085105,1.08529,140
2024-01-23T21:25:00+00:00,1.08531,1.08548,1.08531,1.08534,104
2024-01-23T21:30:00+00:00,1.085335,1.0854,1.085335,1.08539,136
2024-01-23T21:35:00+00:00,1.0854,1.085605,1.08533,1.085425,230
2024-01-23T21:40:00+00:00,1.08543,1.08544,1.08518,1.08518,117
2024-01-23T21:45:00+00:00,1.08516,1.08538,1.08516,1.085285,107
2024-01-23T21:50:00+00:00,1.085295,1.085325,1.085235,1.08532,144
2024-01-23T21:55:00+00:00,1.085325,1.085445,1.085305,1.085425,333
2024-01-23T23:00:00+00:00,1.08533,1.085695,1.08533,1.08568,139
2024-01-23T23:05:00+00:00,1.08569,1.085825,1.08569,1.08577,107
2024-01-23T23:10:00+00:00,1.08579,1.08582,1.08577,1.085815,44
2024-01-23T23:15:00+00:00,1.08581,1.085905,1.0858,1.085865,27
2024-01-23T23:20:00+00:00,1.08586,1.08587,1.08585,1.085855,23
2024-01-23T23:25:00+00:00,1.08584,1.08586,1.085765,1.085855,50
2024-01-23T23:30:00+00:00,1.08586,1.08594,1.08586,1.085865,57
2024-01-23T23:35:00+00:00,1.08587,1.08592,1.085845,1.08587,47
2024-01-23T23:40:00+00:00,1.085875,1.08588,1.08576,1.085765,20
2024-01-23T23:45:00+00:00,1.08577,1.08577,1.085605,1.085615,91
2024-01-23T23:50:00+00:00,1.08562,1.085715,1.08561,1.085715,72
2024-01-23T23:55:00+00:00,1.08572,1.08576,1.085655,1.085735,91
2024-01-24T00:00:00+00:00,1.08574,1.08578,1.08563,1.085765,114
2024-01-24T00:05:00+00:00,1.08577,1.085865,1.08577,1.08584,116
2024-01-24T00:10:00+00:00,1.085845,1.08592,1.08583,1.085905,82
2024-01-24T00:15:00+00:00,1.085915,1.08595,1.085895,1.08591,87
2024-01-24T00:20:00+00:00,1.085915,1.086,1.08583,1.08583,102
2024-01-24T00:25:00+00:00,1.0858,1.085805,1.08558,1.0856,95
2024-01-24T00:30:00+00:00,1.08561,1.085675,1.08553,1.085665,161
2024-01-24T00:35:00+00:00,1.08566,1.085735,1.085555,1.085705,59
2024-01-24T00:40:00+00:00,1.08571,1.08574,1.08567,1.08569,130
2024-01-24T00:45:00+00:00,1.085695,1.085775,1.085665,1.085765,186
2024-01-24T00:50:00+00:00,1.08576,1.08586,1.085745,1.085765,226
2024-01-24T00:55:00+00:00,1.08574,1.085815,1.085565,1.085605,193
2024-01-24T01:00:00+00:00,1.085595,1.085615,1.085155,1.08516,390
2024-01-24T01:05:00+00:00,1.08518,1.085305,1.08516,1.085255,169
2024-01-24T01:10:00+00:00,1.08526,1.085655,1.085255,1.085615,153
2024-01-24T01:15:00+00:00,1.08561,1.08579,1.08553,1.085585,320
2024-01-24T01:20:00+00:00,1.085595,1.08568,1.085405,1.08543,280
2024-01-24T01:25:00+00:00,1.085425,1.0857,1.085415,1.085695,220
2024-01-24T01:30:00+00:00,1.0857,1.08595,1.085695,1.085855,291
2024-01-24T01:35:00+00:00,1.08586,1.085915,1.085645,1.0857,313
2024-01-24T01:40:00+00:00,1.085695,1.085915,1.08568,1.08581,284
2024-01-24T01:45:00+00:00,1.0858,1.08593,1.085615,1.08587,216
2024-01-24T01:50:00+00:00,1.085875,1.08592,1.085745,1.085755,269
2024-01-24T01:55:00+00:00,1.08575,1.085855,1.085745,1.085805,201
2024-01-24T02:00:00+00:00,1.08581,1.085845,1.08566,1.085695,179
2024-01-24T02:05:00+00:00,1.0857,1.085815,1.08569,1.08571,180
2024-01-24T02:10:00+00:00,1.085705,1.08571,1.08536,1.0854,153
2024-01-24T02:15:00+00:00,1.085405,1.085485,1.08534,1.08545,207
2024-01-24T02:20:00+00:00,1.085445,1.085545,1.0854,1.08547,168
2024-01-24T02:25:00+00:00,1.085475,1.085695,1.085475,1.085695,147
2024-01-24T02:30:00+00:00,1.0857,1.085745,1.085535,1.08561,111
2024-01-24T02:35:00+00:00,1.085615,1.08567,1.085525,1.08558,125
2024-01-24T02:40:00+00:00,1.085575,1.085625,1.08548,1.085605,169
2024-01-24T02:45:00+00:00,1.0856,1.085705,1.085565,1.0857,87
2024-01-24T02:50:00+00:00,1.085705,1.08577,1.085695,1.085725,162
2024-01-24T02:55:00+00:00,1.08572,1.085765,1.085635,1.0857,129
2024-01-24T03:00:00+00:00,1.085705,1.0858,1.085665,1.08574,161
2024-01-24T03:05:00+00:00,1.085745,1.085755,1.08569,1.08572,176
2024-01-24T03:10:00+00:00,1.085715,1.08599,1.08571,1.08598,179
2024-01-24T03:15:00+00:00,1.085985,1.086105,1.085955,1.0861,142
2024-01-24T03:20:00+00:00,1.086075,1.086075,1.085935,1.086005,92
2024-01-24T03:25:00+00:00,1.08601,1.08607,1.085955,1.086055,130
2024-01-24T03:30:00+00:00,1.086035,1.08612,1.08601,1.086105,109
2024-01-24T03:35:00+00:00,1.0861,1.08613,1.08599,1.08601,97
2024-01-24T03:40:00+00:00,1.086005,1.08605,1.085925,1.086045,187
2024-01-24T03:45:00+00:00,1.08606,1.08614,1.08604,1.086095,233
2024-01-24T03:50:00+00:00,1.0861,1.08615,1.086005,1.08604,233
2024-01-24T03:55:00+00:00,1.08603,1.086065,1.08589,1.085905,231
2024-01-24T05:00:00+00:00,1.08645,1.086455,1.0862,1.08621,250
2024-01-24T05:05:00+00:00,1.086205,1.086205,1.086075,1.086095,231
2024-01-24T05:10:00+00:00,1.08609,1.08626,1.08604,1.086255,149
2024-01-24T05:15:00+00:00,1.08625,1.086255,1.086045,1.086045,148
2024-01-24T05:20:00+00:00,1.08604,1.08615,1.085935,1.085955,162
2024-01-24T05:25:00+00:00,1.08595,1.0861,1.085945,1.086075,132
2024-01-24T05:30:00+00:00,1.08608,1.08627,1.08604,1.086265,120
2024-01-24T05:35:00+00:00,1.08626,1.08627,1.086165,1.086205,155
2024-01-24T05:40:00+00:00,1.086235,1.086315,1.086235,1.0863,117
2024-01-24T05:45:00+00:00,1.086305,1.08636,1.086245,1.086355,133
2024-01-24T05:50:00+00:00,1.08636,1.086435,1.086305,1.086355,142
2024-01-24T05:55:00+00:00,1.086365,1.086415,1.086185,1.08622,348
2024-01-24T04:00:00+00:00,1.08593,1.08605,1.0859,1.08595,138
2024-01-24T04:05:00+00:00,1.085955,1.085995,1.085905,1.085965,116
2024-01-24T04:10:00+00:00,1.085955,1.08596,1.085825,1.085895,132
2024-01-24T04:15:00+00:00,1.0859,1.085935,1.08586,1.085935,110
2024-01-24T04:20:00+00:00,1.085945,1.08599,1.08588,1.08597,164
2024-01-24T04:25:00+00:00,1.08596,1.08597,1.085875,1.085925,204
2024-01-24T04:30:00+00:00,1.085935,1.086045,1.08593,1.086025,184
2024-01-24T04:35:00+00:00,1.08602,1.08619,1.08602,1.086145,219
2024-01-24T04:40:00+00:00,1.086155,1.086565,1.086145,1.08655,218
2024-01-24T04:45:00+00:00,1.086555,1.08656,1.086345,1.086535,159
2024-01-24T04:50:00+00:00,1.08654,1.086615,1.086395,1.086445,150
2024-01-24T04:55:00+00:00,1.086465,1.086465,1.086395,1.086455,114
2024-01-24T06:00:00+00:00,1.086205,1.086265,1.086085,1.086245,289
2024-01-24T06:05:00+00:00,1.08625,1.086415,1.08625,1.08639,176
2024-01-24T06:10:00+00:00,1.086385,1.086475,1.086325,1.086395,203
2024-01-24T06:15:00+00:00,1.08639,1.086455,1.086265,1.08633,213
2024-01-24T06:20:00+00:00,1.08632,1.086365,1.08624,1.086355,126
2024-01-24T06:25:00+00:00,1.08636,1.086465,1.08635,1.086455,102
2024-01-24T06:30:00+00:00,1.08644,1.08651,1.08635,1.08636,139
2024-01-24T06:35:00+00:00,1.086355,1.08661,1.086295,1.086585,212
2024-01-24T06:40:00+00:00,1.086595,1.0866,1.086475,1.086595,167
2024-01-24T06:45:00+00:00,1.0866,1.086655,1.086525,1.08656,134
2024-01-24T06:50:00+00:00,1.086565,1.086665,1.086515,1.086555,187
2024-01-24T06:55:00+00:00,1.08655,1.086555,1.086245,1.08635,289
2024-01-24T07:00:00+00:00,1.086335,1.08657,1.08604,1.08656,454
2024-01-24T07:05:00+00:00,1.086565,1.08697,1.086565,1.086765,401
2024-01-24T07:10:00+00:00,1.08676,1.086865,1.08665,1.086865,175
2024-01-24T07:15:00+00:00,1.086885,1.08692,1.08676,1.08686,233
2024-01-24T07:20:00+00:00,1.086855,1.086955,1.086645,1.086925,251
2024-01-24T07:25:00+00:00,1.086935,1.087015,1.08684,1.086965,201
2024-01-24T07:30:00+00:00,1.08696,1.08739,1.08696,1.08726,284
2024-01-24T07:35:00+00:00,1.087275,1.0876,1.08722,1.08745,526
2024-01-24T07:40:00+00:00,1.087445,1.08792,1.087385,1.0879,566
2024-01-24T07:45:00+00:00,1.087895,1.087955,1.08764,1.087745,466
2024-01-24T07:50:00+00:00,1.08774,1.08774,1.08699,1.087235,460
2024-01-24T07:55:00+00:00,1.087225,1.08759,1.087155,1.087335,482
2024-01-24T08:00:00+00:00,1.08734,1.08795,1.08734,1.087785,850
2024-01-24T08:05:00+00:00,1.08779,1.08788,1.08756,1.0876,642
2024-01-24T08:10:00+00:00,1.087585,1.08788,1.087425,1.08788,629
2024-01-24T08:15:00+00:00,1.087835,1.087835,1.08709,1.08713,916
2024-01-24T08:20:00+00:00,1.087135,1.08729,1.08689,1.087185,628
2024-01-24T08:25:00+00:00,1.08719,1.087395,1.08696,1.087365,462
2024-01-24T08:30:00+00:00,1.087395,1.08804,1.08627,1.087305,1057
2024-01-24T08:35:00+00:00,1.087285,1.08731,1.086605,1.086705,608
2024-01-24T08:40:00+00:00,1.08671,1.087105,1.08649,1.08699,533
2024-01-24T08:45:00+00:00,1.086995,1.0872,1.086885,1.086965,391
2024-01-24T08:50:00+00:00,1.086975,1.087155,1.086845,1.08693,401
2024-01-24T08:55:00+00:00,1.086935,1.08712,1.08674,1.08699,355
2024-01-24T09:00:00+00:00,1.08702,1.08771,1.086975,1.087635,647
2024-01-24T09:05:00+00:00,1.08764,1.08849,1.087625,1.088325,551
2024-01-24T09:10:00+00:00,1.088315,1.088535,1.08815,1.08845,440
2024-01-24T09:15:00+00:00,1.088465,1.088955,1.088465,1.0889,359
2024-01-24T09:20:00+00:00,1.088905,1.0892,1.088865,1.089035,458
2024-01-24T09:25:00+00:00,1.08903,1.08903,1.088745,1.08879,452
2024-01-24T09:30:00+00:00,1.08881,1.089875,1.08881,1.08978,1002
2024-01-24T09:35:00+00:00,1.089775,1.09078,1.089595,1.090685,863
2024-01-24T09:40:00+00:00,1.09069,1.09071,1.090085,1.09028,927
2024-01-24T09:45:00+00:00,1.09027,1.090475,1.090185,1.090455,497
2024-01-24T09:50:00+00:00,1.090445,1.0907,1.09024,1.09038,396
2024-01-24T09:55:00+00:00,1.090395,1.090685,1.09025,1.090285,403
2024-01-24T10:00:00+00:00,1.09028,1.090475,1.09009,1.090375,525
2024-01-24T10:05:00+00:00,1.09037,1.090485,1.090255,1.0903,361
2024-01-24T10:10:00+00:00,1.090295,1.090405,1.09008,1.090085,387
2024-01-24T10:15:00+00:00,1.0901,1.09022,1.089785,1.08982,426
2024-01-24T10:20:00+00:00,1.089815,1.090095,1.089715,1.089815,415
2024-01-24T10:25:00+00:00,1.08981,1.08991,1.089565,1.08968,412
2024-01-24T10:30:00+00:00,1.089675,1.08986,1.089325,1.089505,396
2024-01-24T10:35:00+00:00,1.0895,1.08964,1.089375,1.089515,325
2024-01-24T10:40:00+00:00,1.08951,1.08982,1.08948,1.089725,235
2024-01-24T10:45:00+00:00,1.08973,1.09002,1.0897,1.089985,209
2024-01-24T10:50:00+00:00,1.08998,1.089995,1.089675,1.089695,275
2024-01-24T10:55:00+00:00,1.089705,1.089965,1.089435,1.08978,472
2024-01-24T11:00:00+00:00,1.089775,1.090065,1.089695,1.089825,306
2024-01-24T11:05:00+00:00,1.089805,1.08984,1.089445,1.089445,405
2024-01-24T11:10:00+00:00,1.08945,1.08965,1.089435,1.08949,229
2024-01-24T11:15:00+00:00,1.08951,1.089705,1.0894,1.089635,240
2024-01-24T11:20:00+00:00,1.089615,1.089715,1.089415,1.089435,237
2024-01-24T11:25:00+00:00,1.08944,1.089705,1.089405,1.08966,325
2024-01-24T11:30:00+00:00,1.089655,1.089685,1.0891,1.08929,373
2024-01-24T11:35:00+00:00,1.0893,1.089745,1.0893,1.089495,307
2024-01-24T11:40:00+00:00,1.08949,1.090105,1.08949,1.0901,304
2024-01-24T11:45:00+00:00,1.090105,1.09016,1.08965,1.089735,419
2024-01-24T11:50:00+00:00,1.08973,1.08984,1.089625,1.08969,278
2024-01-24T11:55:00+00:00,1.08967,1.08971,1.089175,1.08928,357
2024-01-24T12:00:00+00:00,1.089285,1.089545,1.089135,1.08936,277
2024-01-24T12:05:00+00:00,1.08937,1.08937,1.08896,1.08902,407
2024-01-24T12:10:00+00:00,1.089015,1.08935,1.089015,1.08927,263
2024-01-24T12:15:00+00:00,1.089275,1.0895,1.089075,1.08935,313
2024-01-24T12:20:00+00:00,1.08934,1.089505,1.0892,1.089395,364
2024-01-24T12:25:00+00:00,1.08937,1.089415,1.08875,1.088795,386
2024-01-24T12:30:00+00:00,1.0888,1.088995,1.088765,1.08899,412
2024-01-24T12:35:00+00:00,1.088995,1.08962,1.088995,1.08955,305
2024-01-24T12:40:00+00:00,1.08956,1.08975,1.089475,1.0895,360
2024-01-24T12:45:00+00:00,1.08953,1.089925,1.089505,1.089555,309
2024-01-24T12:50:00+00:00,1.08956,1.08957,1.089385,1.08942,267
2024-01-24T12:55:00+00:00,1.089415,1.089755,1.089365,1.089485,539
2024-01-24T13:00:00+00:00,1.08949,1.09041,1.089365,1.090155,616
2024-01-24T13:05:00+00:00,1.090185,1.09051,1.090185,1.09045,617
2024-01-24T13:10:00+00:00,1.090435,1.09065,1.09035,1.090635,482
2024-01-24T13:15:00+00:00,1.09062,1.09075,1.09039,1.090655,452
2024-01-24T13:20:00+00:00,1.09064,1.090965,1.090385,1.090905,602
2024-01-24T13:25:00+00:00,1.090895,1.091355,1.09065,1.091205,768
2024-01-24T13:30:00+00:00,1.09123,1.09177,1.091035,1.091605,882
2024-01-24T13:35:00+00:00,1.091615,1.09166,1.09101,1.09123,733
2024-01-24T13:40:00+00:00,1.091235,1.09129,1.09086,1.090885,521
2024-01-24T13:45:00+00:00,1.090875,1.09175,1.090865,1.091705,434
2024-01-24T13:50:00+00:00,1.0917,1.092465,1.0917,1.092445,593
2024-01-24T13:55:00+00:00,1.09245,1.092725,1.092185,1.092505,746
2024-01-24T14:00:00+00:00,1.092495,1.092505,1.092085,1.092085,704
2024-01-24T14:05:00+00:00,1.09207,1.092295,1.091915,1.09221,619
2024-01-24T14:10:00+00:00,1.09222,1.09249,1.09204,1.092375,404
2024-01-24T14:15:00+00:00,1.092385,1.092785,1.092375,1.09278,461
2024-01-24T14:20:00+00:00,1.092785,1.09293,1.0926,1.09272,483
2024-01-24T14:25:00+00:00,1.092705,1.093195,1.0927,1.093155,394
2024-01-24T14:30:00+00:00,1.09316,1.09324,1.092695,1.09284,808
2024-01-24T14:35:00+00:00,1.092845,1.092945,1.09237,1.09249,971
2024-01-24T14:40:00+00:00,1.092485,1.092825,1.092435,1.09263,613
2024-01-24T14:45:00+00:00,1.09259,1.09259,1.09057,1.090725,2456
2024-01-24T14:50:00+00:00,1.09072,1.09145,1.0903,1.091105,1863
2024-01-24T14:55:00+00:00,1.0911,1.09116,1.090175,1.09034,1505
2024-01-24T15:00:00+00:00,1.090345,1.090555,1.08959,1.089905,1430
2024-01-24T15:05:00+00:00,1.089895,1.090335,1.08962,1.09004,1203
2024-01-24T15:10:00+00:00,1.090075,1.0903,1.089615,1.09023,983
2024-01-24T15:15:00+00:00,1.090225,1.090535,1.09014,1.09041,1093
2024-01-24T15:20:00+00:00,1.0904,1.090545,1.090045,1.090495,1031
2024-01-24T15:25:00+00:00,1.09051,1.09077,1.090265,1.09066,924
2024-01-24T15:30:00+00:00,1.09065,1.090655,1.090125,1.090265,803
2024-01-24T15:35:00+00:00,1.090275,1.09028,1.089615,1.089855,750
2024-01-24T15:40:00+00:00,1.089865,1.090455,1.089565,1.09034,1016
2024-01-24T15:45:00+00:00,1.090345,1.090455,1.089685,1.09013,1039
2024-01-24T15:50:00+00:00,1.09014,1.090225,1.08933,1.089405,993
2024-01-24T15:55:00+00:00,1.089375,1.090185,1.089345,1.09008,931
2024-01-24T16:00:00+00:00,1.090085,1.09019,1.08992,1.089975,964
2024-01-24T16:05:00+00:00,1.089965,1.08997,1.08914,1.08935,874
2024-01-24T16:10:00+00:00,1.089345,1.08955,1.08906,1.08927,779
2024-01-24T16:15:00+00:00,1.089275,1.08996,1.08917,1.08991,908
2024-01-24T16:20:00+00:00,1.089895,1.09004,1.089535,1.08976,810
2024-01-24T16:25:00+00:00,1.089775,1.09048,1.089745,1.09025,570
2024-01-24T16:30:00+00:00,1.090265,1.090545,1.09013,1.090395,742
2024-01-24T16:35:00+00:00,1.090395,1.09043,1.090275,1.090375,552
2024-01-24T16:40:00+00:00,1.09039,1.09043,1.089805,1.08984,452
2024-01-24T16:45:00+00:00,1.089835,1.089885,1.089485,1.089505,478
2024-01-24T16:50:00+00:00,1.0895,1.090165,1.089475,1.09015,473
2024-01-24T16:55:00+00:00,1.090135,1.09021,1.08992,1.09006,385
2024-01-24T17:00:00+00:00,1.09004,1.090205,1.089805,1.09001,400
2024-01-24T17:05:00+00:00,1.090005,1.090005,1.08955,1.089895,282
2024-01-24T17:10:00+00:00,1.08989,1.09005,1.08964,1.08978,329
2024-01-24T17:15:00+00:00,1.08977,1.08982,1.089555,1.089585,437
2024-01-24T17:20:00+00:00,1.08959,1.09015,1.08959,1.09015,332
2024-01-24T17:25:00+00:00,1.09014,1.09024,1.09002,1.090215,268
2024-01-24T17:30:00+00:00,1.090205,1.09045,1.090115,1.09041,307
2024-01-24T17:35:00+00:00,1.090415,1.090455,1.09012,1.090155,242
2024-01-24T17:40:00+00:00,1.090175,1.090325,1.09015,1.090255,213
2024-01-24T17:45:00+00:00,1.090245,1.090455,1.09012,1.09045,362
2024-01-24T17:50:00+00:00,1.090455,1.090595,1.09042,1.090555,307
2024-01-24T17:55:00+00:00,1.09055,1.090875,1.090475,1.090535,355
2024-01-24T18:00:00+00:00,1.09053,1.090605,1.08966,1.0898,777
2024-01-24T18:05:00+00:00,1.089815,1.089935,1.089645,1.08986,530
2024-01-24T18:10:00+00:00,1.089845,1.08996,1.089405,1.089405,397
2024-01-24T18:15:00+00:00,1.0894,1.089565,1.089345,1.089505,416
2024-01-24T18:20:00+00:00,1.089485,1.089615,1.08906,1.089205,422
2024-01-24T18:25:00+00:00,1.089195,1.08992,1.08912,1.089515,457
2024-01-24T18:30:00+00:00,1.089505,1.08965,1.089355,1.089625,373
2024-01-24T18:35:00+00:00,1.08963,1.08977,1.08922,1.08923,366
2024-01-24T18:40:00+00:00,1.089225,1.089285,1.08908,1.0891,354
2024-01-24T18:45:00+00:00,1.089105,1.08926,1.08904,1.089125,334
2024-01-24T18:50:00+00:00,1.08912,1.089305,1.08908,1.08925,255
2024-01-24T18:55:00+00:00,1.089245,1.089435,1.08922,1.08928,375
2024-01-24T19:00:00+00:00,1.089265,1.089335,1.08902,1.08903,461
2024-01-24T19:05:00+00:00,1.089035,1.08911,1.088895,1.08893,264
2024-01-24T19:10:00+00:00,1.08892,1.08901,1.088705,1.08874,353
2024-01-24T19:15:00+00:00,1.08873,1.08878,1.088545,1.088555,329
2024-01-24T19:20:00+00:00,1.08856,1.088595,1.08814,1.088195,352
2024-01-24T19:25:00+00:00,1.0882,1.08869,1.0882,1.088615,520
2024-01-24T19:30:00+00:00,1.08862,1.08882,1.088605,1.088685,383
2024-01-24T19:35:00+00:00,1.08869,1.088775,1.08851,1.088665,245
2024-01-24T19:40:00+00:00,1.088675,1.08887,1.088395,1.08886,323
2024-01-24T19:45:00+00:00,1.08884,1.088965,1.08878,1.088945,230
2024-01-24T19:50:00+00:00,1.08894,1.08905,1.088855,1.0889,186
2024-01-24T19:55:00+00:00,1.08889,1.08889,1.0887,1.08884,353
2024-01-24T20:00:00+00:00,1.088835,1.088855,1.08871,1.088845,423
2024-01-24T20:05:00+00:00,1.08885,1.08906,1.08885,1.08897,288
2024-01-24T20:10:00+00:00,1.088965,1.089015,1.088695,1.088695,460
2024-01-24T20:15:00+00:00,1.08869,1.08869,1.088395,1.088535,376
2024-01-24T20:20:00+00:00,1.08853,1.08857,1.088355,1.08848,401
2024-01-24T20:25:00+00:00,1.088475,1.088585,1.088395,1.08846,279
2024-01-24T20:30:00+00:00,1.088445,1.0885,1.088355,1.08845,245
2024-01-24T20:35:00+00:00,1.08843,1.088525,1.088385,1.08845,196
2024-01-24T20:40:00+00:00,1.08847,1.088665,1.08847,1.088585,314
2024-01-24T20:45:00+00:00,1.088565,1.088565,1.08835,1.088405,252
2024-01-24T20:50:00+00:00,1.0884,1.0884,1.08814,1.088215,265
2024-01-24T20:55:00+00:00,1.088225,1.088345,1.08792,1.088005,384
2024-01-24T21:00:00+00:00,1.087995,1.08807,1.08782,1.087885,190
2024-01-24T21:05:00+00:00,1.08789,1.087945,1.087775,1.087945,134
2024-01-24T21:10:00+00:00,1.08794,1.08799,1.087845,1.08793,135
2024-01-24T21:15:00+00:00,1.087925,1.08795,1.08786,1.08792,167
2024-01-24T21:20:00+00:00,1.087915,1.08817,1.08789,1.08815,179
2024-01-24T21:25:00+00:00,1.08814,1.088195,1.08804,1.088195,190
2024-01-24T21:30:00+00:00,1.0882,1.08825,1.08814,1.08823,105
2024-01-24T21:35:00+00:00,1.088235,1.08834,1.08822,1.088295,88
2024-01-24T21:40:00+00:00,1.08829,1.08837,1.088205,1.08834,140
2024-01-24T21:45:00+00:00,1.088335,1.08843,1.08832,1.08841,92
2024-01-24T21:50:00+00:00,1.088405,1.088475,1.0884,1.088455,131
2024-01-24T21:55:00+00:00,1.08845,1.088535,1.08839,1.088495,353
2024-01-24T22:00:00+00:00,1.08849,1.08851,1.08846,1.088475,13
2024-01-24T22:05:00+00:00,1.088465,1.088465,1.088315,1.08837,56
2024-01-24T22:10:00+00:00,1.088365,1.08853,1.088305,1.088495,79
2024-01-24T22:15:00+00:00,1.088485,1.088585,1.08845,1.088515,143
2024-01-24T22:20:00+00:00,1.08859,1.08862,1.088505,1.088565,70
2024-01-24T22:25:00+00:00,1.088575,1.08864,1.08853,1.088585,245
2024-01-24T22:30:00+00:00,1.08859,1.08864,1.0885,1.088635,293
2024-01-24T22:35:00+00:00,1.088635,1.088665,1.088615,1.08865,158
2024-01-24T22:40:00+00:00,1.08864,1.088655,1.088615,1.088645,117
2024-01-24T22:45:00+00:00,1.088635,1.088655,1.088625,1.088645,25
2024-01-24T22:50:00+00:00,1.088635,1.08868,1.08862,1.08864,46
2024-01-24T22:55:00+00:00,1.088645,1.08865,1.088545,1.088565,77
2024-01-22T08:00:00+00:00,1.08976,1.089885,1.08944,1.08949,520
2024-01-22T08:05:00+00:00,1.0895,1.0895,1.08907,1.089265,586
2024-01-22T08:10:00+00:00,1.08927,1.089555,1.08915,1.08945,562
2024-01-22T08:15:00+00:00,1.089435,1.089705,1.08923,1.089565,411
2024-01-22T08:20:00+00:00,1.089575,1.09,1.089525,1.08996,447
2024-01-22T08:25:00+00:00,1.089955,1.09009,1.089805,1.089905,397
2024-01-22T08:30:00+00:00,1.0899,1.0899,1.089185,1.08924,465
2024-01-22T08:35:00+00:00,1.08923,1.0895,1.0891,1.08929,411
2024-01-22T08:40:00+00:00,1.089285,1.08934,1.08894,1.08894,470
2024-01-22T08:45:00+00:00,1.088935,1.089345,1.088855,1.088885,453
2024-01-22T08:50:00+00:00,1.08888,1.088905,1.08872,1.0889,335
2024-01-22T08:55:00+00:00,1.088875,1.089245,1.088805,1.089185,430
2024-01-24T23:00:00+00:00,1.088575,1.08866,1.08853,1.08855,170
2024-01-24T23:05:00+00:00,1.088555,1.08859,1.08848,1.088485,69
2024-01-24T23:10:00+00:00,1.08849,1.08863,1.08849,1.088575,51
2024-01-24T23:15:00+00:00,1.08857,1.088595,1.088505,1.088545,70
2024-01-24T23:20:00+00:00,1.08853,1.088625,1.088495,1.08854,138
2024-01-24T23:25:00+00:00,1.088535,1.088545,1.08841,1.08842,125
2024-01-24T23:30:00+00:00,1.088425,1.088425,1.08824,1.0883,66
2024-01-24T23:35:00+00:00,1.088295,1.08832,1.088275,1.088285,29
2024-01-24T23:40:00+00:00,1.08828,1.088295,1.08821,1.08823,41
2024-01-24T23:45:00+00:00,1.088235,1.088245,1.088185,1.088215,30
2024-01-24T23:50:00+00:00,1.08821,1.088235,1.08816,1.088175,67
2024-01-24T23:55:00+00:00,1.08818,1.08818,1.08811,1.088115,38
2024-01-25T00:00:00+00:00,1.08812,1.08814,1.087945,1.087945,187
2024-01-25T00:05:00+00:00,1.08794,1.08794,1.087715,1.087725,237
2024-01-25T00:10:00+00:00,1.087715,1.08773,1.087535,1.087535,96
2024-01-25T00:15:00+00:00,1.087525,1.08758,1.087425,1.087435,160
2024-01-25T00:20:00+00:00,1.08742,1.08747,1.08734,1.08738,139
2024-01-25T00:25:00+00:00,1.08736,1.08739,1.087265,1.08738,222
2024-01-25T00:30:00+00:00,1.087375,1.08759,1.08736,1.087575,211
2024-01-25T00:35:00+00:00,1.08757,1.087685,1.087515,1.08752,241
2024-01-25T00:40:00+00:00,1.087515,1.08758,1.087415,1.08753,214
2024-01-25T00:45:00+00:00,1.087535,1.087675,1.08753,1.087625,187
2024-01-25T00:50:00+00:00,1.087635,1.087695,1.08753,1.087675,229
2024-01-25T00:55:00+00:00,1.087665,1.0877,1.08723,1.08743,295
2024-01-25T01:00:00+00:00,1.08743,1.08743,1.087035,1.08707,323
2024-01-25T01:05:00+00:00,1.087075,1.08727,1.087035,1.087195,238
2024-01-25T01:10:00+00:00,1.08719,1.087255,1.08712,1.087245,184
2024-01-25T01:15:00+00:00,1.087215,1.087245,1.08713,1.087225,313
2024-01-25T01:20:00+00:00,1.08722,1.08727,1.087105,1.087155,263
2024-01-25T01:25:00+00:00,1.087145,1.08735,1.08713,1.087295,211
2024-01-25T01:30:00+00:00,1.087275,1.08757,1.08723,1.08755,282
2024-01-25T01:35:00+00:00,1.08754,1.087605,1.087425,1.08746,208
2024-01-25T01:40:00+00:00,1.08747,1.0877,1.08747,1.0876,222
2024-01-25T01:45:00+00:00,1.087615,1.08764,1.087495,1.08755,229
2024-01-25T01:50:00+00:00,1.087545,1.087675,1.087515,1.087655,184
2024-01-25T01:55:00+00:00,1.08767,1.087875,1.087655,1.08776,217
2024-01-25T02:00:00+00:00,1.087785,1.087825,1.087535,1.0877,168
2024-01-25T02:05:00+00:00,1.08771,1.08795,1.08771,1.087835,205
2024-01-25T02:10:00+00:00,1.08783,1.08795,1.087825,1.08786,108
2024-01-25T02:15:00+00:00,1.087845,1.0879,1.087695,1.087805,178
2024-01-25T02:20:00+00:00,1.087815,1.08784,1.087695,1.08783,94
2024-01-25T02:25:00+00:00,1.087815,1.087945,1.087785,1.087935,108
2024-01-25T02:30:00+00:00,1.087925,1.088,1.087805,1.08795,175
2024-01-25T02:35:00+00:00,1.087955,1.088,1.0877,1.0877,122
2024-01-25T02:40:00+00:00,1.087705,1.08776,1.08762,1.08763,208
2024-01-25T02:45:00+00:00,1.087625,1.08768,1.08754,1.08763,239
2024-01-25T02:50:00+00:00,1.08762,1.087655,1.087505,1.087655,148
2024-01-25T02:55:00+00:00,1.08766,1.087745,1.087635,1.08773,172
2024-01-25T03:00:00+00:00,1.087735,1.088045,1.087735,1.088035,146
2024-01-25T03:05:00+00:00,1.088065,1.088195,1.088035,1.08804,213
2024-01-25T03:10:00+00:00,1.088035,1.08814,1.087995,1.087995,121
2024-01-25T03:15:00+00:00,1.08799,1.088,1.08789,1.088,95
2024-01-25T03:20:00+00:00,1.087995,1.088005,1.087945,1.087945,42
2024-01-25T03:25:00+00:00,1.08794,1.08802,1.087905,1.08794,128
2024-01-25T03:30:00+00:00,1.087955,1.088005,1.08784,1.08784,195
2024-01-25T03:35:00+00:00,1.087815,1.08796,1.087745,1.087905,168
2024-01-25T03:40:00+00:00,1.087915,1.088005,1.08785,1.08789,115
2024-01-25T03:45:00+00:00,1.087895,1.08799,1.08784,1.087905,109
2024-01-25T03:50:00+00:00,1.0879,1.08794,1.08785,1.08794,51
2024-01-25T03:55:00+00:00,1.08795,1.08797,1.087785,1.08779,113
2024-01-25T05:00:00+00:00,1.087555,1.08765,1.087495,1.08751,95
2024-01-25T05:05:00+00:00,1.087515,1.08761,1.08749,1.087605,81
2024-01-25T05:10:00+00:00,1.0876,1.08761,1.087525,1.087595,104
2024-01-25T05:15:00+00:00,1.087585,1.0877,1.087585,1.087635,94
2024-01-25T05:20:00+00:00,1.087625,1.08774,1.08755,1.087715,81
2024-01-25T05:25:00+00:00,1.08771,1.08781,1.087695,1.087785,114
2024-01-25T05:30:00+00:00,1.08778,1.087805,1.08768,1.087795,159
2024-01-25T05:35:00+00:00,1.0878,1.087805,1.087735,1.08775,110
2024-01-25T05:40:00+00:00,1.08775,1.08789,1.087745,1.087855,111
2024-01-25T05:45:00+00:00,1.08786,1.08787,1.087755,1.087805,81
2024-01-25T05:50:00+00:00,1.0878,1.08782,1.08771,1.087745,69
2024-01-25T05:55:00+00:00,1.08774,1.08785,1.08758,1.08783,213
2024-01-25T04:00:00+00:00,1.087785,1.087915,1.087745,1.087895,111
2024-01-25T04:05:00+00:00,1.087885,1.087885,1.08779,1.08785,64
2024-01-25T04:10:00+00:00,1.087855,1.08806,1.087845,1.088055,87
2024-01-25T04:15:00+00:00,1.08805,1.0881,1.08801,1.08804,71
2024-01-25T04:20:00+00:00,1.088035,1.088135,1.088,1.08805,82
2024-01-25T04:25:00+00:00,1.088055,1.088055,1.08802,1.088035,24
2024-01-25T04:30:00+00:00,1.08804,1.08804,1.08782,1.087895,110
2024-01-25T04:35:00+00:00,1.08789,1.087895,1.08774,1.087785,110
2024-01-25T04:40:00+00:00,1.08779,1.087795,1.087695,1.087745,109
2024-01-25T04:45:00+00:00,1.08773,1.08773,1.087605,1.087605,37
2024-01-25T04:50:00+00:00,1.087595,1.08764,1.08745,1.08751,144
2024-01-25T04:55:00+00:00,1.087505,1.087595,1.087505,1.08756,84
2024-01-25T06:00:00+00:00,1.087835,1.08801,1.087835,1.087955,204
2024-01-25T06:05:00+00:00,1.08796,1.08802,1.087755,1.08778,103
2024-01-25T06:10:00+00:00,1.08777,1.087955,1.08758,1.087955,263
2024-01-25T06:15:00+00:00,1.08795,1.087965,1.08785,1.08791,91
2024-01-25T06:20:00+00:00,1.087925,1.088,1.087895,1.087975,168
2024-01-25T06:25:00+00:00,1.08798,1.088195,1.08795,1.088195,150
2024-01-25T06:30:00+00:00,1.08819,1.088505,1.08817,1.0885,257
2024-01-25T06:35:00+00:00,1.08849,1.08866,1.088455,1.08861,175
2024-01-25T06:40:00+00:00,1.08861,1.088655,1.088505,1.088545,77
2024-01-25T06:45:00+00:00,1.088525,1.088665,1.08844,1.088445,118
2024-01-25T06:50:00+00:00,1.08842,1.088485,1.088305,1.088485,110
2024-01-25T06:55:00+00:00,1.08849,1.088655,1.08849,1.08862,186
2024-01-25T07:00:00+00:00,1.08861,1.08871,1.088545,1.08865,269
2024-01-25T07:05:00+00:00,1.088655,1.08883,1.088615,1.088805,170
2024-01-25T07:10:00+00:00,1.088775,1.08899,1.08869,1.08895,177
2024-01-25T07:15:00+00:00,1.088955,1.08914,1.088835,1.0889,192
2024-01-25T07:20:00+00:00,1.088865,1.089,1.08875,1.088755,239
2024-01-25T07:25:00+00:00,1.08874,1.08898,1.08871,1.08894,137
2024-01-25T07:30:00+00:00,1.08896,1.08896,1.08855,1.088595,250
2024-01-25T07:35:00+00:00,1.0886,1.08864,1.08844,1.088575,192
2024-01-25T07:40:00+00:00,1.08857,1.088745,1.08841,1.08868,278
2024-01-25T07:45:00+00:00,1.08869,1.0888,1.08859,1.08866,213
2024-01-25T07:50:00+00:00,1.08867,1.0889,1.08867,1.08888,190
2024-01-25T07:55:00+00:00,1.08889,1.089045,1.088585,1.08879,516
2024-01-25T08:00:00+00:00,1.088785,1.08898,1.08844,1.088575,533
2024-01-25T08:05:00+00:00,1.08856,1.08918,1.08853,1.08903,537
2024-01-25T08:10:00+00:00,1.089025,1.08907,1.08863,1.088785,531
2024-01-25T08:15:00+00:00,1.0888,1.08892,1.0883,1.08834,416
2024-01-25T08:20:00+00:00,1.088335,1.0889,1.088295,1.088745,485
2024-01-25T08:25:00+00:00,1.088735,1.08915,1.08867,1.089115,407
2024-01-25T08:30:00+00:00,1.08911,1.0895,1.089005,1.08933,366
2024-01-25T08:35:00+00:00,1.089335,1.089735,1.08924,1.089535,351
2024-01-25T08:40:00+00:00,1.08955,1.089595,1.089345,1.08955,342
2024-01-25T08:45:00+00:00,1.08956,1.089595,1.08925,1.089545,345
2024-01-25T08:50:00+00:00,1.08956,1.08982,1.08939,1.08982,459
2024-01-25T08:55:00+00:00,1.089815,1.08997,1.08968,1.0899,426
2024-01-25T09:00:00+00:00,1.089895,1.08998,1.08949,1.089735,656
2024-01-25T09:05:00+00:00,1.08973,1.08983,1.089325,1.08944,414
2024-01-25T09:10:00+00:00,1.089435,1.089595,1.08932,1.089325,483
2024-01-25T09:15:00+00:00,1.08931,1.0897,1.08927,1.089685,337
2024-01-25T09:20:00+00:00,1.08967,1.089925,1.089615,1.089645,335
2024-01-25T09:25:00+00:00,1.089635,1.089685,1.08926,1.089325,340
2024-01-25T09:30:00+00:00,1.08933,1.089385,1.089185,1.08928,376
2024-01-25T09:35:00+00:00,1.0893,1.08972,1.08922,1.08968,405
2024-01-25T09:40:00+00:00,1.089685,1.08977,1.089385,1.089425,367
2024-01-25T09:45:00+00:00,1.08942,1.08962,1.08932,1.089475,373
2024-01-25T09:50:00+00:00,1.08947,1.089675,1.08942,1.089675,333
2024-01-25T09:55:00+00:00,1.08966,1.08991,1.08959,1.089595,435
2024-01-25T10:00:00+00:00,1.08959,1.089855,1.089455,1.089855,342
2024-01-25T10:05:00+00:00,1.08985,1.08985,1.08953,1.08969,479
2024-01-25T10:10:00+00:00,1.089685,1.08983,1.089545,1.089785,415
2024-01-25T10:15:00+00:00,1.08977,1.089885,1.089425,1.08951,284
2024-01-25T10:20:00+00:00,1.089495,1.08951,1.08928,1.08945,293
2024-01-25T10:25:00+00:00,1.089445,1.089635,1.089405,1.08953,256
2024-01-25T10:30:00+00:00,1.089535,1.089625,1.0892,1.089375,363
2024-01-25T10:35:00+00:00,1.089385,1.089605,1.0893,1.0896,358
2024-01-25T10:40:00+00:00,1.089605,1.089805,1.089565,1.08968,257
2024-01-25T10:45:00+00:00,1.089685,1.089745,1.089315,1.089375,191
2024-01-25T10:50:00+00:00,1.08938,1.089415,1.089235,1.08926,350
2024-01-25T10:55:00+00:00,1.089265,1.08942,1.089215,1.0893,274
2024-01-25T11:00:00+00:00,1.08931,1.08939,1.089115,1.08918,402
2024-01-25T11:05:00+00:00,1.089185,1.089325,1.089105,1.08928,273
2024-01-25T11:10:00+00:00,1.089275,1.08928,1.08901,1.089045,250
2024-01-25T11:15:00+00:00,1.08905,1.08911,1.08895,1.088985,216
2024-01-25T11:20:00+00:00,1.08898,1.08907,1.08896,1.089055,231
2024-01-25T11:25:00+00:00,1.08905,1.089065,1.08881,1.08887,172
2024-01-25T11:30:00+00:00,1.088875,1.088885,1.0887,1.08883,213
2024-01-25T11:35:00+00:00,1.088815,1.0889,1.088675,1.08874,282
2024-01-25T11:40:00+00:00,1.088735,1.089045,1.088735,1.089045,251
2024-01-25T11:45:00+00:00,1.08905,1.08927,1.08901,1.089265,288
2024-01-25T11:50:00+00:00,1.089255,1.089465,1.089155,1.08943,296
2024-01-25T11:55:00+00:00,1.089435,1.089525,1.0893,1.089495,211
2024-01-25T12:00:00+00:00,1.0895,1.089575,1.08927,1.0894,365
2024-01-25T12:05:00+00:00,1.089395,1.089515,1.0891,1.0891,280
2024-01-25T12:10:00+00:00,1.08911,1.089245,1.08906,1.08907,276
2024-01-25T12:15:00+00:00,1.089075,1.08909,1.08892,1.088985,254
2024-01-25T12:20:00+00:00,1.088955,1.089095,1.088815,1.08882,267
2024-01-25T12:25:00+00:00,1.088815,1.088875,1.088605,1.08885,330
2024-01-25T12:30:00+00:00,1.088855,1.08907,1.088785,1.089,262
2024-01-25T12:35:00+00:00,1.088995,1.089325,1.088945,1.089295,254
2024-01-25T12:40:00+00:00,1.0893,1.089505,1.089185,1.089195,238
2024-01-25T12:45:00+00:00,1.089205,1.089255,1.08897,1.08915,225
2024-01-25T12:50:00+00:00,1.089135,1.08916,1.089015,1.08905,224
2024-01-25T12:55:00+00:00,1.08904,1.08904,1.08857,1.088825,323
2024-01-25T13:00:00+00:00,1.08883,1.08912,1.088725,1.08912,431
2024-01-25T13:05:00+00:00,1.08911,1.089325,1.088985,1.089315,459
2024-01-25T13:10:00+00:00,1.0893,1.089585,1.089275,1.089355,353
2024-01-25T13:15:00+00:00,1.089365,1.0902,1.08886,1.089215,1086
2024-01-25T13:20:00+00:00,1.089225,1.08923,1.08845,1.088605,777
2024-01-25T13:25:00+00:00,1.08861,1.08914,1.088605,1.08899,700
2024-01-25T13:30:00+00:00,1.088975,1.089855,1.087095,1.08939,2737
2024-01-25T13:35:00+00:00,1.08938,1.090005,1.0891,1.089195,1856
2024-01-25T13:40:00+00:00,1.089215,1.089905,1.089005,1.089085,1652
2024-01-25T13:45:00+00:00,1.0891,1.089545,1.088505,1.08851,1623
2024-01-25T13:50:00+00:00,1.088515,1.088845,1.08688,1.08688,1772
2024-01-25T13:55:00+00:00,1.08687,1.088085,1.08669,1.08794,2091
2024-01-25T14:00:00+00:00,1.087935,1.087935,1.086045,1.0861,2060
2024-01-25T14:05:00+00:00,1.086105,1.08621,1.08555,1.08577,1945
2024-01-25T14:10:00+00:00,1.085765,1.08678,1.08551,1.086425,1724
2024-01-25T14:15:00+00:00,1.08643,1.086485,1.085605,1.086005,1460
2024-01-25T14:20:00+00:00,1.08601,1.08702,1.08582,1.086935,1253
2024-01-25T14:25:00+00:00,1.086915,1.08724,1.08654,1.086755,938
2024-01-25T14:30:00+00:00,1.086755,1.086755,1.08531,1.086235,1591
2024-01-25T14:35:00+00:00,1.086225,1.08639,1.08586,1.086105,1071
2024-01-25T14:40:00+00:00,1.086115,1.086265,1.085325,1.08589,1011
2024-01-25T14:45:00+00:00,1.0859,1.086045,1.08532,1.085495,1051
2024-01-25T14:50:00+00:00,1.085485,1.08591,1.085335,1.085855,913
2024-01-25T14:55:00+00:00,1.085865,1.086175,1.08574,1.086025,767
2024-01-25T15:00:00+00:00,1.08602,1.086145,1.08541,1.085545,1060
2024-01-25T15:05:00+00:00,1.08555,1.08562,1.084675,1.085095,1048
2024-01-25T15:10:00+00:00,1.085105,1.08511,1.08457,1.084705,1262
2024-01-25T15:15:00+00:00,1.0847,1.0849,1.08376,1.084165,1236
2024-01-25T15:20:00+00:00,1.084275,1.08513,1.084275,1.0845,1106
2024-01-25T15:25:00+00:00,1.084515,1.08486,1.084145,1.08442,1071
2024-01-25T15:30:00+00:00,1.08443,1.08457,1.083675,1.083835,996
2024-01-25T15:35:00+00:00,1.083845,1.084,1.083355,1.08364,969
2024-01-25T15:40:00+00:00,1.08362,1.083895,1.083465,1.083805,802
2024-01-25T15:45:00+00:00,1.08381,1.083835,1.08332,1.08339,835
2024-01-25T15:50:00+00:00,1.083385,1.083415,1.083145,1.083305,772
2024-01-25T15:55:00+00:00,1.0833,1.08333,1.082935,1.08318,918
2024-01-25T16:00:00+00:00,1.08317,1.08318,1.082425,1.08261,987
2024-01-25T16:05:00+00:00,1.082615,1.08327,1.082595,1.082825,642
2024-01-25T16:10:00+00:00,1.08282,1.083635,1.082655,1.08356,785
2024-01-25T16:15:00+00:00,1.08357,1.08397,1.083555,1.08395,566
2024-01-25T16:20:00+00:00,1.08394,1.08394,1.08343,1.08372,417
2024-01-25T16:25:00+00:00,1.083725,1.083725,1.083565,1.08364,474
2024-01-25T16:30:00+00:00,1.083655,1.083715,1.08342,1.08361,497
2024-01-25T16:35:00+00:00,1.083615,1.08382,1.083375,1.083475,580
2024-01-25T16:40:00+00:00,1.083465,1.0836,1.083365,1.083425,392
2024-01-25T16:45:00+00:00,1.08343,1.08375,1.08343,1.083545,435
2024-01-25T16:50:00+00:00,1.083535,1.08374,1.083505,1.08372,433
2024-01-25T16:55:00+00:00,1.083715,1.083765,1.08342,1.083635,435
2024-01-25T17:00:00+00:00,1.083645,1.083765,1.083485,1.083735,465
2024-01-25T17:05:00+00:00,1.083745,1.08375,1.083265,1.08337,374
2024-01-25T17:10:00+00:00,1.08336,1.08386,1.08332,1.08372,336
2024-01-25T17:15:00+00:00,1.08371,1.08521,1.08371,1.085125,913
2024-01-25T17:20:00+00:00,1.08513,1.085145,1.084515,1.084655,677
2024-01-25T17:25:00+00:00,1.08466,1.084885,1.08436,1.084445,553
2024-01-25T17:30:00+00:00,1.08444,1.084485,1.083695,1.08383,718
2024-01-25T17:35:00+00:00,1.083835,1.083855,1.083295,1.08337,529
2024-01-25T17:40:00+00:00,1.083375,1.08351,1.08313,1.08328,301
2024-01-25T17:45:00+00:00,1.08329,1.083445,1.083225,1.083345,239
2024-01-25T17:50:00+00:00,1.083355,1.08362,1.083275,1.0836,317
2024-01-25T17:55:00+00:00,1.083625,1.083905,1.083575,1.083765,522
2024-01-25T18:00:00+00:00,1.08377,1.08445,1.08355,1.08409,686
2024-01-25T18:05:00+00:00,1.0841,1.08468,1.08398,1.084355,701
2024-01-25T18:10:00+00:00,1.084365,1.08458,1.084295,1.08431,363
2024-01-25T18:15:00+00:00,1.084305,1.08434,1.08346,1.083465,593
2024-01-25T18:20:00+00:00,1.08346,1.083765,1.08346,1.08362,499
2024-01-25T18:25:00+00:00,1.083645,1.08415,1.083645,1.08411,454
2024-01-25T18:30:00+00:00,1.0841,1.084135,1.083905,1.083905,375
2024-01-25T18:35:00+00:00,1.08391,1.08394,1.083545,1.08371,365
2024-01-25T18:40:00+00:00,1.083715,1.083855,1.08359,1.08374,252
2024-01-25T18:45:00+00:00,1.083755,1.083875,1.083565,1.08381,244
2024-01-25T18:50:00+00:00,1.083815,1.08392,1.083485,1.083635,501
2024-01-25T18:55:00+00:00,1.08364,1.08365,1.08301,1.083025,429
2024-01-25T19:00:00+00:00,1.08302,1.083025,1.08258,1.082635,437
2024-01-25T19:05:00+00:00,1.082605,1.082655,1.08242,1.082455,482
2024-01-25T19:10:00+00:00,1.082465,1.083125,1.082465,1.08276,409
2024-01-25T19:15:00+00:00,1.082765,1.08291,1.082725,1.08275,350
2024-01-25T19:20:00+00:00,1.08275,1.08276,1.08217,1.08237,437
2024-01-25T19:25:00+00:00,1.08236,1.082885,1.082355,1.0828,298
2024-01-25T19:30:00+00:00,1.082795,1.08316,1.082685,1.08315,316
2024-01-25T19:35:00+00:00,1.083155,1.083365,1.083055,1.083355,500
2024-01-25T19:40:00+00:00,1.083365,1.08339,1.08313,1.0833,299
2024-01-25T19:45:00+00:00,1.083295,1.083455,1.08317,1.08339,226
2024-01-25T19:50:00+00:00,1.0834,1.08362,1.08328,1.083605,295
2024-01-25T19:55:00+00:00,1.083595,1.083765,1.08358,1.0836,308
2024-01-25T20:00:00+00:00,1.083595,1.08377,1.083555,1.08367,259
2024-01-25T20:05:00+00:00,1.083665,1.0837,1.083435,1.083555,160
2024-01-25T20:10:00+00:00,1.08354,1.08371,1.08351,1.083535,141
2024-01-25T20:15:00+00:00,1.08353,1.08357,1.08335,1.08357,181
2024-01-25T20:20:00+00:00,1.08356,1.08361,1.08338,1.08338,265
2024-01-25T20:25:00+00:00,1.08339,1.08345,1.083365,1.083395,165
2024-01-25T20:30:00+00:00,1.08341,1.08361,1.08337,1.083555,237
2024-01-25T20:35:00+00:00,1.08356,1.08373,1.08352,1.08372,362
2024-01-25T20:40:00+00:00,1.083725,1.083875,1.083675,1.08382,272
2024-01-25T20:45:00+00:00,1.083815,1.08391,1.083775,1.083885,245
2024-01-25T20:50:00+00:00,1.083895,1.08405,1.083895,1.083945,279
2024-01-25T20:55:00+00:00,1.08394,1.08402,1.083845,1.08398,408
2024-01-25T21:00:00+00:00,1.083985,1.084065,1.083915,1.08406,300
2024-01-25T21:05:00+00:00,1.084055,1.0842,1.08404,1.08416,88
2024-01-25T21:10:00+00:00,1.084155,1.084205,1.084155,1.084165,131
2024-01-25T21:15:00+00:00,1.08417,1.084235,1.08417,1.084215,117
2024-01-25T21:20:00+00:00,1.08421,1.084225,1.084185,1.08421,100
2024-01-25T21:25:00+00:00,1.084215,1.08449,1.084205,1.08443,101
2024-01-25T21:30:00+00:00,1.084425,1.08446,1.08442,1.084425,82
2024-01-25T21:35:00+00:00,1.08443,1.084455,1.08442,1.084445,42
2024-01-25T21:40:00+00:00,1.084455,1.08459,1.084455,1.08459,72
2024-01-25T21:45:00+00:00,1.08457,1.084625,1.084555,1.08461,139
2024-01-25T21:50:00+00:00,1.084615,1.08482,1.08461,1.08475,286
2024-01-25T21:55:00+00:00,1.084745,1.0848,1.08462,1.08464,341
2024-01-25T22:00:00+00:00,1.084585,1.08468,1.08453,1.084655,23
2024-01-25T22:05:00+00:00,1.08469,1.084765,1.084575,1.08462,46
2024-01-25T22:10:00+00:00,1.08463,1.084775,1.084555,1.08477,100
2024-01-25T22:15:00+00:00,1.084765,1.084765,1.084405,1.08448,128
2024-01-25T22:20:00+00:00,1.084475,1.084675,1.084475,1.084675,129
2024-01-25T22:25:00+00:00,1.08467,1.08472,1.084635,1.084675,106
2024-01-25T22:30:00+00:00,1.08467,1.084735,1.08466,1.08471,165
2024-01-25T22:35:00+00:00,1.084715,1.084815,1.08471,1.084755,720
2024-01-25T22:40:00+00:00,1.08474,1.0848,1.084695,1.084715,223
2024-01-25T22:45:00+00:00,1.08471,1.084785,1.08471,1.08472,64
2024-01-25T22:50:00+00:00,1.084745,1.08475,1.084595,1.08474,60
2024-01-25T22:55:00+00:00,1.084725,1.08473,1.084645,1.08469,48
2024-01-25T23:00:00+00:00,1.084665,1.084755,1.084295,1.084405,210
2024-01-25T23:05:00+00:00,1.0844,1.084505,1.0844,1.08444,99
2024-01-25T23:10:00+00:00,1.084435,1.08461,1.084435,1.084595,67
2024-01-25T23:15:00+00:00,1.0846,1.084605,1.08456,1.0846,65
2024-01-25T23:20:00+00:00,1.084605,1.084605,1.08455,1.084565,42
2024-01-25T23:25:00+00:00,1.08457,1.084605,1.08456,1.08456,50
2024-01-25T23:30:00+00:00,1.084535,1.084605,1.084415,1.084445,126
2024-01-25T23:35:00+00:00,1.08444,1.08449,1.084415,1.08445,68
2024-01-25T23:40:00+00:00,1.084445,1.08446,1.084315,1.084355,75
2024-01-25T23:45:00+00:00,1.084345,1.084765,1.084315,1.08476,109
2024-01-25T23:50:00+00:00,1.084765,1.084765,1.084675,1.08471,32
2024-01-25T23:55:00+00:00,1.084685,1.084685,1.084545,1.084555,55
2024-01-26T00:00:00+00:00,1.084565,1.084595,1.084355,1.0844,167
2024-01-26T00:05:00+00:00,1.084395,1.084505,1.0842,1.08422,178
2024-01-26T00:10:00+00:00,1.08423,1.084305,1.084155,1.08416,91
2024-01-26T00:15:00+00:00,1.08418,1.0842,1.08405,1.084085,135
2024-01-26T00:20:00+00:00,1.084075,1.084075,1.083835,1.083895,193
2024-01-26T00:25:00+00:00,1.08389,1.083975,1.083835,1.08385,177
2024-01-26T00:30:00+00:00,1.083845,1.08385,1.08375,1.083785,195
2024-01-26T00:35:00+00:00,1.08378,1.084095,1.083775,1.08406,100
2024-01-26T00:40:00+00:00,1.084065,1.08425,1.08406,1.08421,71
2024-01-26T00:45:00+00:00,1.08424,1.08446,1.08424,1.0844,139
2024-01-26T00:50:00+00:00,1.08441,1.084435,1.0842,1.084375,151
2024-01-26T00:55:00+00:00,1.084395,1.084435,1.083955,1.083995,277
2024-01-26T01:00:00+00:00,1.084,1.084165,1.083925,1.084155,306
2024-01-26T01:05:00+00:00,1.08416,1.08424,1.084125,1.084145,142
2024-01-26T01:10:00+00:00,1.084135,1.08419,1.084045,1.084095,197
2024-01-26T01:15:00+00:00,1.0841,1.08434,1.08402,1.08434,170
2024-01-26T01:20:00+00:00,1.084365,1.084555,1.08431,1.084465,170
2024-01-26T01:25:00+00:00,1.08446,1.08455,1.084435,1.084445,89
2024-01-26T01:30:00+00:00,1.084435,1.084435,1.084305,1.08431,152
2024-01-26T01:35:00+00:00,1.084315,1.08465,1.08431,1.08456,214
2024-01-26T01:40:00+00:00,1.084565,1.0846,1.084305,1.08435,153
2024-01-26T01:45:00+00:00,1.084355,1.08454,1.084295,1.084335,173
2024-01-26T01:50:00+00:00,1.08436,1.084675,1.08436,1.084615,121
2024-01-26T01:55:00+00:00,1.08462,1.08462,1.08443,1.084445,214
2024-01-26T02:00:00+00:00,1.08445,1.08461,1.084395,1.084505,133
2024-01-26T02:05:00+00:00,1.0845,1.08461,1.0845,1.084505,108
2024-01-26T02:10:00+00:00,1.0845,1.084715,1.08446,1.08467,157
2024-01-26T02:15:00+00:00,1.084665,1.08476,1.084595,1.08476,99
2024-01-26T02:20:00+00:00,1.084825,1.0849,1.084695,1.084725,134
2024-01-26T02:25:00+00:00,1.08472,1.08484,1.084705,1.084805,81
2024-01-26T02:30:00+00:00,1.0848,1.08485,1.084745,1.084815,115
2024-01-26T02:35:00+00:00,1.08482,1.08485,1.08474,1.08481,192
2024-01-26T02:40:00+00:00,1.084805,1.08481,1.08471,1.08472,161
2024-01-26T02:45:00+00:00,1.084715,1.084755,1.08445,1.084545,213
2024-01-26T02:50:00+00:00,1.08454,1.08458,1.08447,1.084475,147
2024-01-26T02:55:00+00:00,1.08448,1.084515,1.0844,1.084425,106
2024-01-26T03:00:00+00:00,1.08442,1.084625,1.084415,1.084625,86
2024-01-26T03:05:00+00:00,1.08464,1.08476,1.08456,1.084565,143
2024-01-26T03:10:00+00:00,1.08456,1.08466,1.084495,1.08455,106
2024-01-26T03:15:00+00:00,1.084545,1.084555,1.084415,1.0845,106
2024-01-26T03:20:00+00:00,1.08451,1.08456,1.08446,1.08456,92
2024-01-26T03:25:00+00:00,1.084565,1.084565,1.0845,1.084505,111
2024-01-26T03:30:00+00:00,1.0845,1.08457,1.084455,1.084565,56
2024-01-26T03:35:00+00:00,1.084575,1.084605,1.084545,1.084565,81
2024-01-26T03:40:00+00:00,1.08458,1.084625,1.084405,1.08456,159
2024-01-26T03:45:00+00:00,1.084565,1.084605,1.08456,1.08456,29
2024-01-26T03:50:00+00:00,1.084565,1.084605,1.084475,1.084475,60
2024-01-26T03:55:00+00:00,1.08449,1.08451,1.084445,1.0845,32
2024-01-26T04:00:00+00:00,1.084505,1.084505,1.08441,1.084415,77
2024-01-26T04:05:00+00:00,1.08441,1.084435,1.084385,1.084425,52
2024-01-26T04:10:00+00:00,1.084435,1.08444,1.08417,1.084195,74
2024-01-26T04:15:00+00:00,1.084205,1.08437,1.084185,1.084315,83
2024-01-26T04:20:00+00:00,1.084325,1.084395,1.08423,1.084295,69
2024-01-26T04:25:00+00:00,1.084305,1.084365,1.084285,1.084345,75
2024-01-26T04:30:00+00:00,1.08435,1.084365,1.084245,1.084255,51
2024-01-26T04:35:00+00:00,1.08428,1.084305,1.08415,1.0842,63
2024-01-26T04:40:00+00:00,1.0842,1.084205,1.083935,1.08399,96
2024-01-26T04:45:00+00:00,1.084,1.084,1.083805,1.0839,115
2024-01-26T04:50:00+00:00,1.083895,1.083985,1.08389,1.0839,133
2024-01-26T04:55:00+00:00,1.083895,1.083995,1.083895,1.083965,96
2024-01-26T05:00:00+00:00,1.08396,1.08405,1.083855,1.083855,143
2024-01-26T05:05:00+00:00,1.08385,1.08402,1.08385,1.084005,110
2024-01-26T05:10:00+00:00,1.084035,1.084105,1.08402,1.0841,76
2024-01-26T05:15:00+00:00,1.084095,1.084105,1.083995,1.084005,150
2024-01-26T05:20:00+00:00,1.084,1.084045,1.08393,1.08395,73
2024-01-26T05:25:00+00:00,1.083945,1.08404,1.083945,1.084,64
2024-01-26T05:30:00+00:00,1.084005,1.084015,1.08389,1.084,130
2024-01-26T05:35:00+00:00,1.084005,1.08439,1.083995,1.08414,171
2024-01-26T05:40:00+00:00,1.084145,1.084375,1.08414,1.084345,192
2024-01-26T05:45:00+00:00,1.08435,1.08437,1.08426,1.084295,184
2024-01-26T05:50:00+00:00,1.0843,1.08436,1.08426,1.084295,103
2024-01-26T05:55:00+00:00,1.084325,1.08437,1.084195,1.08426,216
2024-01-26T06:00:00+00:00,1.084255,1.08429,1.08402,1.084105,154
2024-01-26T06:05:00+00:00,1.084125,1.08415,1.083665,1.083735,223
2024-01-26T06:10:00+00:00,1.083745,1.083755,1.08358,1.083675,157
2024-01-26T06:15:00+00:00,1.08366,1.08386,1.083595,1.083795,165
2024-01-26T06:20:00+00:00,1.083805,1.08392,1.08376,1.08387,88
2024-01-26T06:25:00+00:00,1.083865,1.08391,1.08381,1.08384,85
2024-01-26T06:30:00+00:00,1.083835,1.083835,1.083355,1.0834,195
2024-01-26T06:35:00+00:00,1.083395,1.083605,1.083335,1.083335,169
2024-01-26T06:40:00+00:00,1.08334,1.083365,1.083035,1.083105,256
2024-01-26T06:45:00+00:00,1.08312,1.08338,1.083025,1.08303,233
2024-01-26T06:50:00+00:00,1.083025,1.08307,1.08286,1.08296,278
2024-01-26T06:55:00+00:00,1.082945,1.083105,1.082895,1.082945,193
2024-01-26T07:00:00+00:00,1.082935,1.083045,1.082655,1.08282,364
2024-01-26T07:05:00+00:00,1.082805,1.08284,1.082735,1.08284,209
2024-01-26T07:10:00+00:00,1.082835,1.08284,1.082445,1.082545,305
2024-01-26T07:15:00+00:00,1.08255,1.08258,1.08157,1.08157,581
2024-01-26T07:20:00+00:00,1.081565,1.081955,1.08153,1.081895,321
2024-01-26T07:25:00+00:00,1.08189,1.081955,1.08162,1.081665,418
2024-01-26T07:30:00+00:00,1.08166,1.08176,1.0815,1.081595,560
2024-01-26T07:35:00+00:00,1.08158,1.082065,1.081495,1.082065,530
2024-01-26T07:40:00+00:00,1.082085,1.08216,1.08159,1.0816,626
2024-01-26T07:45:00+00:00,1.081595,1.08161,1.081295,1.081495,543
2024-01-26T07:50:00+00:00,1.08149,1.081665,1.081315,1.08166,474
2024-01-26T07:55:00+00:00,1.08167,1.081985,1.08167,1.08196,402
2024-01-26T08:00:00+00:00,1.08195,1.082005,1.081745,1.08188,672
2024-01-26T08:05:00+00:00,1.081875,1.08215,1.08178,1.081915,533
2024-01-26T08:10:00+00:00,1.081925,1.08278,1.08192,1.082535,723
2024-01-26T08:15:00+00:00,1.08253,1.082715,1.08229,1.082395,704
2024-01-26T08:20:00+00:00,1.0824,1.08281,1.082385,1.08281,633
2024-01-26T08:25:00+00:00,1.0828,1.08295,1.082705,1.082765,495
2024-01-26T08:30:00+00:00,1.08277,1.082935,1.082705,1.08282,670
2024-01-26T08:35:00+00:00,1.082825,1.083235,1.08276,1.08317,341
2024-01-26T08:40:00+00:00,1.083145,1.083575,1.083075,1.08346,571
2024-01-26T08:45:00+00:00,1.083465,1.08366,1.08343,1.08352,252
2024-01-26T08:50:00+00:00,1.083525,1.083945,1.083525,1.083905,277
2024-01-26T08:55:00+00:00,1.08388,1.084215,1.083865,1.084035,426
2024-01-26T09:00:00+00:00,1.08404,1.084305,1.083815,1.08411,549
2024-01-26T09:05:00+00:00,1.084115,1.08478,1.084035,1.084505,660
2024-01-26T09:10:00+00:00,1.084475,1.084475,1.08374,1.083945,691
2024-01-26T09:15:00+00:00,1.083935,1.084105,1.08368,1.083915,494
2024-01-26T09:20:00+00:00,1.08392,1.083965,1.083425,1.083445,486
2024-01-26T09:25:00+00:00,1.083435,1.083865,1.083415,1.083835,549
2024-01-26T09:30:00+00:00,1.08385,1.084405,1.08379,1.08431,599
2024-01-26T09:35:00+00:00,1.084315,1.08471,1.084295,1.084655,450
2024-01-26T09:40:00+00:00,1.08466,1.08484,1.08449,1.084655,454
2024-01-26T09:45:00+00:00,1.08466,1.08492,1.084525,1.084865,500
2024-01-26T09:50:00+00:00,1.08487,1.085065,1.084475,1.08456,396
2024-01-26T09:55:00+00:00,1.084535,1.08464,1.08441,1.08442,260
2024-01-26T11:00:00+00:00,1.086495,1.086825,1.086435,1.086625,572
2024-01-26T11:05:00+00:00,1.08663,1.08688,1.086625,1.086805,401
2024-01-26T11:10:00+00:00,1.0868,1.087285,1.08678,1.086785,485
2024-01-26T11:15:00+00:00,1.08678,1.08702,1.086675,1.08689,438
2024-01-26T11:20:00+00:00,1.086885,1.087615,1.08683,1.08756,397
2024-01-26T11:25:00+00:00,1.08754,1.087585,1.087355,1.087375,329
2024-01-26T11:30:00+00:00,1.08736,1.08738,1.08712,1.08729,350
2024-01-26T11:35:00+00:00,1.087305,1.08731,1.086855,1.08707,388
2024-01-26T11:40:00+00:00,1.087075,1.08733,1.087015,1.087075,367
2024-01-26T11:45:00+00:00,1.087095,1.08727,1.087065,1.087265,257
2024-01-26T11:50:00+00:00,1.08727,1.08739,1.087185,1.087305,306
2024-01-26T11:55:00+00:00,1.08731,1.08747,1.087195,1.08746,274
2024-01-26T10:00:00+00:00,1.084435,1.085475,1.08443,1.085315,431
2024-01-26T10:05:00+00:00,1.085305,1.08569,1.085255,1.085415,281
2024-01-26T10:10:00+00:00,1.08541,1.08572,1.08535,1.085595,259
2024-01-26T10:15:00+00:00,1.0856,1.085795,1.085345,1.08575,290
2024-01-26T10:20:00+00:00,1.08576,1.08579,1.085595,1.08571,280
2024-01-26T10:25:00+00:00,1.0857,1.08617,1.08566,1.086115,433
2024-01-26T10:30:00+00:00,1.08612,1.08627,1.086015,1.0861,327
2024-01-26T10:35:00+00:00,1.08613,1.086145,1.08582,1.085875,259
2024-01-26T10:40:00+00:00,1.085865,1.08619,1.08583,1.08609,298
2024-01-26T10:45:00+00:00,1.086095,1.08647,1.08608,1.086455,234
2024-01-26T10:50:00+00:00,1.08646,1.086635,1.08638,1.086475,219
2024-01-26T10:55:00+00:00,1.086465,1.08654,1.086365,1.086485,306
2024-01-26T12:00:00+00:00,1.087465,1.08757,1.0873,1.087455,319
2024-01-26T12:05:00+00:00,1.08746,1.08757,1.08726,1.087565,287
2024-01-26T12:10:00+00:00,1.087585,1.087585,1.087415,1.08751,271
2024-01-26T12:15:00+00:00,1.08752,1.08753,1.087295,1.087375,239
2024-01-26T12:20:00+00:00,1.08737,1.08747,1.0872,1.087255,264
2024-01-26T12:25:00+00:00,1.08726,1.08726,1.087055,1.08706,231
2024-01-26T12:30:00+00:00,1.08704,1.08706,1.086855,1.087,203
2024-01-26T12:35:00+00:00,1.086985,1.08718,1.086905,1.08702,293
2024-01-26T12:40:00+00:00,1.087015,1.087055,1.086925,1.087015,177
2024-01-26T12:45:00+00:00,1.087005,1.0874,1.08694,1.08702,319
2024-01-26T12:50:00+00:00,1.08698,1.087075,1.08681,1.08687,357
2024-01-26T12:55:00+00:00,1.086865,1.086905,1.08657,1.08674,412
2024-01-26T13:00:00+00:00,1.08675,1.08719,1.086555,1.087085,533
2024-01-26T13:05:00+00:00,1.08709,1.08739,1.08706,1.08707,373
2024-01-26T13:10:00+00:00,1.087085,1.087525,1.087085,1.08747,418
2024-01-26T13:15:00+00:00,1.087475,1.08754,1.087355,1.08752,486
2024-01-26T13:20:00+00:00,1.087525,1.08784,1.087375,1.08766,570
2024-01-26T13:25:00+00:00,1.087645,1.087645,1.08719,1.087445,604
2024-01-26T13:30:00+00:00,1.08746,1.08859,1.08628,1.08638,2223
2024-01-26T13:35:00+00:00,1.086395,1.08663,1.08564,1.086195,1537
2024-01-26T13:40:00+00:00,1.0862,1.08734,1.08618,1.087075,1221
2024-01-26T13:45:00+00:00,1.08707,1.08836,1.08685,1.088025,1274
2024-01-26T13:50:00+00:00,1.08802,1.08823,1.0874,1.08755,1105
2024-01-26T13:55:00+00:00,1.087555,1.08778,1.08712,1.087205,962
2024-01-26T14:00:00+00:00,1.087195,1.087535,1.08707,1.087255,917
2024-01-26T14:05:00+00:00,1.08726,1.08791,1.08717,1.08783,720
2024-01-26T14:10:00+00:00,1.08784,1.08803,1.08708,1.08708,809
2024-01-26T14:15:00+00:00,1.0871,1.08732,1.086675,1.08675,666
2024-01-26T14:20:00+00:00,1.086755,1.087055,1.08654,1.08694,803
2024-01-26T14:25:00+00:00,1.086935,1.08694,1.0864,1.08642,642
2024-01-26T14:30:00+00:00,1.08643,1.087035,1.0861,1.08688,1035
2024-01-26T14:35:00+00:00,1.08689,1.087365,1.086715,1.08721,850
2024-01-26T14:40:00+00:00,1.087215,1.087255,1.08702,1.08714,814
2024-01-26T14:45:00+00:00,1.087135,1.0873,1.0866,1.08667,736
2024-01-26T14:50:00+00:00,1.086665,1.08697,1.08656,1.086885,715
2024-01-26T14:55:00+00:00,1.08688,1.08743,1.086805,1.087405,604
2024-01-26T15:00:00+00:00,1.087395,1.087405,1.08628,1.08671,1160
2024-01-26T15:05:00+00:00,1.086695,1.086705,1.086195,1.086245,939
2024-01-26T15:10:00+00:00,1.08625,1.08655,1.086155,1.08631,840
2024-01-26T15:15:00+00:00,1.086315,1.086325,1.08553,1.08568,695
2024-01-26T15:20:00+00:00,1.085685,1.086155,1.08551,1.08564,732
2024-01-26T15:25:00+00:00,1.085625,1.086055,1.085625,1.08573,571
2024-01-26T15:30:00+00:00,1.085685,1.086385,1.08558,1.086135,740
2024-01-26T15:35:00+00:00,1.08613,1.086315,1.086005,1.0861,450
2024-01-26T15:40:00+00:00,1.086105,1.08629,1.08605,1.08619,326
2024-01-26T15:45:00+00:00,1.086195,1.08664,1.08594,1.086495,463
2024-01-26T15:50:00+00:00,1.086485,1.08649,1.086025,1.086315,690
2024-01-26T15:55:00+00:00,1.08631,1.086465,1.08612,1.086415,425
2024-01-26T16:00:00+00:00,1.08641,1.086435,1.0859,1.08612,441
2024-01-26T16:05:00+00:00,1.08611,1.086485,1.085965,1.086485,404
2024-01-26T16:10:00+00:00,1.086495,1.08651,1.08606,1.08617,493
2024-01-26T16:15:00+00:00,1.086165,1.08646,1.086165,1.086435,443
2024-01-26T16:20:00+00:00,1.08644,1.086545,1.08638,1.08644,297
2024-01-26T16:25:00+00:00,1.08643,1.08686,1.08629,1.08664,339
2024-01-26T16:30:00+00:00,1.086625,1.086945,1.086625,1.086935,230
2024-01-26T16:35:00+00:00,1.086925,1.086925,1.086475,1.08648,397
2024-01-26T16:40:00+00:00,1.08649,1.086495,1.086175,1.08637,387
2024-01-26T16:45:00+00:00,1.086405,1.086475,1.08633,1.08644,356
2024-01-26T16:50:00+00:00,1.08643,1.08665,1.086415,1.08654,320
2024-01-26T16:55:00+00:00,1.086545,1.086665,1.08648,1.0865,276
2024-01-26T17:00:00+00:00,1.086495,1.0865,1.086255,1.086345,337
2024-01-26T17:05:00+00:00,1.08634,1.0865,1.0863,1.086325,336
2024-01-26T17:10:00+00:00,1.08633,1.08686,1.086215,1.08679,389
2024-01-26T17:15:00+00:00,1.086785,1.08691,1.08673,1.086845,321
2024-01-26T17:20:00+00:00,1.08685,1.087055,1.08673,1.08674,344
2024-01-26T17:25:00+00:00,1.086745,1.086755,1.086435,1.0865,295
2024-01-26T17:30:00+00:00,1.08649,1.08649,1.0862,1.086335,264
2024-01-26T17:35:00+00:00,1.08634,1.08634,1.08599,1.08617,311
2024-01-26T17:40:00+00:00,1.086185,1.086215,1.08592,1.08605,318
2024-01-26T17:45:00+00:00,1.08606,1.08615,1.085935,1.085935,274
2024-01-26T17:50:00+00:00,1.08594,1.086285,1.085935,1.086275,235
2024-01-26T17:55:00+00:00,1.086265,1.0864,1.08614,1.086375,299
2024-01-26T18:00:00+00:00,1.08637,1.086535,1.08615,1.08652,392
2024-01-26T18:05:00+00:00,1.08651,1.08654,1.08639,1.086465,263
2024-01-26T18:10:00+00:00,1.08646,1.08655,1.08637,1.086405,112
2024-01-26T18:15:00+00:00,1.08642,1.08647,1.086125,1.086175,181
2024-01-26T18:20:00+00:00,1.08618,1.08636,1.08618,1.08634,107
2024-01-26T18:25:00+00:00,1.08635,1.086595,1.0863,1.086345,198
2024-01-26T18:30:00+00:00,1.08636,1.08638,1.0862,1.08629,251
2024-01-26T18:35:00+00:00,1.086295,1.08634,1.086105,1.086145,231
2024-01-26T18:40:00+00:00,1.08613,1.086145,1.085795,1.08599,258
2024-01-26T18:45:00+00:00,1.085985,1.08599,1.085745,1.085765,188
2024-01-26T18:50:00+00:00,1.08577,1.0858,1.085525,1.085565,154
2024-01-26T18:55:00+00:00,1.085555,1.0856,1.08539,1.085575,284
2024-01-26T19:00:00+00:00,1.08557,1.085635,1.08553,1.085595,208
2024-01-26T19:05:00+00:00,1.085585,1.085935,1.085585,1.08588,266
2024-01-26T19:10:00+00:00,1.08587,1.085895,1.085785,1.08589,141
2024-01-26T19:15:00+00:00,1.08588,1.08599,1.08587,1.0859,165
2024-01-26T19:20:00+00:00,1.085895,1.08592,1.08578,1.085805,146
2024-01-26T19:25:00+00:00,1.0858,1.085845,1.08569,1.08569,169
2024-01-26T19:30:00+00:00,1.085705,1.085705,1.08563,1.085685,110
2024-01-26T19:35:00+00:00,1.08569,1.08582,1.085625,1.08577,185
2024-01-26T19:40:00+00:00,1.085775,1.08602,1.08577,1.085995,171
2024-01-26T19:45:00+00:00,1.085985,1.08617,1.08597,1.086115,238
2024-01-26T19:50:00+00:00,1.08612,1.086165,1.08585,1.085875,200
2024-01-26T19:55:00+00:00,1.08588,1.085935,1.08573,1.085825,308
2024-01-26T20:00:00+00:00,1.085835,1.085885,1.08573,1.08579,210
2024-01-26T20:05:00+00:00,1.0858,1.085885,1.08574,1.08583,96
2024-01-26T20:10:00+00:00,1.08584,1.08612,1.08584,1.08612,143
2024-01-26T20:15:00+00:00,1.086115,1.086145,1.08588,1.08611,180
2024-01-26T20:20:00+00:00,1.086115,1.086215,1.086005,1.086105,246
2024-01-26T20:25:00+00:00,1.086095,1.08623,1.085895,1.085925,254
2024-01-26T20:30:00+00:00,1.08593,1.08598,1.08582,1.08582,213
2024-01-26T20:35:00+00:00,1.085815,1.085885,1.085705,1.08572,162
2024-01-26T20:40:00+00:00,1.085725,1.08584,1.08561,1.08584,129
2024-01-26T20:45:00+00:00,1.085815,1.08582,1.08562,1.08562,106
2024-01-26T20:50:00+00:00,1.08559,1.085615,1.085435,1.08548,168
2024-01-26T20:55:00+00:00,1.085485,1.085535,1.08533,1.08546,155
2024-01-26T21:00:00+00:00,1.08545,1.0855,1.085385,1.08547,263
2024-01-26T21:05:00+00:00,1.085455,1.0856,1.08545,1.085595,127
2024-01-26T21:10:00+00:00,1.08559,1.08569,1.085545,1.085595,120
2024-01-26T21:15:00+00:00,1.085565,1.085565,1.085365,1.085365,96
2024-01-26T21:20:00+00:00,1.08537,1.08548,1.085365,1.08541,87
2024-01-26T21:25:00+00:00,1.085415,1.085515,1.08539,1.08547,179
2024-01-26T21:30:00+00:00,1.085465,1.085465,1.085345,1.085345,42
2024-01-26T21:35:00+00:00,1.08534,1.08536,1.08524,1.085265,163
2024-01-26T21:40:00+00:00,1.08526,1.085275,1.08524,1.08526,137
2024-01-26T21:45:00+00:00,1.085275,1.08532,1.08523,1.08524,272
2024-01-26T21:50:00+00:00,1.085245,1.085325,1.085235,1.08531,372
2024-01-26T21:55:00+00:00,1.085305,1.085725,1.085285,1.085345,316
2024-01-28T22:00:00+00:00,1.084685,1.084845,1.084375,1.08449,42
2024-01-28T22:05:00+00:00,1.08453,1.084895,1.084355,1.084365,87
2024-01-28T22:10:00+00:00,1.084365,1.08468,1.08434,1.08452,141
2024-01-28T22:15:00+00:00,1.084505,1.084705,1.084485,1.08461,171
2024-01-28T22:20:00+00:00,1.084625,1.08464,1.084605,1.084635,88
2024-01-28T22:25:00+00:00,1.08463,1.08464,1.08454,1.08456,95
2024-01-28T22:30:00+00:00,1.08455,1.08455,1.08445,1.084495,191
2024-01-28T22:35:00+00:00,1.0845,1.0845,1.084415,1.084425,193
2024-01-28T22:40:00+00:00,1.084405,1.08449,1.084405,1.084435,83
2024-01-28T22:45:00+00:00,1.08444,1.084805,1.08442,1.08478,332
2024-01-28T22:50:00+00:00,1.084785,1.08482,1.08449,1.08456,376
2024-01-28T22:55:00+00:00,1.084565,1.084755,1.08444,1.08459,359
2024-01-28T23:00:00+00:00,1.084595,1.08495,1.084285,1.084295,604
2024-01-28T23:05:00+00:00,1.08429,1.084375,1.084255,1.08431,264
2024-01-28T23:10:00+00:00,1.084305,1.08441,1.08426,1.084345,300
2024-01-28T23:15:00+00:00,1.08434,1.084555,1.08432,1.084355,260
2024-01-28T23:20:00+00:00,1.08435,1.084465,1.084215,1.08442,228
2024-01-28T23:25:00+00:00,1.084435,1.0846,1.084425,1.08457,177
2024-01-28T23:30:00+00:00,1.084565,1.08467,1.084225,1.08424,222
2024-01-28T23:35:00+00:00,1.084235,1.08442,1.084225,1.084325,186
2024-01-28T23:40:00+00:00,1.08432,1.084435,1.084245,1.08432,148
2024-01-28T23:45:00+00:00,1.084305,1.08434,1.084275,1.08431,122
2024-01-28T23:50:00+00:00,1.084315,1.08435,1.0843,1.08435,93
2024-01-28T23:55:00+00:00,1.084345,1.084345,1.0842,1.08423,115
2024-01-29T00:00:00+00:00,1.084235,1.084345,1.08423,1.084235,116
2024-01-29T00:05:00+00:00,1.084245,1.0843,1.084135,1.084205,106
2024-01-29T00:10:00+00:00,1.08421,1.08432,1.084145,1.084255,193
2024-01-29T00:15:00+00:00,1.08425,1.08441,1.08417,1.084345,231
2024-01-29T00:20:00+00:00,1.08433,1.08444,1.08433,1.084435,108
2024-01-29T00:25:00+00:00,1.08441,1.08441,1.08422,1.084295,157
2024-01-29T00:30:00+00:00,1.084275,1.08441,1.08423,1.0843,176
2024-01-29T00:35:00+00:00,1.08429,1.08431,1.08418,1.08422,169
2024-01-29T00:40:00+00:00,1.084205,1.08433,1.0842,1.084275,195
2024-01-29T00:45:00+00:00,1.08426,1.08439,1.084195,1.084295,128
2024-01-29T00:50:00+00:00,1.084275,1.08448,1.084265,1.08432,240
2024-01-29T00:55:00+00:00,1.08433,1.08451,1.08429,1.084485,199
2024-01-29T01:00:00+00:00,1.084485,1.08456,1.084395,1.08449,219
2024-01-29T01:05:00+00:00,1.084485,1.084795,1.08448,1.084675,188
2024-01-29T01:10:00+00:00,1.08468,1.084855,1.08468,1.08481,186
2024-01-29T01:15:00+00:00,1.084815,1.08482,1.084495,1.084495,267
2024-01-29T01:20:00+00:00,1.08449,1.08459,1.08443,1.08448,197
2024-01-29T01:25:00+00:00,1.08449,1.084625,1.08447,1.084475,189
2024-01-29T01:30:00+00:00,1.084495,1.084905,1.084495,1.08481,271
2024-01-29T01:35:00+00:00,1.084805,1.08484,1.084605,1.084715,171
2024-01-29T01:40:00+00:00,1.08472,1.084755,1.08464,1.08469,122
2024-01-29T01:45:00+00:00,1.084665,1.084665,1.084365,1.08443,152
2024-01-29T01:50:00+00:00,1.084415,1.08452,1.08434,1.084375,126
2024-01-29T01:55:00+00:00,1.084385,1.08449,1.084385,1.084405,131
2024-01-29T02:00:00+00:00,1.0844,1.0844,1.08412,1.08417,144
2024-01-29T02:05:00+00:00,1.084175,1.084205,1.084105,1.084135,175
2024-01-29T02:10:00+00:00,1.08414,1.08426,1.084035,1.084225,163
2024-01-29T02:15:00+00:00,1.084215,1.08425,1.084115,1.084115,159
2024-01-29T02:20:00+00:00,1.084105,1.08414,1.083945,1.08414,177
2024-01-29T02:25:00+00:00,1.084145,1.084305,1.084145,1.084305,138
2024-01-29T02:30:00+00:00,1.084295,1.084355,1.084265,1.084335,126
2024-01-29T02:35:00+00:00,1.08434,1.084455,1.084295,1.08435,130
2024-01-29T02:40:00+00:00,1.084355,1.08452,1.084275,1.08442,96
2024-01-29T02:45:00+00:00,1.08443,1.084445,1.08431,1.08436,163
2024-01-29T02:50:00+00:00,1.084355,1.08436,1.084195,1.084195,90
2024-01-29T02:55:00+00:00,1.084185,1.084415,1.08417,1.084365,105
2024-01-29T03:00:00+00:00,1.08437,1.08461,1.084365,1.084565,170
2024-01-29T03:05:00+00:00,1.084575,1.08461,1.08445,1.0845,109
2024-01-29T03:10:00+00:00,1.084505,1.084635,1.08448,1.0846,122
2024-01-29T03:15:00+00:00,1.084605,1.084675,1.08444,1.084445,156
2024-01-29T03:20:00+00:00,1.08444,1.084505,1.084295,1.084505,119
2024-01-29T03:25:00+00:00,1.08452,1.08452,1.084355,1.084395,92
2024-01-29T03:30:00+00:00,1.0844,1.084405,1.084345,1.084355,92
2024-01-29T03:35:00+00:00,1.08436,1.08436,1.084255,1.08427,103
2024-01-29T03:40:00+00:00,1.084275,1.084355,1.08427,1.084345,69
2024-01-29T03:45:00+00:00,1.08435,1.084445,1.084345,1.084435,111
2024-01-29T03:50:00+00:00,1.08444,1.08446,1.084385,1.08446,76
2024-01-29T03:55:00+00:00,1.084465,1.084595,1.08446,1.08452,114
2024-01-29T04:00:00+00:00,1.084525,1.0847,1.084515,1.0847,47
2024-01-29T04:05:00+00:00,1.084675,1.084675,1.084595,1.08464,98
2024-01-29T04:10:00+00:00,1.084625,1.084675,1.08457,1.084595,73
2024-01-29T04:15:00+00:00,1.08459,1.08459,1.0844,1.0844,69
2024-01-29T04:20:00+00:00,1.084385,1.08445,1.08438,1.08444,32
2024-01-29T04:25:00+00:00,1.084465,1.084515,1.08441,1.084515,85
2024-01-29T04:30:00+00:00,1.08451,1.084515,1.084395,1.084455,67
2024-01-29T04:35:00+00:00,1.08445,1.084705,1.08445,1.0847,72
2024-01-29T04:40:00+00:00,1.084695,1.08477,1.084645,1.084745,101
2024-01-29T04:45:00+00:00,1.084755,1.08476,1.0847,1.0847,61
2024-01-29T04:50:00+00:00,1.084705,1.084705,1.084495,1.084555,81
2024-01-29T04:55:00+00:00,1.08455,1.08455,1.08442,1.08449,107
2024-01-29T05:00:00+00:00,1.08447,1.0845,1.084435,1.08448,141
2024-01-29T05:05:00+00:00,1.08447,1.084485,1.084115,1.08412,124
2024-01-29T05:10:00+00:00,1.08411,1.08426,1.084065,1.08421,122
2024-01-29T05:15:00+00:00,1.084205,1.08432,1.084125,1.08414,122
2024-01-29T05:20:00+00:00,1.084155,1.084175,1.083995,1.084045,172
2024-01-29T05:25:00+00:00,1.084025,1.08413,1.08399,1.084095,116
2024-01-29T05:30:00+00:00,1.08409,1.08412,1.083985,1.083995,58
2024-01-29T05:35:00+00:00,1.084,1.084115,1.08397,1.08411,176
2024-01-29T05:40:00+00:00,1.084125,1.084245,1.084125,1.084185,116
2024-01-29T05:45:00+00:00,1.08418,1.08419,1.08399,1.084015,138
2024-01-29T05:50:00+00:00,1.084005,1.08406,1.083965,1.08398,96
2024-01-29T05:55:00+00:00,1.083975,1.08401,1.083975,1.084,100
2024-01-29T06:00:00+00:00,1.08401,1.084065,1.08393,1.08395,220
2024-01-29T06:05:00+00:00,1.083955,1.08413,1.083945,1.08409,152
2024-01-29T06:10:00+00:00,1.084095,1.084315,1.084095,1.08431,112
2024-01-29T06:15:00+00:00,1.084315,1.084505,1.08426,1.08445,143
2024-01-29T06:20:00+00:00,1.084455,1.08451,1.08438,1.084395,181
2024-01-29T06:25:00+00:00,1.084385,1.0844,1.08428,1.0843,250
2024-01-29T06:30:00+00:00,1.084305,1.084405,1.08426,1.084315,201
2024-01-29T06:35:00+00:00,1.08431,1.084465,1.08424,1.08446,153
2024-01-29T06:40:00+00:00,1.084455,1.08458,1.084405,1.08456,139
2024-01-29T06:45:00+00:00,1.08457,1.084675,1.08453,1.084535,168
2024-01-29T06:50:00+00:00,1.08453,1.08455,1.084405,1.084495,131
2024-01-29T06:55:00+00:00,1.08449,1.08473,1.084475,1.084665,202
2024-01-29T07:00:00+00:00,1.08466,1.08474,1.08439,1.0845,356
2024-01-29T07:05:00+00:00,1.084505,1.08476,1.08443,1.084655,230
2024-01-29T07:10:00+00:00,1.084665,1.084735,1.084155,1.084405,287
2024-01-29T07:15:00+00:00,1.08441,1.08459,1.08434,1.084505,279
2024-01-29T07:20:00+00:00,1.08451,1.084715,1.08427,1.08466,265
2024-01-29T07:25:00+00:00,1.08465,1.08474,1.08445,1.08471,221
2024-01-29T07:30:00+00:00,1.084715,1.084935,1.0847,1.084915,308
2024-01-29T07:35:00+00:00,1.08491,1.08501,1.08482,1.08484,189
2024-01-29T07:40:00+00:00,1.084835,1.084895,1.084625,1.0847,263
2024-01-29T07:45:00+00:00,1.084695,1.084795,1.08455,1.08455,268
2024-01-29T07:50:00+00:00,1.084545,1.084545,1.083765,1.0838,314
2024-01-29T07:55:00+00:00,1.083795,1.08381,1.083505,1.08372,479
2024-01-29T08:00:00+00:00,1.08371,1.083795,1.083325,1.083695,642
2024-01-29T08:05:00+00:00,1.08369,1.084015,1.08361,1.083855,432
2024-01-29T08:10:00+00:00,1.08386,1.083925,1.083585,1.08369,293
2024-01-29T08:15:00+00:00,1.0837,1.08384,1.083325,1.083485,347
2024-01-29T08:20:00+00:00,1.083475,1.08355,1.083385,1.08348,253
2024-01-29T08:25:00+00:00,1.083475,1.083875,1.083465,1.083765,229
2024-01-29T08:30:00+00:00,1.08377,1.08415,1.083705,1.08415,347
2024-01-29T08:35:00+00:00,1.084155,1.084195,1.08369,1.083755,374
2024-01-29T08:40:00+00:00,1.08375,1.08378,1.08353,1.083775,344
2024-01-29T08:45:00+00:00,1.08377,1.08383,1.083515,1.08371,437
2024-01-29T08:50:00+00:00,1.08369,1.08377,1.083455,1.083555,397
2024-01-29T08:55:00+00:00,1.08355,1.08358,1.083325,1.083475,315
2024-01-29T09:00:00+00:00,1.08346,1.083575,1.08305,1.083065,422
2024-01-29T09:05:00+00:00,1.08307,1.08333,1.083025,1.083295,352
2024-01-29T09:10:00+00:00,1.08329,1.08332,1.08311,1.08316,322
2024-01-29T09:15:00+00:00,1.083155,1.083215,1.082655,1.08294,436
2024-01-29T09:20:00+00:00,1.082935,1.083075,1.08261,1.08269,300
2024-01-29T09:25:00+00:00,1.08268,1.08281,1.08262,1.08272,294
2024-01-29T09:30:00+00:00,1.082725,1.083265,1.08265,1.08289,450
2024-01-29T09:35:00+00:00,1.082895,1.0829,1.08241,1.082455,416
2024-01-29T09:40:00+00:00,1.08245,1.082855,1.082315,1.082815,299
2024-01-29T09:45:00+00:00,1.082805,1.083045,1.082745,1.08282,277
2024-01-29T09:50:00+00:00,1.08281,1.082845,1.082485,1.0825,330
2024-01-29T09:55:00+00:00,1.082495,1.08267,1.082395,1.08252,311
2024-01-29T10:00:00+00:00,1.0825,1.082545,1.082185,1.08238,432
2024-01-29T10:05:00+00:00,1.082375,1.08243,1.08219,1.0822,238
2024-01-29T10:10:00+00:00,1.08222,1.082355,1.082175,1.082255,203
2024-01-29T10:15:00+00:00,1.08226,1.0823,1.081985,1.082,268
2024-01-29T10:20:00+00:00,1.081995,1.081995,1.08157,1.081745,319
2024-01-29T10:25:00+00:00,1.08174,1.08187,1.081525,1.08165,259
2024-01-29T10:30:00+00:00,1.081645,1.081755,1.081405,1.08142,258
2024-01-29T10:35:00+00:00,1.081415,1.081665,1.081415,1.081575,241
2024-01-29T10:40:00+00:00,1.081585,1.08185,1.081575,1.08183,391
2024-01-29T10:45:00+00:00,1.08184,1.08187,1.081745,1.08182,370
2024-01-29T10:50:00+00:00,1.0818,1.08192,1.081685,1.081725,248
2024-01-29T10:55:00+00:00,1.08172,1.08197,1.081575,1.08191,413
2024-01-29T11:00:00+00:00,1.08192,1.08231,1.081895,1.08227,314
2024-01-29T11:05:00+00:00,1.082265,1.082505,1.08217,1.08246,319
2024-01-29T11:10:00+00:00,1.082465,1.08248,1.08195,1.08206,335
2024-01-29T11:15:00+00:00,1.082065,1.082065,1.081645,1.08174,360
2024-01-29T11:20:00+00:00,1.081735,1.08175,1.08167,1.0817,269
2024-01-29T11:25:00+00:00,1.081735,1.08195,1.081735,1.08189,126
2024-01-29T11:30:00+00:00,1.081885,1.082315,1.081865,1.082295,260
2024-01-29T11:35:00+00:00,1.08229,1.082505,1.08221,1.08248,253
2024-01-29T11:40:00+00:00,1.082485,1.082715,1.082375,1.08238,195
2024-01-29T11:45:00+00:00,1.08239,1.082395,1.082105,1.08221,193
2024-01-29T11:50:00+00:00,1.082205,1.08223,1.08204,1.082055,155
2024-01-29T11:55:00+00:00,1.082065,1.082325,1.081975,1.082295,165
2024-01-29T12:00:00+00:00,1.0823,1.08255,1.08222,1.08254,211
2024-01-29T12:05:00+00:00,1.082535,1.082845,1.08252,1.082795,279
2024-01-29T12:10:00+00:00,1.0828,1.0829,1.08268,1.08272,209
2024-01-29T12:15:00+00:00,1.082725,1.082965,1.08271,1.082935,259
2024-01-29T12:20:00+00:00,1.08293,1.083125,1.082765,1.083015,316
2024-01-29T12:25:00+00:00,1.08301,1.08327,1.083005,1.083255,308
2024-01-29T12:30:00+00:00,1.083235,1.08334,1.08316,1.08332,191
2024-01-29T12:35:00+00:00,1.08333,1.08353,1.083275,1.08348,267
2024-01-29T12:40:00+00:00,1.083485,1.08369,1.08345,1.083525,225
2024-01-29T12:45:00+00:00,1.083525,1.083645,1.083045,1.083135,487
2024-01-29T12:50:00+00:00,1.08314,1.08314,1.082435,1.0826,562
2024-01-29T12:55:00+00:00,1.082605,1.08263,1.08204,1.082205,496
2024-01-29T13:00:00+00:00,1.08221,1.08224,1.08163,1.082125,673
2024-01-29T13:05:00+00:00,1.08213,1.08232,1.082005,1.08232,290
2024-01-29T13:10:00+00:00,1.08234,1.08234,1.081815,1.08196,316
2024-01-29T13:15:00+00:00,1.081955,1.08199,1.08166,1.081665,250
2024-01-29T13:20:00+00:00,1.08166,1.081885,1.08139,1.08186,407
2024-01-29T13:25:00+00:00,1.081855,1.082145,1.08177,1.08214,375
2024-01-29T13:30:00+00:00,1.08215,1.08215,1.08183,1.081945,451
2024-01-29T13:35:00+00:00,1.081935,1.08234,1.08184,1.082035,616
2024-01-29T13:40:00+00:00,1.08206,1.08233,1.08189,1.08224,370
2024-01-29T13:45:00+00:00,1.08222,1.082445,1.082115,1.08212,586
2024-01-29T13:50:00+00:00,1.082125,1.082255,1.081905,1.08224,419
2024-01-29T13:55:00+00:00,1.08225,1.082405,1.08204,1.082045,482
2024-01-29T14:00:00+00:00,1.08202,1.08227,1.081915,1.08199,479
2024-01-29T14:05:00+00:00,1.081985,1.082255,1.081965,1.082065,367
2024-01-29T14:10:00+00:00,1.082055,1.08215,1.0809,1.080925,443
2024-01-29T14:15:00+00:00,1.08093,1.081265,1.08093,1.08119,537
2024-01-29T14:20:00+00:00,1.081185,1.081235,1.081035,1.081155,447
2024-01-29T14:25:00+00:00,1.081145,1.081145,1.080895,1.080915,399
2024-01-29T14:30:00+00:00,1.08091,1.080975,1.08057,1.08061,452
2024-01-29T14:35:00+00:00,1.080615,1.081065,1.080495,1.080905,575
2024-01-29T14:40:00+00:00,1.0809,1.08103,1.080725,1.08074,554
2024-01-29T14:45:00+00:00,1.080735,1.08078,1.080455,1.0805,491
2024-01-29T14:50:00+00:00,1.080515,1.080605,1.080425,1.0806,278
2024-01-29T14:55:00+00:00,1.080595,1.08074,1.08051,1.08071,415
2024-01-29T15:00:00+00:00,1.0807,1.08071,1.080405,1.080505,408
2024-01-29T15:05:00+00:00,1.0805,1.080985,1.080455,1.080985,330
2024-01-29T15:10:00+00:00,1.081005,1.08107,1.08074,1.08075,277
2024-01-29T15:15:00+00:00,1.080735,1.080735,1.08012,1.080215,397
2024-01-29T15:20:00+00:00,1.08023,1.080245,1.07985,1.07992,438
2024-01-29T15:25:00+00:00,1.0799,1.08031,1.07982,1.080145,459
2024-01-29T15:30:00+00:00,1.08015,1.080525,1.080145,1.080465,486
2024-01-29T15:35:00+00:00,1.08047,1.08047,1.07996,1.08013,410
2024-01-29T15:40:00+00:00,1.080165,1.080335,1.080035,1.08016,513
2024-01-29T15:45:00+00:00,1.080165,1.080165,1.079625,1.07971,503
2024-01-29T15:50:00+00:00,1.0797,1.08,1.079695,1.07995,492
2024-01-29T15:55:00+00:00,1.07994,1.080155,1.07968,1.079735,908
2024-01-29T16:00:00+00:00,1.079745,1.08024,1.07959,1.08024,896
2024-01-29T16:05:00+00:00,1.080245,1.08045,1.08003,1.08042,554
2024-01-29T16:10:00+00:00,1.080415,1.08057,1.08037,1.080555,346
2024-01-29T16:15:00+00:00,1.08055,1.080615,1.0802,1.080305,308
2024-01-29T16:20:00+00:00,1.08031,1.08045,1.08017,1.08045,334
2024-01-29T16:25:00+00:00,1.080445,1.080885,1.080445,1.080745,310
2024-01-29T16:30:00+00:00,1.08077,1.08079,1.080485,1.08055,284
2024-01-29T16:35:00+00:00,1.080545,1.08058,1.08016,1.08038,232
2024-01-29T16:40:00+00:00,1.0804,1.080505,1.08032,1.080455,222
2024-01-29T16:45:00+00:00,1.080475,1.080595,1.08042,1.080545,206
2024-01-29T16:50:00+00:00,1.080565,1.080675,1.080475,1.080605,280
2024-01-29T16:55:00+00:00,1.080595,1.080705,1.0805,1.0806,228
2024-01-29T17:00:00+00:00,1.080595,1.08091,1.080565,1.080745,342
2024-01-29T17:05:00+00:00,1.08075,1.081155,1.080745,1.080955,321
2024-01-29T17:10:00+00:00,1.08096,1.081235,1.080955,1.081205,307
2024-01-29T17:15:00+00:00,1.081195,1.08128,1.08116,1.08128,267
2024-01-29T17:20:00+00:00,1.08127,1.08156,1.08127,1.081555,275
2024-01-29T17:25:00+00:00,1.08154,1.08161,1.08147,1.08151,188
2024-01-29T17:30:00+00:00,1.08153,1.08161,1.08141,1.081425,159
2024-01-29T17:35:00+00:00,1.08143,1.08149,1.081395,1.08145,228
2024-01-29T17:40:00+00:00,1.08146,1.08151,1.081375,1.08139,202
2024-01-29T17:45:00+00:00,1.0814,1.081425,1.081365,1.08137,160
2024-01-29T17:50:00+00:00,1.081365,1.081465,1.08133,1.081415,151
2024-01-29T17:55:00+00:00,1.0814,1.0814,1.08117,1.08117,199
2024-01-29T18:00:00+00:00,1.081175,1.08124,1.08109,1.08116,285
2024-01-29T18:05:00+00:00,1.081155,1.081255,1.08109,1.08118,222
2024-01-29T18:10:00+00:00,1.081175,1.08118,1.080975,1.08104,217
2024-01-29T18:15:00+00:00,1.081045,1.081175,1.08094,1.081105,289
2024-01-29T18:20:00+00:00,1.081095,1.081115,1.080995,1.080995,114
2024-01-29T18:25:00+00:00,1.08102,1.081185,1.08098,1.081185,160
2024-01-29T18:30:00+00:00,1.081195,1.081325,1.081105,1.081135,201
2024-01-29T18:35:00+00:00,1.081125,1.081205,1.08102,1.081085,249
2024-01-29T18:40:00+00:00,1.08109,1.081305,1.081085,1.08125,76
2024-01-29T18:45:00+00:00,1.08126,1.0813,1.0811,1.0811,111
2024-01-29T18:50:00+00:00,1.081105,1.08116,1.08102,1.08104,106
2024-01-29T18:55:00+00:00,1.08105,1.0812,1.080985,1.081155,74
2024-01-29T19:00:00+00:00,1.08115,1.081305,1.081,1.081225,241
2024-01-29T19:05:00+00:00,1.08122,1.081555,1.0812,1.081555,214
2024-01-29T19:10:00+00:00,1.08156,1.08176,1.081555,1.081645,159
2024-01-29T19:15:00+00:00,1.08165,1.08175,1.081585,1.081715,207
2024-01-29T19:20:00+00:00,1.081705,1.081765,1.081635,1.08176,174
2024-01-29T19:25:00+00:00,1.08177,1.08179,1.081695,1.08177,132
2024-01-29T19:30:00+00:00,1.08176,1.08186,1.08169,1.08175,200
2024-01-29T19:35:00+00:00,1.081745,1.081915,1.08174,1.081865,117
2024-01-29T19:40:00+00:00,1.08187,1.08199,1.0818,1.08185,167
2024-01-29T19:45:00+00:00,1.081855,1.081855,1.08174,1.08175,96
2024-01-29T19:50:00+00:00,1.08175,1.081875,1.08174,1.08185,114
2024-01-29T19:55:00+00:00,1.081845,1.082,1.08182,1.0819,213
2024-01-29T20:00:00+00:00,1.081905,1.083155,1.081905,1.082755,915
2024-01-29T20:05:00+00:00,1.082775,1.082945,1.08266,1.082895,482
2024-01-29T20:10:00+00:00,1.082885,1.083165,1.082865,1.083,324
2024-01-29T20:15:00+00:00,1.083005,1.08406,1.083,1.08363,531
2024-01-29T20:20:00+00:00,1.083645,1.083985,1.08348,1.083805,592
2024-01-29T20:25:00+00:00,1.0838,1.08397,1.083595,1.083675,536
2024-01-29T20:30:00+00:00,1.083685,1.083795,1.083285,1.08329,480
2024-01-29T20:35:00+00:00,1.083295,1.083345,1.082915,1.083195,523
2024-01-29T20:40:00+00:00,1.08319,1.083495,1.08315,1.08329,309
2024-01-29T20:45:00+00:00,1.083275,1.083325,1.08307,1.08325,339
2024-01-29T20:50:00+00:00,1.08324,1.08338,1.083,1.08304,195
2024-01-29T20:55:00+00:00,1.08305,1.083345,1.08302,1.08313,369
2024-01-29T21:00:00+00:00,1.08312,1.08313,1.082685,1.082725,244
2024-01-29T21:05:00+00:00,1.082735,1.08303,1.082735,1.08299,174
2024-01-29T21:10:00+00:00,1.082985,1.0831,1.082975,1.083095,183
2024-01-29T21:15:00+00:00,1.0831,1.083145,1.083035,1.083075,173
2024-01-29T21:20:00+00:00,1.08308,1.08332,1.08308,1.083315,148
2024-01-29T21:25:00+00:00,1.08331,1.083375,1.083285,1.08333,84
2024-01-29T21:30:00+00:00,1.083335,1.08334,1.083235,1.08333,78
2024-01-29T21:35:00+00:00,1.08332,1.083415,1.083295,1.083325,100
2024-01-29T21:40:00+00:00,1.08333,1.083345,1.083295,1.083305,53
2024-01-29T21:45:00+00:00,1.083315,1.083495,1.083315,1.08346,121
2024-01-29T21:50:00+00:00,1.083465,1.083485,1.083435,1.083445,165
2024-01-29T21:55:00+00:00,1.08344,1.08346,1.083305,1.083305,347
2024-01-29T22:00:00+00:00,1.083325,1.08342,1.083285,1.08342,13
2024-01-29T22:05:00+00:00,1.083395,1.08342,1.083325,1.08338,39
2024-01-29T22:10:00+00:00,1.083345,1.08339,1.08333,1.08337,58
2024-01-29T22:15:00+00:00,1.083365,1.083385,1.0833,1.08336,59
2024-01-29T22:20:00+00:00,1.08334,1.08336,1.08328,1.08328,56
2024-01-29T22:25:00+00:00,1.08329,1.083355,1.08329,1.0833,105
2024-01-29T22:30:00+00:00,1.08331,1.083355,1.083075,1.083105,155
2024-01-29T22:35:00+00:00,1.083095,1.083325,1.08309,1.083305,346
2024-01-29T22:40:00+00:00,1.083285,1.08331,1.083065,1.08314,248
2024-01-29T22:45:00+00:00,1.083135,1.08331,1.083125,1.083285,197
2024-01-29T22:50:00+00:00,1.083295,1.083365,1.08325,1.0833,95
2024-01-29T22:55:00+00:00,1.083305,1.083385,1.08328,1.083365,385
2024-01-29T23:00:00+00:00,1.083375,1.083675,1.083375,1.083445,119
2024-01-29T23:05:00+00:00,1.083455,1.083605,1.083455,1.083595,52
2024-01-29T23:10:00+00:00,1.083605,1.08362,1.08349,1.08349,56
2024-01-29T23:15:00+00:00,1.083495,1.08355,1.083455,1.083455,33
2024-01-29T23:20:00+00:00,1.08346,1.0835,1.083455,1.083485,38
2024-01-29T23:25:00+00:00,1.08348,1.08369,1.08348,1.08365,76
2024-01-29T23:30:00+00:00,1.08366,1.083695,1.08362,1.083635,67
2024-01-29T23:35:00+00:00,1.08365,1.083685,1.08356,1.08356,85
2024-01-29T23:40:00+00:00,1.083565,1.08358,1.08348,1.08348,79
2024-01-29T23:45:00+00:00,1.083485,1.083595,1.083475,1.083595,145
2024-01-29T23:50:00+00:00,1.08359,1.083595,1.08348,1.08348,117
2024-01-29T23:55:00+00:00,1.083485,1.083485,1.08335,1.08338,241
2024-01-30T00:00:00+00:00,1.083375,1.08367,1.083375,1.083585,165
2024-01-30T00:05:00+00:00,1.08359,1.08363,1.083425,1.083485,232
2024-01-30T00:10:00+00:00,1.08349,1.083545,1.08342,1.083535,170
2024-01-30T00:15:00+00:00,1.08354,1.083665,1.08353,1.083545,161
2024-01-30T00:20:00+00:00,1.08354,1.083745,1.083495,1.083745,77
2024-01-30T00:25:00+00:00,1.083765,1.083835,1.083725,1.08377,150
2024-01-30T00:30:00+00:00,1.083775,1.083775,1.083585,1.083745,106
2024-01-30T00:35:00+00:00,1.08377,1.0839,1.083745,1.083795,145
2024-01-30T00:40:00+00:00,1.083765,1.08391,1.083715,1.083895,164
2024-01-30T00:45:00+00:00,1.083915,1.08416,1.083905,1.084015,187
2024-01-30T00:50:00+00:00,1.08401,1.08423,1.08396,1.08414,432
2024-01-30T00:55:00+00:00,1.084145,1.08421,1.084075,1.084095,154
2024-01-30T01:00:00+00:00,1.08408,1.08408,1.083535,1.083535,231
2024-01-30T01:05:00+00:00,1.08352,1.083725,1.083395,1.083715,173
2024-01-30T01:10:00+00:00,1.08373,1.083875,1.083705,1.08372,213
2024-01-30T01:15:00+00:00,1.083715,1.08377,1.08333,1.08333,189
2024-01-30T01:20:00+00:00,1.08335,1.08356,1.08328,1.08348,244
2024-01-30T01:25:00+00:00,1.08347,1.083575,1.083305,1.083575,256
2024-01-30T01:30:00+00:00,1.08354,1.083565,1.08343,1.08351,226
2024-01-30T01:35:00+00:00,1.08353,1.083765,1.083455,1.083535,271
2024-01-30T01:40:00+00:00,1.08351,1.08351,1.083335,1.083335,144
2024-01-30T01:45:00+00:00,1.08334,1.0835,1.083255,1.08348,242
2024-01-30T01:50:00+00:00,1.08349,1.08362,1.08348,1.08361,143
2024-01-30T01:55:00+00:00,1.083605,1.083615,1.083435,1.0835,132
2024-01-30T02:00:00+00:00,1.08349,1.0835,1.083145,1.083245,190
2024-01-30T02:05:00+00:00,1.08325,1.08326,1.083045,1.083095,181
2024-01-30T02:10:00+00:00,1.0831,1.083155,1.083055,1.08315,171
2024-01-30T02:15:00+00:00,1.083155,1.083235,1.08302,1.08306,271
2024-01-30T02:20:00+00:00,1.083055,1.083245,1.083035,1.08324,162
2024-01-30T02:25:00+00:00,1.083245,1.083275,1.083005,1.08305,182
2024-01-30T02:30:00+00:00,1.083055,1.083115,1.083015,1.083085,162
2024-01-30T02:35:00+00:00,1.08309,1.083295,1.083025,1.083255,170
2024-01-30T02:40:00+00:00,1.08325,1.08334,1.083185,1.08326,178
2024-01-30T02:45:00+00:00,1.083255,1.08361,1.083255,1.083555,99
2024-01-30T02:50:00+00:00,1.083545,1.083545,1.08344,1.08349,61
2024-01-30T02:55:00+00:00,1.083495,1.083515,1.083345,1.08341,103
2024-01-30T03:00:00+00:00,1.083405,1.08341,1.083355,1.08337,63
2024-01-30T03:05:00+00:00,1.083365,1.08345,1.083345,1.083345,68
2024-01-30T03:10:00+00:00,1.08335,1.083415,1.083175,1.083185,75
2024-01-30T03:15:00+00:00,1.08318,1.08326,1.0831,1.083215,78
2024-01-30T03:20:00+00:00,1.08321,1.08321,1.083115,1.083155,91
2024-01-30T03:25:00+00:00,1.08315,1.08325,1.08315,1.083205,82
2024-01-30T03:30:00+00:00,1.08321,1.08331,1.08318,1.083305,59
2024-01-30T03:35:00+00:00,1.08331,1.083425,1.08331,1.083355,117
2024-01-30T03:40:00+00:00,1.08336,1.083365,1.08321,1.08321,109
2024-01-30T03:45:00+00:00,1.083205,1.08326,1.08319,1.08325,63
2024-01-30T03:50:00+00:00,1.083245,1.083265,1.08323,1.083265,60
2024-01-30T03:55:00+00:00,1.08326,1.08326,1.083035,1.083065,148
2024-01-30T04:00:00+00:00,1.08308,1.083345,1.083065,1.083215,96
2024-01-30T04:05:00+00:00,1.08321,1.08324,1.08315,1.0832,113
2024-01-30T04:10:00+00:00,1.083195,1.08336,1.083195,1.083315,73
2024-01-30T04:15:00+00:00,1.08331,1.08331,1.08319,1.083205,54
2024-01-30T04:20:00+00:00,1.08321,1.083225,1.083145,1.083155,66
2024-01-30T04:25:00+00:00,1.08315,1.08335,1.08305,1.08331,119
2024-01-30T04:30:00+00:00,1.083315,1.083355,1.083195,1.0833,150
2024-01-30T04:35:00+00:00,1.08329,1.083305,1.083175,1.083255,127
2024-01-30T04:40:00+00:00,1.08325,1.08325,1.08285,1.08292,180
2024-01-30T04:45:00+00:00,1.082925,1.082925,1.08253,1.0826,182
2024-01-30T04:50:00+00:00,1.082595,1.08266,1.08247,1.0825,178
2024-01-30T04:55:00+00:00,1.082505,1.082545,1.082425,1.08254,164
2024-01-30T05:00:00+00:00,1.08252,1.08254,1.08234,1.082425,136
2024-01-30T05:05:00+00:00,1.08243,1.082455,1.082345,1.082455,166
2024-01-30T05:10:00+00:00,1.082445,1.08259,1.0824,1.082555,63
2024-01-30T05:15:00+00:00,1.08255,1.082705,1.08255,1.08269,88
2024-01-30T05:20:00+00:00,1.08268,1.08291,1.08258,1.082615,202
2024-01-30T05:25:00+00:00,1.082635,1.08279,1.08255,1.082695,263
2024-01-30T05:30:00+00:00,1.08272,1.082795,1.08268,1.082745,163
2024-01-30T05:35:00+00:00,1.08275,1.08286,1.082655,1.082655,111
2024-01-30T05:40:00+00:00,1.082645,1.082705,1.082445,1.08248,171
2024-01-30T05:45:00+00:00,1.082455,1.08249,1.082385,1.08239,132
2024-01-30T05:50:00+00:00,1.0824,1.0824,1.082275,1.08234,112
2024-01-30T05:55:00+00:00,1.082335,1.082335,1.08219,1.082255,175
2024-01-30T06:00:00+00:00,1.08226,1.082395,1.08219,1.082295,211
2024-01-30T06:05:00+00:00,1.0823,1.082385,1.082235,1.082385,157
2024-01-30T06:10:00+00:00,1.08238,1.0825,1.08235,1.082495,120
2024-01-30T06:15:00+00:00,1.082505,1.0826,1.082415,1.082455,165
2024-01-30T06:20:00+00:00,1.08246,1.08247,1.08213,1.082265,253
2024-01-30T06:25:00+00:00,1.08227,1.08227,1.082075,1.082075,365
2024-01-30T06:30:00+00:00,1.08207,1.08229,1.082045,1.08214,252
2024-01-30T06:35:00+00:00,1.082135,1.082305,1.082085,1.08221,233
2024-01-30T06:40:00+00:00,1.082205,1.08225,1.08204,1.082065,229
2024-01-30T06:45:00+00:00,1.08207,1.08209,1.081665,1.08167,333
2024-01-30T06:50:00+00:00,1.081675,1.08173,1.081505,1.08165,298
2024-01-30T06:55:00+00:00,1.081645,1.08168,1.081405,1.081515,330
2024-01-30T07:00:00+00:00,1.081495,1.081515,1.0812,1.081335,381
2024-01-30T07:05:00+00:00,1.081345,1.0815,1.0813,1.081455,418
2024-01-30T07:10:00+00:00,1.08145,1.081475,1.081215,1.081385,244
2024-01-30T07:15:00+00:00,1.08139,1.081635,1.081285,1.081635,269
2024-01-30T07:20:00+00:00,1.08164,1.08186,1.081595,1.0817,381
2024-01-30T07:25:00+00:00,1.081695,1.0817,1.08137,1.08139,221
2024-01-30T07:30:00+00:00,1.081395,1.081405,1.0813,1.08139,240
2024-01-30T07:35:00+00:00,1.081385,1.0817,1.081325,1.0816,376
2024-01-30T07:40:00+00:00,1.081595,1.081955,1.081545,1.081675,539
2024-01-30T07:45:00+00:00,1.08168,1.082065,1.08164,1.08201,489
2024-01-30T07:50:00+00:00,1.082015,1.08239,1.08198,1.0822,386
2024-01-30T07:55:00+00:00,1.082205,1.082425,1.08217,1.08229,386
2024-01-30T09:00:00+00:00,1.082205,1.082415,1.081895,1.082,486
2024-01-30T09:05:00+00:00,1.081995,1.08222,1.0818,1.082035,315
2024-01-30T09:10:00+00:00,1.08202,1.082065,1.081785,1.08199,327
2024-01-30T09:15:00+00:00,1.081985,1.08219,1.081805,1.08184,282
2024-01-30T09:20:00+00:00,1.081845,1.082185,1.0818,1.082135,307
2024-01-30T09:25:00+00:00,1.08214,1.08226,1.08199,1.082105,328
2024-01-30T09:30:00+00:00,1.0821,1.08277,1.08207,1.082705,374
2024-01-30T09:35:00+00:00,1.08268,1.08268,1.08235,1.082555,330
2024-01-30T09:40:00+00:00,1.08255,1.082725,1.082515,1.082545,328
2024-01-30T09:45:00+00:00,1.082535,1.0826,1.082365,1.082555,258
2024-01-30T09:50:00+00:00,1.08255,1.08265,1.082505,1.08259,329
2024-01-30T09:55:00+00:00,1.082585,1.08294,1.082555,1.08271,334
2024-01-30T08:00:00+00:00,1.082295,1.08322,1.08229,1.08249,1038
2024-01-30T08:05:00+00:00,1.082485,1.08269,1.08229,1.082615,629
2024-01-30T08:10:00+00:00,1.082635,1.082795,1.082315,1.082555,751
2024-01-30T08:15:00+00:00,1.08255,1.0827,1.08225,1.082255,537
2024-01-30T08:20:00+00:00,1.08225,1.082435,1.08207,1.082345,553
2024-01-30T08:25:00+00:00,1.08234,1.082385,1.08188,1.08199,543
2024-01-30T08:30:00+00:00,1.081985,1.08229,1.08168,1.08174,491
2024-01-30T08:35:00+00:00,1.081745,1.082185,1.081635,1.082085,474
2024-01-30T08:40:00+00:00,1.08209,1.08247,1.08206,1.082455,402
2024-01-30T08:45:00+00:00,1.08246,1.082745,1.08219,1.0822,479
2024-01-30T08:50:00+00:00,1.082195,1.08234,1.08208,1.08225,294
2024-01-30T08:55:00+00:00,1.08226,1.082385,1.082085,1.08221,409
2024-01-30T10:00:00+00:00,1.0827,1.082835,1.08241,1.082495,375
2024-01-30T10:05:00+00:00,1.0825,1.08275,1.08241,1.08244,310
2024-01-30T10:10:00+00:00,1.082435,1.082705,1.082315,1.08266,347
2024-01-30T10:15:00+00:00,1.082655,1.08308,1.08257,1.082745,448
2024-01-30T10:20:00+00:00,1.08275,1.082955,1.082715,1.0828,248
2024-01-30T10:25:00+00:00,1.08283,1.08305,1.082815,1.08289,302
2024-01-30T10:30:00+00:00,1.082885,1.083475,1.082805,1.083435,309
2024-01-30T10:35:00+00:00,1.08343,1.08372,1.083355,1.08367,332
2024-01-30T10:40:00+00:00,1.083665,1.083715,1.083435,1.083505,202
2024-01-30T10:45:00+00:00,1.0835,1.084055,1.083485,1.08396,308
2024-01-30T10:50:00+00:00,1.083965,1.084035,1.08366,1.08377,350
2024-01-30T10:55:00+00:00,1.083765,1.08392,1.083655,1.08383,344
2024-01-30T12:00:00+00:00,1.08419,1.084335,1.084065,1.08407,227
2024-01-30T12:05:00+00:00,1.084075,1.084235,1.08405,1.08421,150
2024-01-30T12:10:00+00:00,1.084205,1.08421,1.084065,1.08417,176
2024-01-30T12:15:00+00:00,1.084185,1.08423,1.08397,1.084025,170
2024-01-30T12:20:00+00:00,1.084005,1.084225,1.083775,1.08419,341
2024-01-30T12:25:00+00:00,1.0842,1.084445,1.08405,1.084385,276
2024-01-30T12:30:00+00:00,1.08439,1.08444,1.08399,1.08403,288
2024-01-30T12:35:00+00:00,1.084035,1.08404,1.08367,1.08394,361
2024-01-30T12:40:00+00:00,1.083955,1.084355,1.083955,1.084285,224
2024-01-30T12:45:00+00:00,1.08429,1.084585,1.084265,1.08447,253
2024-01-30T12:50:00+00:00,1.084485,1.084555,1.08428,1.08449,264
2024-01-30T12:55:00+00:00,1.084505,1.085,1.084505,1.084775,436
2024-01-30T13:00:00+00:00,1.08477,1.084855,1.08437,1.08463,567
2024-01-30T13:05:00+00:00,1.084635,1.08478,1.08448,1.08459,441
2024-01-30T13:10:00+00:00,1.084575,1.08459,1.083985,1.08407,503
2024-01-30T13:15:00+00:00,1.084085,1.08416,1.083825,1.083925,591
2024-01-30T13:20:00+00:00,1.08394,1.084195,1.083875,1.083985,541
2024-01-30T13:25:00+00:00,1.084,1.08416,1.084,1.08412,480
2024-01-30T13:30:00+00:00,1.08413,1.08438,1.08402,1.08403,551
2024-01-30T13:35:00+00:00,1.084025,1.08403,1.083625,1.08377,516
2024-01-30T13:40:00+00:00,1.083765,1.08454,1.083765,1.084275,556
2024-01-30T13:45:00+00:00,1.084285,1.08439,1.08381,1.08401,756
2024-01-30T13:50:00+00:00,1.084015,1.084075,1.08358,1.08359,668
2024-01-30T13:55:00+00:00,1.08358,1.08379,1.083415,1.083465,709
2024-01-30T11:00:00+00:00,1.083855,1.083975,1.08384,1.083905,254
2024-01-30T11:05:00+00:00,1.083895,1.084005,1.083835,1.08389,209
2024-01-30T11:10:00+00:00,1.08387,1.08393,1.08372,1.0838,254
2024-01-30T11:15:00+00:00,1.083795,1.08393,1.083725,1.083905,311
2024-01-30T11:20:00+00:00,1.08392,1.08444,1.083885,1.0844,267
2024-01-30T11:25:00+00:00,1.084395,1.08454,1.084295,1.084355,369
2024-01-30T11:30:00+00:00,1.08435,1.08439,1.084015,1.084025,283
2024-01-30T11:35:00+00:00,1.08403,1.084785,1.08393,1.084735,259
2024-01-30T11:40:00+00:00,1.08474,1.084785,1.08459,1.08477,204
2024-01-30T11:45:00+00:00,1.084765,1.084815,1.084685,1.08474,202
2024-01-30T11:50:00+00:00,1.084745,1.08481,1.08457,1.08458,137
2024-01-30T11:55:00+00:00,1.084575,1.084585,1.084175,1.084195,317
2024-01-30T15:00:00+00:00,1.08504,1.085635,1.08328,1.084005,1801
2024-01-30T15:05:00+00:00,1.084025,1.084315,1.08331,1.084015,1424
2024-01-30T15:10:00+00:00,1.08402,1.08413,1.08315,1.083225,1325
2024-01-30T15:15:00+00:00,1.083215,1.08348,1.08282,1.08331,1097
2024-01-30T15:20:00+00:00,1.0833,1.08341,1.08296,1.083365,1016
2024-01-30T15:25:00+00:00,1.083325,1.08384,1.0831,1.083815,882
2024-01-30T15:30:00+00:00,1.0838,1.08388,1.08347,1.08387,727
2024-01-30T15:35:00+00:00,1.083875,1.08413,1.083775,1.084105,658
2024-01-30T15:40:00+00:00,1.0841,1.0844,1.0838,1.084195,699
2024-01-30T15:45:00+00:00,1.08419,1.084295,1.08389,1.084,612
2024-01-30T15:50:00+00:00,1.083995,1.083995,1.083195,1.0833,799
2024-01-30T15:55:00+00:00,1.083295,1.0838,1.083265,1.0837,671
2024-01-30T17:00:00+00:00,1.08431,1.08449,1.084145,1.08441,451
2024-01-30T17:05:00+00:00,1.0844,1.08447,1.08419,1.084415,331
2024-01-30T17:10:00+00:00,1.08439,1.08473,1.084295,1.08472,265
2024-01-30T17:15:00+00:00,1.084705,1.08471,1.084425,1.084505,280
2024-01-30T17:20:00+00:00,1.08452,1.08466,1.08444,1.08459,310
2024-01-30T17:25:00+00:00,1.08457,1.0846,1.084265,1.084305,235
2024-01-30T17:30:00+00:00,1.0843,1.084345,1.084155,1.08419,262
2024-01-30T17:35:00+00:00,1.084215,1.0843,1.08416,1.0842,194
2024-01-30T17:40:00+00:00,1.084175,1.0843,1.0839,1.083915,231
2024-01-30T17:45:00+00:00,1.08392,1.08396,1.08369,1.0838,347
2024-01-30T17:50:00+00:00,1.08379,1.083935,1.08369,1.083935,191
2024-01-30T17:55:00+00:00,1.083925,1.083995,1.08379,1.0839,160
2024-01-30T19:00:00+00:00,1.083575,1.083765,1.08357,1.083585,136
2024-01-30T19:05:00+00:00,1.08358,1.083815,1.08357,1.08376,208
2024-01-30T19:10:00+00:00,1.08375,1.08385,1.08367,1.08381,121
2024-01-30T19:15:00+00:00,1.083815,1.083985,1.083815,1.0839,163
2024-01-30T19:20:00+00:00,1.083905,1.084145,1.083895,1.084085,197
2024-01-30T19:25:00+00:00,1.084075,1.08418,1.08407,1.08418,157
2024-01-30T19:30:00+00:00,1.084175,1.08442,1.084165,1.08441,209
2024-01-30T19:35:00+00:00,1.084405,1.084565,1.08432,1.08432,205
2024-01-30T19:40:00+00:00,1.084315,1.084515,1.08431,1.08451,161
2024-01-30T19:45:00+00:00,1.084515,1.08457,1.084325,1.084545,179
2024-01-30T19:50:00+00:00,1.08455,1.084565,1.084335,1.084415,196
2024-01-30T19:55:00+00:00,1.08442,1.084715,1.084415,1.084605,295
2024-01-30T14:00:00+00:00,1.08347,1.083665,1.082965,1.083625,686
2024-01-30T14:05:00+00:00,1.08361,1.08388,1.08333,1.083635,591
2024-01-30T14:10:00+00:00,1.08363,1.084495,1.083625,1.08438,610
2024-01-30T14:15:00+00:00,1.084345,1.08463,1.084275,1.084475,457
2024-01-30T14:20:00+00:00,1.084465,1.084695,1.084395,1.084695,512
2024-01-30T14:25:00+00:00,1.084685,1.085145,1.084665,1.085035,448
2024-01-30T14:30:00+00:00,1.085045,1.085605,1.085045,1.085445,726
2024-01-30T14:35:00+00:00,1.08544,1.08563,1.085025,1.085065,629
2024-01-30T14:40:00+00:00,1.08506,1.085065,1.084575,1.084955,737
2024-01-30T14:45:00+00:00,1.08496,1.085555,1.084925,1.085555,624
2024-01-30T14:50:00+00:00,1.08556,1.085735,1.085155,1.08527,680
2024-01-30T14:55:00+00:00,1.085265,1.08532,1.08473,1.085045,716
2024-01-30T20:00:00+00:00,1.084615,1.084865,1.084595,1.084695,319
2024-01-30T20:05:00+00:00,1.0847,1.084765,1.084405,1.08441,165
2024-01-30T20:10:00+00:00,1.084425,1.08452,1.08438,1.08438,116
2024-01-30T20:15:00+00:00,1.08437,1.084455,1.08434,1.08437,158
2024-01-30T20:20:00+00:00,1.084375,1.084475,1.084315,1.08437,249
2024-01-30T20:25:00+00:00,1.084375,1.08454,1.084345,1.084355,234
2024-01-30T20:30:00+00:00,1.08435,1.08442,1.084265,1.084305,222
2024-01-30T20:35:00+00:00,1.0843,1.08432,1.084185,1.08423,207
2024-01-30T20:40:00+00:00,1.08422,1.084275,1.084095,1.0842,131
2024-01-30T20:45:00+00:00,1.084215,1.08424,1.084175,1.08423,94
2024-01-30T20:50:00+00:00,1.084225,1.08435,1.084195,1.08425,205
2024-01-30T20:55:00+00:00,1.084265,1.08452,1.084235,1.08447,259
2024-01-30T16:00:00+00:00,1.08369,1.084025,1.083445,1.084,639
2024-01-30T16:05:00+00:00,1.084005,1.08416,1.083705,1.083805,554
2024-01-30T16:10:00+00:00,1.0838,1.08416,1.08366,1.08385,583
2024-01-30T16:15:00+00:00,1.083845,1.08391,1.083545,1.083635,477
2024-01-30T16:20:00+00:00,1.083625,1.083915,1.08353,1.0837,450
2024-01-30T16:25:00+00:00,1.083695,1.084105,1.08364,1.08393,477
2024-01-30T16:30:00+00:00,1.083945,1.084115,1.08385,1.08405,502
2024-01-30T16:35:00+00:00,1.084045,1.08437,1.083845,1.08437,394
2024-01-30T16:40:00+00:00,1.08438,1.084425,1.084255,1.08431,353
2024-01-30T16:45:00+00:00,1.08433,1.08441,1.08419,1.08425,373
2024-01-30T16:50:00+00:00,1.08426,1.084405,1.08408,1.084085,292
2024-01-30T16:55:00+00:00,1.084095,1.084375,1.084085,1.084315,441
2024-01-30T18:00:00+00:00,1.083885,1.083885,1.083405,1.08341,294
2024-01-30T18:05:00+00:00,1.08342,1.08375,1.083385,1.083535,299
2024-01-30T18:10:00+00:00,1.083525,1.083565,1.083295,1.08353,216
2024-01-30T18:15:00+00:00,1.08352,1.083585,1.08324,1.08335,210
2024-01-30T18:20:00+00:00,1.083345,1.083375,1.083165,1.083185,126
2024-01-30T18:25:00+00:00,1.08318,1.083515,1.08318,1.083515,138
2024-01-30T18:30:00+00:00,1.083525,1.08372,1.083525,1.083695,213
2024-01-30T18:35:00+00:00,1.0837,1.08372,1.083445,1.08361,134
2024-01-30T18:40:00+00:00,1.08362,1.083755,1.083545,1.083555,201
2024-01-30T18:45:00+00:00,1.083575,1.08368,1.08351,1.08364,194
2024-01-30T18:50:00+00:00,1.083635,1.083705,1.083575,1.0836,207
2024-01-30T18:55:00+00:00,1.083605,1.0837,1.083525,1.08359,156
2024-01-30T21:00:00+00:00,1.08448,1.084505,1.08427,1.084355,234
2024-01-30T21:05:00+00:00,1.08436,1.084405,1.0843,1.08431,124
2024-01-30T21:10:00+00:00,1.084315,1.084415,1.084295,1.084405,125
2024-01-30T21:15:00+00:00,1.084425,1.084585,1.08441,1.084565,205
2024-01-30T21:20:00+00:00,1.08457,1.08469,1.08452,1.084655,145
2024-01-30T21:25:00+00:00,1.08465,1.084655,1.084495,1.0846,69
2024-01-30T21:30:00+00:00,1.08461,1.084665,1.08458,1.084625,83
2024-01-30T21:35:00+00:00,1.08464,1.08464,1.08457,1.08457,151
2024-01-30T21:40:00+00:00,1.084575,1.08467,1.08457,1.084655,144
2024-01-30T21:45:00+00:00,1.08466,1.08471,1.08452,1.084545,185
2024-01-30T21:50:00+00:00,1.08454,1.084645,1.08451,1.08457,225
2024-01-30T21:55:00+00:00,1.084575,1.084605,1.08452,1.084555,285
2024-01-30T22:00:00+00:00,1.08455,1.08459,1.084535,1.084535,12
2024-01-30T22:05:00+00:00,1.08456,1.084565,1.084345,1.084385,71
2024-01-30T22:10:00+00:00,1.08437,1.084455,1.084,1.08445,82
2024-01-30T22:15:00+00:00,1.084445,1.08448,1.084365,1.08438,203
2024-01-30T22:20:00+00:00,1.08439,1.084455,1.084305,1.08437,123
2024-01-30T22:25:00+00:00,1.08439,1.084515,1.084295,1.08434,223
2024-01-30T22:30:00+00:00,1.084305,1.084355,1.084245,1.08426,421
2024-01-30T22:35:00+00:00,1.08428,1.08431,1.084265,1.084285,286
2024-01-30T22:40:00+00:00,1.08428,1.08446,1.084265,1.084265,197
2024-01-30T22:45:00+00:00,1.08426,1.084405,1.08424,1.08438,52
2024-01-30T22:50:00+00:00,1.08439,1.084415,1.084325,1.0844,52
2024-01-30T22:55:00+00:00,1.08439,1.084415,1.084295,1.08435,311
2024-01-30T23:00:00+00:00,1.084365,1.084475,1.084325,1.08438,163
2024-01-30T23:05:00+00:00,1.084375,1.084495,1.084375,1.084495,53
2024-01-30T23:10:00+00:00,1.084485,1.084495,1.08433,1.08434,99
2024-01-30T23:15:00+00:00,1.084345,1.084435,1.084335,1.084425,73
2024-01-30T23:20:00+00:00,1.08442,1.084435,1.084375,1.08438,45
2024-01-30T23:25:00+00:00,1.084375,1.084415,1.084365,1.084385,50
2024-01-30T23:30:00+00:00,1.08437,1.084415,1.084355,1.08439,40
2024-01-30T23:35:00+00:00,1.084415,1.084435,1.084375,1.084435,51
2024-01-30T23:40:00+00:00,1.08444,1.084445,1.084365,1.084385,80
2024-01-30T23:45:00+00:00,1.08439,1.084495,1.084315,1.084485,88
2024-01-30T23:50:00+00:00,1.08449,1.08449,1.084305,1.084315,60
2024-01-30T23:55:00+00:00,1.08431,1.084315,1.08428,1.084295,62
2024-01-31T00:00:00+00:00,1.0843,1.08459,1.08429,1.08443,186
2024-01-31T00:05:00+00:00,1.084445,1.084595,1.084445,1.08454,66
2024-01-31T00:10:00+00:00,1.084565,1.084635,1.084495,1.084585,101
2024-01-31T00:15:00+00:00,1.08458,1.08482,1.084575,1.084755,163
2024-01-31T00:20:00+00:00,1.08475,1.08479,1.084725,1.084745,108
2024-01-31T00:25:00+00:00,1.08475,1.084755,1.084385,1.084535,143
2024-01-31T00:30:00+00:00,1.084515,1.08465,1.084335,1.084565,299
2024-01-31T00:35:00+00:00,1.084575,1.084605,1.084495,1.084505,146
2024-01-31T00:40:00+00:00,1.08449,1.08449,1.08413,1.08422,206
2024-01-31T00:45:00+00:00,1.084215,1.084285,1.084215,1.084245,154
2024-01-31T00:50:00+00:00,1.08424,1.084345,1.08415,1.084185,275
2024-01-31T00:55:00+00:00,1.084135,1.0845,1.084135,1.08429,249
2024-01-31T02:00:00+00:00,1.083135,1.083135,1.08261,1.082615,509
2024-01-31T02:05:00+00:00,1.08261,1.08261,1.082325,1.082345,402
2024-01-31T02:10:00+00:00,1.082335,1.082365,1.08221,1.082235,312
2024-01-31T02:15:00+00:00,1.082225,1.082535,1.08213,1.08245,457
2024-01-31T02:20:00+00:00,1.082455,1.0825,1.08214,1.08214,401
2024-01-31T02:25:00+00:00,1.082125,1.082135,1.08201,1.08206,368
2024-01-31T02:30:00+00:00,1.08203,1.08213,1.081825,1.082035,367
2024-01-31T02:35:00+00:00,1.082025,1.082025,1.0817,1.081745,496
2024-01-31T02:40:00+00:00,1.08175,1.08208,1.081715,1.081725,436
2024-01-31T02:45:00+00:00,1.08175,1.08177,1.081645,1.08166,222
2024-01-31T02:50:00+00:00,1.081655,1.08171,1.081635,1.081665,270
2024-01-31T02:55:00+00:00,1.08167,1.081835,1.08163,1.081815,258
2024-01-31T01:00:00+00:00,1.08427,1.084365,1.084215,1.084235,215
2024-01-31T01:05:00+00:00,1.08422,1.084285,1.08412,1.084165,204
2024-01-31T01:10:00+00:00,1.084155,1.08425,1.084125,1.08419,227
2024-01-31T01:15:00+00:00,1.084195,1.084295,1.08408,1.084085,205
2024-01-31T01:20:00+00:00,1.08408,1.084115,1.08398,1.083995,226
2024-01-31T01:25:00+00:00,1.08402,1.084185,1.08398,1.084105,192
2024-01-31T01:30:00+00:00,1.08412,1.08427,1.08383,1.084025,285
2024-01-31T01:35:00+00:00,1.08402,1.08408,1.083875,1.084075,269
2024-01-31T01:40:00+00:00,1.08409,1.08409,1.083785,1.083785,252
2024-01-31T01:45:00+00:00,1.083775,1.083865,1.0835,1.083595,262
2024-01-31T01:50:00+00:00,1.083605,1.083705,1.083475,1.08355,239
2024-01-31T01:55:00+00:00,1.083545,1.083565,1.08314,1.08314,293
2024-01-31T03:00:00+00:00,1.081825,1.081875,1.081705,1.08172,311
2024-01-31T03:05:00+00:00,1.081715,1.081815,1.08167,1.081765,154
2024-01-31T03:10:00+00:00,1.081775,1.08182,1.0817,1.081765,179
2024-01-31T03:15:00+00:00,1.08176,1.081875,1.08164,1.081875,127
2024-01-31T03:20:00+00:00,1.08188,1.08188,1.081755,1.081795,83
2024-01-31T03:25:00+00:00,1.08179,1.08182,1.081705,1.081815,155
2024-01-31T03:30:00+00:00,1.081805,1.08189,1.08166,1.08169,127
2024-01-31T03:35:00+00:00,1.081695,1.08172,1.081605,1.081605,111
2024-01-31T03:40:00+00:00,1.08161,1.08166,1.0816,1.08166,70
2024-01-31T03:45:00+00:00,1.081665,1.08186,1.08166,1.081855,130
2024-01-31T03:50:00+00:00,1.08184,1.081865,1.08179,1.081805,89
2024-01-31T03:55:00+00:00,1.081815,1.081875,1.08181,1.08187,126
2024-01-31T06:00:00+00:00,1.082055,1.08221,1.08203,1.08212,187
2024-01-31T06:05:00+00:00,1.08211,1.08216,1.0821,1.08212,112
2024-01-31T06:10:00+00:00,1.082115,1.08212,1.081845,1.08185,113
2024-01-31T06:15:00+00:00,1.081845,1.081985,1.08179,1.08195,122
2024-01-31T06:20:00+00:00,1.08196,1.081965,1.081775,1.081835,63
2024-01-31T06:25:00+00:00,1.08183,1.081865,1.081765,1.08181,171
2024-01-31T06:30:00+00:00,1.081805,1.081865,1.081695,1.08171,135
2024-01-31T06:35:00+00:00,1.081705,1.08187,1.081705,1.081765,122
2024-01-31T06:40:00+00:00,1.08176,1.081835,1.08164,1.081805,106
2024-01-31T06:45:00+00:00,1.081795,1.08181,1.08171,1.08175,84
2024-01-31T06:50:00+00:00,1.081745,1.08175,1.08162,1.081645,162
2024-01-31T06:55:00+00:00,1.081615,1.081675,1.081505,1.081565,206
2024-01-31T07:00:00+00:00,1.08157,1.081735,1.0815,1.08165,378
2024-01-31T07:05:00+00:00,1.081645,1.08211,1.081595,1.081995,248
2024-01-31T07:10:00+00:00,1.08199,1.082015,1.081805,1.08201,269
2024-01-31T07:15:00+00:00,1.08203,1.08205,1.08189,1.081945,156
2024-01-31T07:20:00+00:00,1.08195,1.08201,1.081735,1.081805,168
2024-01-31T07:25:00+00:00,1.08179,1.082105,1.08177,1.082105,187
2024-01-31T07:30:00+00:00,1.08211,1.082155,1.08195,1.082025,220
2024-01-31T07:35:00+00:00,1.08202,1.08206,1.081845,1.08203,246
2024-01-31T07:40:00+00:00,1.08204,1.08204,1.081665,1.08184,405
2024-01-31T07:45:00+00:00,1.081825,1.081825,1.080615,1.080845,884
2024-01-31T07:50:00+00:00,1.08083,1.08122,1.080735,1.08111,551
2024-01-31T07:55:00+00:00,1.081095,1.08177,1.081095,1.081615,629
2024-01-31T04:00:00+00:00,1.081865,1.08188,1.08182,1.08188,124
2024-01-31T04:05:00+00:00,1.081885,1.08193,1.081825,1.08186,137
2024-01-31T04:10:00+00:00,1.08185,1.08202,1.081825,1.082015,168
2024-01-31T04:15:00+00:00,1.081995,1.082,1.081915,1.081975,160
2024-01-31T04:20:00+00:00,1.081965,1.08198,1.08189,1.081925,165
2024-01-31T04:25:00+00:00,1.08193,1.082,1.08191,1.08192,163
2024-01-31T04:30:00+00:00,1.081925,1.08194,1.081885,1.081925,154
2024-01-31T04:35:00+00:00,1.08193,1.081935,1.08189,1.081915,192
2024-01-31T04:40:00+00:00,1.08191,1.08208,1.08191,1.082075,234
2024-01-31T04:45:00+00:00,1.08208,1.08208,1.081955,1.081955,83
2024-01-31T04:50:00+00:00,1.08196,1.08203,1.081955,1.082015,71
2024-01-31T04:55:00+00:00,1.08201,1.082235,1.08201,1.08206,226
2024-01-31T05:00:00+00:00,1.082035,1.08211,1.082015,1.082065,154
2024-01-31T05:05:00+00:00,1.08207,1.08211,1.08191,1.081915,88
2024-01-31T05:10:00+00:00,1.08192,1.081975,1.081915,1.081975,59
2024-01-31T05:15:00+00:00,1.081985,1.082015,1.08195,1.08201,99
2024-01-31T05:20:00+00:00,1.081985,1.081985,1.081905,1.081955,86
2024-01-31T05:25:00+00:00,1.08196,1.08207,1.08195,1.08202,129
2024-01-31T05:30:00+00:00,1.082015,1.08202,1.081765,1.081905,164
2024-01-31T05:35:00+00:00,1.08191,1.08195,1.08186,1.08192,134
2024-01-31T05:40:00+00:00,1.081915,1.082025,1.0819,1.082005,130
2024-01-31T05:45:00+00:00,1.081985,1.08201,1.08194,1.081975,92
2024-01-31T05:50:00+00:00,1.08199,1.08205,1.081925,1.081975,154
2024-01-31T05:55:00+00:00,1.08198,1.0822,1.081975,1.08205,167
2024-01-31T08:00:00+00:00,1.08161,1.081935,1.08134,1.0814,817
2024-01-31T08:05:00+00:00,1.08139,1.081545,1.08093,1.081055,510
2024-01-31T08:10:00+00:00,1.08106,1.08132,1.080995,1.08126,391
2024-01-31T08:15:00+00:00,1.081245,1.08129,1.080935,1.08121,478
2024-01-31T08:20:00+00:00,1.081215,1.081995,1.0812,1.08199,457
2024-01-31T08:25:00+00:00,1.081975,1.082365,1.08185,1.081865,461
2024-01-31T08:30:00+00:00,1.081875,1.082415,1.08182,1.082295,571
2024-01-31T08:35:00+00:00,1.08229,1.08244,1.08218,1.08221,400
2024-01-31T08:40:00+00:00,1.08219,1.082565,1.082095,1.08242,329
2024-01-31T08:45:00+00:00,1.082395,1.082615,1.082245,1.082355,470
2024-01-31T08:50:00+00:00,1.08236,1.08241,1.081715,1.08209,419
2024-01-31T08:55:00+00:00,1.0821,1.082415,1.08181,1.081915,557
2024-01-31T09:00:00+00:00,1.08192,1.08333,1.081635,1.08291,1218
2024-01-31T09:05:00+00:00,1.082915,1.083255,1.08258,1.083165,769
2024-01-31T09:10:00+00:00,1.08317,1.083475,1.08306,1.083265,616
2024-01-31T09:15:00+00:00,1.08327,1.083455,1.082785,1.082795,753
2024-01-31T09:20:00+00:00,1.082785,1.083365,1.08271,1.08326,684
2024-01-31T09:25:00+00:00,1.08326,1.08358,1.08324,1.08352,637
2024-01-31T09:30:00+00:00,1.083515,1.08368,1.08324,1.083245,545
2024-01-31T09:35:00+00:00,1.08325,1.08327,1.08307,1.08315,461
2024-01-31T09:40:00+00:00,1.083155,1.083275,1.08296,1.08319,382
2024-01-31T09:45:00+00:00,1.083185,1.08327,1.08299,1.08299,394
2024-01-31T09:50:00+00:00,1.082995,1.083,1.08247,1.08249,333
2024-01-31T09:55:00+00:00,1.0825,1.082535,1.082195,1.08223,550
2024-01-31T10:00:00+00:00,1.08224,1.082535,1.08224,1.08249,477
2024-01-31T10:05:00+00:00,1.082485,1.08263,1.082375,1.082375,308
2024-01-31T10:10:00+00:00,1.08237,1.08276,1.08237,1.082625,239
2024-01-31T10:15:00+00:00,1.082635,1.08293,1.082515,1.082595,336
2024-01-31T10:20:00+00:00,1.082575,1.08264,1.08232,1.08263,302
2024-01-31T10:25:00+00:00,1.082615,1.082995,1.0826,1.082945,298
2024-01-31T10:30:00+00:00,1.08294,1.08299,1.082735,1.08297,343
2024-01-31T10:35:00+00:00,1.082975,1.08299,1.08282,1.0829,278
2024-01-31T10:40:00+00:00,1.082905,1.083,1.08278,1.08285,325
2024-01-31T10:45:00+00:00,1.082835,1.08316,1.08273,1.08275,401
2024-01-31T10:50:00+00:00,1.082745,1.08275,1.082145,1.08219,335
2024-01-31T10:55:00+00:00,1.082185,1.082605,1.082185,1.08255,427
2024-01-31T11:00:00+00:00,1.082565,1.08285,1.082555,1.082845,383
2024-01-31T11:05:00+00:00,1.08285,1.083175,1.082795,1.0831,282
2024-01-31T11:10:00+00:00,1.08308,1.083445,1.08306,1.083415,246
2024-01-31T11:15:00+00:00,1.08342,1.083825,1.08341,1.083755,339
2024-01-31T11:20:00+00:00,1.08376,1.08403,1.08373,1.084025,264
2024-01-31T11:25:00+00:00,1.08403,1.084045,1.083755,1.08395,222
2024-01-31T11:30:00+00:00,1.083955,1.084005,1.08389,1.083945,251
2024-01-31T11:35:00+00:00,1.08395,1.084,1.08387,1.0839,232
2024-01-31T11:40:00+00:00,1.083895,1.0839,1.083635,1.083685,183
2024-01-31T11:45:00+00:00,1.083705,1.083895,1.083705,1.08381,164
2024-01-31T11:50:00+00:00,1.0838,1.08388,1.08366,1.08377,165
2024-01-31T11:55:00+00:00,1.08375,1.083955,1.08355,1.083905,283
2024-01-31T12:00:00+00:00,1.08392,1.0843,1.08368,1.08374,300
2024-01-31T12:05:00+00:00,1.083745,1.0839,1.083595,1.083635,216
2024-01-31T12:10:00+00:00,1.083645,1.08396,1.0836,1.083855,228
2024-01-31T12:15:00+00:00,1.083845,1.083995,1.08375,1.08387,281
2024-01-31T12:20:00+00:00,1.083875,1.08388,1.083525,1.08353,336
2024-01-31T12:25:00+00:00,1.08354,1.08354,1.08338,1.083425,177
2024-01-31T12:30:00+00:00,1.083425,1.083745,1.083425,1.083635,326
2024-01-31T12:35:00+00:00,1.08364,1.08373,1.08336,1.08339,239
2024-01-31T12:40:00+00:00,1.083405,1.083855,1.083385,1.08376,282
2024-01-31T12:45:00+00:00,1.083765,1.08404,1.083675,1.083735,322
2024-01-31T12:50:00+00:00,1.08373,1.08382,1.083565,1.08366,336
2024-01-31T12:55:00+00:00,1.083665,1.0838,1.083625,1.08368,334
2024-01-31T13:00:00+00:00,1.083685,1.08399,1.083475,1.083575,590
2024-01-31T13:05:00+00:00,1.08356,1.08378,1.083445,1.08372,401
2024-01-31T13:10:00+00:00,1.08371,1.084055,1.083695,1.08392,395
2024-01-31T13:15:00+00:00,1.08391,1.08508,1.08391,1.084505,1068
2024-01-31T13:20:00+00:00,1.084535,1.08512,1.084355,1.084675,998
2024-01-31T13:25:00+00:00,1.084655,1.084655,1.084365,1.08454,603
2024-01-31T13:30:00+00:00,1.084545,1.085765,1.084545,1.085215,1702
2024-01-31T13:35:00+00:00,1.085235,1.085285,1.084675,1.08513,1244
2024-01-31T13:40:00+00:00,1.08512,1.085875,1.084985,1.08544,955
2024-01-31T13:45:00+00:00,1.085435,1.08617,1.085305,1.085745,1026
2024-01-31T13:50:00+00:00,1.08574,1.086035,1.0854,1.086005,898
2024-01-31T13:55:00+00:00,1.086,1.086295,1.085755,1.08576,971
2024-01-31T14:00:00+00:00,1.08576,1.085995,1.085235,1.085685,1063
2024-01-31T14:05:00+00:00,1.085695,1.08631,1.08543,1.0863,824
2024-01-31T14:10:00+00:00,1.086305,1.08699,1.086195,1.08691,978
2024-01-31T14:15:00+00:00,1.086905,1.08692,1.08635,1.086395,736
2024-01-31T14:20:00+00:00,1.0864,1.086415,1.08604,1.08606,492
2024-01-31T14:25:00+00:00,1.08608,1.086595,1.086015,1.086535,519
2024-01-31T14:30:00+00:00,1.08654,1.087295,1.086505,1.08718,989
2024-01-31T14:35:00+00:00,1.08717,1.08776,1.08694,1.087655,977
2024-01-31T14:40:00+00:00,1.08766,1.088095,1.087405,1.08752,822
2024-01-31T14:45:00+00:00,1.08752,1.08795,1.087185,1.087675,1238
2024-01-31T14:50:00+00:00,1.08768,1.088155,1.087145,1.088,1236
2024-01-31T14:55:00+00:00,1.088005,1.088665,1.087985,1.088005,1257
2024-01-31T15:00:00+00:00,1.08801,1.088755,1.087385,1.08745,1148
2024-01-31T15:05:00+00:00,1.08742,1.08777,1.087165,1.08752,1020
2024-01-31T15:10:00+00:00,1.08753,1.087985,1.08721,1.087485,1032
2024-01-31T15:15:00+00:00,1.087475,1.08806,1.08721,1.08749,1048
2024-01-31T15:20:00+00:00,1.08747,1.0876,1.08654,1.086745,1126
2024-01-31T15:25:00+00:00,1.086735,1.08686,1.08627,1.086415,964
2024-01-31T15:30:00+00:00,1.086425,1.0867,1.086055,1.086305,990
2024-01-31T15:35:00+00:00,1.08631,1.086385,1.08594,1.08604,962
2024-01-31T15:40:00+00:00,1.086035,1.086245,1.08555,1.085705,869
2024-01-31T15:45:00+00:00,1.08572,1.08621,1.08556,1.086195,811
2024-01-31T15:50:00+00:00,1.08619,1.08643,1.085415,1.085945,1264
2024-01-31T15:55:00+00:00,1.085955,1.086285,1.085685,1.086135,1558
2024-01-31T16:00:00+00:00,1.086125,1.086785,1.08589,1.085985,1462
2024-01-31T16:05:00+00:00,1.085955,1.086015,1.08555,1.0857,933
2024-01-31T16:10:00+00:00,1.085705,1.08585,1.085185,1.085215,1015
2024-01-31T16:15:00+00:00,1.08521,1.0857,1.08517,1.08518,696
2024-01-31T16:20:00+00:00,1.085195,1.085585,1.084925,1.084945,765
2024-01-31T16:25:00+00:00,1.084915,1.08494,1.08449,1.08471,743
2024-01-31T16:30:00+00:00,1.08472,1.084835,1.084525,1.084835,648
2024-01-31T16:35:00+00:00,1.084845,1.08492,1.084545,1.084775,914
2024-01-31T16:40:00+00:00,1.08478,1.08499,1.084575,1.08479,614
2024-01-31T16:45:00+00:00,1.08478,1.085315,1.084725,1.08531,688
2024-01-31T16:50:00+00:00,1.085315,1.085785,1.085245,1.08569,548
2024-01-31T16:55:00+00:00,1.08567,1.085715,1.085395,1.08545,567
2024-01-31T17:00:00+00:00,1.085445,1.085455,1.085215,1.08538,507
2024-01-31T17:05:00+00:00,1.085385,1.085385,1.08499,1.08508,375
2024-01-31T17:10:00+00:00,1.085075,1.085295,1.085025,1.085195,323
2024-01-31T17:15:00+00:00,1.08521,1.085265,1.08472,1.084725,375
2024-01-31T17:20:00+00:00,1.08472,1.08505,1.084545,1.0846,479
2024-01-31T17:25:00+00:00,1.08461,1.08487,1.08419,1.084395,435
2024-01-31T17:30:00+00:00,1.0844,1.08491,1.084395,1.084785,406
2024-01-31T17:35:00+00:00,1.08477,1.084965,1.08465,1.08495,299
2024-01-31T17:40:00+00:00,1.084945,1.085095,1.0848,1.085085,323
2024-01-31T17:45:00+00:00,1.085075,1.0852,1.084755,1.084805,455
2024-01-31T17:50:00+00:00,1.0848,1.085075,1.084745,1.08505,293
2024-01-31T17:55:00+00:00,1.085045,1.085155,1.084845,1.08496,296
2024-01-31T18:00:00+00:00,1.08495,1.085035,1.08478,1.084945,353
2024-01-31T18:05:00+00:00,1.08494,1.08526,1.08494,1.085115,304
2024-01-31T18:10:00+00:00,1.08513,1.08515,1.084785,1.084875,300
2024-01-31T18:15:00+00:00,1.08488,1.08503,1.08485,1.084865,195
2024-01-31T18:20:00+00:00,1.08488,1.08488,1.08453,1.084605,512
2024-01-31T18:25:00+00:00,1.084595,1.08487,1.084595,1.084795,331
2024-01-31T18:30:00+00:00,1.08479,1.084985,1.08469,1.08486,377
2024-01-31T18:35:00+00:00,1.084885,1.08489,1.084525,1.084655,280
2024-01-31T18:40:00+00:00,1.08465,1.084865,1.08449,1.084805,290
2024-01-31T18:45:00+00:00,1.08481,1.08484,1.084385,1.08459,350
2024-01-31T18:50:00+00:00,1.084585,1.08468,1.084395,1.084455,322
2024-01-31T18:55:00+00:00,1.084445,1.08471,1.084445,1.084615,469
2024-01-31T19:00:00+00:00,1.08462,1.08595,1.0816,1.08246,2892
2024-01-31T19:05:00+00:00,1.082455,1.083305,1.082005,1.0832,2261
2024-01-31T19:10:00+00:00,1.08323,1.08367,1.082505,1.083135,1841
2024-01-31T19:15:00+00:00,1.083145,1.08368,1.082785,1.083205,1361
2024-01-31T19:20:00+00:00,1.083185,1.08344,1.08234,1.083075,1279
2024-01-31T19:25:00+00:00,1.08307,1.08339,1.082975,1.083135,1112
2024-01-31T19:30:00+00:00,1.08314,1.08434,1.08251,1.083715,2247
2024-01-31T19:35:00+00:00,1.08371,1.086125,1.083115,1.085675,2944
2024-01-31T19:40:00+00:00,1.085695,1.08643,1.084955,1.085745,2649
2024-01-31T19:45:00+00:00,1.08576,1.086415,1.085525,1.085605,2148
2024-01-31T19:50:00+00:00,1.08562,1.085725,1.084485,1.0851,1991
2024-01-31T19:55:00+00:00,1.085095,1.08526,1.08373,1.08405,1790
2024-01-31T20:00:00+00:00,1.08404,1.08419,1.079635,1.08044,2648
2024-01-31T20:05:00+00:00,1.08043,1.081145,1.07975,1.08102,2518
2024-01-31T20:10:00+00:00,1.080995,1.08142,1.080375,1.081265,2264
2024-01-31T20:15:00+00:00,1.08124,1.0818,1.08079,1.08109,1888
2024-01-31T20:20:00+00:00,1.081105,1.0815,1.080645,1.08066,1757
2024-01-31T20:25:00+00:00,1.080655,1.08102,1.080255,1.080285,1337
2024-01-31T20:30:00+00:00,1.08028,1.08028,1.0795,1.079765,1170
2024-01-31T20:35:00+00:00,1.07977,1.08036,1.07959,1.080295,1009
2024-01-31T20:40:00+00:00,1.08029,1.080835,1.08023,1.08039,827
2024-01-31T20:45:00+00:00,1.080395,1.080715,1.08025,1.080255,742
2024-01-31T20:50:00+00:00,1.08025,1.080505,1.080015,1.080505,1021
2024-01-31T20:55:00+00:00,1.08051,1.080815,1.08049,1.080785,915
2024-01-31T21:00:00+00:00,1.080775,1.08116,1.08061,1.081115,621
2024-01-31T21:05:00+00:00,1.0811,1.08121,1.08088,1.080975,437
2024-01-31T21:10:00+00:00,1.08098,1.08101,1.08056,1.08061,378
2024-01-31T21:15:00+00:00,1.080605,1.08127,1.080555,1.081255,267
2024-01-31T21:20:00+00:00,1.081245,1.081525,1.08124,1.081465,268
2024-01-31T21:25:00+00:00,1.08146,1.081515,1.08119,1.08119,249
2024-01-31T21:30:00+00:00,1.081205,1.08131,1.081045,1.08128,162
2024-01-31T21:35:00+00:00,1.081295,1.08192,1.081295,1.081845,272
2024-01-31T21:40:00+00:00,1.08184,1.08188,1.081435,1.081435,223
2024-01-31T21:45:00+00:00,1.081435,1.081485,1.08122,1.08139,237
2024-01-31T21:50:00+00:00,1.081385,1.081835,1.08136,1.081815,436
2024-01-31T21:55:00+00:00,1.08182,1.08197,1.081755,1.08186,373
2024-01-31T22:00:00+00:00,1.081885,1.081885,1.081805,1.081805,20
2024-01-31T22:05:00+00:00,1.081795,1.081795,1.081715,1.081725,21
2024-01-31T22:10:00+00:00,1.081715,1.081905,1.081715,1.081905,21
2024-01-31T22:15:00+00:00,1.081905,1.081955,1.081895,1.08195,31
2024-01-31T22:20:00+00:00,1.08193,1.08193,1.08189,1.081925,5
2024-01-31T22:25:00+00:00,1.08192,1.08194,1.08188,1.08194,19
2024-01-31T22:30:00+00:00,1.081945,1.082045,1.08184,1.081935,131
2024-01-31T22:35:00+00:00,1.081945,1.081965,1.0819,1.081925,179
2024-01-31T22:40:00+00:00,1.08192,1.081925,1.08166,1.08166,116
2024-01-31T22:45:00+00:00,1.081645,1.081645,1.081085,1.08137,285
2024-01-31T22:50:00+00:00,1.081365,1.081495,1.081365,1.08142,99
2024-01-31T22:55:00+00:00,1.08142,1.08144,1.081405,1.08142,76
2024-02-01T00:00:00+00:00,1.0804,1.080585,1.080325,1.080565,218
2024-02-01T00:05:00+00:00,1.08056,1.08067,1.08029,1.080345,357
2024-02-01T00:10:00+00:00,1.08034,1.080375,1.08024,1.080295,279
2024-02-01T00:15:00+00:00,1.080285,1.08058,1.08018,1.0804,325
2024-02-01T00:20:00+00:00,1.08039,1.08074,1.08039,1.0807,295
2024-02-01T00:25:00+00:00,1.08069,1.081,1.08067,1.080985,296
2024-02-01T00:30:00+00:00,1.08098,1.08113,1.08092,1.08109,407
2024-02-01T00:35:00+00:00,1.081095,1.081215,1.08101,1.081165,442
2024-02-01T00:40:00+00:00,1.08116,1.08138,1.081115,1.08135,358
2024-02-01T00:45:00+00:00,1.081355,1.081405,1.08117,1.081215,186
2024-02-01T00:50:00+00:00,1.08121,1.08139,1.08118,1.081385,286
2024-02-01T00:55:00+00:00,1.081405,1.081455,1.08082,1.08083,288
2024-01-31T23:00:00+00:00,1.081415,1.081735,1.081375,1.081395,189
2024-01-31T23:05:00+00:00,1.081385,1.081545,1.08136,1.081495,81
2024-01-31T23:10:00+00:00,1.0815,1.0815,1.081385,1.081395,88
2024-01-31T23:15:00+00:00,1.08139,1.081405,1.081255,1.08132,78
2024-01-31T23:20:00+00:00,1.081315,1.081325,1.08102,1.081055,142
2024-01-31T23:25:00+00:00,1.081075,1.08116,1.08095,1.080985,99
2024-01-31T23:30:00+00:00,1.080995,1.080995,1.08088,1.080885,125
2024-01-31T23:35:00+00:00,1.08089,1.08109,1.08089,1.081065,86
2024-01-31T23:40:00+00:00,1.08108,1.081095,1.08103,1.081035,111
2024-01-31T23:45:00+00:00,1.08103,1.0811,1.081015,1.08105,112
2024-01-31T23:50:00+00:00,1.081055,1.08106,1.080765,1.08079,106
2024-01-31T23:55:00+00:00,1.080795,1.080795,1.08032,1.080405,146
2024-02-01T01:00:00+00:00,1.08084,1.08084,1.080595,1.08079,368
2024-02-01T01:05:00+00:00,1.080785,1.080785,1.08046,1.08059,373
2024-02-01T01:10:00+00:00,1.080595,1.08111,1.08057,1.08104,329
2024-02-01T01:15:00+00:00,1.081045,1.08126,1.080865,1.08087,354
2024-02-01T01:20:00+00:00,1.080865,1.081225,1.08086,1.08117,327
2024-02-01T01:25:00+00:00,1.081175,1.08121,1.080955,1.081005,164
2024-02-01T01:30:00+00:00,1.08101,1.081045,1.080675,1.08094,398
2024-02-01T01:35:00+00:00,1.08097,1.081005,1.080695,1.080765,220
2024-02-01T01:40:00+00:00,1.08077,1.08094,1.080765,1.08092,195
2024-02-01T01:45:00+00:00,1.080925,1.08103,1.080855,1.08086,295
2024-02-01T01:50:00+00:00,1.080855,1.080935,1.080655,1.080685,208
2024-02-01T01:55:00+00:00,1.0807,1.081015,1.080695,1.080905,262
2024-02-01T02:00:00+00:00,1.080895,1.08111,1.080855,1.081055,151
2024-02-01T02:05:00+00:00,1.08104,1.081535,1.08104,1.081405,300
2024-02-01T02:10:00+00:00,1.08142,1.081835,1.081395,1.081685,329
2024-02-01T02:15:00+00:00,1.08169,1.08187,1.08164,1.08182,444
2024-02-01T02:20:00+00:00,1.081815,1.08193,1.08179,1.08187,267
2024-02-01T02:25:00+00:00,1.08186,1.081895,1.08171,1.08176,111
2024-02-01T02:30:00+00:00,1.081755,1.081905,1.08174,1.081895,192
2024-02-01T02:35:00+00:00,1.08191,1.082065,1.081775,1.08198,236
2024-02-01T02:40:00+00:00,1.081985,1.082185,1.08197,1.082165,258
2024-02-01T02:45:00+00:00,1.08217,1.08218,1.08201,1.082035,268
2024-02-01T02:50:00+00:00,1.08204,1.08204,1.08189,1.081985,307
2024-02-01T02:55:00+00:00,1.081975,1.082125,1.08193,1.08193,213
2024-02-01T03:00:00+00:00,1.081925,1.081985,1.08188,1.081885,146
2024-02-01T03:05:00+00:00,1.081895,1.08209,1.081895,1.081925,163
2024-02-01T03:10:00+00:00,1.08192,1.081995,1.081825,1.081975,128
2024-02-01T03:15:00+00:00,1.08198,1.081995,1.08177,1.081835,161
2024-02-01T03:20:00+00:00,1.08183,1.08184,1.081615,1.081655,180
2024-02-01T03:25:00+00:00,1.08165,1.08165,1.08137,1.08143,175
2024-02-01T03:30:00+00:00,1.081415,1.081425,1.08129,1.08135,144
2024-02-01T03:35:00+00:00,1.081355,1.081355,1.0811,1.081125,162
2024-02-01T03:40:00+00:00,1.08112,1.08138,1.081115,1.081325,194
2024-02-01T03:45:00+00:00,1.08133,1.08149,1.081285,1.08142,152
2024-02-01T03:50:00+00:00,1.08143,1.08147,1.08128,1.081285,97
2024-02-01T03:55:00+00:00,1.081275,1.081315,1.08116,1.081175,142
2024-02-01T04:00:00+00:00,1.08118,1.081275,1.081115,1.08112,93
2024-02-01T04:05:00+00:00,1.081105,1.08121,1.0811,1.08117,107
2024-02-01T04:10:00+00:00,1.081165,1.08121,1.08109,1.081125,156
2024-02-01T04:15:00+00:00,1.081115,1.08137,1.081035,1.08134,250
2024-02-01T04:20:00+00:00,1.081335,1.08134,1.08101,1.081015,112
2024-02-01T04:25:00+00:00,1.08102,1.081055,1.080955,1.08096,166
2024-02-01T04:30:00+00:00,1.080955,1.080955,1.080765,1.08078,139
2024-02-01T04:35:00+00:00,1.080795,1.08084,1.080755,1.080815,175
2024-02-01T04:40:00+00:00,1.08082,1.080845,1.080775,1.08078,49
2024-02-01T04:45:00+00:00,1.080775,1.08092,1.080685,1.0807,150
2024-02-01T04:50:00+00:00,1.080695,1.080755,1.08053,1.08068,201
2024-02-01T04:55:00+00:00,1.080675,1.080785,1.080675,1.080775,162
2024-02-01T05:00:00+00:00,1.08077,1.08077,1.08055,1.08057,195
2024-02-01T05:05:00+00:00,1.08056,1.080565,1.080365,1.080425,162
2024-02-01T05:10:00+00:00,1.08042,1.08059,1.080395,1.080575,155
2024-02-01T05:15:00+00:00,1.08057,1.08068,1.080515,1.080655,141
2024-02-01T05:20:00+00:00,1.080645,1.08069,1.080545,1.080635,194
2024-02-01T05:25:00+00:00,1.080615,1.080655,1.08044,1.08051,215
2024-02-01T05:30:00+00:00,1.0805,1.080585,1.080455,1.08047,219
2024-02-01T05:35:00+00:00,1.080465,1.080475,1.080275,1.080325,261
2024-02-01T05:40:00+00:00,1.08033,1.080475,1.080315,1.08046,140
2024-02-01T05:45:00+00:00,1.080465,1.080535,1.080395,1.080495,239
2024-02-01T05:50:00+00:00,1.08049,1.080575,1.0804,1.08042,201
2024-02-01T05:55:00+00:00,1.080425,1.080455,1.08028,1.080285,253
2024-02-01T07:00:00+00:00,1.079585,1.079725,1.07934,1.07955,475
2024-02-01T07:05:00+00:00,1.079555,1.079565,1.079315,1.07932,269
2024-02-01T07:10:00+00:00,1.079325,1.07933,1.079095,1.07916,393
2024-02-01T07:15:00+00:00,1.079165,1.0792,1.07859,1.078675,496
2024-02-01T07:20:00+00:00,1.07868,1.078715,1.07842,1.07846,409
2024-02-01T07:25:00+00:00,1.07847,1.0787,1.07841,1.07842,490
2024-02-01T07:30:00+00:00,1.07841,1.07886,1.078385,1.078855,539
2024-02-01T07:35:00+00:00,1.07885,1.07886,1.078585,1.07868,422
2024-02-01T07:40:00+00:00,1.078695,1.07895,1.078465,1.078515,417
2024-02-01T07:45:00+00:00,1.078505,1.07881,1.078385,1.07876,382
2024-02-01T07:50:00+00:00,1.07875,1.07914,1.078665,1.07909,417
2024-02-01T07:55:00+00:00,1.07907,1.07943,1.07904,1.07934,707
2024-02-01T06:00:00+00:00,1.080275,1.08034,1.080245,1.080295,155
2024-02-01T06:05:00+00:00,1.0803,1.08038,1.080255,1.08038,151
2024-02-01T06:10:00+00:00,1.080415,1.08051,1.08031,1.080345,195
2024-02-01T06:15:00+00:00,1.08035,1.08039,1.08001,1.08001,216
2024-02-01T06:20:00+00:00,1.080015,1.080175,1.08,1.080155,167
2024-02-01T06:25:00+00:00,1.080145,1.08027,1.079995,1.08003,251
2024-02-01T06:30:00+00:00,1.080015,1.080135,1.07996,1.080015,212
2024-02-01T06:35:00+00:00,1.08002,1.08018,1.08,1.080075,188
2024-02-01T06:40:00+00:00,1.08008,1.080435,1.08007,1.080175,157
2024-02-01T06:45:00+00:00,1.080165,1.08021,1.080035,1.08012,114
2024-02-01T06:50:00+00:00,1.080095,1.08014,1.080045,1.080115,195
2024-02-01T06:55:00+00:00,1.080095,1.080155,1.079385,1.07961,406
2024-02-01T08:00:00+00:00,1.079325,1.0794,1.07863,1.078635,724
2024-02-01T08:05:00+00:00,1.078625,1.07867,1.07816,1.078325,647
2024-02-01T08:10:00+00:00,1.07832,1.078665,1.078135,1.07859,613
2024-02-01T08:15:00+00:00,1.078595,1.07879,1.078365,1.078485,536
2024-02-01T08:20:00+00:00,1.07848,1.078955,1.078325,1.07857,490
2024-02-01T08:25:00+00:00,1.0786,1.078875,1.07829,1.0783,382
2024-02-01T08:30:00+00:00,1.07829,1.07832,1.078005,1.07806,502
2024-02-01T08:35:00+00:00,1.07805,1.07853,1.077995,1.0785,648
2024-02-01T08:40:00+00:00,1.078505,1.078695,1.078335,1.07862,521
2024-02-01T08:45:00+00:00,1.078615,1.07915,1.078595,1.078905,696
2024-02-01T08:50:00+00:00,1.07891,1.07907,1.078525,1.07868,570
2024-02-01T08:55:00+00:00,1.078675,1.079195,1.07861,1.07918,552
2024-02-01T09:00:00+00:00,1.079175,1.07922,1.078705,1.078725,730
2024-02-01T09:05:00+00:00,1.078715,1.079245,1.07867,1.07924,598
2024-02-01T09:10:00+00:00,1.079245,1.079345,1.0791,1.07928,545
2024-02-01T09:15:00+00:00,1.07927,1.07948,1.07916,1.07916,454
2024-02-01T09:20:00+00:00,1.07915,1.07948,1.079065,1.079435,368
2024-02-01T09:25:00+00:00,1.07943,1.079935,1.079425,1.07984,422
2024-02-01T09:30:00+00:00,1.07983,1.08,1.079655,1.07973,469
2024-02-01T09:35:00+00:00,1.07974,1.079845,1.07965,1.07977,249
2024-02-01T09:40:00+00:00,1.079775,1.07982,1.0794,1.079425,446
2024-02-01T09:45:00+00:00,1.079445,1.079745,1.079445,1.07968,286
2024-02-01T09:50:00+00:00,1.079665,1.08017,1.079665,1.07983,332
2024-02-01T09:55:00+00:00,1.079775,1.079975,1.079595,1.079875,306
2024-02-01T10:00:00+00:00,1.079905,1.08014,1.07955,1.079965,551
2024-02-01T10:05:00+00:00,1.07995,1.080165,1.07975,1.08012,296
2024-02-01T10:10:00+00:00,1.08011,1.08028,1.07992,1.080155,290
2024-02-01T10:15:00+00:00,1.08014,1.08018,1.079535,1.079735,454
2024-02-01T10:20:00+00:00,1.079725,1.080185,1.07972,1.079905,313
2024-02-01T10:25:00+00:00,1.0799,1.079905,1.079505,1.079665,402
2024-02-01T10:30:00+00:00,1.079655,1.07983,1.079545,1.07983,304
2024-02-01T10:35:00+00:00,1.079825,1.07999,1.07962,1.07975,422
2024-02-01T10:40:00+00:00,1.07975,1.07989,1.079465,1.0797,350
2024-02-01T10:45:00+00:00,1.07969,1.07982,1.07943,1.079435,310
2024-02-01T10:50:00+00:00,1.07943,1.07959,1.07925,1.07946,345
2024-02-01T10:55:00+00:00,1.079445,1.07945,1.07915,1.079325,315
2024-02-01T11:00:00+00:00,1.07933,1.07964,1.079275,1.07962,344
2024-02-01T11:05:00+00:00,1.07961,1.079695,1.079405,1.07945,231
2024-02-01T11:10:00+00:00,1.07946,1.079575,1.079285,1.07944,319
2024-02-01T11:15:00+00:00,1.079405,1.07969,1.07933,1.07964,406
2024-02-01T11:20:00+00:00,1.079635,1.08039,1.079635,1.08024,398
2024-02-01T11:25:00+00:00,1.08023,1.0807,1.08019,1.08058,391
2024-02-01T11:30:00+00:00,1.08056,1.0807,1.08034,1.08059,345
2024-02-01T11:35:00+00:00,1.080585,1.08105,1.08053,1.080905,350
2024-02-01T11:40:00+00:00,1.0809,1.0809,1.080495,1.08075,280
2024-02-01T11:45:00+00:00,1.08074,1.080945,1.08062,1.080885,443
2024-02-01T11:50:00+00:00,1.08089,1.081335,1.080725,1.08121,401
2024-02-01T11:55:00+00:00,1.081215,1.08123,1.080815,1.08085,426
2024-02-01T13:00:00+00:00,1.08152,1.081745,1.08125,1.0813,585
2024-02-01T13:05:00+00:00,1.08131,1.081435,1.08104,1.08135,481
2024-02-01T13:10:00+00:00,1.08136,1.081625,1.081275,1.081525,579
2024-02-01T13:15:00+00:00,1.081545,1.081575,1.081285,1.081325,607
2024-02-01T13:20:00+00:00,1.081335,1.08168,1.08133,1.08158,512
2024-02-01T13:25:00+00:00,1.081585,1.081595,1.08089,1.081315,604
2024-02-01T13:30:00+00:00,1.08135,1.08238,1.08132,1.08202,1367
2024-02-01T13:35:00+00:00,1.08201,1.082605,1.081965,1.08236,1182
2024-02-01T13:40:00+00:00,1.082355,1.082565,1.08202,1.082295,1081
2024-02-01T13:45:00+00:00,1.08229,1.08274,1.08212,1.082145,862
2024-02-01T13:50:00+00:00,1.08215,1.082335,1.081875,1.08194,605
2024-02-01T13:55:00+00:00,1.081945,1.081945,1.08139,1.081395,617
2024-02-01T12:00:00+00:00,1.080855,1.081395,1.08057,1.08097,1014
2024-02-01T12:05:00+00:00,1.080965,1.081195,1.080715,1.081145,656
2024-02-01T12:10:00+00:00,1.08114,1.08138,1.08109,1.081225,390
2024-02-01T12:15:00+00:00,1.08123,1.08171,1.081075,1.081695,457
2024-02-01T12:20:00+00:00,1.081675,1.081675,1.08109,1.0811,493
2024-02-01T12:25:00+00:00,1.081095,1.081455,1.081095,1.081445,394
2024-02-01T12:30:00+00:00,1.08146,1.0816,1.08094,1.08094,436
2024-02-01T12:35:00+00:00,1.08093,1.08133,1.080795,1.081325,443
2024-02-01T12:40:00+00:00,1.08132,1.081795,1.08127,1.081795,566
2024-02-01T12:45:00+00:00,1.0818,1.081995,1.081605,1.081725,503
2024-02-01T12:50:00+00:00,1.08172,1.08184,1.081475,1.081765,472
2024-02-01T12:55:00+00:00,1.081785,1.081865,1.08133,1.081525,485
2024-02-01T14:00:00+00:00,1.081385,1.081675,1.08134,1.081465,748
2024-02-01T14:05:00+00:00,1.08147,1.081475,1.08116,1.081475,601
2024-02-01T14:10:00+00:00,1.08146,1.081995,1.081445,1.081955,726
2024-02-01T14:15:00+00:00,1.08196,1.082025,1.08171,1.08173,587
2024-02-01T14:20:00+00:00,1.081735,1.082145,1.08168,1.082045,649
2024-02-01T14:25:00+00:00,1.08205,1.08211,1.081505,1.081585,546
2024-02-01T14:30:00+00:00,1.08158,1.081945,1.08127,1.081935,971
2024-02-01T14:35:00+00:00,1.08194,1.082285,1.081845,1.082235,937
2024-02-01T14:40:00+00:00,1.082225,1.08246,1.082135,1.082385,531
2024-02-01T14:45:00+00:00,1.082365,1.08246,1.08186,1.08204,1100
2024-02-01T14:50:00+00:00,1.082045,1.08298,1.08197,1.082945,960
2024-02-01T14:55:00+00:00,1.08295,1.08299,1.08262,1.082695,677
2024-02-01T15:00:00+00:00,1.0827,1.0827,1.08063,1.08197,2243
2024-02-01T15:05:00+00:00,1.081975,1.08278,1.08137,1.082475,1750
2024-02-01T15:10:00+00:00,1.08247,1.082565,1.08202,1.08234,1446
2024-02-01T15:15:00+00:00,1.082335,1.08292,1.082275,1.082275,1323
2024-02-01T15:20:00+00:00,1.08228,1.08259,1.082065,1.08245,1258
2024-02-01T15:25:00+00:00,1.08244,1.083185,1.082345,1.08315,1253
2024-02-01T15:30:00+00:00,1.083145,1.083195,1.082525,1.08262,1130
2024-02-01T15:35:00+00:00,1.082615,1.082985,1.082425,1.08276,1012
2024-02-01T15:40:00+00:00,1.082765,1.08293,1.08268,1.08281,987
2024-02-01T15:45:00+00:00,1.08282,1.08308,1.08248,1.082715,945
2024-02-01T15:50:00+00:00,1.08271,1.082925,1.08247,1.082755,889
2024-02-01T15:55:00+00:00,1.082745,1.08318,1.08264,1.082655,971
2024-02-01T16:00:00+00:00,1.08265,1.083385,1.08265,1.08336,1158
2024-02-01T16:05:00+00:00,1.083365,1.08409,1.08322,1.08398,957
2024-02-01T16:10:00+00:00,1.083975,1.084385,1.083885,1.08424,990
2024-02-01T16:15:00+00:00,1.084255,1.08457,1.08416,1.084185,1028
2024-02-01T16:20:00+00:00,1.084205,1.084915,1.084155,1.084855,964
2024-02-01T16:25:00+00:00,1.084865,1.085085,1.08478,1.08494,966
2024-02-01T16:30:00+00:00,1.08495,1.08538,1.084785,1.085165,847
2024-02-01T16:35:00+00:00,1.08516,1.08558,1.085015,1.08548,785
2024-02-01T16:40:00+00:00,1.085495,1.08605,1.085495,1.086005,906
2024-02-01T16:45:00+00:00,1.086015,1.08635,1.085865,1.085895,1000
2024-02-01T16:50:00+00:00,1.085905,1.086485,1.085865,1.08646,613
2024-02-01T16:55:00+00:00,1.086465,1.08659,1.08626,1.086455,680
2024-02-01T17:00:00+00:00,1.08646,1.086765,1.086225,1.08673,781
2024-02-01T17:05:00+00:00,1.086745,1.087165,1.08672,1.08711,762
2024-02-01T17:10:00+00:00,1.087115,1.087465,1.08684,1.08695,740
2024-02-01T17:15:00+00:00,1.08694,1.08708,1.08654,1.08655,699
2024-02-01T17:20:00+00:00,1.08657,1.086605,1.08638,1.08658,610
2024-02-01T17:25:00+00:00,1.086575,1.08658,1.086135,1.08618,581
2024-02-01T17:30:00+00:00,1.086185,1.086395,1.086085,1.08637,468
2024-02-01T17:35:00+00:00,1.08638,1.08682,1.08636,1.086765,505
2024-02-01T17:40:00+00:00,1.08677,1.086885,1.08657,1.086685,684
2024-02-01T17:45:00+00:00,1.086655,1.08728,1.086635,1.08719,554
2024-02-01T17:50:00+00:00,1.0872,1.08748,1.08718,1.0874,571
2024-02-01T17:55:00+00:00,1.08741,1.087475,1.087155,1.087285,503
2024-02-01T19:00:00+00:00,1.08699,1.08735,1.08699,1.08735,317
2024-02-01T19:05:00+00:00,1.087345,1.08746,1.087205,1.087375,414
2024-02-01T19:10:00+00:00,1.0874,1.08746,1.0873,1.087455,352
2024-02-01T19:15:00+00:00,1.08745,1.087455,1.08716,1.087205,395
2024-02-01T19:20:00+00:00,1.08721,1.08749,1.0872,1.08731,297
2024-02-01T19:25:00+00:00,1.08732,1.08742,1.087235,1.087335,413
2024-02-01T19:30:00+00:00,1.08736,1.087425,1.086815,1.086815,371
2024-02-01T19:35:00+00:00,1.08681,1.087265,1.086795,1.087215,464
2024-02-01T19:40:00+00:00,1.08722,1.08737,1.087125,1.087285,310
2024-02-01T19:45:00+00:00,1.08728,1.08739,1.087185,1.087245,413
2024-02-01T19:50:00+00:00,1.087255,1.0874,1.08716,1.087345,413
2024-02-01T19:55:00+00:00,1.08735,1.087395,1.08716,1.087195,540
2024-02-01T18:00:00+00:00,1.08729,1.08733,1.08655,1.08658,505
2024-02-01T18:05:00+00:00,1.08659,1.08697,1.086495,1.0868,529
2024-02-01T18:10:00+00:00,1.086815,1.086995,1.086765,1.086975,505
2024-02-01T18:15:00+00:00,1.08698,1.08699,1.08652,1.08658,611
2024-02-01T18:20:00+00:00,1.086585,1.08667,1.08635,1.08641,466
2024-02-01T18:25:00+00:00,1.08642,1.08661,1.08632,1.086355,407
2024-02-01T18:30:00+00:00,1.086365,1.0867,1.086305,1.08662,418
2024-02-01T18:35:00+00:00,1.08663,1.08714,1.08662,1.08698,580
2024-02-01T18:40:00+00:00,1.086995,1.087055,1.08661,1.08691,310
2024-02-01T18:45:00+00:00,1.08693,1.08705,1.086735,1.086735,360
2024-02-01T18:50:00+00:00,1.08674,1.08695,1.08658,1.0866,323
2024-02-01T18:55:00+00:00,1.08661,1.08716,1.08657,1.08699,434
2024-02-01T20:00:00+00:00,1.0872,1.08749,1.087135,1.087465,370
2024-02-01T20:05:00+00:00,1.08747,1.08748,1.08726,1.0873,381
2024-02-01T20:10:00+00:00,1.087305,1.087365,1.087205,1.087255,286
2024-02-01T20:15:00+00:00,1.08726,1.087265,1.0871,1.087135,216
2024-02-01T20:20:00+00:00,1.08714,1.087275,1.08711,1.08717,280
2024-02-01T20:25:00+00:00,1.087155,1.0872,1.086985,1.087125,178
2024-02-01T20:30:00+00:00,1.08713,1.08716,1.08696,1.087055,262
2024-02-01T20:35:00+00:00,1.08705,1.087205,1.08705,1.087135,211
2024-02-01T20:40:00+00:00,1.08713,1.08717,1.08705,1.08706,153
2024-02-01T20:45:00+00:00,1.087055,1.0872,1.08696,1.08696,210
2024-02-01T20:50:00+00:00,1.08697,1.087005,1.08682,1.08688,192
2024-02-01T20:55:00+00:00,1.0869,1.087175,1.0869,1.087175,326
2024-02-01T22:00:00+00:00,1.0872,1.08727,1.08719,1.08724,15
2024-02-01T22:05:00+00:00,1.087215,1.087245,1.08715,1.08724,86
2024-02-01T22:10:00+00:00,1.087215,1.087295,1.08718,1.08724,185
2024-02-01T22:15:00+00:00,1.087195,1.08722,1.086765,1.08714,54
2024-02-01T22:20:00+00:00,1.087135,1.08735,1.087135,1.087295,177
2024-02-01T22:25:00+00:00,1.0873,1.08738,1.087265,1.087365,230
2024-02-01T22:30:00+00:00,1.08736,1.087365,1.08719,1.08723,641
2024-02-01T22:35:00+00:00,1.087235,1.087275,1.087205,1.08723,467
2024-02-01T22:40:00+00:00,1.087235,1.08731,1.08722,1.087275,109
2024-02-01T22:45:00+00:00,1.08728,1.087335,1.08724,1.087325,181
2024-02-01T22:50:00+00:00,1.087305,1.087335,1.087235,1.087265,53
2024-02-01T22:55:00+00:00,1.08726,1.08737,1.087245,1.08732,60
2024-02-01T21:00:00+00:00,1.08716,1.08716,1.08684,1.0869,202
2024-02-01T21:05:00+00:00,1.08691,1.087035,1.086845,1.08689,146
2024-02-01T21:10:00+00:00,1.086885,1.08706,1.08682,1.08702,255
2024-02-01T21:15:00+00:00,1.087035,1.087265,1.087025,1.087265,197
2024-02-01T21:20:00+00:00,1.087275,1.087325,1.087035,1.08705,243
2024-02-01T21:25:00+00:00,1.087045,1.087075,1.08702,1.087065,139
2024-02-01T21:30:00+00:00,1.08707,1.08717,1.08704,1.08715,381
2024-02-01T21:35:00+00:00,1.087155,1.08731,1.087145,1.08716,134
2024-02-01T21:40:00+00:00,1.087155,1.08716,1.087035,1.087105,130
2024-02-01T21:45:00+00:00,1.08712,1.087185,1.087055,1.08718,181
2024-02-01T21:50:00+00:00,1.087175,1.087195,1.087125,1.087145,287
2024-02-01T21:55:00+00:00,1.087135,1.087275,1.087115,1.087185,418
2024-02-01T23:00:00+00:00,1.0873,1.087585,1.087265,1.08751,233
2024-02-01T23:05:00+00:00,1.087505,1.08759,1.08743,1.08758,119
2024-02-01T23:10:00+00:00,1.087585,1.087625,1.08749,1.08752,145
2024-02-01T23:15:00+00:00,1.087525,1.087535,1.087475,1.087485,72
2024-02-01T23:20:00+00:00,1.08748,1.08753,1.08738,1.08749,117
2024-02-01T23:25:00+00:00,1.087485,1.087525,1.087435,1.087435,127
2024-02-01T23:30:00+00:00,1.08744,1.08744,1.08732,1.08737,64
2024-02-01T23:35:00+00:00,1.08738,1.08738,1.08732,1.08733,60
2024-02-01T23:40:00+00:00,1.087335,1.08738,1.087335,1.08737,61
2024-02-01T23:45:00+00:00,1.087375,1.087445,1.08737,1.087435,35
2024-02-01T23:50:00+00:00,1.08743,1.08746,1.087395,1.087435,69
2024-02-01T23:55:00+00:00,1.08743,1.08744,1.087425,1.08744,17
2024-02-02T01:00:00+00:00,1.087285,1.087365,1.087075,1.087355,202
2024-02-02T01:05:00+00:00,1.087345,1.087585,1.087345,1.08758,214
2024-02-02T01:10:00+00:00,1.087575,1.087595,1.08732,1.08733,260
2024-02-02T01:15:00+00:00,1.08735,1.087425,1.087275,1.08731,234
2024-02-02T01:20:00+00:00,1.087305,1.087445,1.08722,1.08744,204
2024-02-02T01:25:00+00:00,1.087435,1.08744,1.08733,1.08738,169
2024-02-02T01:30:00+00:00,1.08737,1.08746,1.08722,1.087235,294
2024-02-02T01:35:00+00:00,1.087245,1.087435,1.08708,1.087195,342
2024-02-02T01:40:00+00:00,1.08719,1.08735,1.087165,1.0873,272
2024-02-02T01:45:00+00:00,1.087295,1.087325,1.08703,1.087145,232
2024-02-02T01:50:00+00:00,1.08715,1.087175,1.087025,1.087085,250
2024-02-02T01:55:00+00:00,1.08708,1.08717,1.087025,1.08717,232
2024-02-02T00:00:00+00:00,1.087425,1.087735,1.0874,1.087645,167
2024-02-02T00:05:00+00:00,1.087655,1.08774,1.08763,1.087735,155
2024-02-02T00:10:00+00:00,1.08774,1.08775,1.08769,1.087695,114
2024-02-02T00:15:00+00:00,1.087665,1.08771,1.087635,1.08771,123
2024-02-02T00:20:00+00:00,1.087705,1.08776,1.08759,1.087735,152
2024-02-02T00:25:00+00:00,1.08774,1.08797,1.08774,1.087935,132
2024-02-02T00:30:00+00:00,1.08792,1.087935,1.087835,1.087835,90
2024-02-02T00:35:00+00:00,1.087845,1.087975,1.08783,1.08794,151
2024-02-02T00:40:00+00:00,1.087935,1.08797,1.08784,1.08794,188
2024-02-02T00:45:00+00:00,1.087945,1.087945,1.087755,1.08777,159
2024-02-02T00:50:00+00:00,1.087765,1.087805,1.08758,1.087685,254
2024-02-02T00:55:00+00:00,1.087625,1.0877,1.087175,1.08728,278
2024-02-02T02:00:00+00:00,1.08718,1.087445,1.08718,1.087375,258
2024-02-02T02:05:00+00:00,1.087365,1.087385,1.08728,1.087345,150
2024-02-02T02:10:00+00:00,1.08734,1.087345,1.08714,1.08729,184
2024-02-02T02:15:00+00:00,1.087295,1.08734,1.08724,1.087295,117
2024-02-02T02:20:00+00:00,1.087305,1.08739,1.08728,1.087295,151
2024-02-02T02:25:00+00:00,1.08729,1.087375,1.08727,1.087375,193
2024-02-02T02:30:00+00:00,1.087365,1.08748,1.087345,1.087415,139
2024-02-02T02:35:00+00:00,1.08741,1.087415,1.087235,1.087245,216
2024-02-02T02:40:00+00:00,1.08725,1.08742,1.087245,1.0874,152
2024-02-02T02:45:00+00:00,1.087395,1.087605,1.087375,1.08758,188
2024-02-02T02:50:00+00:00,1.087585,1.08777,1.08758,1.08777,136
2024-02-02T02:55:00+00:00,1.087775,1.08787,1.08772,1.08785,152
2024-02-02T03:00:00+00:00,1.08787,1.08789,1.08774,1.08778,201
2024-02-02T03:05:00+00:00,1.08779,1.087865,1.08777,1.087785,128
2024-02-02T03:10:00+00:00,1.08779,1.08782,1.08766,1.087715,192
2024-02-02T03:15:00+00:00,1.08771,1.08774,1.087505,1.087505,194
2024-02-02T03:20:00+00:00,1.08751,1.087575,1.087475,1.08754,220
2024-02-02T03:25:00+00:00,1.08755,1.08755,1.087445,1.08748,245
2024-02-02T03:30:00+00:00,1.087485,1.08755,1.087425,1.087445,220
2024-02-02T03:35:00+00:00,1.08744,1.087485,1.087345,1.08739,141
2024-02-02T03:40:00+00:00,1.087385,1.08741,1.08735,1.087395,173
2024-02-02T03:45:00+00:00,1.08739,1.087565,1.087375,1.087525,134
2024-02-02T03:50:00+00:00,1.087545,1.08769,1.087535,1.08767,171
2024-02-02T03:55:00+00:00,1.08768,1.087715,1.087655,1.087685,155
2024-02-02T04:00:00+00:00,1.08766,1.087735,1.087645,1.08768,173
2024-02-02T04:05:00+00:00,1.087675,1.087695,1.087575,1.08765,96
2024-02-02T04:10:00+00:00,1.08764,1.08765,1.087575,1.087585,140
2024-02-02T04:15:00+00:00,1.08759,1.08766,1.087555,1.08766,175
2024-02-02T04:20:00+00:00,1.087655,1.08766,1.087525,1.087545,91
2024-02-02T04:25:00+00:00,1.08754,1.087545,1.0874,1.087405,108
2024-02-02T04:30:00+00:00,1.0874,1.08745,1.08735,1.087355,239
2024-02-02T04:35:00+00:00,1.08736,1.087455,1.08735,1.087415,154
2024-02-02T04:40:00+00:00,1.08743,1.087455,1.08734,1.087345,186
2024-02-02T04:45:00+00:00,1.08733,1.087335,1.087205,1.08726,280
2024-02-02T04:50:00+00:00,1.087255,1.087395,1.08722,1.087355,283
2024-02-02T04:55:00+00:00,1.087345,1.08745,1.087285,1.08731,210
2024-02-02T05:00:00+00:00,1.087305,1.08738,1.087245,1.087355,212
2024-02-02T05:05:00+00:00,1.08736,1.087475,1.08736,1.087405,171
2024-02-02T05:10:00+00:00,1.08741,1.087455,1.08733,1.087395,162
2024-02-02T05:15:00+00:00,1.08739,1.087585,1.08733,1.08755,202
2024-02-02T05:20:00+00:00,1.08756,1.087725,1.087505,1.08771,205
2024-02-02T05:25:00+00:00,1.087705,1.087795,1.08764,1.08771,194
2024-02-02T05:30:00+00:00,1.087705,1.087925,1.08769,1.08789,162
2024-02-02T05:35:00+00:00,1.08788,1.088045,1.087805,1.088015,150
2024-02-02T05:40:00+00:00,1.088,1.088155,1.08795,1.088065,160
2024-02-02T05:45:00+00:00,1.088055,1.08826,1.08805,1.088185,184
2024-02-02T05:50:00+00:00,1.088175,1.08818,1.08803,1.08804,112
2024-02-02T05:55:00+00:00,1.088045,1.08805,1.08775,1.087755,173
2024-02-02T06:00:00+00:00,1.08775,1.087815,1.087665,1.087805,153
2024-02-02T06:05:00+00:00,1.08781,1.08809,1.087785,1.08807,166
2024-02-02T06:10:00+00:00,1.088065,1.08811,1.08801,1.088055,177
2024-02-02T06:15:00+00:00,1.08805,1.08805,1.087825,1.08787,220
2024-02-02T06:20:00+00:00,1.08789,1.08793,1.087635,1.087775,242
2024-02-02T06:25:00+00:00,1.08778,1.088,1.08775,1.08793,225
2024-02-02T06:30:00+00:00,1.08794,1.08804,1.087905,1.087915,265
2024-02-02T06:35:00+00:00,1.087905,1.087985,1.087875,1.087895,150
2024-02-02T06:40:00+00:00,1.08789,1.087935,1.087755,1.087895,271
2024-02-02T06:45:00+00:00,1.0879,1.088025,1.08761,1.087615,280
2024-02-02T06:50:00+00:00,1.08761,1.0877,1.08746,1.087485,269
2024-02-02T06:55:00+00:00,1.087495,1.08767,1.08741,1.08758,209
2024-02-02T07:00:00+00:00,1.087575,1.0881,1.087445,1.088055,393
2024-02-02T07:05:00+00:00,1.08805,1.0881,1.08783,1.087845,151
2024-02-02T07:10:00+00:00,1.08783,1.08839,1.08781,1.08836,302
2024-02-02T07:15:00+00:00,1.08833,1.08844,1.088225,1.088415,236
2024-02-02T07:20:00+00:00,1.088405,1.08871,1.088345,1.088635,309
2024-02-02T07:25:00+00:00,1.08863,1.088705,1.088045,1.08806,292
2024-02-02T07:30:00+00:00,1.088055,1.08853,1.088005,1.088495,366
2024-02-02T07:35:00+00:00,1.08849,1.088575,1.088185,1.088245,368
2024-02-02T07:40:00+00:00,1.08824,1.08842,1.08803,1.088245,382
2024-02-02T07:45:00+00:00,1.088255,1.088355,1.08812,1.08823,337
2024-02-02T07:50:00+00:00,1.088235,1.08836,1.08789,1.088,295
2024-02-02T07:55:00+00:00,1.088015,1.0883,1.08778,1.0881,446
2024-02-02T08:00:00+00:00,1.08811,1.088445,1.087995,1.088105,654
2024-02-02T08:05:00+00:00,1.0881,1.08849,1.088055,1.08843,457
2024-02-02T08:10:00+00:00,1.088455,1.08903,1.08831,1.08874,534
2024-02-02T08:15:00+00:00,1.08873,1.08873,1.088185,1.088225,453
2024-02-02T08:20:00+00:00,1.08822,1.08833,1.088045,1.08817,493
2024-02-02T08:25:00+00:00,1.088165,1.08819,1.087615,1.087735,461
2024-02-02T08:30:00+00:00,1.08773,1.087745,1.08756,1.08758,396
2024-02-02T08:35:00+00:00,1.08756,1.08772,1.087365,1.087685,469
2024-02-02T08:40:00+00:00,1.08768,1.08802,1.087665,1.0878,357
2024-02-02T08:45:00+00:00,1.08779,1.08779,1.08746,1.0877,271
2024-02-02T08:50:00+00:00,1.087705,1.08791,1.087645,1.08769,309
2024-02-02T08:55:00+00:00,1.08767,1.088035,1.08767,1.08793,328
2024-02-02T09:00:00+00:00,1.087935,1.088355,1.087935,1.08821,399
2024-02-02T09:05:00+00:00,1.088205,1.08831,1.08801,1.088125,296
2024-02-02T09:10:00+00:00,1.08813,1.088765,1.0881,1.088585,421
2024-02-02T09:15:00+00:00,1.088575,1.08902,1.08846,1.088985,341
2024-02-02T09:20:00+00:00,1.08899,1.08936,1.08893,1.08926,291
2024-02-02T09:25:00+00:00,1.08924,1.089535,1.08915,1.08951,263
2024-02-02T09:30:00+00:00,1.08953,1.08963,1.08941,1.08945,238
2024-02-02T09:35:00+00:00,1.089415,1.089445,1.08916,1.089245,203
2024-02-02T09:40:00+00:00,1.08924,1.08976,1.089235,1.0897,232
2024-02-02T09:45:00+00:00,1.08971,1.08974,1.08934,1.089405,212
2024-02-02T09:50:00+00:00,1.0894,1.08942,1.08927,1.089345,199
2024-02-02T09:55:00+00:00,1.08934,1.08934,1.088825,1.08909,395
2024-02-02T10:00:00+00:00,1.089075,1.089485,1.088955,1.08942,367
2024-02-02T10:05:00+00:00,1.089415,1.089505,1.08928,1.08928,267
2024-02-02T10:10:00+00:00,1.089285,1.08932,1.088925,1.08909,226
2024-02-02T10:15:00+00:00,1.089085,1.08927,1.08904,1.08905,174
2024-02-02T10:20:00+00:00,1.089075,1.089085,1.08878,1.088785,238
2024-02-02T10:25:00+00:00,1.08878,1.08883,1.08852,1.08879,221
2024-02-02T10:30:00+00:00,1.08878,1.08885,1.088475,1.08849,219
2024-02-02T10:35:00+00:00,1.08848,1.0886,1.08835,1.08848,327
2024-02-02T10:40:00+00:00,1.088455,1.088635,1.088125,1.08816,311
2024-02-02T10:45:00+00:00,1.088155,1.0883,1.08807,1.088235,258
2024-02-02T10:50:00+00:00,1.088225,1.0885,1.08822,1.088355,252
2024-02-02T10:55:00+00:00,1.088365,1.088685,1.088365,1.088465,306
2024-02-02T11:00:00+00:00,1.088455,1.088645,1.088455,1.08861,248
2024-02-02T11:05:00+00:00,1.088615,1.08863,1.08818,1.088345,367
2024-02-02T11:10:00+00:00,1.08833,1.088365,1.0879,1.08795,202
2024-02-02T11:15:00+00:00,1.087915,1.088275,1.08782,1.08811,349
2024-02-02T11:20:00+00:00,1.08812,1.08821,1.087915,1.088095,362
2024-02-02T11:25:00+00:00,1.088105,1.088355,1.087965,1.088345,244
2024-02-02T11:30:00+00:00,1.08833,1.0885,1.088245,1.088405,274
2024-02-02T11:35:00+00:00,1.08841,1.08845,1.08823,1.088445,244
2024-02-02T11:40:00+00:00,1.08845,1.08849,1.08827,1.0883,277
2024-02-02T11:45:00+00:00,1.088305,1.08833,1.088085,1.08822,219
2024-02-02T11:50:00+00:00,1.08821,1.088385,1.088125,1.08823,228
2024-02-02T11:55:00+00:00,1.088235,1.08837,1.08817,1.08837,273
2024-02-02T12:00:00+00:00,1.088385,1.08852,1.088175,1.088195,302
2024-02-02T12:05:00+00:00,1.0882,1.088235,1.088035,1.08816,135
2024-02-02T12:10:00+00:00,1.088165,1.08821,1.088085,1.088115,166
2024-02-02T12:15:00+00:00,1.08812,1.08832,1.088075,1.08821,210
2024-02-02T12:20:00+00:00,1.08824,1.08826,1.08811,1.08826,210
2024-02-02T12:25:00+00:00,1.08828,1.08847,1.0882,1.088205,211
2024-02-02T12:30:00+00:00,1.08816,1.0883,1.088105,1.088135,234
2024-02-02T12:35:00+00:00,1.08814,1.08827,1.087855,1.088005,236
2024-02-02T12:40:00+00:00,1.08801,1.088085,1.087785,1.08788,353
2024-02-02T12:45:00+00:00,1.08789,1.08801,1.08777,1.087925,332
2024-02-02T12:50:00+00:00,1.08793,1.08819,1.08793,1.08819,213
2024-02-02T12:55:00+00:00,1.088145,1.08834,1.08792,1.08804,478
2024-02-02T13:00:00+00:00,1.088035,1.08822,1.08792,1.088135,456
2024-02-02T13:05:00+00:00,1.088115,1.08838,1.08811,1.08825,419
2024-02-02T13:10:00+00:00,1.088265,1.08855,1.08822,1.08852,391
2024-02-02T13:15:00+00:00,1.088525,1.08861,1.088195,1.088215,502
2024-02-02T13:20:00+00:00,1.08821,1.088455,1.088095,1.088205,465
2024-02-02T13:25:00+00:00,1.08821,1.088495,1.088155,1.08844,598
2024-02-02T13:30:00+00:00,1.08844,1.08844,1.082085,1.08224,2746
2024-02-02T13:35:00+00:00,1.082225,1.082325,1.081115,1.082,2178
2024-02-02T13:40:00+00:00,1.08203,1.082845,1.081545,1.082795,1929
2024-02-02T13:45:00+00:00,1.082775,1.082775,1.080995,1.080995,1363
2024-02-02T13:50:00+00:00,1.08099,1.081555,1.0809,1.081235,1511
2024-02-02T13:55:00+00:00,1.08123,1.08123,1.080375,1.08073,1265
2024-02-02T16:00:00+00:00,1.080245,1.08038,1.079665,1.07979,816
2024-02-02T16:05:00+00:00,1.0798,1.080305,1.07979,1.07999,824
2024-02-02T16:10:00+00:00,1.079985,1.080105,1.07951,1.079545,748
2024-02-02T16:15:00+00:00,1.07954,1.07973,1.07918,1.07923,578
2024-02-02T16:20:00+00:00,1.079225,1.079595,1.079065,1.07909,632
2024-02-02T16:25:00+00:00,1.079095,1.07948,1.07906,1.07934,673
2024-02-02T16:30:00+00:00,1.079335,1.07951,1.078875,1.0789,616
2024-02-02T16:35:00+00:00,1.078895,1.07891,1.078615,1.078785,653
2024-02-02T16:40:00+00:00,1.07878,1.078835,1.078545,1.078635,502
2024-02-02T16:45:00+00:00,1.07864,1.07864,1.078375,1.07841,528
2024-02-02T16:50:00+00:00,1.0784,1.0785,1.078285,1.078305,440
2024-02-02T16:55:00+00:00,1.07831,1.07863,1.07824,1.07862,428
2024-02-02T14:00:00+00:00,1.080725,1.08087,1.079175,1.079835,1527
2024-02-02T14:05:00+00:00,1.07984,1.08005,1.07957,1.07995,1436
2024-02-02T14:10:00+00:00,1.079935,1.080425,1.07974,1.080355,1408
2024-02-02T14:15:00+00:00,1.08036,1.080675,1.080165,1.080595,1100
2024-02-02T14:20:00+00:00,1.080575,1.080855,1.08029,1.08029,1127
2024-02-02T14:25:00+00:00,1.080305,1.080475,1.079935,1.079955,877
2024-02-02T14:30:00+00:00,1.07996,1.08059,1.079905,1.080015,1258
2024-02-02T14:35:00+00:00,1.08001,1.08027,1.079745,1.07994,1021
2024-02-02T14:40:00+00:00,1.079945,1.080325,1.079415,1.080255,940
2024-02-02T14:45:00+00:00,1.08026,1.0817,1.08026,1.08107,1227
2024-02-02T14:50:00+00:00,1.081065,1.081065,1.080255,1.08048,1125
2024-02-02T14:55:00+00:00,1.080485,1.081085,1.080485,1.080885,773
2024-02-02T15:00:00+00:00,1.08088,1.08115,1.079505,1.079535,1605
2024-02-02T15:05:00+00:00,1.079525,1.079855,1.079205,1.079505,1285
2024-02-02T15:10:00+00:00,1.0795,1.079725,1.07899,1.07936,1137
2024-02-02T15:15:00+00:00,1.07937,1.0794,1.078845,1.078955,970
2024-02-02T15:20:00+00:00,1.07894,1.079205,1.07876,1.07891,1067
2024-02-02T15:25:00+00:00,1.078925,1.07901,1.07842,1.07846,1036
2024-02-02T15:30:00+00:00,1.078455,1.07881,1.078325,1.078675,870
2024-02-02T15:35:00+00:00,1.078635,1.079415,1.078355,1.07939,939
2024-02-02T15:40:00+00:00,1.07941,1.079855,1.07934,1.07972,963
2024-02-02T15:45:00+00:00,1.079695,1.08046,1.07957,1.0801,1143
2024-02-02T15:50:00+00:00,1.080105,1.080255,1.07961,1.07979,869
2024-02-02T15:55:00+00:00,1.079805,1.08026,1.079455,1.08024,750
2024-02-02T18:00:00+00:00,1.07837,1.078485,1.078185,1.07821,528
2024-02-02T18:05:00+00:00,1.078205,1.07846,1.07806,1.07815,498
2024-02-02T18:10:00+00:00,1.078155,1.07825,1.078055,1.07815,244
2024-02-02T18:15:00+00:00,1.07814,1.078595,1.078055,1.078555,293
2024-02-02T18:20:00+00:00,1.078545,1.078665,1.07836,1.07855,344
2024-02-02T18:25:00+00:00,1.078545,1.078635,1.078205,1.07833,598
2024-02-02T18:30:00+00:00,1.078325,1.078545,1.07821,1.078505,521
2024-02-02T18:35:00+00:00,1.0785,1.07874,1.07839,1.07872,493
2024-02-02T18:40:00+00:00,1.078725,1.07911,1.078725,1.0791,244
2024-02-02T18:45:00+00:00,1.07911,1.07911,1.078535,1.0787,336
2024-02-02T18:50:00+00:00,1.078685,1.078945,1.07868,1.07883,275
2024-02-02T18:55:00+00:00,1.078825,1.078865,1.078665,1.07882,296
2024-02-02T17:00:00+00:00,1.078615,1.078785,1.07838,1.07865,421
2024-02-02T17:05:00+00:00,1.07864,1.078715,1.078295,1.07831,350
2024-02-02T17:10:00+00:00,1.078305,1.078765,1.078285,1.07871,353
2024-02-02T17:15:00+00:00,1.0787,1.079265,1.07869,1.07917,491
2024-02-02T17:20:00+00:00,1.079175,1.07921,1.078925,1.079115,373
2024-02-02T17:25:00+00:00,1.079105,1.079105,1.07859,1.07891,372
2024-02-02T17:30:00+00:00,1.078905,1.07893,1.078695,1.07879,354
2024-02-02T17:35:00+00:00,1.078775,1.07914,1.078685,1.07892,322
2024-02-02T17:40:00+00:00,1.078915,1.07892,1.07826,1.078315,341
2024-02-02T17:45:00+00:00,1.07832,1.07852,1.078185,1.078355,496
2024-02-02T17:50:00+00:00,1.07835,1.07835,1.078085,1.078245,343
2024-02-02T17:55:00+00:00,1.07822,1.078415,1.07813,1.078355,326
2024-02-02T19:00:00+00:00,1.078835,1.07897,1.07875,1.07875,239
2024-02-02T19:05:00+00:00,1.078735,1.07885,1.07862,1.078765,220
2024-02-02T19:10:00+00:00,1.078785,1.0791,1.07871,1.079055,220
2024-02-02T19:15:00+00:00,1.079045,1.079265,1.078955,1.07905,352
2024-02-02T19:20:00+00:00,1.07906,1.079205,1.0789,1.079065,334
2024-02-02T19:25:00+00:00,1.079075,1.079085,1.078945,1.07906,176
2024-02-02T19:30:00+00:00,1.079075,1.079305,1.07896,1.0793,347
2024-02-02T19:35:00+00:00,1.07932,1.07932,1.07908,1.079095,263
2024-02-02T19:40:00+00:00,1.079105,1.07935,1.079105,1.07926,208
2024-02-02T19:45:00+00:00,1.079255,1.079575,1.0791,1.07913,460
2024-02-02T19:50:00+00:00,1.079125,1.07927,1.07909,1.07927,255
2024-02-02T19:55:00+00:00,1.07928,1.079295,1.07905,1.07926,320
2024-02-02T20:00:00+00:00,1.079275,1.079485,1.07921,1.079405,364
2024-02-02T20:05:00+00:00,1.07942,1.079635,1.079405,1.07962,305
2024-02-02T20:10:00+00:00,1.079615,1.079705,1.07948,1.079585,294
2024-02-02T20:15:00+00:00,1.07959,1.079745,1.079495,1.07953,228
2024-02-02T20:20:00+00:00,1.079525,1.07953,1.079285,1.07931,297
2024-02-02T20:25:00+00:00,1.079315,1.07958,1.079285,1.079525,332
2024-02-02T20:30:00+00:00,1.079505,1.079515,1.0793,1.07935,279
2024-02-02T20:35:00+00:00,1.079335,1.079385,1.079255,1.07937,326
2024-02-02T20:40:00+00:00,1.079365,1.079405,1.079295,1.07932,288
2024-02-02T20:45:00+00:00,1.07931,1.07939,1.079295,1.079385,306
2024-02-02T20:50:00+00:00,1.079375,1.079515,1.079375,1.0795,402
2024-02-02T20:55:00+00:00,1.07952,1.079545,1.07932,1.07932,396
2024-02-02T21:00:00+00:00,1.079325,1.079375,1.079265,1.079345,261
2024-02-02T21:05:00+00:00,1.07934,1.079365,1.079285,1.07929,259
2024-02-02T21:10:00+00:00,1.079285,1.079395,1.07928,1.079385,205
2024-02-02T21:15:00+00:00,1.079395,1.079405,1.079195,1.07925,184
2024-02-02T21:20:00+00:00,1.079245,1.079315,1.079235,1.079245,237
2024-02-02T21:25:00+00:00,1.07926,1.07926,1.079105,1.079135,246
2024-02-02T21:30:00+00:00,1.07915,1.079165,1.07908,1.079115,212
2024-02-02T21:35:00+00:00,1.07912,1.07912,1.078945,1.07899,241
2024-02-02T21:40:00+00:00,1.079,1.079005,1.078765,1.078805,198
2024-02-02T21:45:00+00:00,1.078795,1.07893,1.078785,1.078915,246
2024-02-02T21:50:00+00:00,1.078925,1.078985,1.07884,1.078905,354
2024-02-02T21:55:00+00:00,1.07891,1.078915,1.078565,1.07866,317
2024-02-04T22:00:00+00:00,1.078675,1.078685,1.078395,1.078395,38
2024-02-04T22:05:00+00:00,1.0784,1.078465,1.07832,1.078355,52
2024-02-04T22:10:00+00:00,1.07835,1.078515,1.078325,1.078415,156
2024-02-04T22:15:00+00:00,1.07842,1.078425,1.078295,1.078375,118
2024-02-04T22:20:00+00:00,1.078385,1.078475,1.078315,1.07845,208
2024-02-04T22:25:00+00:00,1.07844,1.07851,1.07844,1.07846,24
2024-02-04T22:30:00+00:00,1.07847,1.07853,1.07846,1.078525,41
2024-02-04T22:35:00+00:00,1.07849,1.07855,1.078435,1.078525,113
2024-02-04T22:40:00+00:00,1.07851,1.078605,1.078435,1.078605,49
2024-02-04T22:45:00+00:00,1.078625,1.078635,1.07858,1.07859,43
2024-02-04T22:50:00+00:00,1.07861,1.078625,1.078545,1.07856,99
2024-02-04T22:55:00+00:00,1.07855,1.078605,1.07803,1.07808,373
2024-02-04T23:00:00+00:00,1.07805,1.07839,1.077825,1.07785,420
2024-02-04T23:05:00+00:00,1.07786,1.077995,1.07728,1.07729,283
2024-02-04T23:10:00+00:00,1.077305,1.077435,1.07707,1.07714,275
2024-02-04T23:15:00+00:00,1.077135,1.077235,1.076995,1.077025,214
2024-02-04T23:20:00+00:00,1.07703,1.07726,1.077005,1.077255,143
2024-02-04T23:25:00+00:00,1.077245,1.07742,1.07724,1.077415,161
2024-02-04T23:30:00+00:00,1.07742,1.07774,1.077415,1.077735,200
2024-02-04T23:35:00+00:00,1.07774,1.07796,1.0777,1.077845,183
2024-02-04T23:40:00+00:00,1.07784,1.078005,1.077685,1.07772,115
2024-02-04T23:45:00+00:00,1.07773,1.077985,1.077675,1.077975,185
2024-02-04T23:50:00+00:00,1.07798,1.07809,1.077875,1.077885,235
2024-02-04T23:55:00+00:00,1.077895,1.07813,1.077895,1.07798,167
2024-02-05T01:00:00+00:00,1.07728,1.07749,1.077275,1.07748,378
2024-02-05T01:05:00+00:00,1.077475,1.07774,1.077475,1.07766,310
2024-02-05T01:10:00+00:00,1.077665,1.077675,1.077215,1.077215,254
2024-02-05T01:15:00+00:00,1.077205,1.077245,1.077015,1.077125,343
2024-02-05T01:20:00+00:00,1.07712,1.077285,1.07708,1.07709,215
2024-02-05T01:25:00+00:00,1.077085,1.077125,1.076875,1.07712,239
2024-02-05T01:30:00+00:00,1.077125,1.07739,1.077125,1.07739,292
2024-02-05T01:35:00+00:00,1.077365,1.0776,1.07734,1.07752,358
2024-02-05T01:40:00+00:00,1.07751,1.077675,1.077395,1.077585,164
2024-02-05T01:45:00+00:00,1.077565,1.077695,1.07739,1.07748,192
2024-02-05T01:50:00+00:00,1.077475,1.07768,1.077415,1.077665,248
2024-02-05T01:55:00+00:00,1.07767,1.077885,1.07765,1.07784,378
2024-02-05T02:00:00+00:00,1.077835,1.07799,1.077785,1.077855,337
2024-02-05T02:05:00+00:00,1.07785,1.078,1.07778,1.077935,299
2024-02-05T02:10:00+00:00,1.077925,1.078045,1.07785,1.077955,308
2024-02-05T02:15:00+00:00,1.07792,1.07792,1.077705,1.077865,274
2024-02-05T02:20:00+00:00,1.07786,1.07807,1.07785,1.077945,279
2024-02-05T02:25:00+00:00,1.07794,1.07812,1.0779,1.077995,232
2024-02-05T02:30:00+00:00,1.077985,1.07806,1.07793,1.078055,240
2024-02-05T02:35:00+00:00,1.07806,1.078075,1.077855,1.077865,177
2024-02-05T02:40:00+00:00,1.07786,1.077865,1.077705,1.0778,157
2024-02-05T02:45:00+00:00,1.077805,1.07793,1.077785,1.077795,242
2024-02-05T02:50:00+00:00,1.077765,1.077785,1.077565,1.077605,135
2024-02-05T02:55:00+00:00,1.07761,1.077995,1.077605,1.077895,136
2024-02-05T03:00:00+00:00,1.0779,1.077955,1.07766,1.077955,173
2024-02-05T03:05:00+00:00,1.07796,1.0781,1.077915,1.07795,162
2024-02-05T03:10:00+00:00,1.077965,1.077965,1.07763,1.077705,201
2024-02-05T03:15:00+00:00,1.07771,1.077875,1.07766,1.077745,173
2024-02-05T03:20:00+00:00,1.07774,1.077745,1.077445,1.07756,201
2024-02-05T03:25:00+00:00,1.077565,1.07774,1.077565,1.077625,144
2024-02-05T03:30:00+00:00,1.07762,1.077855,1.077605,1.07776,152
2024-02-05T03:35:00+00:00,1.077755,1.07779,1.077695,1.077745,80
2024-02-05T03:40:00+00:00,1.07775,1.077895,1.07772,1.07784,134
2024-02-05T03:45:00+00:00,1.077835,1.07799,1.077795,1.07787,149
2024-02-05T03:50:00+00:00,1.077865,1.078085,1.077865,1.078085,126
2024-02-05T03:55:00+00:00,1.078075,1.07808,1.077865,1.077915,148
2024-02-05T04:00:00+00:00,1.07791,1.07791,1.07773,1.077755,79
2024-02-05T04:05:00+00:00,1.077755,1.07801,1.077755,1.077945,77
2024-02-05T04:10:00+00:00,1.07795,1.077985,1.077785,1.07779,73
2024-02-05T04:15:00+00:00,1.077795,1.07788,1.077775,1.07787,75
2024-02-05T04:20:00+00:00,1.077865,1.07795,1.07776,1.0778,132
2024-02-05T04:25:00+00:00,1.077795,1.0778,1.077705,1.07775,77
2024-02-05T04:30:00+00:00,1.07776,1.07785,1.077705,1.077705,91
2024-02-05T04:35:00+00:00,1.07772,1.077895,1.077715,1.077895,115
2024-02-05T04:40:00+00:00,1.0779,1.0779,1.07756,1.077575,98
2024-02-05T04:45:00+00:00,1.07759,1.077705,1.077565,1.077695,59
2024-02-05T04:50:00+00:00,1.0777,1.07771,1.07759,1.077705,68
2024-02-05T04:55:00+00:00,1.077695,1.077895,1.07766,1.077895,198
2024-02-05T05:00:00+00:00,1.07789,1.077915,1.07755,1.07755,250
2024-02-05T05:05:00+00:00,1.077545,1.077545,1.077335,1.077385,192
2024-02-05T05:10:00+00:00,1.0774,1.07767,1.077355,1.07763,166
2024-02-05T05:15:00+00:00,1.077635,1.07792,1.077615,1.07791,259
2024-02-05T05:20:00+00:00,1.077905,1.07797,1.077795,1.077795,118
2024-02-05T05:25:00+00:00,1.077815,1.07794,1.077815,1.077905,142
2024-02-05T05:30:00+00:00,1.0779,1.077945,1.07773,1.0778,145
2024-02-05T05:35:00+00:00,1.077805,1.07786,1.07765,1.077665,120
2024-02-05T05:40:00+00:00,1.07766,1.077855,1.07758,1.0778,159
2024-02-05T05:45:00+00:00,1.077795,1.077925,1.077705,1.07772,213
2024-02-05T05:50:00+00:00,1.077725,1.077785,1.077575,1.077755,261
2024-02-05T05:55:00+00:00,1.07776,1.07822,1.077755,1.07821,261
2024-02-05T06:00:00+00:00,1.0782,1.0782,1.077965,1.078105,285
2024-02-05T06:05:00+00:00,1.07811,1.078485,1.078005,1.07836,252
2024-02-05T06:10:00+00:00,1.07834,1.07844,1.07822,1.07824,161
2024-02-05T06:15:00+00:00,1.078245,1.07826,1.07806,1.078065,110
2024-02-05T06:20:00+00:00,1.07807,1.07828,1.07802,1.07821,150
2024-02-05T06:25:00+00:00,1.07822,1.07848,1.078215,1.078475,187
2024-02-05T06:30:00+00:00,1.078445,1.07846,1.078005,1.078165,215
2024-02-05T06:35:00+00:00,1.078155,1.07817,1.07791,1.07802,175
2024-02-05T06:40:00+00:00,1.078015,1.0781,1.077875,1.077965,220
2024-02-05T06:45:00+00:00,1.077995,1.07811,1.077975,1.07811,161
2024-02-05T06:50:00+00:00,1.078085,1.078105,1.07781,1.0781,274
2024-02-05T06:55:00+00:00,1.078095,1.078095,1.07774,1.07781,237
2024-02-05T07:00:00+00:00,1.077785,1.07787,1.07749,1.0778,521
2024-02-05T07:05:00+00:00,1.077805,1.077805,1.07749,1.077705,319
2024-02-05T07:10:00+00:00,1.07768,1.077705,1.077455,1.077495,315
2024-02-05T07:15:00+00:00,1.077485,1.077645,1.077335,1.077545,191
2024-02-05T07:20:00+00:00,1.07755,1.07759,1.077405,1.07744,208
2024-02-05T07:25:00+00:00,1.07745,1.0776,1.07739,1.077495,249
2024-02-05T07:30:00+00:00,1.07749,1.077795,1.077275,1.077795,442
2024-02-05T07:35:00+00:00,1.077805,1.07792,1.07761,1.077825,318
2024-02-05T07:40:00+00:00,1.07782,1.078335,1.07782,1.07802,451
2024-02-05T07:45:00+00:00,1.078025,1.07808,1.077725,1.07773,428
2024-02-05T07:50:00+00:00,1.07771,1.078175,1.077705,1.078175,447
2024-02-05T07:55:00+00:00,1.07819,1.07821,1.077875,1.078035,551
2024-02-05T08:00:00+00:00,1.07803,1.07849,1.07772,1.0784,551
2024-02-05T08:05:00+00:00,1.078375,1.078475,1.07793,1.078265,434
2024-02-05T08:10:00+00:00,1.078255,1.078615,1.078215,1.078445,587
2024-02-05T08:15:00+00:00,1.078455,1.07852,1.077805,1.07781,537
2024-02-05T08:20:00+00:00,1.077805,1.07795,1.07771,1.07771,395
2024-02-05T08:25:00+00:00,1.077715,1.077755,1.07728,1.07729,324
2024-02-05T08:30:00+00:00,1.077295,1.07745,1.07705,1.07742,430
2024-02-05T08:35:00+00:00,1.07741,1.07742,1.077055,1.07726,454
2024-02-05T08:40:00+00:00,1.077255,1.07726,1.07679,1.07701,463
2024-02-05T08:45:00+00:00,1.07703,1.0771,1.07664,1.07696,467
2024-02-05T08:50:00+00:00,1.076955,1.076955,1.076615,1.07664,461
2024-02-05T08:55:00+00:00,1.07663,1.076765,1.076355,1.07669,525
2024-02-05T09:00:00+00:00,1.076685,1.077185,1.07667,1.077065,581
2024-02-05T09:05:00+00:00,1.07704,1.077285,1.076995,1.077065,406
2024-02-05T09:10:00+00:00,1.07708,1.07712,1.07661,1.0767,322
2024-02-05T09:15:00+00:00,1.076705,1.07671,1.07616,1.076255,364
2024-02-05T09:20:00+00:00,1.07626,1.076385,1.076165,1.076165,259
2024-02-05T09:25:00+00:00,1.076155,1.07627,1.076055,1.07616,380
2024-02-05T09:30:00+00:00,1.076175,1.07637,1.07605,1.076145,415
2024-02-05T09:35:00+00:00,1.07615,1.0763,1.075995,1.076,317
2024-02-05T09:40:00+00:00,1.076005,1.07617,1.07599,1.07602,321
2024-02-05T09:45:00+00:00,1.07604,1.07618,1.075815,1.075875,291
2024-02-05T09:50:00+00:00,1.07588,1.075895,1.07526,1.07531,400
2024-02-05T09:55:00+00:00,1.075305,1.07548,1.0752,1.075385,332
2024-02-05T10:00:00+00:00,1.07538,1.075615,1.07517,1.07522,429
2024-02-05T10:05:00+00:00,1.07523,1.075555,1.075045,1.07549,290
2024-02-05T10:10:00+00:00,1.07551,1.07553,1.075195,1.075315,358
2024-02-05T10:15:00+00:00,1.07532,1.07558,1.07505,1.075145,324
2024-02-05T10:20:00+00:00,1.07513,1.075235,1.075065,1.075115,200
2024-02-05T10:25:00+00:00,1.07512,1.07514,1.074995,1.07503,293
2024-02-05T10:30:00+00:00,1.075025,1.07534,1.075025,1.075315,347
2024-02-05T10:35:00+00:00,1.07531,1.075525,1.07481,1.074835,390
2024-02-05T10:40:00+00:00,1.07483,1.07511,1.074805,1.07495,432
2024-02-05T10:45:00+00:00,1.074945,1.075225,1.074785,1.075055,235
2024-02-05T10:50:00+00:00,1.075075,1.07514,1.074775,1.07494,208
2024-02-05T10:55:00+00:00,1.07495,1.07498,1.074835,1.074935,241
2024-02-05T11:00:00+00:00,1.07494,1.07501,1.074705,1.07484,253
2024-02-05T11:05:00+00:00,1.074845,1.07519,1.0747,1.07513,289
2024-02-05T11:10:00+00:00,1.07514,1.07544,1.07514,1.075285,311
2024-02-05T11:15:00+00:00,1.075295,1.075445,1.07519,1.07541,257
2024-02-05T11:20:00+00:00,1.075415,1.075485,1.075315,1.075385,280
2024-02-05T11:25:00+00:00,1.07539,1.07574,1.07532,1.075635,334
2024-02-05T11:30:00+00:00,1.075645,1.075675,1.075195,1.075225,397
2024-02-05T11:35:00+00:00,1.075215,1.075335,1.07484,1.075335,249
2024-02-05T11:40:00+00:00,1.07536,1.07555,1.075315,1.075545,305
2024-02-05T11:45:00+00:00,1.07555,1.07587,1.07545,1.07562,478
2024-02-05T11:50:00+00:00,1.075605,1.075655,1.075365,1.07555,379
2024-02-05T11:55:00+00:00,1.075555,1.07558,1.075105,1.075495,426
2024-02-05T12:00:00+00:00,1.075515,1.075615,1.07508,1.075085,372
2024-02-05T12:05:00+00:00,1.07509,1.075195,1.074945,1.075135,308
2024-02-05T12:10:00+00:00,1.07516,1.0753,1.075145,1.075245,272
2024-02-05T12:15:00+00:00,1.07525,1.07529,1.075115,1.075265,221
2024-02-05T12:20:00+00:00,1.07527,1.075395,1.07509,1.075265,233
2024-02-05T12:25:00+00:00,1.07527,1.07577,1.075265,1.075725,441
2024-02-05T12:30:00+00:00,1.0757,1.07577,1.075355,1.075435,310
2024-02-05T12:35:00+00:00,1.07544,1.075495,1.07527,1.07542,220
2024-02-05T12:40:00+00:00,1.07544,1.075505,1.075075,1.07508,280
2024-02-05T12:45:00+00:00,1.075075,1.075395,1.075025,1.07538,344
2024-02-05T12:50:00+00:00,1.075385,1.07549,1.07515,1.075155,294
2024-02-05T12:55:00+00:00,1.075145,1.075195,1.07495,1.07498,398
2024-02-05T13:00:00+00:00,1.07497,1.075055,1.074555,1.07484,619
2024-02-05T13:05:00+00:00,1.074835,1.074885,1.074505,1.07461,367
2024-02-05T13:10:00+00:00,1.07459,1.074795,1.0745,1.07465,365
2024-02-05T13:15:00+00:00,1.074655,1.074765,1.07456,1.07462,379
2024-02-05T13:20:00+00:00,1.074615,1.074685,1.074495,1.0746,549
2024-02-05T13:25:00+00:00,1.07462,1.074655,1.074495,1.074585,408
2024-02-05T13:30:00+00:00,1.074565,1.07481,1.07451,1.07464,476
2024-02-05T13:35:00+00:00,1.074635,1.07469,1.07434,1.074445,448
2024-02-05T13:40:00+00:00,1.074435,1.07446,1.074305,1.07437,501
2024-02-05T13:45:00+00:00,1.074355,1.074575,1.07434,1.074535,295
2024-02-05T13:50:00+00:00,1.074525,1.07454,1.07381,1.07392,503
2024-02-05T13:55:00+00:00,1.073895,1.07401,1.073625,1.07375,450
2024-02-05T14:00:00+00:00,1.073755,1.074335,1.07373,1.074335,596
2024-02-05T14:05:00+00:00,1.07432,1.07446,1.07411,1.07439,389
2024-02-05T14:10:00+00:00,1.074385,1.074465,1.07414,1.07445,338
2024-02-05T14:15:00+00:00,1.074435,1.074485,1.074285,1.07434,316
2024-02-05T14:20:00+00:00,1.074315,1.074355,1.07417,1.074305,272
2024-02-05T14:25:00+00:00,1.0743,1.074505,1.074185,1.07419,340
2024-02-05T14:30:00+00:00,1.074195,1.074445,1.073875,1.07408,730
2024-02-05T14:35:00+00:00,1.07407,1.07407,1.073735,1.07379,539
2024-02-05T14:40:00+00:00,1.07381,1.07385,1.07353,1.07355,617
2024-02-05T14:45:00+00:00,1.073555,1.07414,1.073555,1.074085,983
2024-02-05T14:50:00+00:00,1.07408,1.07422,1.07367,1.074145,780
2024-02-05T14:55:00+00:00,1.07415,1.074405,1.073985,1.07424,694
2024-02-05T15:00:00+00:00,1.074215,1.074235,1.07254,1.072745,1892
2024-02-05T15:05:00+00:00,1.07276,1.07317,1.07261,1.07289,1339
2024-02-05T15:10:00+00:00,1.0729,1.07345,1.072855,1.073395,1120
2024-02-05T15:15:00+00:00,1.07339,1.073465,1.07276,1.072865,934
2024-02-05T15:20:00+00:00,1.07286,1.07308,1.072695,1.07289,960
2024-02-05T15:25:00+00:00,1.07288,1.07378,1.07287,1.073675,825
2024-02-05T15:30:00+00:00,1.07368,1.07382,1.07352,1.07352,839
2024-02-05T15:35:00+00:00,1.073525,1.073725,1.073145,1.073175,625
2024-02-05T15:40:00+00:00,1.073185,1.073185,1.07233,1.072545,809
2024-02-05T15:45:00+00:00,1.07254,1.072585,1.07237,1.07254,505
2024-02-05T15:50:00+00:00,1.072525,1.07319,1.07246,1.072485,884
2024-02-05T15:55:00+00:00,1.07249,1.07263,1.0724,1.072535,913
2024-02-05T16:00:00+00:00,1.07253,1.072855,1.07247,1.072845,535
2024-02-05T16:05:00+00:00,1.072855,1.073155,1.07276,1.072795,419
2024-02-05T16:10:00+00:00,1.0728,1.072865,1.072685,1.0727,342
2024-02-05T16:15:00+00:00,1.072705,1.0728,1.07257,1.072675,414
2024-02-05T16:20:00+00:00,1.07269,1.072795,1.07256,1.07265,354
2024-02-05T16:25:00+00:00,1.072645,1.07296,1.0726,1.07274,441
2024-02-05T16:30:00+00:00,1.072745,1.07316,1.07274,1.07313,405
2024-02-05T16:35:00+00:00,1.07312,1.073155,1.072935,1.072945,380
2024-02-05T16:40:00+00:00,1.07293,1.073075,1.072725,1.072855,410
2024-02-05T16:45:00+00:00,1.07287,1.073165,1.07287,1.07311,272
2024-02-05T16:50:00+00:00,1.073105,1.07342,1.073085,1.073325,397
2024-02-05T16:55:00+00:00,1.07332,1.0736,1.073305,1.073535,398
2024-02-05T17:00:00+00:00,1.07354,1.073605,1.07341,1.07348,366
2024-02-05T17:05:00+00:00,1.073475,1.07365,1.07346,1.073645,286
2024-02-05T17:10:00+00:00,1.07364,1.073655,1.073485,1.0736,179
2024-02-05T17:15:00+00:00,1.073595,1.073705,1.07354,1.0736,236
2024-02-05T17:20:00+00:00,1.073605,1.073915,1.073555,1.073855,281
2024-02-05T17:25:00+00:00,1.07386,1.07413,1.07377,1.07405,256
2024-02-05T17:30:00+00:00,1.07406,1.0742,1.073885,1.074185,310
2024-02-05T17:35:00+00:00,1.07417,1.074295,1.073935,1.074,381
2024-02-05T17:40:00+00:00,1.07401,1.07404,1.0738,1.073835,177
2024-02-05T17:45:00+00:00,1.07383,1.074145,1.073795,1.07411,241
2024-02-05T17:50:00+00:00,1.0741,1.074225,1.0739,1.07405,332
2024-02-05T17:55:00+00:00,1.074045,1.074095,1.073895,1.073925,282
2024-02-05T18:00:00+00:00,1.07393,1.074025,1.07375,1.074015,319
2024-02-05T18:05:00+00:00,1.07402,1.07408,1.073815,1.073935,229
2024-02-05T18:10:00+00:00,1.07395,1.07438,1.07389,1.074295,308
2024-02-05T18:15:00+00:00,1.0743,1.07438,1.074085,1.07438,222
2024-02-05T18:20:00+00:00,1.074375,1.074435,1.074135,1.0742,244
2024-02-05T18:25:00+00:00,1.07418,1.074395,1.07415,1.07415,183
2024-02-05T18:30:00+00:00,1.074155,1.074475,1.074145,1.0744,205
2024-02-05T18:35:00+00:00,1.07442,1.074515,1.07429,1.07451,290
2024-02-05T18:40:00+00:00,1.074515,1.0746,1.074455,1.074455,152
2024-02-05T18:45:00+00:00,1.07445,1.07466,1.07442,1.07466,152
2024-02-05T18:50:00+00:00,1.074655,1.07466,1.07428,1.07431,164
2024-02-05T18:55:00+00:00,1.074305,1.074535,1.074295,1.074405,215
2024-02-05T19:00:00+00:00,1.07441,1.07447,1.07433,1.07444,228
2024-02-05T19:05:00+00:00,1.074445,1.074625,1.07442,1.07451,202
2024-02-05T19:10:00+00:00,1.074515,1.07454,1.07438,1.07438,201
2024-02-05T19:15:00+00:00,1.074365,1.07444,1.07423,1.07428,171
2024-02-05T19:20:00+00:00,1.074285,1.0745,1.074265,1.074495,167
2024-02-05T19:25:00+00:00,1.0745,1.0746,1.07448,1.074535,200
2024-02-05T19:30:00+00:00,1.074525,1.074655,1.074505,1.074605,192
2024-02-05T19:35:00+00:00,1.0746,1.074605,1.07442,1.074445,142
2024-02-05T19:40:00+00:00,1.07445,1.0745,1.074325,1.07434,230
2024-02-05T19:45:00+00:00,1.074345,1.07449,1.074325,1.074485,198
2024-02-05T19:50:00+00:00,1.074495,1.07454,1.07436,1.07439,257
2024-02-05T19:55:00+00:00,1.074385,1.07441,1.07422,1.0743,290
2024-02-05T20:00:00+00:00,1.074305,1.07431,1.07402,1.074055,211
2024-02-05T20:05:00+00:00,1.074045,1.07414,1.074015,1.07404,228
2024-02-05T20:10:00+00:00,1.074045,1.074065,1.073685,1.07374,292
2024-02-05T20:15:00+00:00,1.073745,1.074055,1.07372,1.07387,426
2024-02-05T20:20:00+00:00,1.073875,1.07389,1.073695,1.073835,268
2024-02-05T20:25:00+00:00,1.073825,1.07399,1.073825,1.07394,181
2024-02-05T20:30:00+00:00,1.073935,1.07401,1.073895,1.07393,243
2024-02-05T20:35:00+00:00,1.073935,1.07406,1.07393,1.07403,232
2024-02-05T20:40:00+00:00,1.074035,1.074195,1.074035,1.074145,240
2024-02-05T20:45:00+00:00,1.07415,1.074415,1.074145,1.07425,216
2024-02-05T20:50:00+00:00,1.074265,1.074385,1.07423,1.07426,206
2024-02-05T20:55:00+00:00,1.074265,1.07436,1.07423,1.07426,303
2024-02-05T21:00:00+00:00,1.074265,1.0743,1.074105,1.07411,269
2024-02-05T21:05:00+00:00,1.074105,1.074135,1.074075,1.0741,180
2024-02-05T21:10:00+00:00,1.074095,1.074105,1.07399,1.07399,78
2024-02-05T21:15:00+00:00,1.073995,1.074055,1.07398,1.07404,160
2024-02-05T21:20:00+00:00,1.07403,1.07405,1.07398,1.073995,122
2024-02-05T21:25:00+00:00,1.074,1.07406,1.07394,1.07403,118
2024-02-05T21:30:00+00:00,1.074035,1.074075,1.07397,1.07398,222
2024-02-05T21:35:00+00:00,1.073985,1.07405,1.073985,1.07403,167
2024-02-05T21:40:00+00:00,1.07404,1.07409,1.07403,1.074065,133
2024-02-05T21:45:00+00:00,1.07407,1.074115,1.07407,1.074115,110
2024-02-05T21:50:00+00:00,1.07412,1.07413,1.07405,1.07412,265
2024-02-05T21:55:00+00:00,1.074115,1.074275,1.074115,1.07424,326
2024-02-05T23:00:00+00:00,1.07436,1.074365,1.074235,1.07424,95
2024-02-05T23:05:00+00:00,1.074235,1.07434,1.074235,1.07433,81
2024-02-05T23:10:00+00:00,1.07431,1.07431,1.07427,1.074285,25
2024-02-05T23:15:00+00:00,1.07428,1.0743,1.07427,1.07429,31
2024-02-05T23:20:00+00:00,1.07429,1.07434,1.07428,1.07433,40
2024-02-05T23:25:00+00:00,1.074325,1.07434,1.074285,1.074295,39
2024-02-05T23:30:00+00:00,1.0743,1.07431,1.074285,1.07429,35
2024-02-05T23:35:00+00:00,1.074295,1.074295,1.074115,1.074115,77
2024-02-05T23:40:00+00:00,1.07412,1.07429,1.07412,1.074285,80
2024-02-05T23:45:00+00:00,1.07428,1.074285,1.07421,1.074215,47
2024-02-05T23:50:00+00:00,1.07422,1.07435,1.07422,1.074285,71
2024-02-05T23:55:00+00:00,1.07429,1.07429,1.074095,1.07411,96
2024-02-05T22:00:00+00:00,1.074255,1.074365,1.074245,1.07436,37
2024-02-05T22:05:00+00:00,1.074245,1.074255,1.074195,1.074215,40
2024-02-05T22:10:00+00:00,1.07421,1.07421,1.074035,1.07408,87
2024-02-05T22:15:00+00:00,1.07407,1.074095,1.073935,1.073975,101
2024-02-05T22:20:00+00:00,1.073955,1.073975,1.073915,1.073965,45
2024-02-05T22:25:00+00:00,1.073935,1.073965,1.07393,1.073945,66
2024-02-05T22:30:00+00:00,1.07395,1.0743,1.07395,1.07423,85
2024-02-05T22:35:00+00:00,1.074225,1.07425,1.07419,1.0742,42
2024-02-05T22:40:00+00:00,1.07422,1.074235,1.074165,1.07418,28
2024-02-05T22:45:00+00:00,1.074175,1.074415,1.074165,1.074385,103
2024-02-05T22:50:00+00:00,1.074405,1.07442,1.074315,1.074365,68
2024-02-05T22:55:00+00:00,1.07436,1.074405,1.074335,1.074365,147
2024-02-06T00:00:00+00:00,1.074105,1.07434,1.074105,1.074295,166
2024-02-06T00:05:00+00:00,1.07429,1.0744,1.07429,1.07429,119
2024-02-06T00:10:00+00:00,1.07428,1.074345,1.07421,1.07425,143
2024-02-06T00:15:00+00:00,1.074255,1.07433,1.07424,1.074285,129
2024-02-06T00:20:00+00:00,1.07428,1.074325,1.074215,1.074295,155
2024-02-06T00:25:00+00:00,1.0743,1.074335,1.074225,1.07425,106
2024-02-06T00:30:00+00:00,1.074245,1.07435,1.07423,1.074275,127
2024-02-06T00:35:00+00:00,1.07427,1.074385,1.07427,1.074375,96
2024-02-06T00:40:00+00:00,1.07438,1.07443,1.074345,1.074405,108
2024-02-06T00:45:00+00:00,1.07441,1.07453,1.074405,1.07449,130
2024-02-06T00:50:00+00:00,1.07448,1.074495,1.07432,1.074395,113
2024-02-06T00:55:00+00:00,1.07437,1.07445,1.07434,1.07439,120
2024-02-06T02:00:00+00:00,1.07455,1.07458,1.074435,1.074565,195
2024-02-06T02:05:00+00:00,1.074535,1.07468,1.07446,1.074665,244
2024-02-06T02:10:00+00:00,1.07467,1.07467,1.07439,1.074455,184
2024-02-06T02:15:00+00:00,1.07446,1.074535,1.07445,1.074485,124
2024-02-06T02:20:00+00:00,1.07448,1.074525,1.074425,1.074485,175
2024-02-06T02:25:00+00:00,1.074495,1.074595,1.07447,1.07452,123
2024-02-06T02:30:00+00:00,1.074515,1.074585,1.07449,1.074565,127
2024-02-06T02:35:00+00:00,1.07455,1.074775,1.07453,1.074745,251
2024-02-06T02:40:00+00:00,1.07475,1.07491,1.07475,1.074895,203
2024-02-06T02:45:00+00:00,1.07489,1.074905,1.07474,1.07475,86
2024-02-06T02:50:00+00:00,1.07473,1.074785,1.0747,1.07471,152
2024-02-06T02:55:00+00:00,1.074705,1.07471,1.07455,1.0746,200
2024-02-06T01:00:00+00:00,1.074395,1.07453,1.074395,1.074505,208
2024-02-06T01:05:00+00:00,1.07451,1.07453,1.074365,1.07451,327
2024-02-06T01:10:00+00:00,1.074515,1.074725,1.074515,1.07464,225
2024-02-06T01:15:00+00:00,1.07463,1.074695,1.07442,1.07443,260
2024-02-06T01:20:00+00:00,1.07442,1.074445,1.07428,1.074425,256
2024-02-06T01:25:00+00:00,1.07441,1.074525,1.07427,1.07448,255
2024-02-06T01:30:00+00:00,1.074485,1.07463,1.074475,1.074515,184
2024-02-06T01:35:00+00:00,1.074525,1.07458,1.07435,1.074355,238
2024-02-06T01:40:00+00:00,1.07435,1.07435,1.074165,1.074325,207
2024-02-06T01:45:00+00:00,1.074305,1.074635,1.074295,1.07462,248
2024-02-06T01:50:00+00:00,1.074605,1.074635,1.074505,1.074585,243
2024-02-06T01:55:00+00:00,1.07459,1.07464,1.07448,1.07454,327
2024-02-06T04:00:00+00:00,1.0744,1.07455,1.074355,1.07449,192
2024-02-06T04:05:00+00:00,1.0745,1.07451,1.07442,1.074445,137
2024-02-06T04:10:00+00:00,1.07444,1.07446,1.07438,1.074455,138
2024-02-06T04:15:00+00:00,1.07446,1.074755,1.074395,1.074755,262
2024-02-06T04:20:00+00:00,1.07475,1.074765,1.074615,1.074695,183
2024-02-06T04:25:00+00:00,1.0747,1.07504,1.07469,1.075035,301
2024-02-06T04:30:00+00:00,1.075035,1.07504,1.07484,1.074895,165
2024-02-06T04:35:00+00:00,1.07489,1.074895,1.07471,1.07474,176
2024-02-06T04:40:00+00:00,1.074755,1.07493,1.07474,1.07485,169
2024-02-06T04:45:00+00:00,1.074855,1.07502,1.074845,1.07497,155
2024-02-06T04:50:00+00:00,1.074985,1.075015,1.0749,1.074905,144
2024-02-06T04:55:00+00:00,1.074895,1.07491,1.07481,1.074905,172
2024-02-06T03:00:00+00:00,1.074605,1.074675,1.07454,1.07466,201
2024-02-06T03:05:00+00:00,1.07465,1.07471,1.07462,1.074645,123
2024-02-06T03:10:00+00:00,1.074635,1.074685,1.074545,1.074585,156
2024-02-06T03:15:00+00:00,1.074575,1.074725,1.074545,1.074705,192
2024-02-06T03:20:00+00:00,1.0747,1.07478,1.074695,1.074765,126
2024-02-06T03:25:00+00:00,1.074775,1.07482,1.0746,1.07463,162
2024-02-06T03:30:00+00:00,1.074635,1.0749,1.074575,1.07476,389
2024-02-06T03:35:00+00:00,1.074765,1.07482,1.074695,1.07471,263
2024-02-06T03:40:00+00:00,1.074715,1.074715,1.074455,1.074455,210
2024-02-06T03:45:00+00:00,1.07445,1.074545,1.07438,1.07441,251
2024-02-06T03:50:00+00:00,1.074405,1.074505,1.074355,1.07444,170
2024-02-06T03:55:00+00:00,1.074435,1.07446,1.07439,1.074405,139
2024-02-06T06:00:00+00:00,1.07535,1.07535,1.075055,1.07508,119
2024-02-06T06:05:00+00:00,1.075075,1.07515,1.074945,1.07504,155
2024-02-06T06:10:00+00:00,1.07505,1.07521,1.07505,1.07509,145
2024-02-06T06:15:00+00:00,1.075085,1.0751,1.074965,1.075045,185
2024-02-06T06:20:00+00:00,1.07503,1.07513,1.07498,1.07508,135
2024-02-06T06:25:00+00:00,1.075085,1.075105,1.07492,1.074945,261
2024-02-06T06:30:00+00:00,1.07495,1.07499,1.074835,1.074955,173
2024-02-06T06:35:00+00:00,1.07498,1.074985,1.07484,1.07494,214
2024-02-06T06:40:00+00:00,1.074945,1.0753,1.074935,1.075145,208
2024-02-06T06:45:00+00:00,1.07515,1.07515,1.07504,1.0751,89
2024-02-06T06:50:00+00:00,1.07511,1.07531,1.07511,1.0752,202
2024-02-06T06:55:00+00:00,1.075195,1.07531,1.0751,1.0751,348
2024-02-06T05:00:00+00:00,1.07491,1.075075,1.07489,1.07492,355
2024-02-06T05:05:00+00:00,1.074915,1.07516,1.074875,1.07511,253
2024-02-06T05:10:00+00:00,1.07514,1.07516,1.07499,1.075,266
2024-02-06T05:15:00+00:00,1.075005,1.075065,1.07491,1.07505,201
2024-02-06T05:20:00+00:00,1.07504,1.075065,1.07497,1.075,218
2024-02-06T05:25:00+00:00,1.075005,1.075135,1.07495,1.075105,131
2024-02-06T05:30:00+00:00,1.07511,1.07527,1.07511,1.075265,220
2024-02-06T05:35:00+00:00,1.07527,1.075275,1.07513,1.075255,263
2024-02-06T05:40:00+00:00,1.075265,1.0754,1.075255,1.075385,303
2024-02-06T05:45:00+00:00,1.07539,1.075405,1.075255,1.07529,261
2024-02-06T05:50:00+00:00,1.075285,1.075365,1.07526,1.075355,197
2024-02-06T05:55:00+00:00,1.075365,1.075415,1.0753,1.07536,235
2024-02-06T07:00:00+00:00,1.07511,1.075775,1.075085,1.075655,737
2024-02-06T07:05:00+00:00,1.07566,1.076085,1.07566,1.07592,484
2024-02-06T07:10:00+00:00,1.075935,1.076155,1.075895,1.07605,441
2024-02-06T07:15:00+00:00,1.076055,1.076245,1.07604,1.07622,369
2024-02-06T07:20:00+00:00,1.07622,1.076245,1.07576,1.07576,310
2024-02-06T07:25:00+00:00,1.075755,1.07594,1.075735,1.075815,322
2024-02-06T07:30:00+00:00,1.0758,1.07604,1.075505,1.07553,496
2024-02-06T07:35:00+00:00,1.07552,1.07569,1.075415,1.075655,325
2024-02-06T07:40:00+00:00,1.07565,1.075735,1.075545,1.0757,291
2024-02-06T07:45:00+00:00,1.075705,1.07575,1.07541,1.075475,390
2024-02-06T07:50:00+00:00,1.07547,1.07565,1.07532,1.075445,270
2024-02-06T07:55:00+00:00,1.07543,1.075435,1.07518,1.07519,396
2024-02-06T08:00:00+00:00,1.075195,1.07554,1.07519,1.075295,582
2024-02-06T08:05:00+00:00,1.075275,1.07561,1.075255,1.07534,462
2024-02-06T08:10:00+00:00,1.075305,1.07575,1.07523,1.075695,606
2024-02-06T08:15:00+00:00,1.0757,1.075755,1.07546,1.07558,564
2024-02-06T08:20:00+00:00,1.07559,1.07601,1.075465,1.075785,541
2024-02-06T08:25:00+00:00,1.07578,1.07593,1.075585,1.075645,473
2024-02-06T08:30:00+00:00,1.075625,1.075795,1.07532,1.07568,368
2024-02-06T08:35:00+00:00,1.075685,1.075725,1.07538,1.07554,419
2024-02-06T08:40:00+00:00,1.075545,1.075605,1.075065,1.075185,347
2024-02-06T08:45:00+00:00,1.075165,1.075165,1.074645,1.07481,483
2024-02-06T08:50:00+00:00,1.07479,1.07482,1.07456,1.074685,360
2024-02-06T08:55:00+00:00,1.07468,1.074715,1.07451,1.074615,406
2024-02-06T09:00:00+00:00,1.074625,1.074745,1.07435,1.07451,591
2024-02-06T09:05:00+00:00,1.07451,1.0747,1.074485,1.074595,452
2024-02-06T09:10:00+00:00,1.07459,1.074595,1.074105,1.074385,339
2024-02-06T09:15:00+00:00,1.07437,1.074375,1.074165,1.074175,273
2024-02-06T09:20:00+00:00,1.074175,1.074205,1.073915,1.07403,278
2024-02-06T09:25:00+00:00,1.074025,1.074075,1.073905,1.074075,166
2024-02-06T09:30:00+00:00,1.07408,1.074415,1.07385,1.07441,432
2024-02-06T09:35:00+00:00,1.074395,1.07453,1.07418,1.074205,438
2024-02-06T09:40:00+00:00,1.07421,1.07423,1.07381,1.073855,421
2024-02-06T09:45:00+00:00,1.073845,1.07386,1.07356,1.073605,400
2024-02-06T09:50:00+00:00,1.07361,1.07361,1.073235,1.07325,239
2024-02-06T09:55:00+00:00,1.073255,1.07326,1.072555,1.072925,594
2024-02-06T10:00:00+00:00,1.07292,1.073215,1.0728,1.073075,397
2024-02-06T10:05:00+00:00,1.07306,1.073235,1.073015,1.073125,183
2024-02-06T10:10:00+00:00,1.07312,1.073385,1.07306,1.07335,255
2024-02-06T10:15:00+00:00,1.073345,1.07344,1.07328,1.073325,209
2024-02-06T10:20:00+00:00,1.073335,1.07365,1.07328,1.073615,207
2024-02-06T10:25:00+00:00,1.07362,1.07363,1.07306,1.07307,213
2024-02-06T10:30:00+00:00,1.073075,1.073085,1.07286,1.07292,273
2024-02-06T10:35:00+00:00,1.072895,1.07319,1.072865,1.07318,239
2024-02-06T10:40:00+00:00,1.07317,1.073275,1.0728,1.072875,211
2024-02-06T10:45:00+00:00,1.07287,1.073135,1.072835,1.073065,203
2024-02-06T10:50:00+00:00,1.07307,1.073335,1.072985,1.073135,258
2024-02-06T10:55:00+00:00,1.07313,1.07318,1.072775,1.07292,250
2024-02-06T11:00:00+00:00,1.072925,1.073065,1.072875,1.072965,283
2024-02-06T11:05:00+00:00,1.07297,1.07297,1.072655,1.072665,334
2024-02-06T11:10:00+00:00,1.07266,1.072755,1.07255,1.07263,290
2024-02-06T11:15:00+00:00,1.072635,1.07286,1.072435,1.072845,275
2024-02-06T11:20:00+00:00,1.07283,1.073365,1.07283,1.073365,307
2024-02-06T11:25:00+00:00,1.07336,1.073465,1.07332,1.073415,188
2024-02-06T11:30:00+00:00,1.07341,1.073525,1.07326,1.073485,242
2024-02-06T11:35:00+00:00,1.07348,1.07349,1.07329,1.07349,184
2024-02-06T11:40:00+00:00,1.0735,1.073955,1.0735,1.07395,433
2024-02-06T11:45:00+00:00,1.07393,1.074105,1.073885,1.07404,431
2024-02-06T11:50:00+00:00,1.074045,1.074305,1.074,1.074045,294
2024-02-06T11:55:00+00:00,1.074035,1.07417,1.073865,1.073865,228
2024-02-06T13:00:00+00:00,1.073605,1.07379,1.073195,1.07367,629
2024-02-06T13:05:00+00:00,1.07366,1.074405,1.07366,1.074245,881
2024-02-06T13:10:00+00:00,1.07425,1.07426,1.073735,1.074,522
2024-02-06T13:15:00+00:00,1.074005,1.07417,1.07377,1.07382,683
2024-02-06T13:20:00+00:00,1.073805,1.07382,1.07335,1.07335,582
2024-02-06T13:25:00+00:00,1.07336,1.073465,1.073165,1.073175,539
2024-02-06T13:30:00+00:00,1.07317,1.073485,1.073035,1.073175,382
2024-02-06T13:35:00+00:00,1.07318,1.07333,1.072815,1.072905,337
2024-02-06T13:40:00+00:00,1.07291,1.073265,1.07291,1.07318,346
2024-02-06T13:45:00+00:00,1.073185,1.073365,1.07305,1.07314,580
2024-02-06T13:50:00+00:00,1.073155,1.07325,1.072935,1.073005,583
2024-02-06T13:55:00+00:00,1.07301,1.0731,1.07281,1.07306,546
2024-02-06T12:00:00+00:00,1.073855,1.073935,1.07362,1.07363,226
2024-02-06T12:05:00+00:00,1.073635,1.07368,1.073465,1.07355,257
2024-02-06T12:10:00+00:00,1.07357,1.07384,1.07345,1.07347,278
2024-02-06T12:15:00+00:00,1.07346,1.07359,1.073435,1.073475,277
2024-02-06T12:20:00+00:00,1.07348,1.07348,1.07314,1.07314,191
2024-02-06T12:25:00+00:00,1.073145,1.07318,1.072725,1.07278,282
2024-02-06T12:30:00+00:00,1.072785,1.072785,1.072265,1.07249,303
2024-02-06T12:35:00+00:00,1.072495,1.0729,1.07249,1.0729,388
2024-02-06T12:40:00+00:00,1.07289,1.073335,1.07289,1.073335,329
2024-02-06T12:45:00+00:00,1.073345,1.07354,1.073285,1.073335,293
2024-02-06T12:50:00+00:00,1.07334,1.073535,1.073285,1.073435,329
2024-02-06T12:55:00+00:00,1.073445,1.07389,1.07344,1.07359,568
2024-02-06T14:00:00+00:00,1.073045,1.0737,1.072975,1.073695,658
2024-02-06T14:05:00+00:00,1.07369,1.073775,1.07331,1.073385,464
2024-02-06T14:10:00+00:00,1.07339,1.073565,1.07316,1.073505,609
2024-02-06T14:15:00+00:00,1.07351,1.073565,1.073005,1.07313,629
2024-02-06T14:20:00+00:00,1.073125,1.073345,1.072905,1.07322,596
2024-02-06T14:25:00+00:00,1.073215,1.073485,1.073115,1.073275,626
2024-02-06T14:30:00+00:00,1.07329,1.07381,1.07329,1.073655,984
2024-02-06T14:35:00+00:00,1.07364,1.073725,1.073015,1.07306,843
2024-02-06T14:40:00+00:00,1.073065,1.074045,1.073055,1.07395,815
2024-02-06T14:45:00+00:00,1.073955,1.074285,1.0739,1.074245,964
2024-02-06T14:50:00+00:00,1.074265,1.07437,1.07392,1.074295,674
2024-02-06T14:55:00+00:00,1.07429,1.074295,1.07393,1.074035,610
2024-02-06T15:00:00+00:00,1.074065,1.074145,1.07368,1.07391,516
2024-02-06T15:05:00+00:00,1.0739,1.07438,1.073685,1.074225,707
2024-02-06T15:10:00+00:00,1.07423,1.07471,1.07422,1.074685,636
2024-02-06T15:15:00+00:00,1.074695,1.07474,1.074215,1.074705,684
2024-02-06T15:20:00+00:00,1.07472,1.074805,1.073955,1.07404,688
2024-02-06T15:25:00+00:00,1.07405,1.074385,1.07394,1.074225,709
2024-02-06T15:30:00+00:00,1.07422,1.0745,1.073965,1.074415,677
2024-02-06T15:35:00+00:00,1.07441,1.07484,1.07432,1.074385,547
2024-02-06T15:40:00+00:00,1.07437,1.07458,1.07416,1.074525,658
2024-02-06T15:45:00+00:00,1.07453,1.074635,1.074095,1.07432,691
2024-02-06T15:50:00+00:00,1.074315,1.07444,1.07408,1.074185,614
2024-02-06T15:55:00+00:00,1.07419,1.074445,1.07412,1.074335,653
2024-02-06T17:00:00+00:00,1.075055,1.075165,1.074795,1.074825,683
2024-02-06T17:05:00+00:00,1.07482,1.075135,1.07479,1.07506,417
2024-02-06T17:10:00+00:00,1.07505,1.075195,1.074865,1.075055,407
2024-02-06T17:15:00+00:00,1.07506,1.07519,1.074985,1.075165,378
2024-02-06T17:20:00+00:00,1.07516,1.07537,1.075045,1.075335,448
2024-02-06T17:25:00+00:00,1.07533,1.075355,1.07513,1.07515,583
2024-02-06T17:30:00+00:00,1.075165,1.075255,1.07492,1.074945,495
2024-02-06T17:35:00+00:00,1.074935,1.075005,1.07483,1.0749,273
2024-02-06T17:40:00+00:00,1.07489,1.075155,1.074885,1.075155,210
2024-02-06T17:45:00+00:00,1.07516,1.07523,1.07498,1.075225,407
2024-02-06T17:50:00+00:00,1.07522,1.075395,1.07522,1.075385,297
2024-02-06T17:55:00+00:00,1.07538,1.075525,1.07506,1.0751,367
2024-02-06T18:00:00+00:00,1.075095,1.07557,1.074935,1.07518,436
2024-02-06T18:05:00+00:00,1.075195,1.07531,1.074865,1.07493,509
2024-02-06T18:10:00+00:00,1.07491,1.075065,1.074755,1.07492,421
2024-02-06T18:15:00+00:00,1.074885,1.075155,1.07479,1.074795,315
2024-02-06T18:20:00+00:00,1.0748,1.074805,1.07436,1.07439,408
2024-02-06T18:25:00+00:00,1.074395,1.07465,1.07439,1.0746,273
2024-02-06T18:30:00+00:00,1.074605,1.074845,1.074605,1.074795,289
2024-02-06T18:35:00+00:00,1.07478,1.07486,1.074645,1.074835,326
2024-02-06T18:40:00+00:00,1.074845,1.07521,1.074835,1.07518,233
2024-02-06T18:45:00+00:00,1.075175,1.07544,1.075175,1.07543,402
2024-02-06T18:50:00+00:00,1.075435,1.075435,1.075285,1.07533,255
2024-02-06T18:55:00+00:00,1.07532,1.075435,1.07527,1.0754,337
2024-02-06T19:00:00+00:00,1.075395,1.07547,1.07529,1.075335,355
2024-02-06T19:05:00+00:00,1.07533,1.075335,1.07496,1.075035,268
2024-02-06T19:10:00+00:00,1.07503,1.07507,1.074705,1.07472,247
2024-02-06T19:15:00+00:00,1.074715,1.07493,1.074705,1.074885,332
2024-02-06T19:20:00+00:00,1.07489,1.075145,1.07482,1.07505,387
2024-02-06T19:25:00+00:00,1.075045,1.075105,1.074775,1.074815,332
2024-02-06T19:30:00+00:00,1.07481,1.07503,1.074795,1.074995,309
2024-02-06T19:35:00+00:00,1.075,1.075065,1.074745,1.074855,345
2024-02-06T19:40:00+00:00,1.07485,1.074885,1.07469,1.07481,445
2024-02-06T19:45:00+00:00,1.074815,1.074925,1.074745,1.074895,283
2024-02-06T19:50:00+00:00,1.07489,1.07491,1.07479,1.074855,256
2024-02-06T19:55:00+00:00,1.07485,1.07503,1.0748,1.07494,497
2024-02-06T20:00:00+00:00,1.07495,1.0751,1.074945,1.07496,256
2024-02-06T20:05:00+00:00,1.074965,1.07539,1.074965,1.075375,186
2024-02-06T20:10:00+00:00,1.07538,1.075435,1.075295,1.075375,206
2024-02-06T20:15:00+00:00,1.07538,1.07539,1.07526,1.075335,188
2024-02-06T20:20:00+00:00,1.07534,1.07534,1.07512,1.075165,238
2024-02-06T20:25:00+00:00,1.07516,1.075295,1.075115,1.075285,356
2024-02-06T20:30:00+00:00,1.07528,1.07544,1.07522,1.075375,270
2024-02-06T20:35:00+00:00,1.07536,1.07544,1.0753,1.075305,201
2024-02-06T20:40:00+00:00,1.07531,1.075345,1.07518,1.07533,255
2024-02-06T20:45:00+00:00,1.07534,1.075415,1.075305,1.07539,294
2024-02-06T20:50:00+00:00,1.075395,1.07553,1.075355,1.0755,241
2024-02-06T20:55:00+00:00,1.07549,1.07575,1.07549,1.075675,307
2024-02-06T22:00:00+00:00,1.07547,1.07548,1.07543,1.07548,8
2024-02-06T22:05:00+00:00,1.075495,1.075535,1.07535,1.075355,65
2024-02-06T22:10:00+00:00,1.075365,1.075595,1.07533,1.075595,97
2024-02-06T22:15:00+00:00,1.075605,1.075605,1.07514,1.07545,146
2024-02-06T22:20:00+00:00,1.07546,1.075515,1.07546,1.07548,23
2024-02-06T22:25:00+00:00,1.07551,1.075575,1.07541,1.07547,217
2024-02-06T22:30:00+00:00,1.075465,1.07557,1.075425,1.07551,329
2024-02-06T22:35:00+00:00,1.075505,1.07551,1.075395,1.075415,871
2024-02-06T22:40:00+00:00,1.075435,1.07549,1.075345,1.075395,240
2024-02-06T22:45:00+00:00,1.07539,1.07542,1.075385,1.075395,271
2024-02-06T22:50:00+00:00,1.075395,1.075455,1.075335,1.075445,136
2024-02-06T22:55:00+00:00,1.07545,1.075465,1.075415,1.07544,416
2024-02-06T23:00:00+00:00,1.075455,1.075665,1.075425,1.075595,158
2024-02-06T23:05:00+00:00,1.07559,1.075615,1.075555,1.075585,76
2024-02-06T23:10:00+00:00,1.07558,1.07561,1.075555,1.0756,86
2024-02-06T23:15:00+00:00,1.075605,1.075615,1.07557,1.075575,53
2024-02-06T23:20:00+00:00,1.07557,1.075595,1.07555,1.07559,91
2024-02-06T23:25:00+00:00,1.075595,1.07561,1.075565,1.0756,84
2024-02-06T23:30:00+00:00,1.075595,1.07565,1.075565,1.07565,105
2024-02-06T23:35:00+00:00,1.07566,1.075675,1.07555,1.07562,56
2024-02-06T23:40:00+00:00,1.075625,1.075675,1.07561,1.07561,55
2024-02-06T23:45:00+00:00,1.075615,1.07563,1.07558,1.07561,53
2024-02-06T23:50:00+00:00,1.075595,1.075665,1.075595,1.075645,59
2024-02-06T23:55:00+00:00,1.07564,1.07569,1.075625,1.07568,78
2024-02-07T02:00:00+00:00,1.07635,1.07636,1.07621,1.076235,220
2024-02-07T02:05:00+00:00,1.07623,1.07632,1.0762,1.076275,226
2024-02-07T02:10:00+00:00,1.076285,1.07641,1.076175,1.076405,242
2024-02-07T02:15:00+00:00,1.0764,1.07646,1.07637,1.07643,173
2024-02-07T02:20:00+00:00,1.076425,1.07649,1.076395,1.07641,162
2024-02-07T02:25:00+00:00,1.07644,1.076555,1.076395,1.076515,259
2024-02-07T02:30:00+00:00,1.07651,1.07657,1.07642,1.07647,291
2024-02-07T02:35:00+00:00,1.076465,1.076575,1.07645,1.07653,288
2024-02-07T02:40:00+00:00,1.076535,1.076535,1.076385,1.076475,160
2024-02-07T02:45:00+00:00,1.07647,1.07653,1.07635,1.07638,174
2024-02-07T02:50:00+00:00,1.07637,1.076465,1.07637,1.076405,145
2024-02-07T02:55:00+00:00,1.0764,1.07643,1.076345,1.07637,203
2024-02-07T03:00:00+00:00,1.076375,1.07638,1.0763,1.0763,127
2024-02-07T03:05:00+00:00,1.076285,1.076445,1.076285,1.076395,130
2024-02-07T03:10:00+00:00,1.07639,1.07657,1.07638,1.076565,137
2024-02-07T03:15:00+00:00,1.07657,1.07666,1.07652,1.076645,81
2024-02-07T03:20:00+00:00,1.07664,1.07664,1.076365,1.076415,107
2024-02-07T03:25:00+00:00,1.076405,1.076415,1.076325,1.07639,166
2024-02-07T03:30:00+00:00,1.076385,1.07639,1.07626,1.07627,114
2024-02-07T03:35:00+00:00,1.076265,1.076335,1.0761,1.076105,107
2024-02-07T03:40:00+00:00,1.07611,1.07619,1.07606,1.07613,92
2024-02-07T03:45:00+00:00,1.076125,1.076125,1.076015,1.07605,117
2024-02-07T03:50:00+00:00,1.076055,1.076075,1.075925,1.075935,154
2024-02-07T03:55:00+00:00,1.07594,1.07601,1.075855,1.075895,102
2024-02-07T04:00:00+00:00,1.075885,1.075905,1.075735,1.0758,111
2024-02-07T04:05:00+00:00,1.075795,1.07582,1.075675,1.075715,108
2024-02-07T04:10:00+00:00,1.07572,1.075815,1.075715,1.075775,34
2024-02-07T04:15:00+00:00,1.07578,1.076,1.075765,1.075995,129
2024-02-07T04:20:00+00:00,1.076,1.07601,1.07592,1.07594,94
2024-02-07T04:25:00+00:00,1.075945,1.07601,1.07586,1.07589,135
2024-02-07T04:30:00+00:00,1.075895,1.075915,1.075825,1.07586,107
2024-02-07T04:35:00+00:00,1.075865,1.075865,1.075795,1.075835,114
2024-02-07T04:40:00+00:00,1.07584,1.075875,1.075805,1.07586,134
2024-02-07T04:45:00+00:00,1.075855,1.076025,1.075805,1.07581,159
2024-02-07T04:50:00+00:00,1.075805,1.07599,1.075785,1.0759,151
2024-02-07T04:55:00+00:00,1.07589,1.075955,1.07587,1.075915,137
2024-02-07T05:00:00+00:00,1.0759,1.0761,1.07589,1.07596,193
2024-02-07T05:05:00+00:00,1.075965,1.07598,1.07589,1.07591,122
2024-02-07T05:10:00+00:00,1.075905,1.07591,1.075805,1.07587,117
2024-02-07T05:15:00+00:00,1.075865,1.07611,1.07585,1.07607,169
2024-02-07T05:20:00+00:00,1.076065,1.076085,1.07601,1.076055,113
2024-02-07T05:25:00+00:00,1.076075,1.076155,1.076005,1.076155,156
2024-02-07T05:30:00+00:00,1.07616,1.076265,1.07614,1.07625,145
2024-02-07T05:35:00+00:00,1.076255,1.076255,1.076055,1.076095,135
2024-02-07T05:40:00+00:00,1.07608,1.076225,1.076015,1.07622,103
2024-02-07T05:45:00+00:00,1.076225,1.076415,1.076185,1.076385,116
2024-02-07T05:50:00+00:00,1.076395,1.07646,1.07633,1.076355,141
2024-02-07T05:55:00+00:00,1.07635,1.07637,1.07625,1.076275,164
2024-02-07T06:00:00+00:00,1.07627,1.07639,1.07626,1.076385,170
2024-02-07T06:05:00+00:00,1.07638,1.07657,1.076315,1.07653,166
2024-02-07T06:10:00+00:00,1.076495,1.0765,1.076265,1.076295,187
2024-02-07T06:15:00+00:00,1.07629,1.076375,1.076185,1.07629,133
2024-02-07T06:20:00+00:00,1.076295,1.076295,1.07608,1.076125,170
2024-02-07T06:25:00+00:00,1.07613,1.07618,1.075865,1.07587,212
2024-02-07T06:30:00+00:00,1.075865,1.075925,1.075735,1.07577,228
2024-02-07T06:35:00+00:00,1.075765,1.075835,1.07569,1.075835,127
2024-02-07T06:40:00+00:00,1.075845,1.076065,1.07584,1.076015,162
2024-02-07T06:45:00+00:00,1.076005,1.076165,1.075965,1.076095,232
2024-02-07T06:50:00+00:00,1.0761,1.076305,1.0761,1.076165,138
2024-02-07T06:55:00+00:00,1.07617,1.076235,1.076075,1.076125,194
2024-02-07T07:00:00+00:00,1.076135,1.076565,1.076105,1.07643,452
2024-02-07T07:05:00+00:00,1.076425,1.076755,1.0763,1.076555,330
2024-02-07T07:10:00+00:00,1.07656,1.07693,1.07656,1.07691,320
2024-02-07T07:15:00+00:00,1.076915,1.077135,1.076825,1.07694,361
2024-02-07T07:20:00+00:00,1.076945,1.07714,1.076905,1.077,307
2024-02-07T07:25:00+00:00,1.077,1.077115,1.076875,1.07707,226
2024-02-07T07:30:00+00:00,1.077065,1.07721,1.076835,1.07696,339
2024-02-07T07:35:00+00:00,1.076965,1.077165,1.076855,1.077155,309
2024-02-07T07:40:00+00:00,1.07716,1.07718,1.076985,1.07701,350
2024-02-07T07:45:00+00:00,1.077005,1.07706,1.076735,1.07695,367
2024-02-07T07:50:00+00:00,1.07696,1.077285,1.07695,1.077105,257
2024-02-07T07:55:00+00:00,1.077095,1.077285,1.077035,1.07726,356
2024-02-07T08:00:00+00:00,1.077265,1.07735,1.076995,1.07715,643
2024-02-07T08:05:00+00:00,1.077155,1.07716,1.076745,1.07677,383
2024-02-07T08:10:00+00:00,1.076775,1.07693,1.07651,1.076565,449
2024-02-07T08:15:00+00:00,1.07655,1.076745,1.07629,1.076725,404
2024-02-07T08:20:00+00:00,1.07672,1.07672,1.076235,1.07635,380
2024-02-07T08:25:00+00:00,1.07636,1.076395,1.07605,1.07631,381
2024-02-07T08:30:00+00:00,1.07633,1.076505,1.0761,1.076295,406
2024-02-07T08:35:00+00:00,1.076305,1.07638,1.07614,1.076165,300
2024-02-07T08:40:00+00:00,1.076155,1.076485,1.07615,1.07634,357
2024-02-07T08:45:00+00:00,1.076355,1.076445,1.07625,1.07635,253
2024-02-07T08:50:00+00:00,1.076345,1.076525,1.07615,1.07649,349
2024-02-07T08:55:00+00:00,1.076495,1.07652,1.076165,1.076285,367
2024-02-07T09:00:00+00:00,1.07629,1.076335,1.076015,1.076285,374
2024-02-07T09:05:00+00:00,1.0763,1.07634,1.075795,1.07595,399
2024-02-07T09:10:00+00:00,1.075935,1.076235,1.07583,1.076215,274
2024-02-07T09:15:00+00:00,1.07622,1.07624,1.07601,1.076165,248
2024-02-07T09:20:00+00:00,1.07617,1.07626,1.07604,1.0761,263
2024-02-07T09:25:00+00:00,1.07609,1.076375,1.07601,1.07635,284
2024-02-07T09:30:00+00:00,1.076355,1.07696,1.076295,1.076905,429
2024-02-07T09:35:00+00:00,1.07691,1.07695,1.076665,1.07667,384
2024-02-07T09:40:00+00:00,1.076665,1.076805,1.076405,1.076795,319
2024-02-07T09:45:00+00:00,1.0768,1.07688,1.07666,1.076775,274
2024-02-07T09:50:00+00:00,1.07677,1.077085,1.07672,1.077005,267
2024-02-07T09:55:00+00:00,1.077015,1.0771,1.076875,1.07694,301
2024-02-07T10:00:00+00:00,1.076925,1.077055,1.076695,1.07671,308
2024-02-07T10:05:00+00:00,1.076715,1.07674,1.07646,1.076665,389
2024-02-07T10:10:00+00:00,1.07666,1.07688,1.07662,1.07671,335
2024-02-07T10:15:00+00:00,1.076705,1.07676,1.076465,1.07673,351
2024-02-07T10:20:00+00:00,1.07674,1.077025,1.07661,1.076865,410
2024-02-07T10:25:00+00:00,1.07686,1.07709,1.076675,1.076985,397
2024-02-07T10:30:00+00:00,1.07699,1.077055,1.076765,1.07685,332
2024-02-07T10:35:00+00:00,1.076845,1.07689,1.0765,1.07651,314
2024-02-07T10:40:00+00:00,1.0765,1.076685,1.07641,1.076555,352
2024-02-07T10:45:00+00:00,1.07655,1.07668,1.07638,1.076495,338
2024-02-07T10:50:00+00:00,1.07649,1.07658,1.07628,1.076405,325
2024-02-07T10:55:00+00:00,1.0764,1.076595,1.076375,1.076425,353
2024-02-07T11:00:00+00:00,1.076415,1.07689,1.076295,1.07689,284
2024-02-07T11:05:00+00:00,1.076885,1.077085,1.07663,1.07663,370
2024-02-07T11:10:00+00:00,1.07664,1.07664,1.076235,1.076415,279
2024-02-07T11:15:00+00:00,1.07642,1.07672,1.076385,1.07654,252
2024-02-07T11:20:00+00:00,1.076535,1.076775,1.076425,1.076755,279
2024-02-07T11:25:00+00:00,1.076765,1.076955,1.07671,1.07692,249
2024-02-07T11:30:00+00:00,1.076925,1.0772,1.07681,1.0772,339
2024-02-07T11:35:00+00:00,1.077215,1.07732,1.076745,1.07692,367
2024-02-07T11:40:00+00:00,1.076945,1.077225,1.076805,1.07701,328
2024-02-07T11:45:00+00:00,1.077005,1.077095,1.07694,1.077025,231
2024-02-07T11:50:00+00:00,1.07703,1.077255,1.076945,1.077215,238
2024-02-07T11:55:00+00:00,1.0772,1.0774,1.077065,1.077105,352
2024-02-07T12:00:00+00:00,1.07711,1.07713,1.076895,1.07709,390
2024-02-07T12:05:00+00:00,1.077095,1.077215,1.077005,1.077175,276
2024-02-07T12:10:00+00:00,1.07718,1.07735,1.076975,1.077015,324
2024-02-07T12:15:00+00:00,1.077025,1.077035,1.076635,1.076795,375
2024-02-07T12:20:00+00:00,1.0768,1.076855,1.076655,1.07675,300
2024-02-07T12:25:00+00:00,1.076745,1.07709,1.07661,1.077005,342
2024-02-07T12:30:00+00:00,1.07702,1.07705,1.076655,1.07684,362
2024-02-07T12:35:00+00:00,1.076835,1.077015,1.07671,1.0768,289
2024-02-07T12:40:00+00:00,1.07683,1.077065,1.076815,1.077045,269
2024-02-07T12:45:00+00:00,1.07704,1.0771,1.076805,1.0771,254
2024-02-07T12:50:00+00:00,1.07709,1.07734,1.07692,1.07726,412
2024-02-07T12:55:00+00:00,1.077255,1.07753,1.0772,1.07738,404
2024-02-07T13:00:00+00:00,1.07739,1.07759,1.077185,1.07759,514
2024-02-07T13:05:00+00:00,1.07758,1.07765,1.077415,1.077545,387
2024-02-07T13:10:00+00:00,1.07755,1.07766,1.07748,1.07765,231
2024-02-07T13:15:00+00:00,1.077655,1.077695,1.07745,1.07757,435
2024-02-07T13:20:00+00:00,1.077565,1.077905,1.077385,1.0779,508
2024-02-07T13:25:00+00:00,1.077885,1.07821,1.077705,1.07821,426
2024-02-07T13:30:00+00:00,1.078215,1.078395,1.07806,1.078175,525
2024-02-07T13:35:00+00:00,1.07818,1.078205,1.077475,1.0776,542
2024-02-07T13:40:00+00:00,1.07761,1.077705,1.07734,1.07734,438
2024-02-07T13:45:00+00:00,1.07733,1.07734,1.07677,1.07679,399
2024-02-07T13:50:00+00:00,1.076775,1.07708,1.07669,1.07704,358
2024-02-07T13:55:00+00:00,1.07703,1.0771,1.076805,1.077025,460
2024-02-07T14:00:00+00:00,1.07703,1.077555,1.077015,1.077395,539
2024-02-07T14:05:00+00:00,1.0774,1.07781,1.077345,1.077395,521
2024-02-07T14:10:00+00:00,1.077405,1.07748,1.07716,1.07728,384
2024-02-07T14:15:00+00:00,1.07729,1.077395,1.077155,1.0772,446
2024-02-07T14:20:00+00:00,1.077195,1.07726,1.07669,1.0767,426
2024-02-07T14:25:00+00:00,1.076695,1.076915,1.076555,1.076895,481
2024-02-07T14:30:00+00:00,1.0769,1.0771,1.07677,1.076845,746
2024-02-07T14:35:00+00:00,1.076835,1.077505,1.07661,1.07747,786
2024-02-07T14:40:00+00:00,1.077475,1.077775,1.077315,1.077495,1539
2024-02-07T14:45:00+00:00,1.077505,1.0776,1.077025,1.07724,1257
2024-02-07T14:50:00+00:00,1.077245,1.077445,1.07706,1.077105,1087
2024-02-07T14:55:00+00:00,1.077095,1.07763,1.07701,1.077145,876
2024-02-07T15:00:00+00:00,1.077165,1.077245,1.07663,1.0767,921
2024-02-07T15:05:00+00:00,1.076705,1.07686,1.076445,1.07658,800
2024-02-07T15:10:00+00:00,1.0766,1.077075,1.076545,1.077025,881
2024-02-07T15:15:00+00:00,1.077005,1.077025,1.076595,1.07687,846
2024-02-07T15:20:00+00:00,1.076885,1.07739,1.07669,1.07731,686
2024-02-07T15:25:00+00:00,1.077305,1.077445,1.07712,1.07738,542
2024-02-07T15:30:00+00:00,1.077365,1.07762,1.076955,1.07753,885
2024-02-07T15:35:00+00:00,1.077535,1.07774,1.077005,1.07774,1135
2024-02-07T15:40:00+00:00,1.07775,1.07799,1.077335,1.077445,743
2024-02-07T15:45:00+00:00,1.07744,1.07766,1.077245,1.0773,643
2024-02-07T15:50:00+00:00,1.07729,1.07729,1.07621,1.076295,1007
2024-02-07T15:55:00+00:00,1.07629,1.07629,1.075575,1.075675,1251
2024-02-07T16:00:00+00:00,1.075685,1.07629,1.075625,1.076185,1049
2024-02-07T16:05:00+00:00,1.0762,1.07635,1.07563,1.07607,765
2024-02-07T16:10:00+00:00,1.07608,1.07649,1.07607,1.076425,521
2024-02-07T16:15:00+00:00,1.076445,1.07655,1.07587,1.07605,496
2024-02-07T16:20:00+00:00,1.076055,1.07607,1.075735,1.076025,474
2024-02-07T16:25:00+00:00,1.076005,1.076485,1.075955,1.076445,320
2024-02-07T16:30:00+00:00,1.076455,1.076685,1.07645,1.076565,536
2024-02-07T16:35:00+00:00,1.076575,1.076765,1.076495,1.076665,534
2024-02-07T16:40:00+00:00,1.07666,1.076785,1.07659,1.0767,392
2024-02-07T16:45:00+00:00,1.076685,1.076935,1.07663,1.076865,409
2024-02-07T16:50:00+00:00,1.07687,1.07698,1.07676,1.076975,421
2024-02-07T16:55:00+00:00,1.07698,1.07713,1.076665,1.076775,569
2024-02-07T17:00:00+00:00,1.07677,1.07679,1.076165,1.076195,445
2024-02-07T17:05:00+00:00,1.076205,1.07651,1.07604,1.07651,348
2024-02-07T17:10:00+00:00,1.076505,1.07651,1.076255,1.076415,360
2024-02-07T17:15:00+00:00,1.07642,1.076565,1.076255,1.076255,364
2024-02-07T17:20:00+00:00,1.07626,1.076275,1.075975,1.07599,379
2024-02-07T17:25:00+00:00,1.075985,1.07628,1.075965,1.07621,268
2024-02-07T17:30:00+00:00,1.0762,1.076325,1.07607,1.076185,473
2024-02-07T17:35:00+00:00,1.07619,1.0763,1.07594,1.076265,414
2024-02-07T17:40:00+00:00,1.076255,1.07637,1.076245,1.076345,249
2024-02-07T17:45:00+00:00,1.07636,1.07643,1.07629,1.07635,161
2024-02-07T17:50:00+00:00,1.076385,1.076465,1.07628,1.076355,221
2024-02-07T17:55:00+00:00,1.07637,1.0765,1.07627,1.07649,349
2024-02-07T19:00:00+00:00,1.077125,1.07716,1.077005,1.07711,251
2024-02-07T19:05:00+00:00,1.077095,1.07735,1.07709,1.077295,230
2024-02-07T19:10:00+00:00,1.07729,1.07741,1.077215,1.077275,230
2024-02-07T19:15:00+00:00,1.07727,1.07732,1.077035,1.077045,306
2024-02-07T19:20:00+00:00,1.077065,1.07723,1.077045,1.07722,157
2024-02-07T19:25:00+00:00,1.07721,1.077325,1.077205,1.077315,230
2024-02-07T19:30:00+00:00,1.077325,1.077415,1.077245,1.0774,284
2024-02-07T19:35:00+00:00,1.077405,1.07746,1.07732,1.07741,268
2024-02-07T19:40:00+00:00,1.077405,1.07755,1.07739,1.0775,255
2024-02-07T19:45:00+00:00,1.077495,1.077515,1.077355,1.07736,218
2024-02-07T19:50:00+00:00,1.07735,1.07735,1.07723,1.07729,240
2024-02-07T19:55:00+00:00,1.077285,1.077285,1.077125,1.077195,163
2024-02-07T18:00:00+00:00,1.076485,1.07714,1.076455,1.07653,780
2024-02-07T18:05:00+00:00,1.076535,1.077025,1.076535,1.076905,487
2024-02-07T18:10:00+00:00,1.076925,1.07726,1.0769,1.077245,309
2024-02-07T18:15:00+00:00,1.07724,1.077265,1.077,1.077255,314
2024-02-07T18:20:00+00:00,1.07725,1.077275,1.07692,1.07709,410
2024-02-07T18:25:00+00:00,1.077085,1.07737,1.07699,1.07735,245
2024-02-07T18:30:00+00:00,1.077365,1.07737,1.07707,1.077135,247
2024-02-07T18:35:00+00:00,1.07714,1.077185,1.07697,1.07717,291
2024-02-07T18:40:00+00:00,1.077185,1.07722,1.07672,1.076735,446
2024-02-07T18:45:00+00:00,1.076725,1.076845,1.0766,1.076835,229
2024-02-07T18:50:00+00:00,1.07685,1.07706,1.07684,1.076945,220
2024-02-07T18:55:00+00:00,1.07696,1.077145,1.07693,1.07711,278
2024-02-07T20:00:00+00:00,1.07719,1.07743,1.07719,1.077385,202
2024-02-07T20:05:00+00:00,1.07739,1.07739,1.07718,1.077245,134
2024-02-07T20:10:00+00:00,1.077255,1.077255,1.077105,1.0772,116
2024-02-07T20:15:00+00:00,1.077185,1.077345,1.077145,1.077145,185
2024-02-07T20:20:00+00:00,1.07715,1.07728,1.077115,1.07723,139
2024-02-07T20:25:00+00:00,1.077245,1.07726,1.07715,1.077195,154
2024-02-07T20:30:00+00:00,1.07719,1.07737,1.077145,1.077305,243
2024-02-07T20:35:00+00:00,1.07729,1.077365,1.07711,1.077285,208
2024-02-07T20:40:00+00:00,1.07729,1.077335,1.077115,1.0772,187
2024-02-07T20:45:00+00:00,1.07719,1.07719,1.07709,1.07711,193
2024-02-07T20:50:00+00:00,1.077115,1.077265,1.0771,1.07719,151
2024-02-07T20:55:00+00:00,1.07719,1.077355,1.077155,1.077275,298
2024-02-07T21:00:00+00:00,1.07727,1.077455,1.077265,1.07744,133
2024-02-07T21:05:00+00:00,1.07745,1.07745,1.077345,1.077395,141
2024-02-07T21:10:00+00:00,1.0774,1.07742,1.077355,1.0774,140
2024-02-07T21:15:00+00:00,1.077405,1.07741,1.07728,1.0773,75
2024-02-07T21:20:00+00:00,1.07728,1.07732,1.07727,1.077295,83
2024-02-07T21:25:00+00:00,1.0773,1.07734,1.07725,1.077265,113
2024-02-07T21:30:00+00:00,1.07726,1.07749,1.077255,1.07747,131
2024-02-07T21:35:00+00:00,1.07746,1.07746,1.07727,1.07727,67
2024-02-07T21:40:00+00:00,1.077315,1.077315,1.077185,1.077205,88
2024-02-07T21:45:00+00:00,1.077195,1.077245,1.077185,1.077205,185
2024-02-07T21:50:00+00:00,1.07721,1.077365,1.077195,1.07736,224
2024-02-07T21:55:00+00:00,1.077355,1.0774,1.077135,1.077135,400
2024-02-07T22:00:00+00:00,1.07712,1.07731,1.07712,1.077215,34
2024-02-07T22:05:00+00:00,1.07721,1.077355,1.07712,1.077165,146
2024-02-07T22:10:00+00:00,1.07712,1.077225,1.07708,1.07718,142
2024-02-07T22:15:00+00:00,1.07721,1.07729,1.07716,1.077245,82
2024-02-07T22:20:00+00:00,1.077255,1.077385,1.077235,1.07737,131
2024-02-07T22:25:00+00:00,1.077375,1.07739,1.077265,1.077305,96
2024-02-07T22:30:00+00:00,1.07731,1.07737,1.07725,1.077315,164
2024-02-07T22:35:00+00:00,1.07733,1.07736,1.077275,1.07728,84
2024-02-07T22:40:00+00:00,1.077275,1.077315,1.07724,1.07726,65
2024-02-07T22:45:00+00:00,1.07725,1.077295,1.077215,1.077275,89
2024-02-07T22:50:00+00:00,1.077275,1.07732,1.077255,1.077305,129
2024-02-07T22:55:00+00:00,1.077295,1.07732,1.077265,1.077285,157
2024-02-07T23:00:00+00:00,1.07729,1.07749,1.07726,1.077425,156
2024-02-07T23:05:00+00:00,1.07743,1.07754,1.07738,1.07747,182
2024-02-07T23:10:00+00:00,1.077475,1.07757,1.07746,1.077565,49
2024-02-07T23:15:00+00:00,1.07756,1.077665,1.07756,1.077615,74
2024-02-07T23:20:00+00:00,1.07762,1.07769,1.07761,1.07766,71
2024-02-07T23:25:00+00:00,1.077665,1.077685,1.07766,1.07768,79
2024-02-07T23:30:00+00:00,1.07767,1.07771,1.07753,1.0776,146
2024-02-07T23:35:00+00:00,1.077605,1.077605,1.077455,1.077465,107
2024-02-07T23:40:00+00:00,1.07747,1.077495,1.07739,1.077455,128
2024-02-07T23:45:00+00:00,1.07746,1.07752,1.07745,1.07746,56
2024-02-07T23:50:00+00:00,1.077475,1.07754,1.077435,1.077515,70
2024-02-07T23:55:00+00:00,1.077505,1.077565,1.07748,1.077555,117
2024-02-08T00:00:00+00:00,1.077545,1.077675,1.077455,1.077675,125
2024-02-08T00:05:00+00:00,1.077655,1.077665,1.077475,1.07751,93
2024-02-08T00:10:00+00:00,1.07753,1.077605,1.077465,1.077565,80
2024-02-08T00:15:00+00:00,1.07756,1.07772,1.07756,1.077695,77
2024-02-08T00:20:00+00:00,1.07771,1.077805,1.07767,1.07771,115
2024-02-08T00:25:00+00:00,1.077715,1.07781,1.077715,1.0778,91
2024-02-08T00:30:00+00:00,1.077795,1.07792,1.077795,1.07789,120
2024-02-08T00:35:00+00:00,1.077885,1.07796,1.077875,1.077875,144
2024-02-08T00:40:00+00:00,1.07787,1.077935,1.07785,1.07792,151
2024-02-08T00:45:00+00:00,1.07793,1.077955,1.07783,1.07788,176
2024-02-08T00:50:00+00:00,1.077895,1.077895,1.07772,1.077765,180
2024-02-08T00:55:00+00:00,1.07778,1.07786,1.07778,1.077805,189
2024-02-08T02:00:00+00:00,1.07788,1.078135,1.077845,1.07813,348
2024-02-08T02:05:00+00:00,1.078125,1.0782,1.078085,1.07817,207
2024-02-08T02:10:00+00:00,1.07814,1.078275,1.0781,1.078245,216
2024-02-08T02:15:00+00:00,1.078235,1.07827,1.07815,1.0782,262
2024-02-08T02:20:00+00:00,1.078195,1.07821,1.07805,1.078155,232
2024-02-08T02:25:00+00:00,1.07816,1.0783,1.07807,1.078295,220
2024-02-08T02:30:00+00:00,1.07829,1.07829,1.078095,1.078145,173
2024-02-08T02:35:00+00:00,1.07814,1.078295,1.07813,1.07828,224
2024-02-08T02:40:00+00:00,1.078275,1.07833,1.07823,1.078315,183
2024-02-08T02:45:00+00:00,1.07832,1.078335,1.07824,1.078275,158
2024-02-08T02:50:00+00:00,1.07827,1.07829,1.078235,1.078255,124
2024-02-08T02:55:00+00:00,1.07825,1.0783,1.07823,1.07829,91
2024-02-08T01:00:00+00:00,1.077795,1.07782,1.07757,1.07779,246
2024-02-08T01:05:00+00:00,1.077785,1.07784,1.077725,1.077765,149
2024-02-08T01:10:00+00:00,1.07777,1.077815,1.077675,1.077775,190
2024-02-08T01:15:00+00:00,1.07778,1.07787,1.077715,1.077765,160
2024-02-08T01:20:00+00:00,1.07777,1.077835,1.077645,1.07782,160
2024-02-08T01:25:00+00:00,1.077815,1.07787,1.077805,1.077835,169
2024-02-08T01:30:00+00:00,1.07784,1.077985,1.07761,1.07766,500
2024-02-08T01:35:00+00:00,1.077655,1.07779,1.07763,1.07768,312
2024-02-08T01:40:00+00:00,1.077675,1.07781,1.077525,1.077775,384
2024-02-08T01:45:00+00:00,1.07777,1.07797,1.077725,1.07787,192
2024-02-08T01:50:00+00:00,1.077865,1.077965,1.077865,1.07788,242
2024-02-08T01:55:00+00:00,1.077885,1.077935,1.077775,1.077875,290
2024-02-08T03:00:00+00:00,1.078295,1.078295,1.078245,1.078285,62
2024-02-08T03:05:00+00:00,1.07829,1.07829,1.078265,1.078275,101
2024-02-08T03:10:00+00:00,1.078285,1.07829,1.078235,1.07828,107
2024-02-08T03:15:00+00:00,1.078275,1.078325,1.07825,1.07832,63
2024-02-08T03:20:00+00:00,1.078315,1.0784,1.078285,1.07839,90
2024-02-08T03:25:00+00:00,1.078405,1.07849,1.07839,1.07849,112
2024-02-08T03:30:00+00:00,1.078485,1.078495,1.078405,1.07843,82
2024-02-08T03:35:00+00:00,1.078425,1.07843,1.078375,1.07838,79
2024-02-08T03:40:00+00:00,1.078375,1.07838,1.078205,1.078205,157
2024-02-08T03:45:00+00:00,1.07821,1.078285,1.078205,1.078265,139
2024-02-08T03:50:00+00:00,1.07827,1.07827,1.0782,1.07821,131
2024-02-08T03:55:00+00:00,1.078205,1.078285,1.078165,1.07824,229
2024-02-08T04:00:00+00:00,1.078235,1.07841,1.07823,1.078405,117
2024-02-08T04:05:00+00:00,1.07841,1.07847,1.078385,1.078465,117
2024-02-08T04:10:00+00:00,1.07847,1.078505,1.07844,1.07847,140
2024-02-08T04:15:00+00:00,1.078465,1.07863,1.078435,1.07863,137
2024-02-08T04:20:00+00:00,1.078625,1.07884,1.07861,1.07874,168
2024-02-08T04:25:00+00:00,1.078735,1.07874,1.078585,1.078595,94
2024-02-08T04:30:00+00:00,1.078605,1.07866,1.07851,1.078515,134
2024-02-08T04:35:00+00:00,1.07852,1.07852,1.078405,1.07843,174
2024-02-08T04:40:00+00:00,1.07843,1.07843,1.07821,1.078285,177
2024-02-08T04:45:00+00:00,1.078275,1.07828,1.078215,1.07826,141
2024-02-08T04:50:00+00:00,1.078255,1.07826,1.078115,1.078135,103
2024-02-08T04:55:00+00:00,1.07813,1.07813,1.077965,1.078,185
2024-02-08T05:00:00+00:00,1.07799,1.077995,1.07786,1.07794,182
2024-02-08T05:05:00+00:00,1.077955,1.07796,1.07787,1.07792,146
2024-02-08T05:10:00+00:00,1.07793,1.078085,1.077925,1.078085,97
2024-02-08T05:15:00+00:00,1.07809,1.078225,1.07807,1.078165,127
2024-02-08T05:20:00+00:00,1.078185,1.078315,1.078185,1.078215,173
2024-02-08T05:25:00+00:00,1.078235,1.078415,1.078235,1.07833,166
2024-02-08T05:30:00+00:00,1.0783,1.0783,1.078135,1.078175,112
2024-02-08T05:35:00+00:00,1.07817,1.07822,1.078155,1.078165,131
2024-02-08T05:40:00+00:00,1.078175,1.0783,1.078165,1.07827,191
2024-02-08T05:45:00+00:00,1.07828,1.078295,1.078115,1.07816,176
2024-02-08T05:50:00+00:00,1.078165,1.078165,1.07796,1.07806,129
2024-02-08T05:55:00+00:00,1.078065,1.07828,1.07806,1.078275,105
2024-02-08T07:00:00+00:00,1.078405,1.078525,1.078195,1.07823,411
2024-02-08T07:05:00+00:00,1.078225,1.07852,1.07815,1.07849,287
2024-02-08T07:10:00+00:00,1.078495,1.07875,1.07849,1.078665,244
2024-02-08T07:15:00+00:00,1.07867,1.07877,1.078485,1.07872,219
2024-02-08T07:20:00+00:00,1.078735,1.078895,1.07856,1.078575,296
2024-02-08T07:25:00+00:00,1.07858,1.078595,1.078375,1.078435,297
2024-02-08T07:30:00+00:00,1.07844,1.078735,1.07844,1.078645,370
2024-02-08T07:35:00+00:00,1.078655,1.078695,1.07846,1.078545,382
2024-02-08T07:40:00+00:00,1.07854,1.078545,1.07802,1.078135,291
2024-02-08T07:45:00+00:00,1.07812,1.07814,1.077685,1.07789,342
2024-02-08T07:50:00+00:00,1.077885,1.078015,1.0777,1.077765,269
2024-02-08T07:55:00+00:00,1.07779,1.0781,1.077765,1.078015,443
2024-02-08T06:00:00+00:00,1.07829,1.0783,1.07816,1.07821,168
2024-02-08T06:05:00+00:00,1.078215,1.078445,1.078205,1.078425,172
2024-02-08T06:10:00+00:00,1.078405,1.078465,1.078215,1.078235,162
2024-02-08T06:15:00+00:00,1.07824,1.07838,1.078215,1.078315,98
2024-02-08T06:20:00+00:00,1.0783,1.078315,1.078235,1.078265,96
2024-02-08T06:25:00+00:00,1.07826,1.07831,1.078125,1.078235,128
2024-02-08T06:30:00+00:00,1.07823,1.078385,1.07823,1.078365,122
2024-02-08T06:35:00+00:00,1.07837,1.078405,1.078215,1.07831,184
2024-02-08T06:40:00+00:00,1.078325,1.078565,1.078285,1.07852,211
2024-02-08T06:45:00+00:00,1.078525,1.078645,1.078515,1.078515,235
2024-02-08T06:50:00+00:00,1.07851,1.078525,1.078385,1.078475,199
2024-02-08T06:55:00+00:00,1.078465,1.07847,1.078355,1.07841,183
2024-02-08T08:00:00+00:00,1.07802,1.07841,1.07792,1.078185,541
2024-02-08T08:05:00+00:00,1.078195,1.078215,1.077785,1.07779,573
2024-02-08T08:10:00+00:00,1.077805,1.078245,1.0778,1.078195,357
2024-02-08T08:15:00+00:00,1.0782,1.078225,1.07774,1.077785,395
2024-02-08T08:20:00+00:00,1.07777,1.077965,1.07737,1.07739,533
2024-02-08T08:25:00+00:00,1.077385,1.077615,1.077345,1.0774,436
2024-02-08T08:30:00+00:00,1.077405,1.07753,1.07727,1.077375,489
2024-02-08T08:35:00+00:00,1.07738,1.077385,1.076855,1.07719,395
2024-02-08T08:40:00+00:00,1.077195,1.07723,1.076985,1.07717,358
2024-02-08T08:45:00+00:00,1.07719,1.077275,1.07705,1.077185,387
2024-02-08T08:50:00+00:00,1.07719,1.077525,1.077115,1.077515,367
2024-02-08T08:55:00+00:00,1.07752,1.07775,1.077505,1.077725,342
2024-02-08T09:00:00+00:00,1.07773,1.07795,1.077465,1.07749,408
2024-02-08T09:05:00+00:00,1.0775,1.07759,1.077355,1.0775,311
2024-02-08T09:10:00+00:00,1.077505,1.077675,1.077445,1.077595,240
2024-02-08T09:15:00+00:00,1.0776,1.077885,1.07751,1.077715,277
2024-02-08T09:20:00+00:00,1.07771,1.077845,1.077565,1.07776,281
2024-02-08T09:25:00+00:00,1.07777,1.07777,1.0774,1.07767,284
2024-02-08T09:30:00+00:00,1.077665,1.07809,1.077595,1.078085,380
2024-02-08T09:35:00+00:00,1.07809,1.07836,1.078,1.07804,365
2024-02-08T09:40:00+00:00,1.07806,1.0784,1.077915,1.07829,265
2024-02-08T09:45:00+00:00,1.0783,1.078335,1.077845,1.07808,416
2024-02-08T09:50:00+00:00,1.078085,1.078095,1.077705,1.07796,370
2024-02-08T09:55:00+00:00,1.07797,1.07843,1.077965,1.078295,307
2024-02-08T10:00:00+00:00,1.0783,1.07856,1.0783,1.07841,250
2024-02-08T10:05:00+00:00,1.07842,1.078505,1.07832,1.07839,160
2024-02-08T10:10:00+00:00,1.078405,1.078445,1.078275,1.07829,210
2024-02-08T10:15:00+00:00,1.078295,1.078295,1.078055,1.07808,227
2024-02-08T10:20:00+00:00,1.078075,1.078225,1.07802,1.07815,236
2024-02-08T10:25:00+00:00,1.078165,1.0782,1.077815,1.07809,209
2024-02-08T10:30:00+00:00,1.07808,1.07808,1.07755,1.077605,344
2024-02-08T10:35:00+00:00,1.07761,1.07772,1.077385,1.077625,330
2024-02-08T10:40:00+00:00,1.07764,1.077645,1.077285,1.07739,248
2024-02-08T10:45:00+00:00,1.077385,1.077605,1.077275,1.07738,443
2024-02-08T10:50:00+00:00,1.077405,1.07744,1.07721,1.07726,162
2024-02-08T10:55:00+00:00,1.077255,1.07732,1.077125,1.07718,318
2024-02-08T11:00:00+00:00,1.077155,1.077315,1.0771,1.07723,225
2024-02-08T11:05:00+00:00,1.077225,1.077225,1.076815,1.076835,217
2024-02-08T11:10:00+00:00,1.07682,1.076905,1.07663,1.076835,282
2024-02-08T11:15:00+00:00,1.07683,1.07688,1.076485,1.07651,267
2024-02-08T11:20:00+00:00,1.076505,1.076525,1.076305,1.076335,279
2024-02-08T11:25:00+00:00,1.07633,1.07645,1.076285,1.07633,373
2024-02-08T11:30:00+00:00,1.07632,1.076445,1.0762,1.076435,296
2024-02-08T11:35:00+00:00,1.07644,1.076755,1.07644,1.07673,339
2024-02-08T11:40:00+00:00,1.076735,1.076815,1.076635,1.076795,457
2024-02-08T11:45:00+00:00,1.076785,1.07679,1.07648,1.076525,343
2024-02-08T11:50:00+00:00,1.07653,1.076535,1.076145,1.07632,349
2024-02-08T11:55:00+00:00,1.076325,1.076375,1.07611,1.0763,317
2024-02-08T12:00:00+00:00,1.076305,1.07636,1.07613,1.07623,302
2024-02-08T12:05:00+00:00,1.076235,1.07625,1.076035,1.07611,281
2024-02-08T12:10:00+00:00,1.076085,1.07628,1.076075,1.076175,288
2024-02-08T12:15:00+00:00,1.07617,1.07617,1.075645,1.075875,314
2024-02-08T12:20:00+00:00,1.075885,1.07595,1.07576,1.075765,281
2024-02-08T12:25:00+00:00,1.07577,1.0758,1.075645,1.075725,388
2024-02-08T12:30:00+00:00,1.07573,1.07573,1.075295,1.075375,335
2024-02-08T12:35:00+00:00,1.075395,1.07547,1.075075,1.075165,427
2024-02-08T12:40:00+00:00,1.07517,1.075495,1.075005,1.07545,402
2024-02-08T12:45:00+00:00,1.075455,1.075495,1.0754,1.075435,268
2024-02-08T12:50:00+00:00,1.07544,1.07557,1.07513,1.07549,376
2024-02-08T12:55:00+00:00,1.075465,1.07572,1.07544,1.07569,375
2024-02-08T13:00:00+00:00,1.075705,1.07587,1.075545,1.07571,395
2024-02-08T13:05:00+00:00,1.075705,1.075895,1.075635,1.0758,432
2024-02-08T13:10:00+00:00,1.075785,1.075925,1.075705,1.075895,279
2024-02-08T13:15:00+00:00,1.07591,1.076215,1.07577,1.07582,432
2024-02-08T13:20:00+00:00,1.0758,1.07611,1.07574,1.07588,462
2024-02-08T13:25:00+00:00,1.075865,1.076045,1.075545,1.075965,434
2024-02-08T13:30:00+00:00,1.075915,1.075915,1.07501,1.075355,1281
2024-02-08T13:35:00+00:00,1.075365,1.075495,1.07503,1.075185,1020
2024-02-08T13:40:00+00:00,1.07519,1.075515,1.074265,1.074495,851
2024-02-08T13:45:00+00:00,1.074485,1.074595,1.074215,1.07443,845
2024-02-08T13:50:00+00:00,1.074435,1.074885,1.074165,1.074535,683
2024-02-08T13:55:00+00:00,1.07452,1.074745,1.074355,1.074415,630
2024-02-08T17:00:00+00:00,1.07734,1.07747,1.07728,1.077395,490
2024-02-08T17:05:00+00:00,1.0774,1.077475,1.077205,1.07723,369
2024-02-08T17:10:00+00:00,1.077215,1.0773,1.077145,1.077205,274
2024-02-08T17:15:00+00:00,1.077215,1.07748,1.077165,1.077455,229
2024-02-08T17:20:00+00:00,1.07747,1.07749,1.077375,1.077375,222
2024-02-08T17:25:00+00:00,1.07737,1.077545,1.077295,1.077495,212
2024-02-08T17:30:00+00:00,1.077505,1.077535,1.077325,1.077405,235
2024-02-08T17:35:00+00:00,1.0774,1.07766,1.07739,1.077615,235
2024-02-08T17:40:00+00:00,1.07762,1.077625,1.07752,1.07758,223
2024-02-08T17:45:00+00:00,1.07757,1.07761,1.07751,1.077595,162
2024-02-08T17:50:00+00:00,1.077595,1.0776,1.077345,1.077435,261
2024-02-08T17:55:00+00:00,1.07743,1.07747,1.077335,1.07735,269
2024-02-08T16:00:00+00:00,1.076125,1.076445,1.07612,1.07635,700
2024-02-08T16:05:00+00:00,1.076355,1.076415,1.076185,1.07619,497
2024-02-08T16:10:00+00:00,1.076195,1.076255,1.076025,1.07621,384
2024-02-08T16:15:00+00:00,1.07621,1.07636,1.076135,1.076195,379
2024-02-08T16:20:00+00:00,1.076205,1.076455,1.076195,1.076435,295
2024-02-08T16:25:00+00:00,1.076425,1.07644,1.076115,1.076265,321
2024-02-08T16:30:00+00:00,1.07627,1.07661,1.07627,1.076495,371
2024-02-08T16:35:00+00:00,1.076485,1.07652,1.076175,1.076395,297
2024-02-08T16:40:00+00:00,1.0764,1.07657,1.076395,1.076495,282
2024-02-08T16:45:00+00:00,1.07649,1.076805,1.076445,1.076725,314
2024-02-08T16:50:00+00:00,1.07671,1.076905,1.076615,1.076895,352
2024-02-08T16:55:00+00:00,1.0769,1.077405,1.0769,1.07733,580
2024-02-08T18:00:00+00:00,1.077355,1.078285,1.07733,1.077955,952
2024-02-08T18:05:00+00:00,1.077975,1.07811,1.077705,1.07777,656
2024-02-08T18:10:00+00:00,1.07777,1.078025,1.077635,1.07801,423
2024-02-08T18:15:00+00:00,1.078005,1.078175,1.077885,1.07802,436
2024-02-08T18:20:00+00:00,1.078015,1.078115,1.077965,1.07805,311
2024-02-08T18:25:00+00:00,1.078055,1.07816,1.077955,1.07796,251
2024-02-08T18:30:00+00:00,1.077965,1.07804,1.07773,1.0779,334
2024-02-08T18:35:00+00:00,1.07788,1.078,1.07787,1.07794,158
2024-02-08T18:40:00+00:00,1.077935,1.07795,1.077675,1.077705,190
2024-02-08T18:45:00+00:00,1.07771,1.077725,1.077525,1.077715,230
2024-02-08T18:50:00+00:00,1.07772,1.077735,1.077555,1.0777,247
2024-02-08T18:55:00+00:00,1.077695,1.07775,1.07759,1.07767,243
2024-02-08T20:00:00+00:00,1.077485,1.0778,1.077485,1.07759,266
2024-02-08T20:05:00+00:00,1.077585,1.0777,1.077535,1.07761,251
2024-02-08T20:10:00+00:00,1.0776,1.07776,1.077585,1.07773,217
2024-02-08T20:15:00+00:00,1.077725,1.07775,1.077665,1.077665,142
2024-02-08T20:20:00+00:00,1.077655,1.077755,1.07763,1.077725,209
2024-02-08T20:25:00+00:00,1.07773,1.077865,1.07769,1.07785,286
2024-02-08T20:30:00+00:00,1.07786,1.078,1.077805,1.07785,308
2024-02-08T20:35:00+00:00,1.07784,1.07784,1.077695,1.077725,155
2024-02-08T20:40:00+00:00,1.07773,1.077825,1.07773,1.077775,114
2024-02-08T20:45:00+00:00,1.07777,1.0779,1.07777,1.077845,290
2024-02-08T20:50:00+00:00,1.07786,1.0779,1.07759,1.07764,319
2024-02-08T20:55:00+00:00,1.077625,1.07782,1.07761,1.07778,295
2024-02-08T19:00:00+00:00,1.077665,1.07775,1.07751,1.077605,402
2024-02-08T19:05:00+00:00,1.0776,1.07762,1.077485,1.077575,357
2024-02-08T19:10:00+00:00,1.07758,1.077755,1.07758,1.07767,247
2024-02-08T19:15:00+00:00,1.07768,1.07786,1.07764,1.077665,158
2024-02-08T19:20:00+00:00,1.07766,1.07787,1.0776,1.07762,339
2024-02-08T19:25:00+00:00,1.077625,1.07777,1.07752,1.077675,349
2024-02-08T19:30:00+00:00,1.07767,1.0777,1.077495,1.077595,240
2024-02-08T19:35:00+00:00,1.07759,1.0776,1.07727,1.077335,217
2024-02-08T19:40:00+00:00,1.07734,1.07747,1.07727,1.07746,231
2024-02-08T19:45:00+00:00,1.077455,1.07754,1.077285,1.07732,209
2024-02-08T19:50:00+00:00,1.077325,1.07759,1.07731,1.07754,150
2024-02-08T19:55:00+00:00,1.07753,1.077595,1.077445,1.07748,310
2024-02-08T21:00:00+00:00,1.077785,1.077805,1.077685,1.07773,158
2024-02-08T21:05:00+00:00,1.07774,1.077835,1.07772,1.077765,138
2024-02-08T21:10:00+00:00,1.07777,1.07777,1.07771,1.077735,112
2024-02-08T21:15:00+00:00,1.077725,1.07783,1.077725,1.077785,131
2024-02-08T21:20:00+00:00,1.07778,1.077845,1.077775,1.07782,123
2024-02-08T21:25:00+00:00,1.077825,1.077835,1.07777,1.077775,79
2024-02-08T21:30:00+00:00,1.07777,1.07779,1.077735,1.07775,121
2024-02-08T21:35:00+00:00,1.07775,1.077775,1.077715,1.077715,82
2024-02-08T21:40:00+00:00,1.07772,1.07776,1.07763,1.077645,156
2024-02-08T21:45:00+00:00,1.07764,1.07782,1.077615,1.07782,174
2024-02-08T21:50:00+00:00,1.077825,1.07784,1.077755,1.077815,152
2024-02-08T21:55:00+00:00,1.07782,1.07787,1.077755,1.077755,295
2024-02-08T22:00:00+00:00,1.077745,1.07779,1.07773,1.07778,14
2024-02-08T22:05:00+00:00,1.077795,1.077805,1.07768,1.077755,65
2024-02-08T22:10:00+00:00,1.07769,1.077885,1.077665,1.077875,118
2024-02-08T22:15:00+00:00,1.07789,1.077935,1.07781,1.07782,68
2024-02-08T22:20:00+00:00,1.077815,1.077905,1.07781,1.07782,13
2024-02-08T22:25:00+00:00,1.077825,1.077885,1.07765,1.07765,148
2024-02-08T22:30:00+00:00,1.077705,1.077785,1.077675,1.077695,90
2024-02-08T22:35:00+00:00,1.077685,1.07776,1.077635,1.077635,109
2024-02-08T22:40:00+00:00,1.07764,1.077915,1.07762,1.0777,205
2024-02-08T22:45:00+00:00,1.077695,1.077745,1.077695,1.0777,46
2024-02-08T22:50:00+00:00,1.07771,1.07774,1.077695,1.077715,175
2024-02-08T22:55:00+00:00,1.07771,1.077755,1.077655,1.077655,140
2024-02-09T00:00:00+00:00,1.077775,1.077875,1.077725,1.07773,154
2024-02-09T00:05:00+00:00,1.077735,1.077875,1.07772,1.077875,40
2024-02-09T00:10:00+00:00,1.07787,1.07787,1.077685,1.0777,115
2024-02-09T00:15:00+00:00,1.077685,1.077865,1.07768,1.07781,137
2024-02-09T00:20:00+00:00,1.077815,1.07784,1.07773,1.077815,135
2024-02-09T00:25:00+00:00,1.07782,1.07782,1.07773,1.077735,117
2024-02-09T00:30:00+00:00,1.07774,1.077755,1.077565,1.07758,85
2024-02-09T00:35:00+00:00,1.077575,1.077575,1.077315,1.07747,129
2024-02-09T00:40:00+00:00,1.077465,1.077485,1.077415,1.077465,87
2024-02-09T00:45:00+00:00,1.07746,1.07757,1.077415,1.077455,156
2024-02-09T00:50:00+00:00,1.077445,1.07745,1.07728,1.07728,249
2024-02-09T00:55:00+00:00,1.077305,1.077355,1.077235,1.0773,124
2024-02-08T23:00:00+00:00,1.077665,1.0778,1.07759,1.0776,128
2024-02-08T23:05:00+00:00,1.07762,1.07773,1.07749,1.0775,106
2024-02-08T23:10:00+00:00,1.077495,1.07754,1.077395,1.07745,87
2024-02-08T23:15:00+00:00,1.077455,1.077565,1.077445,1.0775,61
2024-02-08T23:20:00+00:00,1.077505,1.077515,1.07749,1.0775,54
2024-02-08T23:25:00+00:00,1.077505,1.07761,1.077495,1.07761,20
2024-02-08T23:30:00+00:00,1.077605,1.077605,1.07754,1.077555,70
2024-02-08T23:35:00+00:00,1.07756,1.077585,1.07754,1.077565,57
2024-02-08T23:40:00+00:00,1.07756,1.077565,1.07749,1.07749,45
2024-02-08T23:45:00+00:00,1.077485,1.07749,1.07746,1.07747,52
2024-02-08T23:50:00+00:00,1.077475,1.077605,1.07746,1.077585,56
2024-02-08T23:55:00+00:00,1.07758,1.07778,1.07758,1.07778,148
2024-02-09T01:00:00+00:00,1.07731,1.077565,1.07731,1.07742,154
2024-02-09T01:05:00+00:00,1.077415,1.07756,1.077415,1.07747,209
2024-02-09T01:10:00+00:00,1.07746,1.077665,1.077415,1.077665,129
2024-02-09T01:15:00+00:00,1.07765,1.07776,1.077545,1.07776,120
2024-02-09T01:20:00+00:00,1.077765,1.07787,1.077715,1.07773,125
2024-02-09T01:25:00+00:00,1.077725,1.077745,1.077625,1.07763,131
2024-02-09T01:30:00+00:00,1.077615,1.07766,1.07754,1.077625,166
2024-02-09T01:35:00+00:00,1.07763,1.07769,1.0776,1.077605,143
2024-02-09T01:40:00+00:00,1.077595,1.077775,1.07757,1.077695,179
2024-02-09T01:45:00+00:00,1.07769,1.077725,1.077565,1.077565,228
2024-02-09T01:50:00+00:00,1.07756,1.077625,1.07752,1.077525,117
2024-02-09T01:55:00+00:00,1.07752,1.077525,1.077375,1.07744,196
2024-02-09T02:00:00+00:00,1.077435,1.07747,1.07733,1.077465,126
2024-02-09T02:05:00+00:00,1.077475,1.07749,1.077415,1.077465,127
2024-02-09T02:10:00+00:00,1.07746,1.0776,1.077425,1.07756,109
2024-02-09T02:15:00+00:00,1.077555,1.077785,1.077555,1.07777,136
2024-02-09T02:20:00+00:00,1.077755,1.07783,1.07772,1.077725,145
2024-02-09T02:25:00+00:00,1.07772,1.07781,1.077685,1.077725,204
2024-02-09T02:30:00+00:00,1.077715,1.077735,1.077595,1.077605,118
2024-02-09T02:35:00+00:00,1.0776,1.07778,1.07759,1.07771,125
2024-02-09T02:40:00+00:00,1.077715,1.077785,1.07763,1.077735,133
2024-02-09T02:45:00+00:00,1.07775,1.07775,1.07761,1.077635,178
2024-02-09T02:50:00+00:00,1.07762,1.07772,1.077615,1.077705,137
2024-02-09T02:55:00+00:00,1.0777,1.077715,1.077615,1.077625,88
2024-02-09T03:00:00+00:00,1.077635,1.07776,1.077565,1.077705,235
2024-02-09T03:05:00+00:00,1.07771,1.077725,1.077495,1.07755,149
2024-02-09T03:10:00+00:00,1.077545,1.07756,1.077475,1.077525,107
2024-02-09T03:15:00+00:00,1.07754,1.07758,1.07747,1.077475,113
2024-02-09T03:20:00+00:00,1.07747,1.077515,1.077415,1.07743,127
2024-02-09T03:25:00+00:00,1.077425,1.07746,1.077345,1.077345,126
2024-02-09T03:30:00+00:00,1.07735,1.07735,1.077165,1.077275,191
2024-02-09T03:35:00+00:00,1.07728,1.077385,1.077205,1.077385,114
2024-02-09T03:40:00+00:00,1.07738,1.077385,1.07725,1.07726,106
2024-02-09T03:45:00+00:00,1.077255,1.077325,1.07718,1.077185,113
2024-02-09T03:50:00+00:00,1.07718,1.077185,1.077025,1.077055,207
2024-02-09T03:55:00+00:00,1.077035,1.077135,1.07702,1.077095,113
2024-02-09T05:00:00+00:00,1.077115,1.077215,1.077115,1.07721,44
2024-02-09T05:05:00+00:00,1.077215,1.077265,1.077205,1.077265,30
2024-02-09T05:10:00+00:00,1.07727,1.077285,1.077175,1.07718,51
2024-02-09T05:15:00+00:00,1.077185,1.07721,1.077165,1.077185,69
2024-02-09T05:20:00+00:00,1.077175,1.077185,1.077055,1.07718,75
2024-02-09T05:25:00+00:00,1.077175,1.077235,1.077165,1.07722,83
2024-02-09T05:30:00+00:00,1.077225,1.077385,1.07722,1.07737,55
2024-02-09T05:35:00+00:00,1.077355,1.07739,1.07722,1.07722,84
2024-02-09T05:40:00+00:00,1.07723,1.07726,1.07715,1.077175,84
2024-02-09T05:45:00+00:00,1.077185,1.077225,1.077125,1.077135,56
2024-02-09T05:50:00+00:00,1.07715,1.077185,1.07711,1.077135,44
2024-02-09T05:55:00+00:00,1.07716,1.077185,1.07697,1.077115,128
2024-02-09T04:00:00+00:00,1.0771,1.07713,1.077015,1.077025,138
2024-02-09T04:05:00+00:00,1.07703,1.07703,1.07695,1.07695,102
2024-02-09T04:10:00+00:00,1.076955,1.076965,1.07695,1.076955,38
2024-02-09T04:15:00+00:00,1.07696,1.077135,1.076955,1.077115,50
2024-02-09T04:20:00+00:00,1.07714,1.077205,1.077115,1.07716,60
2024-02-09T04:25:00+00:00,1.077155,1.07716,1.077085,1.07712,114
2024-02-09T04:30:00+00:00,1.077115,1.077125,1.07708,1.077115,61
2024-02-09T04:35:00+00:00,1.07712,1.077165,1.077105,1.07716,92
2024-02-09T04:40:00+00:00,1.077165,1.077275,1.077165,1.077225,65
2024-02-09T04:45:00+00:00,1.07723,1.077245,1.07715,1.077215,101
2024-02-09T04:50:00+00:00,1.077205,1.077205,1.077115,1.077165,82
2024-02-09T04:55:00+00:00,1.077175,1.077195,1.07711,1.077125,40
2024-02-09T07:00:00+00:00,1.077485,1.077705,1.07746,1.077705,405
2024-02-09T07:05:00+00:00,1.077695,1.077715,1.077515,1.077625,391
2024-02-09T07:10:00+00:00,1.07762,1.07779,1.077545,1.077715,264
2024-02-09T07:15:00+00:00,1.077705,1.077885,1.07769,1.077815,239
2024-02-09T07:20:00+00:00,1.07782,1.07783,1.07756,1.07768,291
2024-02-09T07:25:00+00:00,1.07767,1.07791,1.07765,1.07791,157
2024-02-09T07:30:00+00:00,1.0779,1.078055,1.077815,1.077925,373
2024-02-09T07:35:00+00:00,1.07794,1.078035,1.07786,1.07798,206
2024-02-09T07:40:00+00:00,1.07801,1.07818,1.07795,1.078115,243
2024-02-09T07:45:00+00:00,1.07812,1.07813,1.07797,1.07801,233
2024-02-09T07:50:00+00:00,1.07802,1.078065,1.077775,1.07782,225
2024-02-09T07:55:00+00:00,1.077825,1.07828,1.07782,1.07803,330
2024-02-09T06:00:00+00:00,1.07712,1.07712,1.07705,1.07707,72
2024-02-09T06:05:00+00:00,1.077075,1.077125,1.077065,1.07711,58
2024-02-09T06:10:00+00:00,1.077125,1.07723,1.077125,1.077195,86
2024-02-09T06:15:00+00:00,1.0772,1.077205,1.077125,1.07715,40
2024-02-09T06:20:00+00:00,1.077155,1.07718,1.07711,1.077155,34
2024-02-09T06:25:00+00:00,1.07716,1.07717,1.077005,1.077155,86
2024-02-09T06:30:00+00:00,1.077165,1.077305,1.07716,1.077205,138
2024-02-09T06:35:00+00:00,1.07721,1.07733,1.077165,1.077165,91
2024-02-09T06:40:00+00:00,1.077175,1.077315,1.077175,1.077315,41
2024-02-09T06:45:00+00:00,1.07731,1.07751,1.07731,1.077485,166
2024-02-09T06:50:00+00:00,1.07749,1.07756,1.07743,1.077515,170
2024-02-09T06:55:00+00:00,1.07749,1.077515,1.07731,1.07747,141
2024-02-09T08:00:00+00:00,1.078045,1.078415,1.078045,1.078175,458
2024-02-09T08:05:00+00:00,1.07819,1.0783,1.07774,1.0779,388
2024-02-09T08:10:00+00:00,1.077895,1.07794,1.0774,1.07747,414
2024-02-09T08:15:00+00:00,1.07746,1.07771,1.077295,1.077605,422
2024-02-09T08:20:00+00:00,1.07761,1.078155,1.0776,1.077925,505
2024-02-09T08:25:00+00:00,1.07793,1.07835,1.07776,1.07824,429
2024-02-09T08:30:00+00:00,1.078245,1.078485,1.078065,1.078095,411
2024-02-09T08:35:00+00:00,1.07809,1.07823,1.077885,1.078175,371
2024-02-09T08:40:00+00:00,1.07818,1.07818,1.07755,1.07756,377
2024-02-09T08:45:00+00:00,1.077565,1.07757,1.07725,1.07733,306
2024-02-09T08:50:00+00:00,1.077335,1.07768,1.077315,1.077595,379
2024-02-09T08:55:00+00:00,1.077585,1.07764,1.07724,1.07728,461
2024-02-09T09:00:00+00:00,1.07727,1.07739,1.07712,1.07738,568
2024-02-09T09:05:00+00:00,1.077385,1.07755,1.076965,1.077085,382
2024-02-09T09:10:00+00:00,1.07709,1.07733,1.076995,1.077185,324
2024-02-09T09:15:00+00:00,1.077165,1.07735,1.077005,1.077335,395
2024-02-09T09:20:00+00:00,1.077345,1.077545,1.07726,1.07753,327
2024-02-09T09:25:00+00:00,1.07754,1.07754,1.07732,1.077495,294
2024-02-09T09:30:00+00:00,1.0775,1.077695,1.07749,1.07762,410
2024-02-09T09:35:00+00:00,1.077605,1.077605,1.076885,1.07689,475
2024-02-09T09:40:00+00:00,1.07686,1.07712,1.076655,1.07689,407
2024-02-09T09:45:00+00:00,1.076885,1.07692,1.07661,1.076775,373
2024-02-09T09:50:00+00:00,1.07677,1.07692,1.07674,1.076895,318
2024-02-09T09:55:00+00:00,1.076915,1.077055,1.07669,1.07672,446
2024-02-09T10:00:00+00:00,1.07671,1.076815,1.07637,1.076805,488
2024-02-09T10:05:00+00:00,1.076825,1.07687,1.076535,1.07654,312
2024-02-09T10:10:00+00:00,1.076545,1.076545,1.07633,1.07638,248
2024-02-09T10:15:00+00:00,1.07639,1.07664,1.07622,1.07664,299
2024-02-09T10:20:00+00:00,1.07665,1.07671,1.076445,1.076475,383
2024-02-09T10:25:00+00:00,1.076465,1.07692,1.07642,1.076855,501
2024-02-09T10:30:00+00:00,1.07686,1.07688,1.076645,1.07679,302
2024-02-09T10:35:00+00:00,1.076785,1.07681,1.076645,1.076795,237
2024-02-09T10:40:00+00:00,1.07678,1.07699,1.07671,1.076935,173
2024-02-09T10:45:00+00:00,1.07692,1.076995,1.07686,1.07699,162
2024-02-09T10:50:00+00:00,1.076985,1.07702,1.076675,1.076765,246
2024-02-09T10:55:00+00:00,1.07676,1.076845,1.07657,1.076675,297
2024-02-09T11:00:00+00:00,1.07668,1.076725,1.07636,1.076455,491
2024-02-09T11:05:00+00:00,1.07646,1.07662,1.07639,1.076535,432
2024-02-09T11:10:00+00:00,1.07653,1.076685,1.076505,1.07666,331
2024-02-09T11:15:00+00:00,1.076665,1.076825,1.07666,1.076775,284
2024-02-09T11:20:00+00:00,1.076785,1.07691,1.076775,1.076845,181
2024-02-09T11:25:00+00:00,1.07684,1.07686,1.076615,1.076755,260
2024-02-09T11:30:00+00:00,1.076745,1.077075,1.07673,1.07702,255
2024-02-09T11:35:00+00:00,1.077025,1.077035,1.07672,1.07685,240
2024-02-09T11:40:00+00:00,1.076845,1.077095,1.07678,1.07699,343
2024-02-09T11:45:00+00:00,1.07701,1.077095,1.076965,1.07701,210
2024-02-09T11:50:00+00:00,1.077015,1.07713,1.07692,1.077125,176
2024-02-09T11:55:00+00:00,1.07713,1.077325,1.077095,1.077175,334
2024-02-09T12:00:00+00:00,1.077185,1.07725,1.07712,1.077215,245
2024-02-09T12:05:00+00:00,1.07722,1.07743,1.07714,1.077245,221
2024-02-09T12:10:00+00:00,1.07725,1.077665,1.077245,1.077385,444
2024-02-09T12:15:00+00:00,1.07738,1.077585,1.07715,1.077165,395
2024-02-09T12:20:00+00:00,1.07717,1.07742,1.07703,1.07738,200
2024-02-09T12:25:00+00:00,1.07737,1.07737,1.07686,1.077045,367
2024-02-09T12:30:00+00:00,1.07702,1.07702,1.076585,1.07686,419
2024-02-09T12:35:00+00:00,1.07686,1.07693,1.076705,1.07676,296
2024-02-09T12:40:00+00:00,1.07675,1.076775,1.07632,1.07648,394
2024-02-09T12:45:00+00:00,1.076485,1.07676,1.076315,1.07663,417
2024-02-09T12:50:00+00:00,1.076635,1.076915,1.076515,1.076885,351
2024-02-09T12:55:00+00:00,1.07686,1.076945,1.076715,1.07673,338
2024-02-09T13:00:00+00:00,1.07672,1.077045,1.076545,1.076935,538
2024-02-09T13:05:00+00:00,1.07695,1.07717,1.07678,1.07717,426
2024-02-09T13:10:00+00:00,1.077185,1.077385,1.07712,1.077225,449
2024-02-09T13:15:00+00:00,1.077235,1.07724,1.076955,1.07718,369
2024-02-09T13:20:00+00:00,1.077185,1.077365,1.07685,1.076915,540
2024-02-09T13:25:00+00:00,1.076905,1.07721,1.076905,1.07718,431
2024-02-09T13:30:00+00:00,1.07717,1.079495,1.07686,1.0781,2458
2024-02-09T13:35:00+00:00,1.07808,1.07905,1.07766,1.078835,1908
2024-02-09T13:40:00+00:00,1.078845,1.078895,1.07763,1.078155,1396
2024-02-09T13:45:00+00:00,1.078165,1.078605,1.077755,1.07855,1057
2024-02-09T13:50:00+00:00,1.078565,1.0786,1.077765,1.07806,844
2024-02-09T13:55:00+00:00,1.078065,1.07844,1.07803,1.07832,841
2024-02-09T15:00:00+00:00,1.07817,1.078485,1.077995,1.078325,553
2024-02-09T15:05:00+00:00,1.07832,1.078965,1.07815,1.07883,700
2024-02-09T15:10:00+00:00,1.078825,1.07899,1.078455,1.078665,557
2024-02-09T15:15:00+00:00,1.078645,1.078725,1.07842,1.07855,758
2024-02-09T15:20:00+00:00,1.078545,1.0787,1.078345,1.078515,766
2024-02-09T15:25:00+00:00,1.078505,1.07873,1.078465,1.078565,574
2024-02-09T15:30:00+00:00,1.078585,1.078805,1.07849,1.07876,645
2024-02-09T15:35:00+00:00,1.078765,1.078795,1.07861,1.07871,593
2024-02-09T15:40:00+00:00,1.078715,1.078865,1.078195,1.078285,506
2024-02-09T15:45:00+00:00,1.0783,1.078575,1.07812,1.078375,473
2024-02-09T15:50:00+00:00,1.07837,1.078755,1.078285,1.07845,509
2024-02-09T15:55:00+00:00,1.07848,1.07871,1.0783,1.078645,744
2024-02-09T16:00:00+00:00,1.078645,1.078655,1.078185,1.078255,612
2024-02-09T16:05:00+00:00,1.07826,1.078525,1.078075,1.078485,469
2024-02-09T16:10:00+00:00,1.07848,1.07873,1.078325,1.07856,503
2024-02-09T16:15:00+00:00,1.07857,1.07881,1.078565,1.07861,459
2024-02-09T16:20:00+00:00,1.078595,1.078695,1.07828,1.07828,469
2024-02-09T16:25:00+00:00,1.078285,1.078365,1.078175,1.078305,396
2024-02-09T16:30:00+00:00,1.07831,1.078565,1.078255,1.078555,508
2024-02-09T16:35:00+00:00,1.07856,1.07861,1.078325,1.07836,460
2024-02-09T16:40:00+00:00,1.07835,1.078525,1.078185,1.07826,368
2024-02-09T16:45:00+00:00,1.07828,1.07842,1.078225,1.07829,302
2024-02-09T16:50:00+00:00,1.07828,1.07834,1.078045,1.078055,223
2024-02-09T16:55:00+00:00,1.07804,1.078205,1.07798,1.078175,341
2024-02-09T14:00:00+00:00,1.07831,1.078505,1.077985,1.078035,791
2024-02-09T14:05:00+00:00,1.078045,1.079025,1.07801,1.078955,911
2024-02-09T14:10:00+00:00,1.07897,1.07952,1.078915,1.079435,663
2024-02-09T14:15:00+00:00,1.07944,1.07946,1.07885,1.0789,892
2024-02-09T14:20:00+00:00,1.07891,1.07891,1.07772,1.077745,963
2024-02-09T14:25:00+00:00,1.07774,1.077815,1.077505,1.077725,735
2024-02-09T14:30:00+00:00,1.07773,1.07834,1.07766,1.078065,1070
2024-02-09T14:35:00+00:00,1.078055,1.078655,1.078055,1.07823,842
2024-02-09T14:40:00+00:00,1.078235,1.07876,1.07815,1.078585,653
2024-02-09T14:45:00+00:00,1.07858,1.07858,1.078135,1.07839,811
2024-02-09T14:50:00+00:00,1.078395,1.07861,1.07815,1.078475,590
2024-02-09T14:55:00+00:00,1.07849,1.07857,1.07801,1.07817,520
2024-02-09T17:00:00+00:00,1.078165,1.07824,1.07805,1.078195,333
2024-02-09T17:05:00+00:00,1.07818,1.07842,1.078175,1.078375,225
2024-02-09T17:10:00+00:00,1.078385,1.078385,1.078175,1.07831,158
2024-02-09T17:15:00+00:00,1.078305,1.07839,1.07811,1.07811,213
2024-02-09T17:20:00+00:00,1.078105,1.07812,1.077965,1.077975,256
2024-02-09T17:25:00+00:00,1.07797,1.078265,1.07793,1.078255,235
2024-02-09T17:30:00+00:00,1.07826,1.0783,1.078165,1.07822,190
2024-02-09T17:35:00+00:00,1.078215,1.078305,1.07811,1.07823,222
2024-02-09T17:40:00+00:00,1.078245,1.078325,1.078215,1.078305,229
2024-02-09T17:45:00+00:00,1.078315,1.078495,1.07824,1.078455,246
2024-02-09T17:50:00+00:00,1.078465,1.07849,1.07835,1.078485,211
2024-02-09T17:55:00+00:00,1.07848,1.07868,1.078455,1.07856,216
2024-02-09T18:00:00+00:00,1.07857,1.07878,1.07857,1.07873,143
2024-02-09T18:05:00+00:00,1.078725,1.078725,1.078565,1.078625,184
2024-02-09T18:10:00+00:00,1.07863,1.07871,1.07862,1.078625,143
2024-02-09T18:15:00+00:00,1.07864,1.078795,1.078635,1.078795,201
2024-02-09T18:20:00+00:00,1.0788,1.079035,1.07877,1.078785,177
2024-02-09T18:25:00+00:00,1.07879,1.078955,1.07872,1.07894,164
2024-02-09T18:30:00+00:00,1.07895,1.079085,1.07882,1.079085,166
2024-02-09T18:35:00+00:00,1.07908,1.07908,1.078865,1.07891,148
2024-02-09T18:40:00+00:00,1.078905,1.07891,1.078735,1.078735,108
2024-02-09T18:45:00+00:00,1.07874,1.078775,1.078655,1.07871,145
2024-02-09T18:50:00+00:00,1.078715,1.07873,1.078655,1.078715,195
2024-02-09T18:55:00+00:00,1.07871,1.07872,1.07862,1.078675,187
2024-02-09T19:00:00+00:00,1.078665,1.078685,1.07851,1.07858,163
2024-02-09T19:05:00+00:00,1.078575,1.07867,1.078555,1.078625,86
2024-02-09T19:10:00+00:00,1.078645,1.07867,1.078565,1.07862,89
2024-02-09T19:15:00+00:00,1.078615,1.07866,1.078505,1.07854,67
2024-02-09T19:20:00+00:00,1.078525,1.07871,1.07852,1.07868,143
2024-02-09T19:25:00+00:00,1.078665,1.07879,1.07866,1.078725,113
2024-02-09T19:30:00+00:00,1.07872,1.07874,1.078655,1.07872,82
2024-02-09T19:35:00+00:00,1.078715,1.078735,1.078635,1.078695,112
2024-02-09T19:40:00+00:00,1.0787,1.0787,1.07855,1.07859,75
2024-02-09T19:45:00+00:00,1.078585,1.078595,1.07854,1.078545,87
2024-02-09T19:50:00+00:00,1.07855,1.07855,1.078255,1.07829,161
2024-02-09T19:55:00+00:00,1.078265,1.078355,1.07814,1.07826,217
2024-02-09T20:00:00+00:00,1.078255,1.07831,1.078005,1.07803,291
2024-02-09T20:05:00+00:00,1.07804,1.07819,1.07798,1.07807,154
2024-02-09T20:10:00+00:00,1.078065,1.07827,1.078065,1.078215,131
2024-02-09T20:15:00+00:00,1.078205,1.078465,1.078175,1.078385,259
2024-02-09T20:20:00+00:00,1.07839,1.07844,1.07833,1.07842,151
2024-02-09T20:25:00+00:00,1.078425,1.07854,1.078395,1.078505,150
2024-02-09T20:30:00+00:00,1.0785,1.078535,1.078445,1.0785,187
2024-02-09T20:35:00+00:00,1.078485,1.07852,1.078415,1.0785,225
2024-02-09T20:40:00+00:00,1.078495,1.078555,1.07841,1.07855,239
2024-02-09T20:45:00+00:00,1.078555,1.0788,1.07855,1.078745,234
2024-02-09T20:50:00+00:00,1.07875,1.07881,1.07868,1.07868,236
2024-02-09T20:55:00+00:00,1.07869,1.07872,1.078565,1.078635,226
2024-02-09T21:00:00+00:00,1.07863,1.078695,1.07859,1.0786,166
2024-02-09T21:05:00+00:00,1.078595,1.07868,1.078595,1.07868,168
2024-02-09T21:10:00+00:00,1.078675,1.078775,1.078635,1.078765,107
2024-02-09T21:15:00+00:00,1.07877,1.078845,1.078725,1.07884,182
2024-02-09T21:20:00+00:00,1.078845,1.07886,1.078755,1.078765,226
2024-02-09T21:25:00+00:00,1.07877,1.07882,1.078735,1.07881,236
2024-02-09T21:30:00+00:00,1.078815,1.07882,1.078745,1.07875,108
2024-02-09T21:35:00+00:00,1.078745,1.078745,1.078645,1.078655,192
2024-02-09T21:40:00+00:00,1.07866,1.078675,1.07855,1.07861,122
2024-02-09T21:45:00+00:00,1.078615,1.07865,1.07852,1.078545,308
2024-02-09T21:50:00+00:00,1.07855,1.078585,1.078405,1.078475,280
2024-02-09T21:55:00+00:00,1.078485,1.0786,1.078335,1.07835,148
2024-02-06T16:00:00+00:00,1.074325,1.074485,1.07409,1.074245,603
2024-02-06T16:05:00+00:00,1.07426,1.074305,1.07391,1.073915,463
2024-02-06T16:10:00+00:00,1.07394,1.074385,1.07394,1.074165,393
2024-02-06T16:15:00+00:00,1.074155,1.07439,1.074155,1.074315,259
2024-02-06T16:20:00+00:00,1.07432,1.074855,1.07425,1.07465,432
2024-02-06T16:25:00+00:00,1.074675,1.07495,1.074565,1.07486,388
2024-02-06T16:30:00+00:00,1.074895,1.075015,1.074775,1.07498,417
2024-02-06T16:35:00+00:00,1.074985,1.075035,1.07459,1.074845,432
2024-02-06T16:40:00+00:00,1.07485,1.075335,1.074795,1.075265,651
2024-02-06T16:45:00+00:00,1.07527,1.075325,1.07506,1.07522,598
2024-02-06T16:50:00+00:00,1.07523,1.07533,1.0751,1.075175,327
2024-02-06T16:55:00+00:00,1.07517,1.07533,1.07504,1.07506,505
2024-02-11T22:00:00+00:00,1.078075,1.0784,1.07804,1.078215,36
2024-02-11T22:05:00+00:00,1.07823,1.07828,1.078165,1.078185,53
2024-02-11T22:10:00+00:00,1.078165,1.0783,1.078095,1.078245,54
2024-02-11T22:15:00+00:00,1.07824,1.078455,1.078235,1.078455,88
2024-02-11T22:20:00+00:00,1.07845,1.07845,1.07832,1.0784,97
2024-02-11T22:25:00+00:00,1.07839,1.07842,1.078365,1.078395,60
2024-02-11T22:30:00+00:00,1.078385,1.07839,1.07835,1.078365,24
2024-02-11T22:35:00+00:00,1.0784,1.07857,1.07839,1.078545,58
2024-02-11T22:40:00+00:00,1.078555,1.07858,1.078545,1.07856,38
2024-02-11T22:45:00+00:00,1.078555,1.07862,1.078525,1.07858,97
2024-02-11T22:50:00+00:00,1.07859,1.078635,1.07848,1.078495,67
2024-02-11T22:55:00+00:00,1.0785,1.07851,1.078475,1.07849,49
2024-02-11T23:00:00+00:00,1.07852,1.079015,1.078435,1.079015,244
2024-02-11T23:05:00+00:00,1.079035,1.07942,1.079005,1.07921,229
2024-02-11T23:10:00+00:00,1.079205,1.079205,1.07905,1.07911,242
2024-02-11T23:15:00+00:00,1.079115,1.0794,1.079095,1.079395,259
2024-02-11T23:20:00+00:00,1.0794,1.07949,1.07932,1.07949,311
2024-02-11T23:25:00+00:00,1.079495,1.079505,1.07945,1.079455,306
2024-02-11T23:30:00+00:00,1.07947,1.079505,1.079245,1.07949,521
2024-02-11T23:35:00+00:00,1.079485,1.0795,1.07942,1.079445,216
2024-02-11T23:40:00+00:00,1.079455,1.07949,1.079405,1.079455,138
2024-02-11T23:45:00+00:00,1.079465,1.079675,1.079455,1.07965,215
2024-02-11T23:50:00+00:00,1.079645,1.079835,1.079645,1.0798,220
2024-02-11T23:55:00+00:00,1.079805,1.079835,1.079735,1.079805,317
2024-02-12T00:00:00+00:00,1.07981,1.07984,1.079735,1.07983,236
2024-02-12T00:05:00+00:00,1.079835,1.07985,1.07979,1.079805,269
2024-02-12T00:10:00+00:00,1.0798,1.079825,1.07973,1.079735,334
2024-02-12T00:15:00+00:00,1.07974,1.07978,1.07968,1.079775,194
2024-02-12T00:20:00+00:00,1.079785,1.079885,1.07975,1.07986,158
2024-02-12T00:25:00+00:00,1.079875,1.0799,1.079775,1.079835,167
2024-02-12T00:30:00+00:00,1.07984,1.079985,1.079835,1.079835,176
2024-02-12T00:35:00+00:00,1.07983,1.079955,1.07983,1.079885,207
2024-02-12T00:40:00+00:00,1.07988,1.07996,1.07987,1.079935,98
2024-02-12T00:45:00+00:00,1.07994,1.079955,1.079895,1.07993,145
2024-02-12T00:50:00+00:00,1.079925,1.07995,1.079925,1.079935,76
2024-02-12T00:55:00+00:00,1.07994,1.07995,1.079855,1.079865,92
2024-02-12T01:00:00+00:00,1.079875,1.079875,1.079725,1.079735,92
2024-02-12T01:05:00+00:00,1.079745,1.079745,1.079635,1.079685,59
2024-02-12T01:10:00+00:00,1.079695,1.07977,1.07954,1.079545,133
2024-02-12T01:15:00+00:00,1.079535,1.07954,1.07939,1.079435,157
2024-02-12T01:20:00+00:00,1.07943,1.07946,1.07938,1.07939,100
2024-02-12T01:25:00+00:00,1.079385,1.079445,1.079385,1.07944,29
2024-02-12T01:30:00+00:00,1.079435,1.07973,1.07939,1.079705,91
2024-02-12T01:35:00+00:00,1.079725,1.079785,1.079695,1.07975,91
2024-02-12T01:40:00+00:00,1.079755,1.079835,1.07972,1.07974,79
2024-02-12T01:45:00+00:00,1.07976,1.079795,1.079625,1.079635,104
2024-02-12T01:50:00+00:00,1.07964,1.07964,1.07958,1.079595,66
2024-02-12T01:55:00+00:00,1.079585,1.07963,1.079535,1.079575,102
2024-02-12T02:00:00+00:00,1.079585,1.07959,1.079525,1.079545,117
2024-02-12T02:05:00+00:00,1.07954,1.079595,1.079535,1.07956,61
2024-02-12T02:10:00+00:00,1.079555,1.079625,1.079535,1.07958,101
2024-02-12T02:15:00+00:00,1.079555,1.079595,1.079535,1.079535,165
2024-02-12T02:20:00+00:00,1.07953,1.079545,1.07933,1.079395,123
2024-02-12T02:25:00+00:00,1.079405,1.079445,1.07933,1.079445,49
2024-02-12T02:30:00+00:00,1.07945,1.07973,1.079435,1.07969,116
2024-02-12T02:35:00+00:00,1.079695,1.079735,1.079685,1.07973,44
2024-02-12T02:40:00+00:00,1.079725,1.079745,1.07968,1.07974,92
2024-02-12T02:45:00+00:00,1.079745,1.07979,1.079615,1.07969,91
2024-02-12T02:50:00+00:00,1.079685,1.07972,1.079635,1.07964,50
2024-02-12T02:55:00+00:00,1.079645,1.079645,1.07948,1.079495,55
2024-02-12T03:00:00+00:00,1.07949,1.07966,1.07949,1.079655,99
2024-02-12T03:05:00+00:00,1.07966,1.079705,1.07964,1.079705,59
2024-02-12T03:10:00+00:00,1.0797,1.07971,1.079595,1.07964,114
2024-02-12T03:15:00+00:00,1.079635,1.079655,1.079605,1.079615,108
2024-02-12T03:20:00+00:00,1.079605,1.079605,1.079365,1.07939,118
2024-02-12T03:25:00+00:00,1.07938,1.07939,1.07924,1.07933,117
2024-02-12T03:30:00+00:00,1.079335,1.07937,1.079185,1.079185,100
2024-02-12T03:35:00+00:00,1.079195,1.07921,1.079145,1.079205,143
2024-02-12T03:40:00+00:00,1.0792,1.079345,1.0792,1.079305,82
2024-02-12T03:45:00+00:00,1.079295,1.079295,1.07913,1.079195,50
2024-02-12T03:50:00+00:00,1.0792,1.07929,1.079185,1.079205,62
2024-02-12T03:55:00+00:00,1.0792,1.07921,1.07912,1.079195,90
2024-02-12T04:00:00+00:00,1.0792,1.079305,1.079195,1.07926,107
2024-02-12T04:05:00+00:00,1.079255,1.07935,1.07925,1.079255,69
2024-02-12T04:10:00+00:00,1.07925,1.0793,1.079205,1.07929,82
2024-02-12T04:15:00+00:00,1.079295,1.079295,1.0792,1.07926,75
2024-02-12T04:20:00+00:00,1.079255,1.07941,1.079245,1.079315,155
2024-02-12T04:25:00+00:00,1.07931,1.079355,1.0793,1.079305,31
2024-02-12T04:30:00+00:00,1.0793,1.0793,1.07915,1.079155,66
2024-02-12T04:35:00+00:00,1.07915,1.079205,1.07915,1.079195,24
2024-02-12T04:40:00+00:00,1.079205,1.079205,1.079055,1.079085,41
2024-02-12T04:45:00+00:00,1.079075,1.0791,1.079045,1.07906,35
2024-02-12T04:50:00+00:00,1.079055,1.07909,1.07901,1.079035,76
2024-02-12T04:55:00+00:00,1.079025,1.07906,1.07895,1.079055,65
2024-02-12T07:00:00+00:00,1.079155,1.07961,1.079155,1.079505,222
2024-02-12T07:05:00+00:00,1.07953,1.079655,1.079475,1.079495,219
2024-02-12T07:10:00+00:00,1.079505,1.079505,1.079285,1.07931,167
2024-02-12T07:15:00+00:00,1.07929,1.0793,1.07895,1.079165,163
2024-02-12T07:20:00+00:00,1.07917,1.079875,1.079145,1.07978,346
2024-02-12T07:25:00+00:00,1.07977,1.07991,1.079645,1.079655,337
2024-02-12T07:30:00+00:00,1.07967,1.07969,1.079495,1.079505,243
2024-02-12T07:35:00+00:00,1.07947,1.079625,1.07934,1.079625,224
2024-02-12T07:40:00+00:00,1.07962,1.0797,1.07941,1.079475,226
2024-02-12T07:45:00+00:00,1.07948,1.079755,1.07948,1.079755,237
2024-02-12T07:50:00+00:00,1.079765,1.080115,1.079765,1.080015,231
2024-02-12T07:55:00+00:00,1.08002,1.080565,1.08002,1.080325,577
2024-02-12T08:00:00+00:00,1.080315,1.080315,1.079835,1.079835,546
2024-02-12T08:05:00+00:00,1.079845,1.07986,1.07945,1.0795,401
2024-02-12T08:10:00+00:00,1.07951,1.07954,1.07889,1.07896,395
2024-02-12T08:15:00+00:00,1.078955,1.07904,1.07876,1.078785,481
2024-02-12T08:20:00+00:00,1.07879,1.07904,1.078075,1.07808,506
2024-02-12T08:25:00+00:00,1.078085,1.078125,1.07777,1.07805,564
2024-02-12T08:30:00+00:00,1.07803,1.078185,1.077775,1.077935,481
2024-02-12T08:35:00+00:00,1.07793,1.077995,1.07777,1.077895,428
2024-02-12T08:40:00+00:00,1.07789,1.07815,1.077755,1.078085,465
2024-02-12T08:45:00+00:00,1.07809,1.078275,1.077925,1.077945,273
2024-02-12T08:50:00+00:00,1.07794,1.07794,1.07747,1.07747,334
2024-02-12T08:55:00+00:00,1.077465,1.077665,1.077445,1.07754,326
2024-02-12T09:00:00+00:00,1.077525,1.07764,1.07723,1.0775,391
2024-02-12T09:05:00+00:00,1.07751,1.07781,1.077485,1.077545,338
2024-02-12T09:10:00+00:00,1.07754,1.077705,1.07753,1.077595,247
2024-02-12T09:15:00+00:00,1.0776,1.07779,1.07715,1.077225,300
2024-02-12T09:20:00+00:00,1.07723,1.077445,1.077225,1.0774,281
2024-02-12T09:25:00+00:00,1.077395,1.077545,1.077395,1.07745,182
2024-02-12T09:30:00+00:00,1.077445,1.07753,1.077135,1.077285,225
2024-02-12T09:35:00+00:00,1.07729,1.077535,1.07729,1.077525,373
2024-02-12T09:40:00+00:00,1.07751,1.077515,1.07708,1.077195,335
2024-02-12T09:45:00+00:00,1.077175,1.077225,1.07702,1.07709,240
2024-02-12T09:50:00+00:00,1.077085,1.077205,1.07682,1.076825,282
2024-02-12T09:55:00+00:00,1.07683,1.076935,1.07668,1.07692,270
2024-02-12T10:00:00+00:00,1.07693,1.077135,1.076865,1.07712,238
2024-02-12T10:05:00+00:00,1.07713,1.07736,1.0771,1.077345,279
2024-02-12T10:10:00+00:00,1.077335,1.077335,1.077125,1.077235,187
2024-02-12T10:15:00+00:00,1.07724,1.07725,1.07673,1.076735,209
2024-02-12T10:20:00+00:00,1.07675,1.077215,1.07675,1.077195,228
2024-02-12T10:25:00+00:00,1.0772,1.077475,1.07704,1.07747,293
2024-02-12T10:30:00+00:00,1.077475,1.077635,1.077325,1.077635,227
2024-02-12T10:35:00+00:00,1.07763,1.077735,1.07748,1.077585,220
2024-02-12T10:40:00+00:00,1.07756,1.07767,1.07746,1.07749,235
2024-02-12T10:45:00+00:00,1.077495,1.07774,1.07747,1.07763,164
2024-02-12T10:50:00+00:00,1.07764,1.07788,1.077615,1.07764,214
2024-02-12T10:55:00+00:00,1.077635,1.07768,1.077455,1.077675,258
2024-02-12T11:00:00+00:00,1.077685,1.07778,1.07741,1.077535,367
2024-02-12T11:05:00+00:00,1.07753,1.077585,1.077165,1.077275,335
2024-02-12T11:10:00+00:00,1.07727,1.07727,1.077075,1.077195,339
2024-02-12T11:15:00+00:00,1.07719,1.0773,1.077115,1.07712,328
2024-02-12T11:20:00+00:00,1.077125,1.077175,1.07693,1.07697,235
2024-02-12T11:25:00+00:00,1.07696,1.07722,1.07686,1.076995,225
2024-02-12T11:30:00+00:00,1.077,1.077055,1.076815,1.07689,243
2024-02-12T11:35:00+00:00,1.076885,1.077025,1.07677,1.07691,190
2024-02-12T11:40:00+00:00,1.0769,1.07694,1.076745,1.076745,213
2024-02-12T11:45:00+00:00,1.07674,1.07678,1.07642,1.076445,253
2024-02-12T11:50:00+00:00,1.07646,1.07694,1.07631,1.0769,240
2024-02-12T11:55:00+00:00,1.076895,1.07704,1.07685,1.076945,233
2024-02-12T13:00:00+00:00,1.076995,1.07721,1.076885,1.07717,382
2024-02-12T13:05:00+00:00,1.077175,1.077345,1.07707,1.077325,363
2024-02-12T13:10:00+00:00,1.07732,1.07737,1.077215,1.077265,329
2024-02-12T13:15:00+00:00,1.07725,1.07732,1.076815,1.07703,436
2024-02-12T13:20:00+00:00,1.07706,1.07711,1.07684,1.07688,461
2024-02-12T13:25:00+00:00,1.076855,1.076925,1.076715,1.076815,326
2024-02-12T13:30:00+00:00,1.07681,1.07693,1.07669,1.07693,443
2024-02-12T13:35:00+00:00,1.07692,1.07693,1.07653,1.076675,387
2024-02-12T13:40:00+00:00,1.07668,1.07683,1.076465,1.07657,397
2024-02-12T13:45:00+00:00,1.076585,1.076695,1.076385,1.07642,437
2024-02-12T13:50:00+00:00,1.076415,1.07645,1.07611,1.076295,451
2024-02-12T13:55:00+00:00,1.07629,1.076615,1.07617,1.076395,389
2024-02-12T12:00:00+00:00,1.07696,1.076965,1.076525,1.07659,377
2024-02-12T12:05:00+00:00,1.0766,1.07701,1.076535,1.076945,343
2024-02-12T12:10:00+00:00,1.07695,1.077215,1.07695,1.07699,258
2024-02-12T12:15:00+00:00,1.077005,1.07723,1.077005,1.077145,213
2024-02-12T12:20:00+00:00,1.07714,1.077295,1.077045,1.077295,250
2024-02-12T12:25:00+00:00,1.077315,1.077365,1.07708,1.077185,218
2024-02-12T12:30:00+00:00,1.077175,1.07719,1.07692,1.077105,193
2024-02-12T12:35:00+00:00,1.0771,1.077145,1.076835,1.07693,176
2024-02-12T12:40:00+00:00,1.076935,1.07707,1.076615,1.076655,199
2024-02-12T12:45:00+00:00,1.076645,1.07684,1.076525,1.07679,266
2024-02-12T12:50:00+00:00,1.076775,1.07678,1.07652,1.076625,246
2024-02-12T12:55:00+00:00,1.076615,1.07706,1.07652,1.076985,454
2024-02-12T14:00:00+00:00,1.07639,1.07699,1.076315,1.076895,515
2024-02-12T14:05:00+00:00,1.076885,1.07703,1.076655,1.07675,401
2024-02-12T14:10:00+00:00,1.076745,1.076985,1.07667,1.07674,375
2024-02-12T14:15:00+00:00,1.076745,1.07675,1.07655,1.076705,268
2024-02-12T14:20:00+00:00,1.07669,1.076735,1.076555,1.076705,385
2024-02-12T14:25:00+00:00,1.076695,1.07688,1.07665,1.07686,338
2024-02-12T14:30:00+00:00,1.07687,1.07697,1.076705,1.07697,525
2024-02-12T14:35:00+00:00,1.07698,1.077205,1.07693,1.077185,483
2024-02-12T14:40:00+00:00,1.07719,1.07722,1.077105,1.07721,318
2024-02-12T14:45:00+00:00,1.077215,1.07727,1.077135,1.077135,349
2024-02-12T14:50:00+00:00,1.07714,1.077425,1.07708,1.077305,350
2024-02-12T14:55:00+00:00,1.07731,1.07736,1.077035,1.07723,406
2024-02-12T15:00:00+00:00,1.077225,1.07725,1.076765,1.076905,505
2024-02-12T15:05:00+00:00,1.07691,1.07699,1.076715,1.076775,355
2024-02-12T15:10:00+00:00,1.07677,1.07677,1.07632,1.076355,328
2024-02-12T15:15:00+00:00,1.07636,1.076375,1.075595,1.07602,506
2024-02-12T15:20:00+00:00,1.076025,1.076375,1.07601,1.07623,486
2024-02-12T15:25:00+00:00,1.076235,1.07627,1.07583,1.07592,267
2024-02-12T15:30:00+00:00,1.075915,1.076265,1.07584,1.07624,474
2024-02-12T15:35:00+00:00,1.076245,1.07633,1.07607,1.076135,451
2024-02-12T15:40:00+00:00,1.07616,1.07632,1.07614,1.076265,249
2024-02-12T15:45:00+00:00,1.07627,1.07654,1.076165,1.076495,359
2024-02-12T15:50:00+00:00,1.07649,1.07655,1.07633,1.076545,396
2024-02-12T15:55:00+00:00,1.07654,1.076835,1.076535,1.07675,417
2024-02-12T16:00:00+00:00,1.076745,1.07705,1.076535,1.076845,548
2024-02-12T16:05:00+00:00,1.07686,1.0769,1.07671,1.07683,298
2024-02-12T16:10:00+00:00,1.076825,1.077305,1.076755,1.077285,362
2024-02-12T16:15:00+00:00,1.07729,1.07733,1.07718,1.07731,235
2024-02-12T16:20:00+00:00,1.07732,1.07738,1.077095,1.077215,248
2024-02-12T16:25:00+00:00,1.07723,1.07767,1.077215,1.077605,257
2024-02-12T16:30:00+00:00,1.07761,1.077675,1.07747,1.07749,336
2024-02-12T16:35:00+00:00,1.077505,1.077745,1.077505,1.07762,382
2024-02-12T16:40:00+00:00,1.077625,1.077705,1.0775,1.077535,345
2024-02-12T16:45:00+00:00,1.077545,1.07758,1.077285,1.07746,335
2024-02-12T16:50:00+00:00,1.077465,1.07753,1.07721,1.07732,462
2024-02-12T16:55:00+00:00,1.077325,1.0774,1.07716,1.07733,420
2024-02-12T18:00:00+00:00,1.078245,1.07844,1.078235,1.07828,280
2024-02-12T18:05:00+00:00,1.0783,1.0785,1.078295,1.07848,298
2024-02-12T18:10:00+00:00,1.07849,1.07859,1.078375,1.078375,181
2024-02-12T18:15:00+00:00,1.07838,1.07855,1.07837,1.07852,209
2024-02-12T18:20:00+00:00,1.07853,1.078615,1.07827,1.07827,255
2024-02-12T18:25:00+00:00,1.078265,1.07831,1.07806,1.078235,210
2024-02-12T18:30:00+00:00,1.07823,1.0783,1.078175,1.078245,200
2024-02-12T18:35:00+00:00,1.07826,1.07839,1.078115,1.07815,259
2024-02-12T18:40:00+00:00,1.078155,1.07825,1.078095,1.078165,245
2024-02-12T18:45:00+00:00,1.07816,1.07827,1.07812,1.078265,150
2024-02-12T18:50:00+00:00,1.078255,1.078435,1.07823,1.07833,255
2024-02-12T18:55:00+00:00,1.07834,1.07834,1.07813,1.07813,228
2024-02-12T17:00:00+00:00,1.077335,1.07754,1.07729,1.07754,338
2024-02-12T17:05:00+00:00,1.07755,1.077865,1.07755,1.077785,301
2024-02-12T17:10:00+00:00,1.077795,1.077965,1.07771,1.07776,203
2024-02-12T17:15:00+00:00,1.077765,1.077775,1.07762,1.07765,227
2024-02-12T17:20:00+00:00,1.077655,1.07767,1.077385,1.07753,257
2024-02-12T17:25:00+00:00,1.077535,1.07782,1.077535,1.077785,315
2024-02-12T17:30:00+00:00,1.07778,1.07795,1.077545,1.077895,313
2024-02-12T17:35:00+00:00,1.07791,1.07797,1.077815,1.07782,288
2024-02-12T17:40:00+00:00,1.077815,1.078015,1.07777,1.077825,236
2024-02-12T17:45:00+00:00,1.077815,1.07784,1.07775,1.07781,184
2024-02-12T17:50:00+00:00,1.077815,1.078005,1.077815,1.077975,179
2024-02-12T17:55:00+00:00,1.077985,1.078245,1.077935,1.07824,274
2024-02-12T20:00:00+00:00,1.07695,1.0773,1.07695,1.0773,248
2024-02-12T20:05:00+00:00,1.077305,1.07741,1.07728,1.07736,285
2024-02-12T20:10:00+00:00,1.077355,1.07745,1.077265,1.077435,367
2024-02-12T20:15:00+00:00,1.07742,1.077445,1.07736,1.07737,139
2024-02-12T20:20:00+00:00,1.07738,1.07742,1.07724,1.077245,207
2024-02-12T20:25:00+00:00,1.077235,1.077425,1.077235,1.077415,167
2024-02-12T20:30:00+00:00,1.07741,1.07746,1.07733,1.077395,140
2024-02-12T20:35:00+00:00,1.07739,1.07747,1.07734,1.07738,148
2024-02-12T20:40:00+00:00,1.07739,1.077405,1.077165,1.077235,191
2024-02-12T20:45:00+00:00,1.07722,1.077475,1.077185,1.077435,169
2024-02-12T20:50:00+00:00,1.07744,1.0775,1.07737,1.077435,138
2024-02-12T20:55:00+00:00,1.077425,1.07751,1.077355,1.07743,306
2024-02-12T21:00:00+00:00,1.077435,1.07751,1.077415,1.07743,116
2024-02-12T21:05:00+00:00,1.07744,1.0775,1.07737,1.07744,141
2024-02-12T21:10:00+00:00,1.077435,1.07744,1.07735,1.077355,126
2024-02-12T21:15:00+00:00,1.077345,1.077355,1.077305,1.07731,95
2024-02-12T21:20:00+00:00,1.077305,1.07731,1.07718,1.07725,75
2024-02-12T21:25:00+00:00,1.077255,1.077295,1.07723,1.07724,87
2024-02-12T21:30:00+00:00,1.077245,1.07725,1.07712,1.07712,81
2024-02-12T21:35:00+00:00,1.077125,1.07714,1.077035,1.077045,74
2024-02-12T21:40:00+00:00,1.07704,1.077185,1.07704,1.077145,217
2024-02-12T21:45:00+00:00,1.07714,1.07719,1.07712,1.077165,156
2024-02-12T21:50:00+00:00,1.07716,1.07725,1.07716,1.0772,183
2024-02-12T21:55:00+00:00,1.077205,1.07724,1.077085,1.07713,232
2024-02-12T23:00:00+00:00,1.07728,1.077295,1.07717,1.077225,153
2024-02-12T23:05:00+00:00,1.07722,1.07727,1.0772,1.07727,50
2024-02-12T23:10:00+00:00,1.077255,1.077255,1.07712,1.07717,43
2024-02-12T23:15:00+00:00,1.07716,1.077165,1.07709,1.077115,67
2024-02-12T23:20:00+00:00,1.07712,1.077225,1.07712,1.077215,31
2024-02-12T23:25:00+00:00,1.077225,1.07724,1.077155,1.07718,39
2024-02-12T23:30:00+00:00,1.077185,1.07719,1.077155,1.077185,43
2024-02-12T23:35:00+00:00,1.07718,1.077185,1.07708,1.07714,79
2024-02-12T23:40:00+00:00,1.077135,1.07725,1.077135,1.07721,89
2024-02-12T23:45:00+00:00,1.0772,1.07725,1.077185,1.077185,62
2024-02-12T23:50:00+00:00,1.077195,1.07725,1.07717,1.07723,71
2024-02-12T23:55:00+00:00,1.077235,1.07725,1.07715,1.07719,78
2024-02-12T22:00:00+00:00,1.07711,1.07731,1.07711,1.077265,17
2024-02-12T22:05:00+00:00,1.07729,1.077435,1.07727,1.077305,69
2024-02-12T22:10:00+00:00,1.077315,1.077355,1.07715,1.07715,209
2024-02-12T22:15:00+00:00,1.077155,1.07729,1.077155,1.077265,144
2024-02-12T22:20:00+00:00,1.077235,1.07735,1.07717,1.07728,160
2024-02-12T22:25:00+00:00,1.07725,1.077365,1.077195,1.077195,90
2024-02-12T22:30:00+00:00,1.077205,1.07726,1.077185,1.077245,180
2024-02-12T22:35:00+00:00,1.07725,1.077585,1.077225,1.077385,299
2024-02-12T22:40:00+00:00,1.07738,1.077405,1.077375,1.07739,31
2024-02-12T22:45:00+00:00,1.077395,1.077405,1.07717,1.07728,65
2024-02-12T22:50:00+00:00,1.07729,1.077315,1.07726,1.07729,86
2024-02-12T22:55:00+00:00,1.077275,1.077305,1.077215,1.07729,94
2024-02-13T00:00:00+00:00,1.077195,1.077295,1.077195,1.07729,82
2024-02-13T00:05:00+00:00,1.077295,1.077295,1.07709,1.077095,69
2024-02-13T00:10:00+00:00,1.0771,1.077115,1.076995,1.077045,61
2024-02-13T00:15:00+00:00,1.07704,1.0771,1.07687,1.076875,101
2024-02-13T00:20:00+00:00,1.076855,1.07688,1.076745,1.076795,160
2024-02-13T00:25:00+00:00,1.076785,1.076785,1.0767,1.076735,63
2024-02-13T00:30:00+00:00,1.07674,1.07688,1.07674,1.0768,85
2024-02-13T00:35:00+00:00,1.07678,1.07682,1.076765,1.076785,68
2024-02-13T00:40:00+00:00,1.07679,1.076805,1.076725,1.07679,102
2024-02-13T00:45:00+00:00,1.076775,1.076895,1.07674,1.076875,97
2024-02-13T00:50:00+00:00,1.07688,1.07724,1.076865,1.077185,179
2024-02-13T00:55:00+00:00,1.07718,1.07731,1.077155,1.07728,175
2024-02-13T01:00:00+00:00,1.07729,1.077455,1.07729,1.07738,201
2024-02-13T01:05:00+00:00,1.077365,1.077365,1.07722,1.077235,111
2024-02-13T01:10:00+00:00,1.07721,1.07729,1.077085,1.0771,160
2024-02-13T01:15:00+00:00,1.077105,1.07712,1.076905,1.076955,125
2024-02-13T01:20:00+00:00,1.07695,1.07701,1.07689,1.07689,110
2024-02-13T01:25:00+00:00,1.076885,1.07698,1.07684,1.076885,105
2024-02-13T01:30:00+00:00,1.07688,1.07701,1.07688,1.07689,81
2024-02-13T01:35:00+00:00,1.0769,1.07698,1.07688,1.076885,86
2024-02-13T01:40:00+00:00,1.07691,1.07698,1.076875,1.076875,85
2024-02-13T01:45:00+00:00,1.07688,1.076895,1.076725,1.076725,108
2024-02-13T01:50:00+00:00,1.076715,1.076735,1.07658,1.076595,119
2024-02-13T01:55:00+00:00,1.0766,1.07675,1.076595,1.076695,87
2024-02-13T02:00:00+00:00,1.07669,1.07669,1.07649,1.07649,115
2024-02-13T02:05:00+00:00,1.07648,1.07653,1.0764,1.07653,56
2024-02-13T02:10:00+00:00,1.076535,1.076595,1.07649,1.07655,59
2024-02-13T02:15:00+00:00,1.076545,1.076555,1.07634,1.076345,115
2024-02-13T02:20:00+00:00,1.076335,1.076355,1.07623,1.076325,120
2024-02-13T02:25:00+00:00,1.07631,1.076395,1.07631,1.076385,109
2024-02-13T02:30:00+00:00,1.07639,1.0765,1.076345,1.07646,65
2024-02-13T02:35:00+00:00,1.076475,1.076495,1.07638,1.076385,66
2024-02-13T02:40:00+00:00,1.07638,1.076475,1.076325,1.076455,129
2024-02-13T02:45:00+00:00,1.07645,1.076475,1.076345,1.07639,97
2024-02-13T02:50:00+00:00,1.076385,1.07643,1.07635,1.076405,70
2024-02-13T02:55:00+00:00,1.07641,1.076485,1.076375,1.076425,92
2024-02-13T03:00:00+00:00,1.07642,1.07648,1.076275,1.076285,122
2024-02-13T03:05:00+00:00,1.07629,1.07632,1.07617,1.07618,181
2024-02-13T03:10:00+00:00,1.076185,1.07623,1.076135,1.076185,119
2024-02-13T03:15:00+00:00,1.07619,1.076225,1.076145,1.076145,95
2024-02-13T03:20:00+00:00,1.07615,1.07617,1.076115,1.076135,103
2024-02-13T03:25:00+00:00,1.07614,1.07619,1.076125,1.076125,97
2024-02-13T03:30:00+00:00,1.076115,1.07613,1.07607,1.076095,77
2024-02-13T03:35:00+00:00,1.0761,1.076175,1.07608,1.076165,83
2024-02-13T03:40:00+00:00,1.07617,1.076265,1.076165,1.076215,115
2024-02-13T03:45:00+00:00,1.07622,1.07628,1.07622,1.07624,62
2024-02-13T03:50:00+00:00,1.076235,1.07628,1.07619,1.07624,64
2024-02-13T03:55:00+00:00,1.076245,1.07629,1.07618,1.076185,106
2024-02-13T04:00:00+00:00,1.07618,1.07624,1.076135,1.07618,83
2024-02-13T04:05:00+00:00,1.076185,1.07619,1.076135,1.076135,68
2024-02-13T04:10:00+00:00,1.07613,1.076265,1.07613,1.076235,43
2024-02-13T04:15:00+00:00,1.07625,1.076365,1.076245,1.076295,58
2024-02-13T04:20:00+00:00,1.076285,1.076295,1.076235,1.07629,69
2024-02-13T04:25:00+00:00,1.076285,1.076375,1.076285,1.076335,99
2024-02-13T04:30:00+00:00,1.07634,1.07634,1.07625,1.076285,73
2024-02-13T04:35:00+00:00,1.07629,1.07634,1.07627,1.07634,56
2024-02-13T04:40:00+00:00,1.076345,1.07637,1.076285,1.076295,56
2024-02-13T04:45:00+00:00,1.07629,1.076305,1.07627,1.076285,31
2024-02-13T04:50:00+00:00,1.07629,1.07629,1.07623,1.07624,56
2024-02-13T04:55:00+00:00,1.07625,1.076425,1.07625,1.07638,65
2024-02-08T15:00:00+00:00,1.076505,1.07676,1.07625,1.076325,796
2024-02-08T15:05:00+00:00,1.07633,1.07649,1.076205,1.076315,671
2024-02-08T15:10:00+00:00,1.076325,1.076335,1.075425,1.075455,734
2024-02-08T15:15:00+00:00,1.07546,1.07583,1.075145,1.07571,565
2024-02-08T15:20:00+00:00,1.075725,1.075855,1.075585,1.07569,565
2024-02-08T15:25:00+00:00,1.075685,1.076345,1.075665,1.07601,476
2024-02-08T15:30:00+00:00,1.076015,1.07621,1.075715,1.076065,693
2024-02-08T15:35:00+00:00,1.07607,1.07607,1.0753,1.075435,622
2024-02-08T15:40:00+00:00,1.07542,1.07583,1.075375,1.0758,579
2024-02-08T15:45:00+00:00,1.075795,1.07588,1.07559,1.07559,617
2024-02-08T15:50:00+00:00,1.07558,1.07626,1.07538,1.076245,662
2024-02-08T15:55:00+00:00,1.07624,1.07637,1.07611,1.07612,605
2024-02-13T05:00:00+00:00,1.076355,1.076545,1.076355,1.076495,72
2024-02-13T05:05:00+00:00,1.0765,1.076645,1.076495,1.076595,79
2024-02-13T05:10:00+00:00,1.0766,1.076735,1.076585,1.07669,73
2024-02-13T05:15:00+00:00,1.076675,1.07674,1.076675,1.0767,68
2024-02-13T05:20:00+00:00,1.07669,1.076715,1.076615,1.076715,91
2024-02-13T05:25:00+00:00,1.07671,1.07677,1.07669,1.07675,71
2024-02-13T05:30:00+00:00,1.076755,1.07679,1.076695,1.076785,77
2024-02-13T05:35:00+00:00,1.076765,1.07679,1.076735,1.07675,44
2024-02-13T05:40:00+00:00,1.076745,1.07678,1.076635,1.076635,55
2024-02-13T05:45:00+00:00,1.07665,1.076705,1.076635,1.076675,88
2024-02-13T05:50:00+00:00,1.07668,1.07675,1.07667,1.07668,67
2024-02-13T05:55:00+00:00,1.076685,1.07674,1.07666,1.0767,136
2024-02-13T07:00:00+00:00,1.07705,1.07749,1.07695,1.07738,473
2024-02-13T07:05:00+00:00,1.077385,1.077545,1.07735,1.07748,292
2024-02-13T07:10:00+00:00,1.07747,1.07756,1.07732,1.07754,217
2024-02-13T07:15:00+00:00,1.07755,1.07769,1.07752,1.077625,245
2024-02-13T07:20:00+00:00,1.077615,1.07778,1.07728,1.07734,329
2024-02-13T07:25:00+00:00,1.077345,1.07738,1.07698,1.077175,361
2024-02-13T07:30:00+00:00,1.07717,1.07756,1.076945,1.07743,736
2024-02-13T07:35:00+00:00,1.07741,1.07741,1.076735,1.07686,565
2024-02-13T07:40:00+00:00,1.07683,1.076845,1.07659,1.07661,385
2024-02-13T07:45:00+00:00,1.076605,1.07717,1.076605,1.077015,406
2024-02-13T07:50:00+00:00,1.077055,1.07719,1.076965,1.077075,262
2024-02-13T07:55:00+00:00,1.077085,1.077275,1.076955,1.077125,424
2024-02-13T08:00:00+00:00,1.07712,1.07741,1.076945,1.07736,558
2024-02-13T08:05:00+00:00,1.077365,1.077465,1.076905,1.076955,385
2024-02-13T08:10:00+00:00,1.07695,1.077215,1.076735,1.07696,516
2024-02-13T08:15:00+00:00,1.07697,1.077115,1.076775,1.07696,312
2024-02-13T08:20:00+00:00,1.076965,1.07699,1.07656,1.076595,294
2024-02-13T08:25:00+00:00,1.07659,1.076695,1.076465,1.0765,358
2024-02-13T08:30:00+00:00,1.076505,1.07668,1.076375,1.076565,360
2024-02-13T08:35:00+00:00,1.07656,1.076625,1.076375,1.076385,270
2024-02-13T08:40:00+00:00,1.076405,1.07658,1.076335,1.076365,436
2024-02-13T08:45:00+00:00,1.07637,1.076585,1.07623,1.076525,416
2024-02-13T08:50:00+00:00,1.07652,1.076585,1.07635,1.07643,282
2024-02-13T08:55:00+00:00,1.07644,1.07685,1.0764,1.07677,366
2024-02-13T09:00:00+00:00,1.076765,1.076945,1.076415,1.07644,355
2024-02-13T09:05:00+00:00,1.07645,1.076545,1.076075,1.07608,307
2024-02-13T09:10:00+00:00,1.07609,1.07622,1.075685,1.07614,393
2024-02-13T09:15:00+00:00,1.076135,1.076345,1.076045,1.076085,358
2024-02-13T09:20:00+00:00,1.07608,1.076275,1.07604,1.07626,450
2024-02-13T09:25:00+00:00,1.076255,1.076425,1.076095,1.076195,381
2024-02-13T09:30:00+00:00,1.07619,1.076245,1.076085,1.07618,393
2024-02-13T09:35:00+00:00,1.076175,1.07633,1.076055,1.076095,315
2024-02-13T09:40:00+00:00,1.076115,1.076145,1.07587,1.076095,320
2024-02-13T09:45:00+00:00,1.0761,1.076445,1.07609,1.07644,297
2024-02-13T09:50:00+00:00,1.076445,1.07655,1.0764,1.07652,219
2024-02-13T09:55:00+00:00,1.076515,1.076695,1.076485,1.07668,305
2024-02-13T10:00:00+00:00,1.076685,1.077035,1.076635,1.076995,426
2024-02-13T10:05:00+00:00,1.07699,1.077405,1.07699,1.077215,478
2024-02-13T10:10:00+00:00,1.07722,1.0773,1.077115,1.077215,458
2024-02-13T10:15:00+00:00,1.07722,1.077495,1.077175,1.07718,311
2024-02-13T10:20:00+00:00,1.077175,1.07749,1.07716,1.077455,271
2024-02-13T10:25:00+00:00,1.07745,1.077565,1.077305,1.077565,360
2024-02-13T10:30:00+00:00,1.07756,1.077625,1.07736,1.07736,329
2024-02-13T10:35:00+00:00,1.07737,1.07756,1.07728,1.07731,298
2024-02-13T10:40:00+00:00,1.077315,1.077445,1.077155,1.077315,362
2024-02-13T10:45:00+00:00,1.07732,1.077435,1.07728,1.07728,355
2024-02-13T10:50:00+00:00,1.07729,1.077405,1.07725,1.077255,249
2024-02-13T10:55:00+00:00,1.07725,1.07725,1.077035,1.07723,309
2024-02-13T11:00:00+00:00,1.077225,1.07748,1.07722,1.0774,264
2024-02-13T11:05:00+00:00,1.077405,1.07798,1.0774,1.077815,258
2024-02-13T11:10:00+00:00,1.07781,1.077815,1.07751,1.07765,317
2024-02-13T11:15:00+00:00,1.077655,1.077875,1.077585,1.077765,332
2024-02-13T11:20:00+00:00,1.077775,1.078185,1.077775,1.078155,266
2024-02-13T11:25:00+00:00,1.07816,1.078175,1.07793,1.07811,202
2024-02-13T11:30:00+00:00,1.078105,1.07811,1.077805,1.077805,250
2024-02-13T11:35:00+00:00,1.077795,1.077845,1.077655,1.07783,222
2024-02-13T11:40:00+00:00,1.077825,1.077885,1.07731,1.077415,250
2024-02-13T11:45:00+00:00,1.07741,1.077475,1.077305,1.077315,216
2024-02-13T11:50:00+00:00,1.07729,1.077475,1.07726,1.07744,154
2024-02-13T11:55:00+00:00,1.077435,1.077865,1.07739,1.077795,316
2024-02-13T12:00:00+00:00,1.077775,1.0779,1.07763,1.07771,244
2024-02-13T12:05:00+00:00,1.0777,1.078025,1.07764,1.07793,269
2024-02-13T12:10:00+00:00,1.077935,1.078165,1.077835,1.078145,313
2024-02-13T12:15:00+00:00,1.07815,1.078285,1.07774,1.07781,334
2024-02-13T12:20:00+00:00,1.077815,1.07793,1.07765,1.07782,281
2024-02-13T12:25:00+00:00,1.077825,1.0782,1.077825,1.078145,365
2024-02-13T12:30:00+00:00,1.078135,1.07844,1.078115,1.078265,238
2024-02-13T12:35:00+00:00,1.07827,1.078465,1.07821,1.07846,237
2024-02-13T12:40:00+00:00,1.078465,1.078615,1.07826,1.078295,170
2024-02-13T12:45:00+00:00,1.07829,1.078525,1.07826,1.078455,236
2024-02-13T12:50:00+00:00,1.07844,1.07865,1.078385,1.0785,272
2024-02-13T12:55:00+00:00,1.078495,1.078665,1.078445,1.078555,377
2024-02-13T13:00:00+00:00,1.07855,1.07892,1.078445,1.07882,445
2024-02-13T13:05:00+00:00,1.078835,1.079355,1.078835,1.07925,488
2024-02-13T13:10:00+00:00,1.07928,1.079405,1.07908,1.079395,533
2024-02-13T13:15:00+00:00,1.0794,1.07947,1.07929,1.07934,455
2024-02-13T13:20:00+00:00,1.079345,1.07946,1.07913,1.079405,448
2024-02-13T13:25:00+00:00,1.079375,1.07943,1.079155,1.07924,443
2024-02-13T13:30:00+00:00,1.079245,1.079875,1.072405,1.07299,2821
2024-02-13T13:35:00+00:00,1.07297,1.07355,1.072405,1.073155,2185
2024-02-13T13:40:00+00:00,1.07316,1.07316,1.071165,1.071755,1992
2024-02-13T13:45:00+00:00,1.071755,1.072005,1.07049,1.070865,1572
2024-02-13T13:50:00+00:00,1.07085,1.071505,1.070585,1.07081,1734
2024-02-13T13:55:00+00:00,1.070805,1.07133,1.070315,1.070855,1471
2024-02-13T14:00:00+00:00,1.07085,1.07085,1.07007,1.070615,1470
2024-02-13T14:05:00+00:00,1.070635,1.070825,1.07007,1.07082,1299
2024-02-13T14:10:00+00:00,1.070815,1.07086,1.070465,1.07082,1238
2024-02-13T14:15:00+00:00,1.070785,1.07196,1.07072,1.071405,1303
2024-02-13T14:20:00+00:00,1.0714,1.07163,1.07116,1.07127,1018
2024-02-13T14:25:00+00:00,1.071275,1.07199,1.07122,1.071955,865
2024-02-13T14:30:00+00:00,1.07195,1.07198,1.071205,1.07141,1401
2024-02-13T14:35:00+00:00,1.07142,1.07203,1.07139,1.07157,1069
2024-02-13T14:40:00+00:00,1.071565,1.07238,1.071495,1.072245,1028
2024-02-13T14:45:00+00:00,1.07225,1.072255,1.071825,1.07203,915
2024-02-13T14:50:00+00:00,1.072025,1.072035,1.071335,1.071455,861
2024-02-13T14:55:00+00:00,1.071455,1.072065,1.07143,1.071805,848
2024-02-13T15:00:00+00:00,1.071815,1.071975,1.071515,1.071665,927
2024-02-13T15:05:00+00:00,1.07166,1.071665,1.07067,1.070775,702
2024-02-13T15:10:00+00:00,1.07077,1.071215,1.070605,1.0712,1006
2024-02-13T15:15:00+00:00,1.071195,1.07146,1.07092,1.071355,794
2024-02-13T15:20:00+00:00,1.07135,1.0718,1.07131,1.07172,811
2024-02-13T15:25:00+00:00,1.071715,1.07247,1.071715,1.07224,824
2024-02-13T15:30:00+00:00,1.072245,1.07267,1.072195,1.07267,807
2024-02-13T15:35:00+00:00,1.072665,1.072685,1.07209,1.07226,902
2024-02-13T15:40:00+00:00,1.07227,1.072355,1.0717,1.07174,967
2024-02-13T15:45:00+00:00,1.071735,1.0719,1.07145,1.071825,928
2024-02-13T15:50:00+00:00,1.07181,1.07186,1.07142,1.071435,828
2024-02-13T15:55:00+00:00,1.07142,1.07172,1.07128,1.07167,941
2024-02-13T16:00:00+00:00,1.071675,1.07201,1.071675,1.07199,776
2024-02-13T16:05:00+00:00,1.071985,1.07221,1.07184,1.072195,630
2024-02-13T16:10:00+00:00,1.072165,1.07219,1.07179,1.071865,559
2024-02-13T16:15:00+00:00,1.07186,1.071885,1.07134,1.071395,515
2024-02-13T16:20:00+00:00,1.0714,1.07195,1.07128,1.07193,459
2024-02-13T16:25:00+00:00,1.07192,1.07203,1.07147,1.07152,496
2024-02-13T16:30:00+00:00,1.071515,1.071805,1.071415,1.071805,521
2024-02-13T16:35:00+00:00,1.071795,1.072155,1.071725,1.07184,518
2024-02-13T16:40:00+00:00,1.071845,1.071895,1.07156,1.071605,379
2024-02-13T16:45:00+00:00,1.07158,1.071705,1.071505,1.07155,287
2024-02-13T16:50:00+00:00,1.071545,1.07168,1.07138,1.071645,347
2024-02-13T16:55:00+00:00,1.07165,1.071955,1.07161,1.071925,458
2024-02-13T17:00:00+00:00,1.07193,1.07202,1.071585,1.07168,457
2024-02-13T17:05:00+00:00,1.071675,1.0718,1.07141,1.07175,390
2024-02-13T17:10:00+00:00,1.07176,1.07182,1.071445,1.071565,319
2024-02-13T17:15:00+00:00,1.07157,1.07163,1.07138,1.07147,304
2024-02-13T17:20:00+00:00,1.071455,1.071475,1.071235,1.071255,332
2024-02-13T17:25:00+00:00,1.071275,1.07138,1.07124,1.071365,255
2024-02-13T17:30:00+00:00,1.071375,1.07181,1.071375,1.07179,292
2024-02-13T17:35:00+00:00,1.071795,1.071935,1.07179,1.07181,243
2024-02-13T17:40:00+00:00,1.071805,1.07188,1.071735,1.071785,241
2024-02-13T17:45:00+00:00,1.07179,1.07187,1.07164,1.0717,300
2024-02-13T17:50:00+00:00,1.0717,1.071725,1.0715,1.07157,334
2024-02-13T17:55:00+00:00,1.07154,1.07157,1.071365,1.07152,421
2024-02-13T18:00:00+00:00,1.07153,1.07198,1.071515,1.07193,423
2024-02-13T18:05:00+00:00,1.071935,1.072015,1.071845,1.072015,255
2024-02-13T18:10:00+00:00,1.07201,1.072025,1.07157,1.071695,374
2024-02-13T18:15:00+00:00,1.07171,1.071745,1.07148,1.07155,223
2024-02-13T18:20:00+00:00,1.071545,1.071545,1.07127,1.07136,162
2024-02-13T18:25:00+00:00,1.071365,1.071395,1.07128,1.07139,207
2024-02-13T18:30:00+00:00,1.071375,1.071385,1.07106,1.07108,291
2024-02-13T18:35:00+00:00,1.071075,1.071235,1.07102,1.071115,241
2024-02-13T18:40:00+00:00,1.07112,1.071275,1.071085,1.07117,211
2024-02-13T18:45:00+00:00,1.07116,1.07123,1.071065,1.071085,199
2024-02-13T18:50:00+00:00,1.071075,1.07108,1.070895,1.070905,138
2024-02-13T18:55:00+00:00,1.070915,1.070915,1.07077,1.070845,293
2024-02-13T19:00:00+00:00,1.070815,1.07083,1.070375,1.070475,419
2024-02-13T19:05:00+00:00,1.07048,1.070505,1.07034,1.07037,262
2024-02-13T19:10:00+00:00,1.07036,1.07041,1.07027,1.07034,226
2024-02-13T19:15:00+00:00,1.070335,1.070625,1.070315,1.07044,407
2024-02-13T19:20:00+00:00,1.070425,1.07052,1.07032,1.070325,356
2024-02-13T19:25:00+00:00,1.070335,1.07049,1.07026,1.07045,354
2024-02-13T19:30:00+00:00,1.07043,1.070645,1.07043,1.07059,332
2024-02-13T19:35:00+00:00,1.070585,1.07065,1.070495,1.07061,345
2024-02-13T19:40:00+00:00,1.070615,1.07067,1.07054,1.07067,308
2024-02-13T19:45:00+00:00,1.070665,1.070695,1.070505,1.070525,237
2024-02-13T19:50:00+00:00,1.07053,1.0706,1.07015,1.07026,336
2024-02-13T19:55:00+00:00,1.07027,1.070295,1.070055,1.070135,551
2024-02-13T20:00:00+00:00,1.07013,1.07024,1.070065,1.07011,306
2024-02-13T20:05:00+00:00,1.0701,1.070265,1.0701,1.070215,252
2024-02-13T20:10:00+00:00,1.07021,1.07054,1.070195,1.07036,370
2024-02-13T20:15:00+00:00,1.070365,1.070535,1.070355,1.070485,326
2024-02-13T20:20:00+00:00,1.070495,1.070625,1.070485,1.07062,307
2024-02-13T20:25:00+00:00,1.070625,1.070795,1.07061,1.07062,352
2024-02-13T20:30:00+00:00,1.070615,1.070765,1.070615,1.07076,258
2024-02-13T20:35:00+00:00,1.070765,1.070845,1.070725,1.07077,255
2024-02-13T20:40:00+00:00,1.070775,1.070975,1.07077,1.07096,415
2024-02-13T20:45:00+00:00,1.070955,1.071015,1.070845,1.070855,242
2024-02-13T20:50:00+00:00,1.070865,1.070915,1.07079,1.07087,329
2024-02-13T20:55:00+00:00,1.070875,1.07096,1.070705,1.07074,344
2024-02-13T22:00:00+00:00,1.07086,1.070965,1.07084,1.07095,32
2024-02-13T22:05:00+00:00,1.07096,1.071035,1.07095,1.071035,55
2024-02-13T22:10:00+00:00,1.07103,1.071085,1.07099,1.071035,43
2024-02-13T22:15:00+00:00,1.07103,1.071105,1.070975,1.070985,126
2024-02-13T22:20:00+00:00,1.07098,1.07118,1.0709,1.07116,76
2024-02-13T22:25:00+00:00,1.071155,1.071175,1.071065,1.07112,108
2024-02-13T22:30:00+00:00,1.071115,1.07117,1.07111,1.071145,45
2024-02-13T22:35:00+00:00,1.07114,1.07116,1.071025,1.07113,107
2024-02-13T22:40:00+00:00,1.071135,1.071175,1.071095,1.0711,123
2024-02-13T22:45:00+00:00,1.071095,1.071135,1.07094,1.07097,74
2024-02-13T22:50:00+00:00,1.070965,1.071105,1.070945,1.07104,134
2024-02-13T22:55:00+00:00,1.071035,1.07112,1.07098,1.07109,142
2024-02-13T23:00:00+00:00,1.07108,1.07108,1.0708,1.07089,307
2024-02-13T23:05:00+00:00,1.070885,1.07109,1.070885,1.071,100
2024-02-13T23:10:00+00:00,1.071005,1.071095,1.070995,1.071085,122
2024-02-13T23:15:00+00:00,1.07109,1.07109,1.070955,1.071005,32
2024-02-13T23:20:00+00:00,1.071,1.071005,1.070885,1.070895,27
2024-02-13T23:25:00+00:00,1.070905,1.070905,1.070885,1.070895,21
2024-02-13T23:30:00+00:00,1.07089,1.071,1.070885,1.071,67
2024-02-13T23:35:00+00:00,1.07099,1.071045,1.070975,1.071,31
2024-02-13T23:40:00+00:00,1.070995,1.071,1.0709,1.070985,51
2024-02-13T23:45:00+00:00,1.07099,1.071045,1.0709,1.0709,37
2024-02-13T23:50:00+00:00,1.070895,1.0709,1.070875,1.07088,75
2024-02-13T23:55:00+00:00,1.070875,1.07089,1.0708,1.07085,69
2024-02-14T00:00:00+00:00,1.070845,1.070855,1.07073,1.07076,99
2024-02-14T00:05:00+00:00,1.070755,1.070785,1.07074,1.07078,65
2024-02-14T00:10:00+00:00,1.07077,1.07077,1.070615,1.0707,94
2024-02-14T00:15:00+00:00,1.070695,1.071065,1.07069,1.07104,130
2024-02-14T00:20:00+00:00,1.07105,1.0712,1.07101,1.071045,189
2024-02-14T00:25:00+00:00,1.07105,1.071205,1.07105,1.071145,127
2024-02-14T00:30:00+00:00,1.071155,1.07131,1.071155,1.07119,118
2024-02-14T00:35:00+00:00,1.071185,1.0712,1.07109,1.071145,109
2024-02-14T00:40:00+00:00,1.071115,1.07117,1.071035,1.071145,171
2024-02-14T00:45:00+00:00,1.07115,1.0713,1.071095,1.0713,146
2024-02-14T00:50:00+00:00,1.071295,1.07142,1.071205,1.07141,192
2024-02-14T00:55:00+00:00,1.0714,1.07145,1.07078,1.070785,223
2024-02-14T01:00:00+00:00,1.07079,1.07079,1.070335,1.070435,397
2024-02-14T01:05:00+00:00,1.070465,1.0709,1.070465,1.07089,317
2024-02-14T01:10:00+00:00,1.0709,1.070955,1.070555,1.070615,155
2024-02-14T01:15:00+00:00,1.070605,1.07066,1.07047,1.070625,211
2024-02-14T01:20:00+00:00,1.07063,1.07071,1.070455,1.07055,221
2024-02-14T01:25:00+00:00,1.070545,1.070745,1.070545,1.070715,213
2024-02-14T01:30:00+00:00,1.0707,1.07073,1.07062,1.07072,306
2024-02-14T01:35:00+00:00,1.070725,1.070855,1.07065,1.070845,219
2024-02-14T01:40:00+00:00,1.07085,1.07109,1.070845,1.071,218
2024-02-14T01:45:00+00:00,1.071005,1.07103,1.070825,1.070955,184
2024-02-14T01:50:00+00:00,1.07095,1.07116,1.07093,1.071145,259
2024-02-14T01:55:00+00:00,1.07115,1.071225,1.07114,1.071165,276
2024-02-14T02:00:00+00:00,1.07117,1.071355,1.07111,1.071335,245
2024-02-14T02:05:00+00:00,1.0713,1.07133,1.071155,1.07123,137
2024-02-14T02:10:00+00:00,1.071235,1.071325,1.071215,1.071235,226
2024-02-14T02:15:00+00:00,1.071245,1.07139,1.07123,1.071365,191
2024-02-14T02:20:00+00:00,1.07137,1.071395,1.071245,1.071245,167
2024-02-14T02:25:00+00:00,1.07125,1.071305,1.071235,1.071235,195
2024-02-14T02:30:00+00:00,1.07124,1.07124,1.0711,1.071175,211
2024-02-14T02:35:00+00:00,1.07118,1.07118,1.071015,1.071045,185
2024-02-14T02:40:00+00:00,1.07104,1.07104,1.07088,1.070985,111
2024-02-14T02:45:00+00:00,1.07099,1.07103,1.07097,1.071015,70
2024-02-14T02:50:00+00:00,1.07099,1.07103,1.07092,1.07099,122
2024-02-14T02:55:00+00:00,1.070995,1.07103,1.070935,1.07096,128
2024-02-14T04:00:00+00:00,1.071255,1.071355,1.07112,1.071155,136
2024-02-14T04:05:00+00:00,1.07115,1.07117,1.071115,1.071115,144
2024-02-14T04:10:00+00:00,1.07112,1.071165,1.07106,1.071075,135
2024-02-14T04:15:00+00:00,1.071065,1.071075,1.070945,1.070945,117
2024-02-14T04:20:00+00:00,1.07095,1.07108,1.07095,1.07105,148
2024-02-14T04:25:00+00:00,1.071055,1.07117,1.071015,1.071145,127
2024-02-14T04:30:00+00:00,1.07115,1.07115,1.07107,1.071135,145
2024-02-14T04:35:00+00:00,1.07114,1.071235,1.071135,1.071175,148
2024-02-14T04:40:00+00:00,1.07116,1.071255,1.071155,1.071175,132
2024-02-14T04:45:00+00:00,1.071185,1.071345,1.071185,1.071335,116
2024-02-14T04:50:00+00:00,1.07134,1.071345,1.07128,1.07134,97
2024-02-14T04:55:00+00:00,1.071345,1.071465,1.07124,1.071445,213
2024-02-14T05:00:00+00:00,1.07145,1.07148,1.071325,1.071455,204
2024-02-14T05:05:00+00:00,1.07145,1.071485,1.07127,1.07128,107
2024-02-14T05:10:00+00:00,1.07125,1.071265,1.07118,1.071185,104
2024-02-14T05:15:00+00:00,1.07118,1.071355,1.07117,1.071295,131
2024-02-14T05:20:00+00:00,1.07131,1.071325,1.071245,1.07125,82
2024-02-14T05:25:00+00:00,1.071245,1.07137,1.071225,1.071345,77
2024-02-14T05:30:00+00:00,1.071355,1.07146,1.071285,1.07141,173
2024-02-14T05:35:00+00:00,1.071405,1.071515,1.07135,1.07147,175
2024-02-14T05:40:00+00:00,1.07146,1.071475,1.071365,1.07144,89
2024-02-14T05:45:00+00:00,1.071415,1.07144,1.07138,1.07139,73
2024-02-14T05:50:00+00:00,1.071385,1.071445,1.071375,1.071395,44
2024-02-14T05:55:00+00:00,1.071385,1.071455,1.071285,1.07141,192
2024-02-14T06:00:00+00:00,1.071405,1.071555,1.0714,1.07149,112
2024-02-14T06:05:00+00:00,1.071485,1.071595,1.07142,1.071595,162
2024-02-14T06:10:00+00:00,1.07161,1.07161,1.07149,1.07159,200
2024-02-14T06:15:00+00:00,1.071595,1.07165,1.07156,1.07161,248
2024-02-14T06:20:00+00:00,1.071605,1.07168,1.07155,1.07155,179
2024-02-14T06:25:00+00:00,1.07156,1.07158,1.071515,1.071545,140
2024-02-14T06:30:00+00:00,1.07155,1.071635,1.071495,1.07161,139
2024-02-14T06:35:00+00:00,1.071605,1.07179,1.071595,1.071775,198
2024-02-14T06:40:00+00:00,1.07176,1.07188,1.071745,1.07185,156
2024-02-14T06:45:00+00:00,1.071855,1.07187,1.071755,1.071755,162
2024-02-14T06:50:00+00:00,1.07176,1.071855,1.07175,1.07175,129
2024-02-14T06:55:00+00:00,1.071745,1.07178,1.071425,1.07164,250
2024-02-14T07:00:00+00:00,1.071645,1.071745,1.070615,1.070955,1039
2024-02-14T07:05:00+00:00,1.07095,1.070955,1.070585,1.07093,569
2024-02-14T07:10:00+00:00,1.07094,1.07138,1.070925,1.071285,507
2024-02-14T07:15:00+00:00,1.07128,1.071385,1.07096,1.07106,417
2024-02-14T07:20:00+00:00,1.071075,1.071095,1.07075,1.07089,276
2024-02-14T07:25:00+00:00,1.07088,1.07104,1.07075,1.07075,252
2024-02-14T07:30:00+00:00,1.070735,1.07078,1.07053,1.07062,404
2024-02-14T07:35:00+00:00,1.070625,1.070775,1.07054,1.07056,315
2024-02-14T07:40:00+00:00,1.070555,1.07099,1.070515,1.07099,287
2024-02-14T07:45:00+00:00,1.070985,1.07129,1.07098,1.07125,329
2024-02-14T07:50:00+00:00,1.071245,1.071625,1.071205,1.071275,452
2024-02-14T07:55:00+00:00,1.07127,1.07127,1.070725,1.070765,493
2024-02-14T08:00:00+00:00,1.07076,1.070825,1.07024,1.070285,667
2024-02-14T08:05:00+00:00,1.07029,1.070475,1.069945,1.07038,580
2024-02-14T08:10:00+00:00,1.070375,1.070375,1.069995,1.07013,538
2024-02-14T08:15:00+00:00,1.070135,1.07034,1.06985,1.07018,374
2024-02-14T08:20:00+00:00,1.070195,1.07029,1.0698,1.07008,379
2024-02-14T08:25:00+00:00,1.070095,1.070195,1.069745,1.069925,551
2024-02-14T08:30:00+00:00,1.06993,1.07,1.06961,1.069655,460
2024-02-14T08:35:00+00:00,1.06965,1.070075,1.069505,1.070065,412
2024-02-14T08:40:00+00:00,1.07007,1.07061,1.070065,1.070535,410
2024-02-14T08:45:00+00:00,1.07052,1.070525,1.070105,1.070405,378
2024-02-14T08:50:00+00:00,1.0704,1.070665,1.070205,1.070255,427
2024-02-14T08:55:00+00:00,1.07025,1.07032,1.070075,1.07023,480
2024-02-14T09:00:00+00:00,1.070225,1.070345,1.07008,1.070315,375
2024-02-14T09:05:00+00:00,1.070325,1.070535,1.07017,1.070425,327
2024-02-14T09:10:00+00:00,1.07042,1.07054,1.069985,1.07003,347
2024-02-14T09:15:00+00:00,1.070015,1.07024,1.069815,1.069825,295
2024-02-14T09:20:00+00:00,1.069815,1.07045,1.069635,1.0704,406
2024-02-14T09:25:00+00:00,1.07039,1.07054,1.07021,1.07031,398
2024-02-14T09:30:00+00:00,1.07029,1.07059,1.07013,1.07023,246
2024-02-14T09:35:00+00:00,1.07021,1.07029,1.070005,1.07014,251
2024-02-14T09:40:00+00:00,1.070145,1.070365,1.06984,1.069855,329
2024-02-14T09:45:00+00:00,1.06986,1.07015,1.06979,1.070115,421
2024-02-14T09:50:00+00:00,1.07013,1.070185,1.06985,1.069915,384
2024-02-14T09:55:00+00:00,1.06992,1.070045,1.069915,1.070015,252
2024-02-14T10:00:00+00:00,1.070025,1.070085,1.06978,1.070085,275
2024-02-14T10:05:00+00:00,1.07009,1.07019,1.069915,1.07,218
2024-02-14T10:10:00+00:00,1.07001,1.07019,1.069835,1.06995,320
2024-02-14T10:15:00+00:00,1.069935,1.07004,1.06971,1.06979,309
2024-02-14T10:20:00+00:00,1.06977,1.07009,1.069645,1.069935,222
2024-02-14T10:25:00+00:00,1.069925,1.07011,1.069835,1.069895,223
2024-02-14T10:30:00+00:00,1.06989,1.06996,1.06966,1.069915,214
2024-02-14T10:35:00+00:00,1.06991,1.07015,1.069875,1.069995,187
2024-02-14T10:40:00+00:00,1.069985,1.07012,1.06984,1.070095,229
2024-02-14T10:45:00+00:00,1.07009,1.070155,1.069875,1.07004,245
2024-02-14T10:50:00+00:00,1.070035,1.070075,1.0699,1.069935,220
2024-02-14T10:55:00+00:00,1.06994,1.07044,1.06994,1.07037,359
2024-02-14T11:00:00+00:00,1.070375,1.070445,1.07025,1.07034,297
2024-02-14T11:05:00+00:00,1.070335,1.070335,1.06997,1.07013,175
2024-02-14T11:10:00+00:00,1.07012,1.070285,1.070045,1.070085,229
2024-02-14T11:15:00+00:00,1.07009,1.070245,1.070025,1.070025,275
2024-02-14T11:20:00+00:00,1.07003,1.070035,1.06985,1.069985,206
2024-02-14T11:25:00+00:00,1.069975,1.07,1.06972,1.069945,258
2024-02-14T11:30:00+00:00,1.06994,1.070345,1.06978,1.07025,247
2024-02-14T11:35:00+00:00,1.07026,1.070455,1.07013,1.070315,257
2024-02-14T11:40:00+00:00,1.07032,1.070645,1.070205,1.070465,368
2024-02-14T11:45:00+00:00,1.07046,1.07063,1.07033,1.070355,209
2024-02-14T11:50:00+00:00,1.07034,1.07049,1.07026,1.07041,210
2024-02-14T11:55:00+00:00,1.07042,1.071045,1.07042,1.07079,537
2024-02-14T13:00:00+00:00,1.07059,1.071185,1.07059,1.07105,583
2024-02-14T13:05:00+00:00,1.07107,1.071325,1.07089,1.071325,477
2024-02-14T13:10:00+00:00,1.071335,1.07148,1.071175,1.071325,527
2024-02-14T13:15:00+00:00,1.07132,1.07137,1.071005,1.07124,494
2024-02-14T13:20:00+00:00,1.07125,1.07131,1.07095,1.07125,571
2024-02-14T13:25:00+00:00,1.071245,1.071475,1.070885,1.07113,685
2024-02-14T13:30:00+00:00,1.071125,1.07149,1.07101,1.07126,594
2024-02-14T13:35:00+00:00,1.071255,1.07168,1.07108,1.071525,555
2024-02-14T13:40:00+00:00,1.07153,1.07154,1.071205,1.071445,542
2024-02-14T13:45:00+00:00,1.07145,1.071515,1.07087,1.07087,472
2024-02-14T13:50:00+00:00,1.070865,1.070915,1.070705,1.070845,420
2024-02-14T13:55:00+00:00,1.07085,1.070995,1.070675,1.070875,506
2024-02-14T14:00:00+00:00,1.07088,1.071145,1.07066,1.070725,636
2024-02-14T14:05:00+00:00,1.07072,1.07122,1.070715,1.071015,634
2024-02-14T14:10:00+00:00,1.071005,1.071305,1.070965,1.071035,576
2024-02-14T14:15:00+00:00,1.071025,1.07104,1.07073,1.070915,546
2024-02-14T14:20:00+00:00,1.07091,1.071235,1.07069,1.07119,575
2024-02-14T14:25:00+00:00,1.071205,1.0715,1.071135,1.071285,519
2024-02-14T14:30:00+00:00,1.07129,1.071995,1.071275,1.07164,1185
2024-02-14T14:35:00+00:00,1.07166,1.071755,1.071455,1.071695,658
2024-02-14T14:40:00+00:00,1.07169,1.07212,1.07169,1.071955,778
2024-02-14T14:45:00+00:00,1.07196,1.072305,1.07193,1.072005,672
2024-02-14T14:50:00+00:00,1.07201,1.07204,1.07141,1.071515,594
2024-02-14T14:55:00+00:00,1.07152,1.07166,1.071325,1.07162,560
2024-02-14T15:00:00+00:00,1.071615,1.072225,1.071345,1.07215,691
2024-02-14T15:05:00+00:00,1.072145,1.07227,1.07143,1.071495,659
2024-02-14T15:10:00+00:00,1.071505,1.07167,1.071335,1.07148,720
2024-02-14T15:15:00+00:00,1.071505,1.071965,1.07139,1.071905,602
2024-02-14T15:20:00+00:00,1.0719,1.072475,1.0719,1.07241,626
2024-02-14T15:25:00+00:00,1.072405,1.072445,1.07206,1.07221,532
2024-02-14T15:30:00+00:00,1.072205,1.072525,1.07208,1.072125,476
2024-02-14T15:35:00+00:00,1.07212,1.0723,1.07199,1.072235,485
2024-02-14T15:40:00+00:00,1.07224,1.07225,1.07174,1.072085,528
2024-02-14T15:45:00+00:00,1.07209,1.07223,1.07179,1.07202,565
2024-02-14T15:50:00+00:00,1.072015,1.07221,1.07191,1.0722,576
2024-02-14T15:55:00+00:00,1.072195,1.07238,1.07205,1.07213,701
2024-02-14T16:00:00+00:00,1.07212,1.07227,1.07192,1.0722,575
2024-02-14T16:05:00+00:00,1.072205,1.072625,1.072205,1.072615,531
2024-02-14T16:10:00+00:00,1.07263,1.072825,1.07244,1.07248,397
2024-02-14T16:15:00+00:00,1.072485,1.07286,1.07246,1.072585,481
2024-02-14T16:20:00+00:00,1.07259,1.072785,1.07249,1.072655,428
2024-02-14T16:25:00+00:00,1.07266,1.072875,1.072505,1.07279,382
2024-02-14T16:30:00+00:00,1.072785,1.073015,1.072785,1.072895,479
2024-02-14T16:35:00+00:00,1.0729,1.07302,1.072785,1.07301,374
2024-02-14T16:40:00+00:00,1.073005,1.07308,1.072685,1.072685,447
2024-02-14T16:45:00+00:00,1.07269,1.07307,1.072625,1.07304,407
2024-02-14T16:50:00+00:00,1.073045,1.07336,1.073,1.073335,418
2024-02-14T16:55:00+00:00,1.07334,1.07345,1.073305,1.0734,346
2024-02-14T17:00:00+00:00,1.073395,1.073395,1.07289,1.072895,383
2024-02-14T17:05:00+00:00,1.0729,1.073045,1.07282,1.073015,471
2024-02-14T17:10:00+00:00,1.07301,1.073055,1.072875,1.073015,382
2024-02-14T17:15:00+00:00,1.07301,1.07307,1.072815,1.073065,389
2024-02-14T17:20:00+00:00,1.07307,1.073115,1.072865,1.07308,313
2024-02-14T17:25:00+00:00,1.073085,1.073145,1.072955,1.073145,255
2024-02-14T17:30:00+00:00,1.07314,1.073175,1.0729,1.07291,257
2024-02-14T17:35:00+00:00,1.072905,1.07299,1.072785,1.072925,211
2024-02-14T17:40:00+00:00,1.072945,1.07314,1.0729,1.07307,330
2024-02-14T17:45:00+00:00,1.073025,1.0733,1.07302,1.073235,326
2024-02-14T17:50:00+00:00,1.07324,1.07328,1.07304,1.073085,185
2024-02-14T17:55:00+00:00,1.07309,1.073155,1.07303,1.07307,231
2024-02-14T18:00:00+00:00,1.073075,1.07339,1.073,1.073255,326
2024-02-14T18:05:00+00:00,1.073265,1.07328,1.07296,1.07296,244
2024-02-14T18:10:00+00:00,1.072945,1.072945,1.07272,1.07277,220
2024-02-14T18:15:00+00:00,1.07278,1.072905,1.072715,1.072755,288
2024-02-14T18:20:00+00:00,1.072765,1.07283,1.0726,1.072635,309
2024-02-14T18:25:00+00:00,1.07266,1.07272,1.072605,1.07272,196
2024-02-14T18:30:00+00:00,1.072725,1.072935,1.072705,1.072935,208
2024-02-14T18:35:00+00:00,1.07294,1.07318,1.072915,1.07313,224
2024-02-14T18:40:00+00:00,1.07314,1.07314,1.07295,1.072995,332
2024-02-14T18:45:00+00:00,1.07299,1.073115,1.07299,1.07306,171
2024-02-14T18:50:00+00:00,1.073055,1.07308,1.072835,1.07285,224
2024-02-14T18:55:00+00:00,1.072845,1.07291,1.072665,1.072695,378
2024-02-14T20:00:00+00:00,1.07283,1.07289,1.072705,1.07282,315
2024-02-14T20:05:00+00:00,1.072815,1.072875,1.07275,1.07284,306
2024-02-14T20:10:00+00:00,1.07283,1.072845,1.07266,1.072675,263
2024-02-14T20:15:00+00:00,1.07268,1.07271,1.072605,1.072635,423
2024-02-14T20:20:00+00:00,1.07264,1.072715,1.07261,1.072625,250
2024-02-14T20:25:00+00:00,1.07263,1.07277,1.07262,1.07271,327
2024-02-14T20:30:00+00:00,1.07273,1.072785,1.07265,1.072725,319
2024-02-14T20:35:00+00:00,1.07272,1.072865,1.07271,1.072825,271
2024-02-14T20:40:00+00:00,1.07283,1.072855,1.07272,1.07281,235
2024-02-14T20:45:00+00:00,1.072815,1.072825,1.07271,1.072755,247
2024-02-14T20:50:00+00:00,1.07276,1.07278,1.072665,1.07278,362
2024-02-14T20:55:00+00:00,1.072785,1.07289,1.07272,1.072765,354
2024-02-14T19:00:00+00:00,1.072695,1.072785,1.0726,1.07272,255
2024-02-14T19:05:00+00:00,1.072715,1.07276,1.072615,1.072715,275
2024-02-14T19:10:00+00:00,1.07271,1.07289,1.072655,1.072815,290
2024-02-14T19:15:00+00:00,1.07282,1.072945,1.072765,1.07277,247
2024-02-14T19:20:00+00:00,1.072775,1.0729,1.072765,1.072765,171
2024-02-14T19:25:00+00:00,1.07277,1.07285,1.07266,1.07281,176
2024-02-14T19:30:00+00:00,1.072815,1.07292,1.07281,1.07282,195
2024-02-14T19:35:00+00:00,1.07283,1.07293,1.0728,1.072825,168
2024-02-14T19:40:00+00:00,1.07283,1.07286,1.072645,1.072655,169
2024-02-14T19:45:00+00:00,1.07265,1.072715,1.072565,1.072705,189
2024-02-14T19:50:00+00:00,1.0727,1.07278,1.07265,1.072775,217
2024-02-14T19:55:00+00:00,1.072765,1.072885,1.07276,1.07282,213
2024-02-14T21:00:00+00:00,1.072755,1.07276,1.072555,1.07261,313
2024-02-14T21:05:00+00:00,1.072615,1.07274,1.072575,1.07269,168
2024-02-14T21:10:00+00:00,1.072685,1.072685,1.072575,1.07267,135
2024-02-14T21:15:00+00:00,1.07267,1.072715,1.07265,1.07271,105
2024-02-14T21:20:00+00:00,1.072705,1.07272,1.072665,1.07268,135
2024-02-14T21:25:00+00:00,1.072675,1.07268,1.072635,1.07266,128
2024-02-14T21:30:00+00:00,1.072665,1.07273,1.07266,1.072725,23
2024-02-14T21:35:00+00:00,1.072725,1.07279,1.07272,1.07272,93
2024-02-14T21:40:00+00:00,1.072725,1.072775,1.072715,1.072725,282
2024-02-14T21:45:00+00:00,1.072735,1.07285,1.072715,1.07276,213
2024-02-14T21:50:00+00:00,1.072765,1.07282,1.072725,1.07278,89
2024-02-14T21:55:00+00:00,1.072775,1.07282,1.072635,1.072635,235
2024-02-14T22:00:00+00:00,1.072715,1.07279,1.0727,1.07275,21
2024-02-14T22:05:00+00:00,1.07263,1.0729,1.07261,1.072805,98
2024-02-14T22:10:00+00:00,1.072745,1.072845,1.07273,1.07283,92
2024-02-14T22:15:00+00:00,1.072835,1.072845,1.072675,1.072815,106
2024-02-14T22:20:00+00:00,1.072775,1.072825,1.072775,1.07282,27
2024-02-14T22:25:00+00:00,1.072815,1.072825,1.072755,1.07281,143
2024-02-14T22:30:00+00:00,1.072765,1.072815,1.072755,1.07277,201
2024-02-14T22:35:00+00:00,1.072785,1.072805,1.072745,1.07275,188
2024-02-14T22:40:00+00:00,1.07275,1.072805,1.07274,1.07279,259
2024-02-14T22:45:00+00:00,1.072775,1.072845,1.072755,1.072815,159
2024-02-14T22:50:00+00:00,1.07282,1.072855,1.07272,1.072775,143
2024-02-14T22:55:00+00:00,1.072805,1.072815,1.07273,1.072735,104
2024-02-14T23:00:00+00:00,1.072755,1.073,1.07274,1.072985,152
2024-02-14T23:05:00+00:00,1.073,1.073065,1.072975,1.07304,45
2024-02-14T23:10:00+00:00,1.073035,1.073085,1.073035,1.073045,48
2024-02-14T23:15:00+00:00,1.073055,1.073095,1.072985,1.07304,63
2024-02-14T23:20:00+00:00,1.073045,1.073055,1.073025,1.073035,66
2024-02-14T23:25:00+00:00,1.07303,1.07305,1.07299,1.07304,65
2024-02-14T23:30:00+00:00,1.073045,1.073135,1.073045,1.073125,74
2024-02-14T23:35:00+00:00,1.07312,1.073145,1.073115,1.073135,46
2024-02-14T23:40:00+00:00,1.073145,1.073155,1.073125,1.073145,34
2024-02-14T23:45:00+00:00,1.073155,1.07317,1.07309,1.0731,46
2024-02-14T23:50:00+00:00,1.073095,1.07321,1.07309,1.07314,73
2024-02-14T23:55:00+00:00,1.07312,1.07323,1.0731,1.073205,72
2024-02-15T00:00:00+00:00,1.07322,1.07327,1.0732,1.07324,141
2024-02-15T00:05:00+00:00,1.07323,1.073345,1.07321,1.07334,104
2024-02-15T00:10:00+00:00,1.07331,1.073345,1.073235,1.07324,85
2024-02-15T00:15:00+00:00,1.073245,1.0733,1.07321,1.07329,90
2024-02-15T00:20:00+00:00,1.073275,1.073275,1.07322,1.07324,44
2024-02-15T00:25:00+00:00,1.073235,1.07325,1.073095,1.073135,75
2024-02-15T00:30:00+00:00,1.07313,1.073185,1.072945,1.073145,203
2024-02-15T00:35:00+00:00,1.07315,1.073255,1.07314,1.07325,135
2024-02-15T00:40:00+00:00,1.073245,1.07337,1.07324,1.073305,173
2024-02-15T00:45:00+00:00,1.0733,1.07334,1.07328,1.073325,189
2024-02-15T00:50:00+00:00,1.07332,1.073425,1.07324,1.073405,265
2024-02-15T00:55:00+00:00,1.073395,1.073545,1.073385,1.07341,101
2024-02-15T01:00:00+00:00,1.073415,1.07352,1.073275,1.073275,148
2024-02-15T01:05:00+00:00,1.07328,1.073295,1.073035,1.07308,126
2024-02-15T01:10:00+00:00,1.073085,1.07309,1.07288,1.072945,198
2024-02-15T01:15:00+00:00,1.07295,1.072985,1.07289,1.07298,215
2024-02-15T01:20:00+00:00,1.072975,1.07303,1.0729,1.072995,211
2024-02-15T01:25:00+00:00,1.07299,1.07301,1.07273,1.07275,219
2024-02-15T01:30:00+00:00,1.07274,1.07293,1.07272,1.072805,239
2024-02-15T01:35:00+00:00,1.07281,1.07281,1.07265,1.07267,284
2024-02-15T01:40:00+00:00,1.072665,1.072875,1.072635,1.07286,157
2024-02-15T01:45:00+00:00,1.07285,1.07295,1.072795,1.072925,123
2024-02-15T01:50:00+00:00,1.07292,1.072995,1.072845,1.072895,189
2024-02-15T01:55:00+00:00,1.072915,1.072935,1.07278,1.07284,195
2024-02-12T05:00:00+00:00,1.079045,1.079105,1.079035,1.079055,81
2024-02-12T05:05:00+00:00,1.07905,1.079065,1.079005,1.079055,52
2024-02-12T05:10:00+00:00,1.079065,1.079155,1.079065,1.07915,39
2024-02-12T05:15:00+00:00,1.07916,1.079265,1.079155,1.07926,91
2024-02-12T05:20:00+00:00,1.079265,1.07945,1.079265,1.07941,80
2024-02-12T05:25:00+00:00,1.079405,1.07941,1.079365,1.07938,64
2024-02-12T05:30:00+00:00,1.079375,1.0794,1.079305,1.07939,65
2024-02-12T05:35:00+00:00,1.079395,1.079405,1.07933,1.07935,82
2024-02-12T05:40:00+00:00,1.079345,1.079355,1.079295,1.07931,49
2024-02-12T05:45:00+00:00,1.079305,1.079305,1.079105,1.079155,45
2024-02-12T05:50:00+00:00,1.07915,1.079155,1.07914,1.07915,27
2024-02-12T05:55:00+00:00,1.079155,1.07916,1.079085,1.079155,121
2024-02-15T02:00:00+00:00,1.07284,1.072865,1.072675,1.07275,230
2024-02-15T02:05:00+00:00,1.072735,1.072735,1.07259,1.072685,135
2024-02-15T02:10:00+00:00,1.07269,1.072755,1.07263,1.072645,136
2024-02-15T02:15:00+00:00,1.07263,1.072815,1.07263,1.072735,126
2024-02-15T02:20:00+00:00,1.07274,1.072795,1.072715,1.072755,131
2024-02-15T02:25:00+00:00,1.07275,1.07285,1.07275,1.072825,125
2024-02-15T02:30:00+00:00,1.072805,1.07294,1.072795,1.072895,113
2024-02-15T02:35:00+00:00,1.072905,1.073155,1.072905,1.07314,192
2024-02-15T02:40:00+00:00,1.073145,1.073145,1.07297,1.073025,123
2024-02-15T02:45:00+00:00,1.073035,1.07312,1.072985,1.073045,110
2024-02-15T02:50:00+00:00,1.07305,1.073055,1.07303,1.07303,122
2024-02-15T02:55:00+00:00,1.073035,1.07304,1.072875,1.07293,169
2024-02-15T03:00:00+00:00,1.072945,1.073,1.07287,1.072995,173
2024-02-15T03:05:00+00:00,1.07299,1.073035,1.072985,1.072995,77
2024-02-15T03:10:00+00:00,1.07299,1.073005,1.072865,1.07299,93
2024-02-15T03:15:00+00:00,1.072995,1.072995,1.072925,1.07294,85
2024-02-15T03:20:00+00:00,1.072935,1.073065,1.072925,1.073055,123
2024-02-15T03:25:00+00:00,1.07306,1.073065,1.07289,1.07289,130
2024-02-15T03:30:00+00:00,1.072895,1.07294,1.072735,1.072755,149
2024-02-15T03:35:00+00:00,1.07275,1.0728,1.07268,1.07279,114
2024-02-15T03:40:00+00:00,1.072785,1.0728,1.072615,1.072615,122
2024-02-15T03:45:00+00:00,1.07261,1.072625,1.07251,1.07257,149
2024-02-15T03:50:00+00:00,1.072565,1.07259,1.072545,1.07258,109
2024-02-15T03:55:00+00:00,1.072575,1.0726,1.07253,1.07257,109
2024-02-15T04:00:00+00:00,1.072565,1.07259,1.07254,1.072575,100
2024-02-15T04:05:00+00:00,1.07261,1.07265,1.07259,1.072605,121
2024-02-15T04:10:00+00:00,1.07261,1.072685,1.072605,1.072665,61
2024-02-15T04:15:00+00:00,1.07265,1.07268,1.072575,1.072585,125
2024-02-15T04:20:00+00:00,1.07258,1.07264,1.072485,1.072555,132
2024-02-15T04:25:00+00:00,1.07255,1.072605,1.07252,1.072535,78
2024-02-15T04:30:00+00:00,1.07254,1.07254,1.07248,1.0725,80
2024-02-15T04:35:00+00:00,1.072495,1.072605,1.072475,1.07257,185
2024-02-15T04:40:00+00:00,1.07256,1.072585,1.07248,1.072495,82
2024-02-15T04:45:00+00:00,1.07249,1.07262,1.07249,1.072585,85
2024-02-15T04:50:00+00:00,1.07259,1.072605,1.07252,1.07258,52
2024-02-15T04:55:00+00:00,1.072565,1.07264,1.07255,1.072605,96
2024-02-15T05:00:00+00:00,1.07261,1.072805,1.07261,1.07279,149
2024-02-15T05:05:00+00:00,1.072775,1.07278,1.072685,1.0727,87
2024-02-15T05:10:00+00:00,1.072705,1.072825,1.07269,1.072815,136
2024-02-15T05:15:00+00:00,1.07282,1.07285,1.07278,1.07284,111
2024-02-15T05:20:00+00:00,1.072835,1.07285,1.072735,1.072835,102
2024-02-15T05:25:00+00:00,1.07284,1.073095,1.072835,1.07309,130
2024-02-15T05:30:00+00:00,1.073095,1.073225,1.07309,1.07314,122
2024-02-15T05:35:00+00:00,1.073145,1.073205,1.073135,1.073145,109
2024-02-15T05:40:00+00:00,1.07315,1.073205,1.073115,1.073135,101
2024-02-15T05:45:00+00:00,1.07314,1.073145,1.07298,1.072985,100
2024-02-15T05:50:00+00:00,1.073015,1.073035,1.072835,1.072835,136
2024-02-15T05:55:00+00:00,1.07284,1.072915,1.07278,1.072915,194
2024-02-15T06:00:00+00:00,1.07291,1.072945,1.07279,1.072795,129
2024-02-15T06:05:00+00:00,1.07279,1.07287,1.07277,1.072845,122
2024-02-15T06:10:00+00:00,1.072855,1.07291,1.072805,1.07283,129
2024-02-15T06:15:00+00:00,1.072825,1.072855,1.07273,1.07274,189
2024-02-15T06:20:00+00:00,1.072745,1.073005,1.07274,1.073,116
2024-02-15T06:25:00+00:00,1.072995,1.073005,1.072895,1.072915,139
2024-02-15T06:30:00+00:00,1.07291,1.0731,1.072885,1.073045,161
2024-02-15T06:35:00+00:00,1.07304,1.07311,1.07304,1.07311,89
2024-02-15T06:40:00+00:00,1.073135,1.0734,1.073115,1.07329,154
2024-02-15T06:45:00+00:00,1.073295,1.07335,1.07297,1.07299,219
2024-02-15T06:50:00+00:00,1.072995,1.07306,1.072925,1.072955,189
2024-02-15T06:55:00+00:00,1.07295,1.07321,1.07288,1.073105,259
2024-02-15T07:00:00+00:00,1.073095,1.073285,1.072765,1.07327,579
2024-02-15T07:05:00+00:00,1.073255,1.073375,1.07311,1.07336,330
2024-02-15T07:10:00+00:00,1.073355,1.073415,1.0732,1.07334,286
2024-02-15T07:15:00+00:00,1.073345,1.07336,1.0732,1.073255,275
2024-02-15T07:20:00+00:00,1.07325,1.07358,1.073245,1.073565,266
2024-02-15T07:25:00+00:00,1.07356,1.073885,1.07348,1.073885,313
2024-02-15T07:30:00+00:00,1.073905,1.07414,1.073745,1.073755,489
2024-02-15T07:35:00+00:00,1.07375,1.073815,1.073495,1.0735,264
2024-02-15T07:40:00+00:00,1.07349,1.07366,1.073475,1.073615,295
2024-02-15T07:45:00+00:00,1.073605,1.07361,1.073275,1.073315,359
2024-02-15T07:50:00+00:00,1.073295,1.07338,1.07314,1.073295,248
2024-02-15T07:55:00+00:00,1.073285,1.07334,1.073155,1.0733,218
2024-02-15T08:00:00+00:00,1.073305,1.073365,1.07301,1.073045,508
2024-02-15T08:05:00+00:00,1.07302,1.07341,1.073,1.07335,392
2024-02-15T08:10:00+00:00,1.07336,1.07377,1.073345,1.073435,490
2024-02-15T08:15:00+00:00,1.07342,1.07358,1.07335,1.07345,376
2024-02-15T08:20:00+00:00,1.073455,1.07362,1.07312,1.07325,428
2024-02-15T08:25:00+00:00,1.073255,1.073385,1.07308,1.07326,435
2024-02-15T08:30:00+00:00,1.073245,1.07349,1.073095,1.07325,388
2024-02-15T08:35:00+00:00,1.073245,1.07337,1.0731,1.07332,365
2024-02-15T08:40:00+00:00,1.073325,1.073405,1.073145,1.07338,343
2024-02-15T08:45:00+00:00,1.073385,1.073585,1.07332,1.07339,350
2024-02-15T08:50:00+00:00,1.073385,1.07345,1.073035,1.0731,350
2024-02-15T08:55:00+00:00,1.073095,1.073215,1.07297,1.0731,433
2024-02-15T09:00:00+00:00,1.073095,1.07327,1.072825,1.073195,479
2024-02-15T09:05:00+00:00,1.07318,1.073395,1.07309,1.073155,377
2024-02-15T09:10:00+00:00,1.07317,1.073175,1.072805,1.07299,340
2024-02-15T09:15:00+00:00,1.073,1.07313,1.07295,1.07308,180
2024-02-15T09:20:00+00:00,1.073095,1.07319,1.0729,1.0731,323
2024-02-15T09:25:00+00:00,1.073075,1.073395,1.0729,1.073395,291
2024-02-15T09:30:00+00:00,1.07339,1.0736,1.07334,1.07349,272
2024-02-15T09:35:00+00:00,1.073495,1.073655,1.073425,1.07365,227
2024-02-15T09:40:00+00:00,1.073655,1.07369,1.073185,1.07319,336
2024-02-15T09:45:00+00:00,1.073185,1.07336,1.073155,1.073215,343
2024-02-15T09:50:00+00:00,1.073205,1.07338,1.073125,1.073335,254
2024-02-15T09:55:00+00:00,1.07332,1.07359,1.073305,1.07332,282
2024-02-15T10:00:00+00:00,1.073305,1.073385,1.073215,1.073345,349
2024-02-15T10:05:00+00:00,1.07334,1.07352,1.073325,1.07334,206
2024-02-15T10:10:00+00:00,1.073345,1.073495,1.07333,1.073335,247
2024-02-15T10:15:00+00:00,1.07334,1.073345,1.073085,1.07329,250
2024-02-15T10:20:00+00:00,1.073285,1.07338,1.07314,1.07319,269
2024-02-15T10:25:00+00:00,1.073185,1.073455,1.07315,1.07345,204
2024-02-15T10:30:00+00:00,1.073445,1.07352,1.07333,1.073505,288
2024-02-15T10:35:00+00:00,1.073495,1.07369,1.07327,1.073305,270
2024-02-15T10:40:00+00:00,1.0733,1.0735,1.073275,1.07334,237
2024-02-15T10:45:00+00:00,1.073345,1.073505,1.07331,1.073495,191
2024-02-15T10:50:00+00:00,1.0735,1.073505,1.07326,1.073275,328
2024-02-15T10:55:00+00:00,1.07327,1.073485,1.07324,1.073465,386
2024-02-15T11:00:00+00:00,1.07347,1.07385,1.07347,1.07381,290
2024-02-15T11:05:00+00:00,1.07382,1.074015,1.07373,1.07386,252
2024-02-15T11:10:00+00:00,1.073855,1.07396,1.07374,1.073795,154
2024-02-15T11:15:00+00:00,1.073785,1.073855,1.07361,1.07376,161
2024-02-15T11:20:00+00:00,1.073765,1.07387,1.07371,1.07376,166
2024-02-15T11:25:00+00:00,1.073765,1.0738,1.0736,1.07368,280
2024-02-15T11:30:00+00:00,1.073675,1.07369,1.07349,1.07356,215
2024-02-15T11:35:00+00:00,1.07355,1.073715,1.073385,1.073665,251
2024-02-15T11:40:00+00:00,1.07366,1.07371,1.073605,1.073695,189
2024-02-15T11:45:00+00:00,1.0737,1.073785,1.07358,1.0736,180
2024-02-15T11:50:00+00:00,1.07361,1.07362,1.07351,1.073575,108
2024-02-15T11:55:00+00:00,1.07358,1.07366,1.073485,1.073545,192
2024-02-15T12:00:00+00:00,1.07355,1.073795,1.073545,1.0737,260
2024-02-15T12:05:00+00:00,1.073695,1.073795,1.07356,1.073735,227
2024-02-15T12:10:00+00:00,1.07374,1.07392,1.0737,1.07381,143
2024-02-15T12:15:00+00:00,1.073805,1.074045,1.073805,1.07395,145
2024-02-15T12:20:00+00:00,1.07394,1.073995,1.073915,1.07395,91
2024-02-15T12:25:00+00:00,1.07396,1.07446,1.07396,1.07439,288
2024-02-15T12:30:00+00:00,1.074385,1.07462,1.074305,1.07451,282
2024-02-15T12:35:00+00:00,1.074505,1.07464,1.074405,1.074615,218
2024-02-15T12:40:00+00:00,1.074625,1.07477,1.07459,1.074595,201
2024-02-15T12:45:00+00:00,1.07458,1.074875,1.074565,1.074645,259
2024-02-15T12:50:00+00:00,1.07464,1.074695,1.07436,1.0744,339
2024-02-15T12:55:00+00:00,1.074405,1.074615,1.074255,1.0745,316
2024-02-15T14:00:00+00:00,1.076595,1.07676,1.07615,1.07642,1209
2024-02-15T14:05:00+00:00,1.07641,1.076515,1.075925,1.076115,1208
2024-02-15T14:10:00+00:00,1.076105,1.076525,1.07598,1.076365,764
2024-02-15T14:15:00+00:00,1.07637,1.07677,1.07637,1.07653,964
2024-02-15T14:20:00+00:00,1.076535,1.077025,1.076535,1.07681,669
2024-02-15T14:25:00+00:00,1.076805,1.07696,1.07658,1.076925,782
2024-02-15T14:30:00+00:00,1.076945,1.078295,1.0769,1.07827,1097
2024-02-15T14:35:00+00:00,1.078265,1.078285,1.07778,1.077915,901
2024-02-15T14:40:00+00:00,1.077945,1.078115,1.077675,1.0777,994
2024-02-15T14:45:00+00:00,1.077695,1.077755,1.07722,1.07725,808
2024-02-15T14:50:00+00:00,1.077255,1.077575,1.076965,1.077325,1000
2024-02-15T14:55:00+00:00,1.07732,1.077815,1.077225,1.07761,698
2024-02-15T13:00:00+00:00,1.074505,1.074505,1.074305,1.074395,374
2024-02-15T13:05:00+00:00,1.07439,1.07461,1.07428,1.07437,375
2024-02-15T13:10:00+00:00,1.074365,1.074655,1.074305,1.07455,262
2024-02-15T13:15:00+00:00,1.074575,1.074845,1.07439,1.07479,299
2024-02-15T13:20:00+00:00,1.0748,1.07506,1.07463,1.074785,647
2024-02-15T13:25:00+00:00,1.07479,1.07487,1.074525,1.07466,627
2024-02-15T13:30:00+00:00,1.07471,1.07729,1.07471,1.07554,2441
2024-02-15T13:35:00+00:00,1.075565,1.0767,1.07555,1.076675,1908
2024-02-15T13:40:00+00:00,1.07667,1.077095,1.07647,1.077085,1437
2024-02-15T13:45:00+00:00,1.07708,1.077115,1.076125,1.07625,1375
2024-02-15T13:50:00+00:00,1.076235,1.07648,1.07611,1.076415,1078
2024-02-15T13:55:00+00:00,1.076425,1.07695,1.076425,1.07665,1111
2024-02-15T15:00:00+00:00,1.07762,1.07792,1.077585,1.07787,676
2024-02-15T15:05:00+00:00,1.077885,1.07843,1.077795,1.078285,796
2024-02-15T15:10:00+00:00,1.07829,1.078395,1.07803,1.078205,764
2024-02-15T15:15:00+00:00,1.07821,1.078485,1.07812,1.078375,615
2024-02-15T15:20:00+00:00,1.07839,1.078425,1.077925,1.077955,749
2024-02-15T15:25:00+00:00,1.07796,1.07816,1.07764,1.07765,716
2024-02-15T15:30:00+00:00,1.07766,1.07789,1.07735,1.077465,952
2024-02-15T15:35:00+00:00,1.077495,1.077525,1.07684,1.076945,778
2024-02-15T15:40:00+00:00,1.076935,1.076935,1.07645,1.076565,695
2024-02-15T15:45:00+00:00,1.07656,1.076835,1.076325,1.076405,556
2024-02-15T15:50:00+00:00,1.0764,1.07654,1.07601,1.07607,509
2024-02-15T15:55:00+00:00,1.07606,1.076335,1.07586,1.07612,632
2024-02-15T16:00:00+00:00,1.076125,1.076315,1.07571,1.075885,727
2024-02-15T16:05:00+00:00,1.075875,1.07603,1.075775,1.075805,583
2024-02-15T16:10:00+00:00,1.075815,1.076125,1.07577,1.0758,534
2024-02-15T16:15:00+00:00,1.075795,1.075835,1.07556,1.075585,666
2024-02-15T16:20:00+00:00,1.07558,1.07592,1.07555,1.07583,551
2024-02-15T16:25:00+00:00,1.075835,1.07588,1.075565,1.07558,494
2024-02-15T16:30:00+00:00,1.075575,1.075745,1.075525,1.075635,508
2024-02-15T16:35:00+00:00,1.07563,1.07603,1.075595,1.075975,314
2024-02-15T16:40:00+00:00,1.075965,1.075995,1.075815,1.075905,442
2024-02-15T16:45:00+00:00,1.07592,1.07598,1.075785,1.075865,281
2024-02-15T16:50:00+00:00,1.075845,1.07588,1.075625,1.07563,285
2024-02-15T16:55:00+00:00,1.075615,1.075995,1.075525,1.075965,384
2024-02-15T18:00:00+00:00,1.07625,1.07631,1.07606,1.07607,242
2024-02-15T18:05:00+00:00,1.076075,1.07631,1.07606,1.076235,340
2024-02-15T18:10:00+00:00,1.076245,1.07645,1.076215,1.076245,352
2024-02-15T18:15:00+00:00,1.07625,1.07633,1.07611,1.076235,299
2024-02-15T18:20:00+00:00,1.076245,1.076475,1.076245,1.07642,355
2024-02-15T18:25:00+00:00,1.076405,1.07649,1.07639,1.076455,273
2024-02-15T18:30:00+00:00,1.07646,1.07652,1.07624,1.076325,240
2024-02-15T18:35:00+00:00,1.07632,1.07646,1.07629,1.07644,223
2024-02-15T18:40:00+00:00,1.076445,1.076555,1.076425,1.076475,335
2024-02-15T18:45:00+00:00,1.07648,1.07649,1.07634,1.076395,104
2024-02-15T18:50:00+00:00,1.0764,1.076655,1.0764,1.076645,242
2024-02-15T18:55:00+00:00,1.07665,1.07676,1.076615,1.0767,287
2024-02-15T17:00:00+00:00,1.07598,1.07623,1.07566,1.076095,661
2024-02-15T17:05:00+00:00,1.0761,1.076255,1.07608,1.076145,352
2024-02-15T17:10:00+00:00,1.076155,1.076295,1.07602,1.07605,257
2024-02-15T17:15:00+00:00,1.076055,1.07614,1.075935,1.076125,255
2024-02-15T17:20:00+00:00,1.07613,1.07613,1.075865,1.076085,252
2024-02-15T17:25:00+00:00,1.076075,1.07609,1.07591,1.075915,148
2024-02-15T17:30:00+00:00,1.07592,1.076195,1.07592,1.07612,205
2024-02-15T17:35:00+00:00,1.076125,1.076145,1.075985,1.07602,201
2024-02-15T17:40:00+00:00,1.07603,1.076195,1.07597,1.076125,242
2024-02-15T17:45:00+00:00,1.07612,1.07618,1.075875,1.075985,282
2024-02-15T17:50:00+00:00,1.075965,1.07611,1.07595,1.076045,286
2024-02-15T17:55:00+00:00,1.07604,1.076245,1.075895,1.076245,389
2024-02-15T19:00:00+00:00,1.076705,1.07687,1.07666,1.07686,229
2024-02-15T19:05:00+00:00,1.07688,1.077195,1.07684,1.07717,313
2024-02-15T19:10:00+00:00,1.077175,1.07724,1.07676,1.076985,335
2024-02-15T19:15:00+00:00,1.076995,1.07721,1.07692,1.07713,192
2024-02-15T19:20:00+00:00,1.07712,1.07712,1.076915,1.07699,190
2024-02-15T19:25:00+00:00,1.076995,1.076995,1.07683,1.07693,222
2024-02-15T19:30:00+00:00,1.07694,1.07703,1.07691,1.077,176
2024-02-15T19:35:00+00:00,1.07699,1.07712,1.07691,1.07691,140
2024-02-15T19:40:00+00:00,1.0769,1.076915,1.0768,1.076875,141
2024-02-15T19:45:00+00:00,1.07687,1.076965,1.07683,1.07688,126
2024-02-15T19:50:00+00:00,1.07688,1.0769,1.076715,1.0768,303
2024-02-15T19:55:00+00:00,1.076795,1.076945,1.07677,1.076885,211
2024-02-15T20:00:00+00:00,1.07688,1.076985,1.07683,1.0769,221
2024-02-15T20:05:00+00:00,1.076895,1.07695,1.07686,1.0769,211
2024-02-15T20:10:00+00:00,1.076905,1.07702,1.076845,1.07689,266
2024-02-15T20:15:00+00:00,1.076885,1.07691,1.07686,1.07689,136
2024-02-15T20:20:00+00:00,1.076885,1.07697,1.076805,1.07681,200
2024-02-15T20:25:00+00:00,1.07682,1.07702,1.07682,1.076985,205
2024-02-15T20:30:00+00:00,1.07699,1.077035,1.076965,1.077,298
2024-02-15T20:35:00+00:00,1.07701,1.077115,1.076935,1.076985,229
2024-02-15T20:40:00+00:00,1.076965,1.077085,1.076965,1.07703,178
2024-02-15T20:45:00+00:00,1.077035,1.077065,1.07693,1.076985,180
2024-02-15T20:50:00+00:00,1.077,1.07708,1.07695,1.07708,243
2024-02-15T20:55:00+00:00,1.07707,1.077185,1.077,1.077165,244
2024-02-15T21:00:00+00:00,1.077155,1.077165,1.07704,1.077125,134
2024-02-15T21:05:00+00:00,1.07712,1.077165,1.07707,1.07709,165
2024-02-15T21:10:00+00:00,1.077085,1.077135,1.077045,1.077125,202
2024-02-15T21:15:00+00:00,1.07713,1.077145,1.07709,1.0771,71
2024-02-15T21:20:00+00:00,1.077095,1.07711,1.077055,1.07709,215
2024-02-15T21:25:00+00:00,1.077085,1.07714,1.077075,1.07711,94
2024-02-15T21:30:00+00:00,1.07711,1.077145,1.077065,1.077075,140
2024-02-15T21:35:00+00:00,1.07707,1.07714,1.07704,1.077125,89
2024-02-15T21:40:00+00:00,1.07713,1.077175,1.07711,1.07715,135
2024-02-15T21:45:00+00:00,1.077145,1.07719,1.07713,1.077185,193
2024-02-15T21:50:00+00:00,1.07718,1.077365,1.07717,1.07734,250
2024-02-15T21:55:00+00:00,1.077335,1.077385,1.07722,1.07722,412
2024-02-15T22:00:00+00:00,1.077235,1.07728,1.076965,1.07714,40
2024-02-15T22:05:00+00:00,1.076945,1.077185,1.076945,1.077175,26
2024-02-15T22:10:00+00:00,1.07717,1.07722,1.077155,1.07719,55
2024-02-15T22:15:00+00:00,1.077185,1.07722,1.077145,1.07716,43
2024-02-15T22:20:00+00:00,1.077155,1.077185,1.07711,1.07715,60
2024-02-15T22:25:00+00:00,1.077155,1.077165,1.077125,1.077145,51
2024-02-15T22:30:00+00:00,1.077135,1.077215,1.07713,1.07721,143
2024-02-15T22:35:00+00:00,1.077205,1.07722,1.077105,1.077135,266
2024-02-15T22:40:00+00:00,1.07713,1.07715,1.077105,1.077145,167
2024-02-15T22:45:00+00:00,1.07716,1.07718,1.077115,1.07717,32
2024-02-15T22:50:00+00:00,1.077165,1.077225,1.07716,1.077215,70
2024-02-15T22:55:00+00:00,1.077245,1.077315,1.07719,1.0773,106
2024-02-15T23:00:00+00:00,1.077305,1.077525,1.07726,1.077465,122
2024-02-15T23:05:00+00:00,1.07747,1.077495,1.07742,1.07748,32
2024-02-15T23:10:00+00:00,1.077485,1.07753,1.07748,1.07751,60
2024-02-15T23:15:00+00:00,1.07752,1.077545,1.07749,1.07754,63
2024-02-15T23:20:00+00:00,1.077535,1.07769,1.07753,1.077585,96
2024-02-15T23:25:00+00:00,1.077595,1.077645,1.077575,1.077615,45
2024-02-15T23:30:00+00:00,1.077605,1.077635,1.077525,1.07753,46
2024-02-15T23:35:00+00:00,1.07752,1.077535,1.07748,1.07752,55
2024-02-15T23:40:00+00:00,1.077525,1.077535,1.07746,1.077465,60
2024-02-15T23:45:00+00:00,1.077445,1.077535,1.077445,1.077515,90
2024-02-15T23:50:00+00:00,1.07752,1.07754,1.077425,1.07743,85
2024-02-15T23:55:00+00:00,1.077435,1.077465,1.077235,1.077275,153
2024-02-16T00:00:00+00:00,1.07728,1.07737,1.077225,1.077225,126
2024-02-16T00:05:00+00:00,1.07723,1.07729,1.07718,1.077185,126
2024-02-16T00:10:00+00:00,1.07718,1.07721,1.07708,1.077085,178
2024-02-16T00:15:00+00:00,1.07709,1.07716,1.07685,1.07685,234
2024-02-16T00:20:00+00:00,1.076845,1.076845,1.07661,1.076625,181
2024-02-16T00:25:00+00:00,1.07662,1.07662,1.07644,1.0765,98
2024-02-16T00:30:00+00:00,1.07648,1.0765,1.07634,1.076465,150
2024-02-16T00:35:00+00:00,1.07647,1.076495,1.076285,1.07636,120
2024-02-16T00:40:00+00:00,1.076365,1.07652,1.076355,1.07637,174
2024-02-16T00:45:00+00:00,1.076365,1.07638,1.07626,1.07631,336
2024-02-16T00:50:00+00:00,1.076305,1.0766,1.07613,1.076545,423
2024-02-16T00:55:00+00:00,1.07655,1.07658,1.07641,1.07649,272
2024-02-16T01:00:00+00:00,1.07651,1.07657,1.076175,1.076335,337
2024-02-16T01:05:00+00:00,1.07634,1.076385,1.076135,1.076265,304
2024-02-16T01:10:00+00:00,1.07627,1.076395,1.076225,1.07639,420
2024-02-16T01:15:00+00:00,1.076395,1.07652,1.076375,1.076415,260
2024-02-16T01:20:00+00:00,1.07642,1.07653,1.07639,1.076525,199
2024-02-16T01:25:00+00:00,1.07652,1.076615,1.076495,1.0766,245
2024-02-16T01:30:00+00:00,1.076605,1.07662,1.076475,1.07651,390
2024-02-16T01:35:00+00:00,1.0765,1.07659,1.07644,1.07652,316
2024-02-16T01:40:00+00:00,1.076515,1.076565,1.0764,1.07655,250
2024-02-16T01:45:00+00:00,1.076565,1.07657,1.07636,1.076415,196
2024-02-16T01:50:00+00:00,1.076425,1.07649,1.076385,1.07644,170
2024-02-16T01:55:00+00:00,1.076445,1.076595,1.076435,1.0765,249
2024-02-16T02:00:00+00:00,1.076495,1.076505,1.0763,1.07637,218
2024-02-16T02:05:00+00:00,1.076365,1.0764,1.07619,1.07633,243
2024-02-16T02:10:00+00:00,1.076325,1.076405,1.07626,1.07632,118
2024-02-16T02:15:00+00:00,1.076315,1.07639,1.076305,1.076365,182
2024-02-16T02:20:00+00:00,1.07638,1.07642,1.076305,1.07633,273
2024-02-16T02:25:00+00:00,1.076335,1.076395,1.076275,1.07635,266
2024-02-16T02:30:00+00:00,1.076355,1.07642,1.07631,1.0764,263
2024-02-16T02:35:00+00:00,1.076395,1.076415,1.076325,1.076385,239
2024-02-16T02:40:00+00:00,1.076395,1.07642,1.076315,1.07636,206
2024-02-16T02:45:00+00:00,1.076365,1.076365,1.076185,1.07619,134
2024-02-16T02:50:00+00:00,1.07618,1.076205,1.07605,1.076165,212
2024-02-16T02:55:00+00:00,1.07618,1.076185,1.076,1.07606,258
2024-02-16T03:00:00+00:00,1.07605,1.076125,1.076005,1.07611,217
2024-02-16T03:05:00+00:00,1.076105,1.076315,1.076095,1.07627,143
2024-02-16T03:10:00+00:00,1.076275,1.07631,1.076135,1.07616,135
2024-02-16T03:15:00+00:00,1.076145,1.076175,1.07605,1.076155,66
2024-02-16T03:20:00+00:00,1.07613,1.07617,1.076095,1.07616,155
2024-02-16T03:25:00+00:00,1.07615,1.076215,1.076085,1.076155,182
2024-02-16T03:30:00+00:00,1.07614,1.07627,1.076125,1.0762,240
2024-02-16T03:35:00+00:00,1.07621,1.07621,1.075965,1.07601,258
2024-02-16T03:40:00+00:00,1.076005,1.076125,1.075995,1.07606,139
2024-02-16T03:45:00+00:00,1.076055,1.076065,1.07598,1.07603,247
2024-02-16T03:50:00+00:00,1.076025,1.076055,1.075965,1.07597,201
2024-02-16T03:55:00+00:00,1.075965,1.07603,1.075915,1.076,329
2024-02-16T04:00:00+00:00,1.076005,1.076015,1.075895,1.07591,213
2024-02-16T04:05:00+00:00,1.075905,1.07593,1.075865,1.075905,150
2024-02-16T04:10:00+00:00,1.0759,1.07595,1.07581,1.07582,290
2024-02-16T04:15:00+00:00,1.075835,1.075895,1.07581,1.075845,167
2024-02-16T04:20:00+00:00,1.07585,1.07586,1.075745,1.075795,147
2024-02-16T04:25:00+00:00,1.075785,1.075895,1.07577,1.075875,171
2024-02-16T04:30:00+00:00,1.07588,1.07593,1.07584,1.075925,123
2024-02-16T04:35:00+00:00,1.07592,1.075925,1.07588,1.07589,157
2024-02-16T04:40:00+00:00,1.07588,1.076025,1.07588,1.075975,209
2024-02-16T04:45:00+00:00,1.07597,1.076125,1.07597,1.076075,219
2024-02-16T04:50:00+00:00,1.07607,1.07608,1.07593,1.07595,239
2024-02-16T04:55:00+00:00,1.075955,1.076035,1.075895,1.07594,312
2024-02-16T05:00:00+00:00,1.075925,1.076155,1.075845,1.076155,200
2024-02-16T05:05:00+00:00,1.076145,1.07619,1.07608,1.0761,109
2024-02-16T05:10:00+00:00,1.076105,1.07616,1.076045,1.076075,195
2024-02-16T05:15:00+00:00,1.07607,1.07614,1.076045,1.0761,227
2024-02-16T05:20:00+00:00,1.076105,1.076125,1.075935,1.07598,233
2024-02-16T05:25:00+00:00,1.075975,1.076005,1.07595,1.075995,178
2024-02-16T05:30:00+00:00,1.07599,1.076015,1.075925,1.07596,184
2024-02-16T05:35:00+00:00,1.075965,1.076085,1.075965,1.07606,186
2024-02-16T05:40:00+00:00,1.076055,1.076105,1.07604,1.076065,231
2024-02-16T05:45:00+00:00,1.07607,1.076105,1.07601,1.07609,256
2024-02-16T05:50:00+00:00,1.076095,1.076105,1.075985,1.07608,310
2024-02-16T05:55:00+00:00,1.076075,1.076095,1.075965,1.07603,255
2024-02-16T06:00:00+00:00,1.076025,1.07604,1.075915,1.076035,181
2024-02-16T06:05:00+00:00,1.07603,1.076095,1.076025,1.076065,114
2024-02-16T06:10:00+00:00,1.07607,1.07609,1.075985,1.076025,241
2024-02-16T06:15:00+00:00,1.076015,1.07608,1.07592,1.076045,97
2024-02-16T06:20:00+00:00,1.076035,1.07604,1.07587,1.075975,152
2024-02-16T06:25:00+00:00,1.07597,1.07603,1.07593,1.07595,112
2024-02-16T06:30:00+00:00,1.075945,1.07601,1.075885,1.075955,134
2024-02-16T06:35:00+00:00,1.07596,1.07608,1.07593,1.076055,94
2024-02-16T06:40:00+00:00,1.076065,1.07623,1.076055,1.076195,151
2024-02-16T06:45:00+00:00,1.07619,1.07623,1.076115,1.076135,277
2024-02-16T06:50:00+00:00,1.07613,1.076225,1.076095,1.076205,249
2024-02-16T06:55:00+00:00,1.07621,1.07628,1.076165,1.076275,203
2024-02-16T07:00:00+00:00,1.07628,1.076485,1.07616,1.076315,499
2024-02-16T07:05:00+00:00,1.07631,1.076435,1.07619,1.076275,212
2024-02-16T07:10:00+00:00,1.07627,1.076445,1.076215,1.076395,233
2024-02-16T07:15:00+00:00,1.0764,1.076415,1.076175,1.07636,196
2024-02-16T07:20:00+00:00,1.07635,1.076615,1.07629,1.076505,300
2024-02-16T07:25:00+00:00,1.07651,1.076745,1.076505,1.076525,327
2024-02-16T07:30:00+00:00,1.07653,1.07657,1.076215,1.076245,278
2024-02-16T07:35:00+00:00,1.07624,1.0768,1.07617,1.07673,322
2024-02-16T07:40:00+00:00,1.076735,1.076745,1.07627,1.076275,354
2024-02-16T07:45:00+00:00,1.07627,1.07636,1.076165,1.076295,304
2024-02-16T07:50:00+00:00,1.07629,1.07631,1.07616,1.0762,247
2024-02-16T07:55:00+00:00,1.07619,1.07629,1.076015,1.07607,383
2024-02-16T08:00:00+00:00,1.076085,1.07643,1.07608,1.07629,395
2024-02-16T08:05:00+00:00,1.076295,1.076435,1.07605,1.076075,365
2024-02-16T08:10:00+00:00,1.07607,1.076315,1.07602,1.076085,246
2024-02-16T08:15:00+00:00,1.07608,1.07629,1.07596,1.07618,360
2024-02-16T08:20:00+00:00,1.076175,1.076205,1.076075,1.07613,312
2024-02-16T08:25:00+00:00,1.076125,1.076565,1.076105,1.07631,291
2024-02-16T08:30:00+00:00,1.076305,1.0767,1.076265,1.076665,251
2024-02-16T08:35:00+00:00,1.076675,1.07673,1.07651,1.076725,335
2024-02-16T08:40:00+00:00,1.076735,1.076855,1.07667,1.076725,297
2024-02-16T08:45:00+00:00,1.076735,1.07703,1.07672,1.07699,237
2024-02-16T08:50:00+00:00,1.076985,1.07706,1.07678,1.07696,238
2024-02-16T08:55:00+00:00,1.076965,1.077145,1.0769,1.077,392
2024-02-16T09:00:00+00:00,1.076995,1.077095,1.076705,1.077035,390
2024-02-16T09:05:00+00:00,1.077005,1.07718,1.07695,1.07702,280
2024-02-16T09:10:00+00:00,1.077025,1.07714,1.07666,1.07666,221
2024-02-16T09:15:00+00:00,1.076665,1.076785,1.076545,1.076785,369
2024-02-16T09:20:00+00:00,1.07679,1.076895,1.0767,1.076775,331
2024-02-16T09:25:00+00:00,1.076765,1.077035,1.076765,1.076925,384
2024-02-16T09:30:00+00:00,1.07692,1.07716,1.076855,1.07688,403
2024-02-16T09:35:00+00:00,1.076865,1.077085,1.07682,1.0769,225
2024-02-16T09:40:00+00:00,1.076895,1.076895,1.076555,1.076625,300
2024-02-16T09:45:00+00:00,1.07662,1.07669,1.076415,1.07653,347
2024-02-16T09:50:00+00:00,1.076535,1.076645,1.07641,1.07646,219
2024-02-16T09:55:00+00:00,1.076465,1.07671,1.076415,1.07662,342
2024-02-16T10:00:00+00:00,1.07663,1.076635,1.07643,1.07649,292
2024-02-16T10:05:00+00:00,1.076495,1.076595,1.076345,1.07648,287
2024-02-16T10:10:00+00:00,1.07649,1.076625,1.07645,1.07655,260
2024-02-16T10:15:00+00:00,1.07654,1.07654,1.076465,1.07649,188
2024-02-16T10:20:00+00:00,1.07648,1.07655,1.076465,1.07647,216
2024-02-16T10:25:00+00:00,1.076475,1.07651,1.07627,1.076345,225
2024-02-16T10:30:00+00:00,1.07633,1.0767,1.07633,1.076695,284
2024-02-16T10:35:00+00:00,1.076685,1.07694,1.07668,1.07691,267
2024-02-16T10:40:00+00:00,1.076895,1.076985,1.076725,1.07693,198
2024-02-16T10:45:00+00:00,1.076925,1.07709,1.07681,1.076855,219
2024-02-16T10:50:00+00:00,1.07685,1.07688,1.07675,1.07679,196
2024-02-16T10:55:00+00:00,1.07677,1.07693,1.076765,1.07681,268
2024-02-16T11:00:00+00:00,1.07679,1.076945,1.07668,1.076945,281
2024-02-16T11:05:00+00:00,1.076935,1.07724,1.076925,1.077185,172
2024-02-16T11:10:00+00:00,1.07719,1.077395,1.07709,1.07735,226
2024-02-16T11:15:00+00:00,1.07733,1.077475,1.07729,1.07744,238
2024-02-16T11:20:00+00:00,1.077445,1.077645,1.077385,1.07763,199
2024-02-16T11:25:00+00:00,1.077635,1.077635,1.07733,1.07733,196
2024-02-16T11:30:00+00:00,1.077335,1.077635,1.077285,1.077565,303
2024-02-16T11:35:00+00:00,1.07757,1.077895,1.07757,1.07789,301
2024-02-16T11:40:00+00:00,1.077895,1.077955,1.07781,1.077835,182
2024-02-16T11:45:00+00:00,1.07784,1.077995,1.077785,1.077895,254
2024-02-16T11:50:00+00:00,1.0779,1.078005,1.07777,1.0778,223
2024-02-16T11:55:00+00:00,1.077795,1.077995,1.07776,1.07776,287
2024-02-16T12:00:00+00:00,1.077745,1.077805,1.077665,1.07775,255
2024-02-16T12:05:00+00:00,1.077765,1.0778,1.07763,1.077645,297
2024-02-16T12:10:00+00:00,1.07764,1.07768,1.077435,1.07744,306
2024-02-16T12:15:00+00:00,1.07743,1.07756,1.07738,1.07749,200
2024-02-16T12:20:00+00:00,1.0775,1.077565,1.07736,1.07743,275
2024-02-16T12:25:00+00:00,1.07742,1.0776,1.07734,1.077355,222
2024-02-16T12:30:00+00:00,1.07735,1.077595,1.077345,1.077535,286
2024-02-16T12:35:00+00:00,1.077525,1.077525,1.076995,1.077105,422
2024-02-16T12:40:00+00:00,1.07711,1.07735,1.07705,1.07713,346
2024-02-16T12:45:00+00:00,1.077135,1.0773,1.07708,1.077115,395
2024-02-16T12:50:00+00:00,1.077105,1.077195,1.07691,1.077155,295
2024-02-16T12:55:00+00:00,1.07715,1.07715,1.076765,1.07681,407
2024-02-13T06:00:00+00:00,1.076695,1.076765,1.07662,1.07668,122
2024-02-13T06:05:00+00:00,1.07667,1.07673,1.07664,1.076725,38
2024-02-13T06:10:00+00:00,1.07672,1.076795,1.07669,1.076745,74
2024-02-13T06:15:00+00:00,1.07674,1.076795,1.076735,1.07678,79
2024-02-13T06:20:00+00:00,1.076765,1.076845,1.07674,1.076835,94
2024-02-13T06:25:00+00:00,1.07683,1.0769,1.076825,1.076825,87
2024-02-13T06:30:00+00:00,1.07683,1.077045,1.076825,1.07704,70
2024-02-13T06:35:00+00:00,1.077045,1.07709,1.07697,1.077085,110
2024-02-13T06:40:00+00:00,1.077105,1.07713,1.07703,1.07708,81
2024-02-13T06:45:00+00:00,1.07709,1.07719,1.077055,1.077085,130
2024-02-13T06:50:00+00:00,1.07709,1.077185,1.07705,1.077135,118
2024-02-13T06:55:00+00:00,1.07714,1.07725,1.07701,1.077055,138
2024-02-16T13:00:00+00:00,1.076805,1.0771,1.0768,1.07693,397
2024-02-16T13:05:00+00:00,1.076945,1.076965,1.076685,1.076785,432
2024-02-16T13:10:00+00:00,1.07679,1.076835,1.076615,1.07662,246
2024-02-16T13:15:00+00:00,1.07663,1.076805,1.076545,1.07666,362
2024-02-16T13:20:00+00:00,1.076655,1.07669,1.076195,1.07645,566
2024-02-16T13:25:00+00:00,1.076455,1.076805,1.076375,1.076775,619
2024-02-16T13:30:00+00:00,1.07676,1.07681,1.07415,1.074345,2055
2024-02-16T13:35:00+00:00,1.07433,1.07433,1.073205,1.07353,1342
2024-02-16T13:40:00+00:00,1.073535,1.07431,1.073455,1.07411,1150
2024-02-16T13:45:00+00:00,1.07413,1.074695,1.073885,1.07391,1009
2024-02-16T13:50:00+00:00,1.073905,1.074605,1.073895,1.07442,856
2024-02-16T13:55:00+00:00,1.074415,1.07491,1.07441,1.07465,901
2024-02-16T14:00:00+00:00,1.074655,1.07532,1.074635,1.07478,985
2024-02-16T14:05:00+00:00,1.07479,1.07511,1.074545,1.07503,817
2024-02-16T14:10:00+00:00,1.075025,1.075025,1.074325,1.07436,973
2024-02-16T14:15:00+00:00,1.074355,1.074515,1.0741,1.074225,683
2024-02-16T14:20:00+00:00,1.074215,1.074435,1.07414,1.074395,696
2024-02-16T14:25:00+00:00,1.07442,1.075045,1.07441,1.07502,616
2024-02-16T14:30:00+00:00,1.075005,1.075185,1.074805,1.075185,1015
2024-02-16T14:35:00+00:00,1.07519,1.075345,1.074945,1.07514,1028
2024-02-16T14:40:00+00:00,1.075145,1.075705,1.07509,1.075385,801
2024-02-16T14:45:00+00:00,1.07538,1.075565,1.075255,1.07545,846
2024-02-16T14:50:00+00:00,1.075455,1.0755,1.07497,1.07516,804
2024-02-16T14:55:00+00:00,1.07517,1.07537,1.074925,1.074995,764
2024-02-16T15:00:00+00:00,1.075,1.075745,1.07487,1.075645,1021
2024-02-16T15:05:00+00:00,1.07565,1.07641,1.075645,1.07631,805
2024-02-16T15:10:00+00:00,1.076305,1.076905,1.076155,1.076905,800
2024-02-16T15:15:00+00:00,1.07691,1.077195,1.076855,1.076885,751
2024-02-16T15:20:00+00:00,1.07687,1.07705,1.07667,1.07678,767
2024-02-16T15:25:00+00:00,1.07677,1.077115,1.07662,1.076755,847
2024-02-16T15:30:00+00:00,1.07675,1.076765,1.076475,1.07666,665
2024-02-16T15:35:00+00:00,1.07667,1.07715,1.07663,1.07715,598
2024-02-16T15:40:00+00:00,1.077165,1.077695,1.07709,1.077575,712
2024-02-16T15:45:00+00:00,1.077595,1.077605,1.07724,1.07725,677
2024-02-16T15:50:00+00:00,1.077245,1.07761,1.077055,1.077285,757
2024-02-16T15:55:00+00:00,1.07729,1.07737,1.077075,1.077085,846
2024-02-16T16:00:00+00:00,1.077105,1.07723,1.076895,1.07701,633
2024-02-16T16:05:00+00:00,1.077015,1.077105,1.07685,1.07707,638
2024-02-16T16:10:00+00:00,1.077065,1.07735,1.07704,1.0772,533
2024-02-16T16:15:00+00:00,1.07721,1.077445,1.077145,1.077285,415
2024-02-16T16:20:00+00:00,1.077295,1.077405,1.077265,1.07738,283
2024-02-16T16:25:00+00:00,1.077375,1.07754,1.077295,1.077305,367
2024-02-16T16:30:00+00:00,1.07731,1.077325,1.077145,1.077295,498
2024-02-16T16:35:00+00:00,1.077285,1.077415,1.077075,1.077335,474
2024-02-16T16:40:00+00:00,1.07733,1.0774,1.077085,1.077145,496
2024-02-16T16:45:00+00:00,1.077135,1.077225,1.07687,1.07688,509
2024-02-16T16:50:00+00:00,1.076885,1.07695,1.076605,1.076655,566
2024-02-16T16:55:00+00:00,1.07665,1.076895,1.07657,1.076845,362
2024-02-16T17:00:00+00:00,1.076815,1.076965,1.076705,1.076835,331
2024-02-16T17:05:00+00:00,1.076805,1.076835,1.07664,1.07664,294
2024-02-16T17:10:00+00:00,1.07665,1.0767,1.07651,1.0767,181
2024-02-16T17:15:00+00:00,1.076695,1.07674,1.076585,1.07667,297
2024-02-16T17:20:00+00:00,1.076685,1.0767,1.07628,1.076445,339
2024-02-16T17:25:00+00:00,1.07644,1.076625,1.0763,1.076625,207
2024-02-16T17:30:00+00:00,1.07662,1.07672,1.07657,1.076595,233
2024-02-16T17:35:00+00:00,1.07659,1.076835,1.076575,1.076835,299
2024-02-16T17:40:00+00:00,1.076845,1.07705,1.07676,1.07705,312
2024-02-16T17:45:00+00:00,1.077055,1.07742,1.07704,1.07741,309
2024-02-16T17:50:00+00:00,1.07741,1.07761,1.077345,1.077605,292
2024-02-16T17:55:00+00:00,1.07761,1.07779,1.07759,1.07778,437
2024-02-16T18:00:00+00:00,1.077795,1.077885,1.07752,1.077645,490
2024-02-16T18:05:00+00:00,1.077635,1.07766,1.077475,1.07758,458
2024-02-16T18:10:00+00:00,1.077575,1.077635,1.077395,1.07756,423
2024-02-16T18:15:00+00:00,1.077565,1.07766,1.07746,1.077505,177
2024-02-16T18:20:00+00:00,1.0775,1.07766,1.07741,1.0776,322
2024-02-16T18:25:00+00:00,1.077605,1.077655,1.077505,1.07754,276
2024-02-16T18:30:00+00:00,1.07752,1.07756,1.07745,1.077505,230
2024-02-16T18:35:00+00:00,1.07751,1.077945,1.07751,1.07792,248
2024-02-16T18:40:00+00:00,1.077925,1.078165,1.077845,1.07816,287
2024-02-16T18:45:00+00:00,1.078165,1.07847,1.07805,1.078465,366
2024-02-16T18:50:00+00:00,1.07847,1.078605,1.07823,1.07828,185
2024-02-16T18:55:00+00:00,1.07829,1.078575,1.07829,1.078515,253
2024-02-16T19:00:00+00:00,1.07852,1.07875,1.078515,1.07861,295
2024-02-16T19:05:00+00:00,1.078605,1.078655,1.07846,1.078615,265
2024-02-16T19:10:00+00:00,1.07862,1.07867,1.07856,1.07856,241
2024-02-16T19:15:00+00:00,1.07855,1.07871,1.07855,1.07855,237
2024-02-16T19:20:00+00:00,1.078545,1.078625,1.078455,1.078565,174
2024-02-16T19:25:00+00:00,1.07856,1.078585,1.07844,1.078475,223
2024-02-16T19:30:00+00:00,1.07848,1.078515,1.0783,1.07838,333
2024-02-16T19:35:00+00:00,1.078375,1.07839,1.078055,1.078055,327
2024-02-16T19:40:00+00:00,1.078045,1.07814,1.077995,1.07809,367
2024-02-16T19:45:00+00:00,1.078095,1.078115,1.07767,1.07781,439
2024-02-16T19:50:00+00:00,1.077805,1.07782,1.07764,1.077705,321
2024-02-16T19:55:00+00:00,1.0777,1.07775,1.07755,1.077705,455
2024-02-16T20:00:00+00:00,1.07771,1.07771,1.07754,1.07762,401
2024-02-16T20:05:00+00:00,1.07761,1.07769,1.077535,1.07764,411
2024-02-16T20:10:00+00:00,1.07763,1.077645,1.07739,1.07744,364
2024-02-16T20:15:00+00:00,1.077435,1.07754,1.077395,1.077495,533
2024-02-16T20:20:00+00:00,1.0775,1.07752,1.07739,1.07749,511
2024-02-16T20:25:00+00:00,1.077495,1.07771,1.07747,1.077645,370
2024-02-16T20:30:00+00:00,1.077635,1.07774,1.07758,1.07765,284
2024-02-16T20:35:00+00:00,1.077655,1.07775,1.077635,1.077685,317
2024-02-16T20:40:00+00:00,1.07769,1.077695,1.0774,1.077445,322
2024-02-16T20:45:00+00:00,1.07745,1.077505,1.077355,1.077355,372
2024-02-16T20:50:00+00:00,1.077345,1.07747,1.0773,1.07746,486
2024-02-16T20:55:00+00:00,1.077465,1.07771,1.077465,1.07765,516
2024-02-16T21:00:00+00:00,1.077655,1.07769,1.07749,1.077495,298
2024-02-16T21:05:00+00:00,1.07749,1.077725,1.077485,1.07764,297
2024-02-16T21:10:00+00:00,1.077635,1.077645,1.07757,1.077635,123
2024-02-16T21:15:00+00:00,1.07764,1.0777,1.077595,1.07764,127
2024-02-16T21:20:00+00:00,1.077635,1.07777,1.07759,1.077705,114
2024-02-16T21:25:00+00:00,1.0777,1.077795,1.077675,1.07778,197
2024-02-16T21:30:00+00:00,1.077785,1.077795,1.077695,1.077715,220
2024-02-16T21:35:00+00:00,1.07772,1.07774,1.077625,1.077675,335
2024-02-16T21:40:00+00:00,1.07768,1.07774,1.07762,1.07774,233
2024-02-16T21:45:00+00:00,1.077745,1.077745,1.077625,1.077645,150
2024-02-16T21:50:00+00:00,1.07764,1.07766,1.077555,1.077645,160
2024-02-16T21:55:00+00:00,1.07765,1.07784,1.077565,1.07759,495
