hour_start_utc,tick_count
2026-07-24T05:00:00+00:00,ERROR
2026-07-24T01:00:00+00:00,ERROR
2026-07-24T04:00:00+00:00,ERROR
2026-07-24T00:00:00+00:00,ERROR
2026-07-24T02:00:00+00:00,ERROR
2026-07-24T03:00:00+00:00,ERROR
2026-07-24T07:00:00+00:00,ERROR
2026-07-24T06:00:00+00:00,ERROR
2026-07-24T08:00:00+00:00,ERROR
2026-07-24T09:00:00+00:00,ERROR
2026-07-24T10:00:00+00:00,ERROR
2026-07-24T11:00:00+00:00,ERROR
2026-07-24T13:00:00+00:00,ERROR
2026-07-24T14:00:00+00:00,ERROR
2026-07-24T12:00:00+00:00,ERROR
2026-07-24T15:00:00+00:00,ERROR
2026-07-24T16:00:00+00:00,ERROR
2026-07-24T17:00:00+00:00,ERROR
2026-07-24T19:00:00+00:00,ERROR
2026-07-24T18:00:00+00:00,ERROR
2026-07-24T20:00:00+00:00,ERROR
2026-07-24T21:00:00+00:00,ERROR
2026-07-24T22:00:00+00:00,ERROR
2026-07-24T23:00:00+00:00,ERROR
2026-07-26T01:00:00+00:00,0
2026-07-26T03:00:00+00:00,0
2026-07-26T02:00:00+00:00,0
2026-07-26T00:00:00+00:00,0
2026-07-26T06:00:00+00:00,0
2026-07-26T07:00:00+00:00,0
2026-07-26T08:00:00+00:00,0
2026-07-26T09:00:00+00:00,0
2026-07-26T10:00:00+00:00,0
2026-07-26T11:00:00+00:00,0
2026-07-26T05:00:00+00:00,0
2026-07-26T12:00:00+00:00,0
2026-07-26T13:00:00+00:00,0
2026-07-26T04:00:00+00:00,0
2026-07-26T14:00:00+00:00,0
2026-07-26T15:00:00+00:00,0
2026-07-26T16:00:00+00:00,0
2026-07-26T17:00:00+00:00,0
2026-07-26T18:00:00+00:00,0
2026-07-26T19:00:00+00:00,0
2026-07-26T20:00:00+00:00,0
2026-07-26T21:00:00+00:00,0
2026-07-26T22:00:00+00:00,4881
2026-07-26T23:00:00+00:00,3062
2026-07-27T00:00:00+00:00,ERROR
2018-01-01T01:00:00+00:00,0
2018-01-01T03:00:00+00:00,0
2018-01-01T02:00:00+00:00,0
2018-01-01T06:00:00+00:00,0
2018-01-01T04:00:00+00:00,0
2018-01-01T05:00:00+00:00,0
2018-01-01T07:00:00+00:00,0
2018-01-01T00:00:00+00:00,0
2018-01-01T08:00:00+00:00,0
2018-01-01T09:00:00+00:00,0
2018-01-01T10:00:00+00:00,0
2018-01-01T11:00:00+00:00,0
2018-01-01T12:00:00+00:00,0
2018-01-01T13:00:00+00:00,0
2018-01-01T15:00:00+00:00,0
2018-01-01T14:00:00+00:00,0
2018-01-01T16:00:00+00:00,0
2018-01-01T17:00:00+00:00,0
2018-01-01T18:00:00+00:00,0
2018-01-01T20:00:00+00:00,0
2018-01-01T19:00:00+00:00,0
2018-01-01T21:00:00+00:00,0
2018-01-01T22:00:00+00:00,0
2018-01-01T23:00:00+00:00,4416
2018-01-02T00:00:00+00:00,5266
2018-01-02T01:00:00+00:00,6742
2018-01-02T02:00:00+00:00,4867
2018-01-02T04:00:00+00:00,3073
2018-01-02T03:00:00+00:00,5151
2018-01-02T05:00:00+00:00,3879
2018-01-02T06:00:00+00:00,7107
2018-01-02T07:00:00+00:00,10906
2018-01-02T08:00:00+00:00,10968
2018-01-02T09:00:00+00:00,10761
2018-01-02T10:00:00+00:00,11703
2018-01-02T11:00:00+00:00,8259
2018-01-02T12:00:00+00:00,10546
2018-01-02T14:00:00+00:00,15607
2018-01-02T13:00:00+00:00,13505
2018-01-02T15:00:00+00:00,15961
2018-01-02T16:00:00+00:00,13564
2018-01-02T17:00:00+00:00,9257
2018-01-02T18:00:00+00:00,10214
2018-01-02T19:00:00+00:00,8520
2018-01-02T21:00:00+00:00,3582
2018-01-02T20:00:00+00:00,8229
2018-01-02T22:00:00+00:00,0
2018-01-02T23:00:00+00:00,5087
2018-01-03T00:00:00+00:00,5224
2018-01-03T01:00:00+00:00,9591
2018-01-03T02:00:00+00:00,10917
2018-01-03T03:00:00+00:00,7081
2018-01-03T05:00:00+00:00,4587
2018-01-03T04:00:00+00:00,4362
2018-01-03T06:00:00+00:00,7328
2018-01-03T08:00:00+00:00,9822
2018-01-03T07:00:00+00:00,9975
2018-01-03T09:00:00+00:00,7946
2018-01-03T10:00:00+00:00,8016
2018-01-03T11:00:00+00:00,8212
2018-01-03T13:00:00+00:00,12197
2018-01-03T12:00:00+00:00,11926
2018-01-03T14:00:00+00:00,13603
2018-01-03T15:00:00+00:00,15319
2018-01-03T16:00:00+00:00,10521
2018-01-03T17:00:00+00:00,7678
2018-01-03T18:00:00+00:00,6935
2018-01-03T19:00:00+00:00,12988
2018-01-03T20:00:00+00:00,8436
2018-01-03T21:00:00+00:00,3972
2018-01-03T22:00:00+00:00,0
2018-01-03T23:00:00+00:00,5229
2018-01-04T00:00:00+00:00,8216
2018-01-04T01:00:00+00:00,9527
2018-01-04T02:00:00+00:00,6982
2018-01-04T03:00:00+00:00,4467
2018-01-04T04:00:00+00:00,3868
2018-01-04T05:00:00+00:00,6156
2018-01-04T06:00:00+00:00,7058
2018-01-04T07:00:00+00:00,8707
2018-01-04T08:00:00+00:00,9963
2018-01-04T09:00:00+00:00,9273
2018-01-04T10:00:00+00:00,10054
2018-01-04T11:00:00+00:00,8386
2018-01-04T12:00:00+00:00,10103
2018-01-04T13:00:00+00:00,18591
2018-01-04T14:00:00+00:00,16133
2018-01-04T15:00:00+00:00,15367
2018-01-04T17:00:00+00:00,9762
2018-01-04T16:00:00+00:00,14557
2018-01-04T18:00:00+00:00,9872
2018-01-04T20:00:00+00:00,8403
2018-01-04T19:00:00+00:00,10971
2018-01-04T21:00:00+00:00,3438
2018-01-04T22:00:00+00:00,0
2018-01-04T23:00:00+00:00,3606
2018-01-05T00:00:00+00:00,6384
2018-01-05T01:00:00+00:00,5457
2018-01-05T02:00:00+00:00,5653
2018-01-05T03:00:00+00:00,4362
2018-01-05T04:00:00+00:00,3987
2018-01-05T05:00:00+00:00,5313
2018-01-05T06:00:00+00:00,8154
2018-01-05T07:00:00+00:00,9153
2018-01-05T08:00:00+00:00,10113
2018-01-05T09:00:00+00:00,8631
2018-01-05T10:00:00+00:00,7747
2018-01-05T11:00:00+00:00,6802
2018-01-05T12:00:00+00:00,9109
2018-01-05T13:00:00+00:00,18129
2018-01-05T14:00:00+00:00,20193
2018-01-05T15:00:00+00:00,17691
2018-01-05T16:00:00+00:00,12073
2018-01-05T17:00:00+00:00,10942
2018-01-05T18:00:00+00:00,7991
2018-01-05T19:00:00+00:00,7211
2018-01-05T20:00:00+00:00,5939
2018-01-05T21:00:00+00:00,2715
2018-01-05T22:00:00+00:00,0
2018-01-05T23:00:00+00:00,0
2018-01-07T00:00:00+00:00,0
2018-01-07T01:00:00+00:00,0
2018-01-07T02:00:00+00:00,0
2018-01-07T03:00:00+00:00,0
2018-01-07T04:00:00+00:00,0
2018-01-07T05:00:00+00:00,0
2018-01-07T06:00:00+00:00,0
2018-01-07T07:00:00+00:00,0
2018-01-07T08:00:00+00:00,0
2018-01-07T09:00:00+00:00,0
2018-01-07T10:00:00+00:00,0
2018-01-07T11:00:00+00:00,0
2018-01-07T12:00:00+00:00,0
2018-01-07T13:00:00+00:00,0
2018-01-07T14:00:00+00:00,0
2018-01-07T15:00:00+00:00,0
2018-01-07T16:00:00+00:00,0
2018-01-07T17:00:00+00:00,0
2018-01-07T18:00:00+00:00,0
2018-01-07T19:00:00+00:00,0
2018-01-07T20:00:00+00:00,0
2018-01-07T21:00:00+00:00,0
2018-01-07T22:00:00+00:00,0
2018-01-07T23:00:00+00:00,3381
2018-01-08T00:00:00+00:00,3641
2018-01-08T01:00:00+00:00,5901
2018-01-08T02:00:00+00:00,5386
2018-01-08T03:00:00+00:00,3180
2018-01-08T04:00:00+00:00,2791
2018-01-08T05:00:00+00:00,5469
2018-01-08T06:00:00+00:00,5472
2018-01-08T07:00:00+00:00,8349
2018-01-08T08:00:00+00:00,8212
2018-01-08T09:00:00+00:00,6522
2018-01-08T10:00:00+00:00,11086
2018-01-08T11:00:00+00:00,8705
2018-01-08T12:00:00+00:00,8841
2018-01-08T13:00:00+00:00,13110
2018-01-08T14:00:00+00:00,12156
2018-01-08T15:00:00+00:00,12678
2018-01-08T16:00:00+00:00,11766
2018-01-08T17:00:00+00:00,8332
2018-01-08T18:00:00+00:00,7136
2018-01-08T19:00:00+00:00,5765
2018-01-08T20:00:00+00:00,4827
2018-01-08T21:00:00+00:00,2273
2018-01-08T22:00:00+00:00,0
2018-01-08T23:00:00+00:00,3991
2018-01-09T00:00:00+00:00,6319
2018-01-09T01:00:00+00:00,9789
2018-01-09T02:00:00+00:00,8122
2018-01-09T03:00:00+00:00,5270
2018-01-09T04:00:00+00:00,4596
2018-01-09T05:00:00+00:00,5762
2018-01-09T06:00:00+00:00,6245
2018-01-09T07:00:00+00:00,9799
2018-01-09T08:00:00+00:00,13544
2018-01-09T09:00:00+00:00,9651
2018-01-09T10:00:00+00:00,9065
2018-01-09T11:00:00+00:00,9023
2018-01-09T12:00:00+00:00,9857
2018-01-09T13:00:00+00:00,12905
2018-01-09T14:00:00+00:00,13852
2018-01-09T15:00:00+00:00,14133
2018-01-09T16:00:00+00:00,13299
2018-01-09T17:00:00+00:00,9721
2018-01-09T18:00:00+00:00,9081
2018-01-09T19:00:00+00:00,9185
2018-01-09T20:00:00+00:00,6267
2018-01-09T21:00:00+00:00,2904
2018-01-09T22:00:00+00:00,0
2018-01-09T23:00:00+00:00,4249
2018-01-10T00:00:00+00:00,7177
2018-01-10T01:00:00+00:00,8971
2018-01-10T02:00:00+00:00,7189
2018-01-10T03:00:00+00:00,5419
2018-01-10T04:00:00+00:00,6366
2018-01-10T05:00:00+00:00,7205
2018-01-10T06:00:00+00:00,9036
2018-01-10T07:00:00+00:00,11793
2018-01-10T08:00:00+00:00,13164
2018-01-10T09:00:00+00:00,9622
2018-01-10T10:00:00+00:00,16787
2018-01-10T11:00:00+00:00,14655
2018-01-10T12:00:00+00:00,12511
2018-01-10T13:00:00+00:00,13757
2018-01-10T14:00:00+00:00,15223
2018-01-10T15:00:00+00:00,15542
2018-01-10T16:00:00+00:00,13850
2018-01-10T17:00:00+00:00,9588
2018-01-10T18:00:00+00:00,8147
2018-01-10T19:00:00+00:00,9570
2018-01-10T20:00:00+00:00,7330
2018-01-10T21:00:00+00:00,2660
2018-01-10T22:00:00+00:00,0
2018-01-10T23:00:00+00:00,3889
2018-01-11T00:00:00+00:00,8036
2018-01-11T01:00:00+00:00,7138
2018-01-11T02:00:00+00:00,5104
2018-01-11T03:00:00+00:00,7029
2018-01-11T04:00:00+00:00,6140
2018-01-11T05:00:00+00:00,6469
2018-01-11T06:00:00+00:00,6445
2018-01-11T07:00:00+00:00,9402
2018-01-11T08:00:00+00:00,9997
2018-01-11T09:00:00+00:00,9046
2018-01-11T10:00:00+00:00,8481
2018-01-11T11:00:00+00:00,7674
2018-01-11T12:00:00+00:00,13103
2018-01-11T13:00:00+00:00,15713
2018-01-11T14:00:00+00:00,13805
2018-01-11T15:00:00+00:00,14861
2018-01-11T16:00:00+00:00,12117
2018-01-11T17:00:00+00:00,8273
2018-01-11T18:00:00+00:00,9701
2018-01-11T19:00:00+00:00,9018
2018-01-11T20:00:00+00:00,5743
2018-01-11T21:00:00+00:00,2913
2018-01-11T22:00:00+00:00,0
2018-01-11T23:00:00+00:00,3445
2018-01-12T00:00:00+00:00,9321
2018-01-12T01:00:00+00:00,6430
2018-01-12T02:00:00+00:00,7038
2018-01-12T03:00:00+00:00,6164
2018-01-12T04:00:00+00:00,7428
2018-01-12T05:00:00+00:00,8169
2018-01-12T06:00:00+00:00,5747
2018-01-12T07:00:00+00:00,10087
2018-01-12T08:00:00+00:00,12627
2018-01-12T09:00:00+00:00,12095
2018-01-12T10:00:00+00:00,8754
2018-01-12T11:00:00+00:00,8668
2018-01-12T12:00:00+00:00,9160
2018-01-12T13:00:00+00:00,17366
2018-01-12T14:00:00+00:00,16482
2018-01-12T15:00:00+00:00,14761
2018-01-12T16:00:00+00:00,12234
2018-01-12T17:00:00+00:00,7080
2018-01-12T18:00:00+00:00,10486
2018-01-12T19:00:00+00:00,10166
2018-01-12T20:00:00+00:00,7589
2018-01-12T21:00:00+00:00,3836
2018-01-12T22:00:00+00:00,0
2018-01-12T23:00:00+00:00,0
2018-01-14T00:00:00+00:00,0
2018-01-14T01:00:00+00:00,0
2018-01-14T02:00:00+00:00,0
2018-01-14T03:00:00+00:00,0
2018-01-14T04:00:00+00:00,0
2018-01-14T05:00:00+00:00,0
2018-01-14T06:00:00+00:00,0
2018-01-14T07:00:00+00:00,0
2018-01-14T08:00:00+00:00,0
2018-01-14T09:00:00+00:00,0
2018-01-14T10:00:00+00:00,0
2018-01-14T11:00:00+00:00,0
2018-01-14T12:00:00+00:00,0
2018-01-14T13:00:00+00:00,0
2018-01-14T14:00:00+00:00,0
2018-01-14T15:00:00+00:00,0
2018-01-14T16:00:00+00:00,0
2018-01-14T17:00:00+00:00,0
2018-01-14T18:00:00+00:00,0
2018-01-14T19:00:00+00:00,0
2018-01-14T20:00:00+00:00,0
2018-01-14T21:00:00+00:00,0
2018-01-14T22:00:00+00:00,0
2018-01-14T23:00:00+00:00,4418
2018-01-15T00:00:00+00:00,8515
2018-01-15T01:00:00+00:00,10097
2018-01-15T02:00:00+00:00,8674
2018-01-15T03:00:00+00:00,5512
2018-01-15T04:00:00+00:00,5818
2018-01-15T05:00:00+00:00,8402
2018-01-15T06:00:00+00:00,8106
2018-01-15T07:00:00+00:00,7602
2018-01-15T08:00:00+00:00,10145
2018-01-15T09:00:00+00:00,8582
2018-01-15T10:00:00+00:00,7589
2018-01-15T11:00:00+00:00,5891
2018-01-15T12:00:00+00:00,6136
2018-01-15T13:00:00+00:00,7307
2018-01-15T14:00:00+00:00,7060
2018-01-15T15:00:00+00:00,8214
2018-01-15T16:00:00+00:00,7854
2018-01-15T17:00:00+00:00,4169
2018-01-15T18:00:00+00:00,2
2018-01-15T19:00:00+00:00,0
2018-01-15T20:00:00+00:00,0
2018-01-15T21:00:00+00:00,0
2018-01-15T22:00:00+00:00,0
2018-01-15T23:00:00+00:00,4851
2018-01-16T00:00:00+00:00,6567
2018-01-16T01:00:00+00:00,9174
2018-01-16T02:00:00+00:00,7936
2018-01-16T03:00:00+00:00,5570
2018-01-16T04:00:00+00:00,3995
2018-01-16T05:00:00+00:00,5397
2018-01-16T06:00:00+00:00,7062
2018-01-16T07:00:00+00:00,12122
2018-01-16T09:00:00+00:00,13337
2018-01-16T08:00:00+00:00,12921
2018-01-16T10:00:00+00:00,12448
2018-01-16T11:00:00+00:00,9617
2018-01-16T12:00:00+00:00,11847
2018-01-16T13:00:00+00:00,11825
2018-01-16T14:00:00+00:00,13694
2018-01-16T15:00:00+00:00,13812
2018-01-16T16:00:00+00:00,11614
2018-01-16T17:00:00+00:00,10681
2018-01-16T18:00:00+00:00,9747
2018-01-16T19:00:00+00:00,9386
2018-01-16T20:00:00+00:00,7532
2018-01-16T21:00:00+00:00,3274
2018-01-16T22:00:00+00:00,0
2018-01-16T23:00:00+00:00,4482
2018-01-17T00:00:00+00:00,8647
2018-01-17T01:00:00+00:00,9255
2018-01-17T02:00:00+00:00,9766
2018-01-17T03:00:00+00:00,9223
2018-01-17T04:00:00+00:00,8819
2018-01-17T05:00:00+00:00,8940
2018-01-17T06:00:00+00:00,7951
2018-01-17T07:00:00+00:00,11122
2018-01-17T08:00:00+00:00,10775
2018-01-17T09:00:00+00:00,8601
2018-01-17T10:00:00+00:00,11454
2018-01-17T11:00:00+00:00,9680
2018-01-17T12:00:00+00:00,10833
2018-01-17T13:00:00+00:00,10583
2018-01-17T14:00:00+00:00,14576
2018-01-17T15:00:00+00:00,13029
2018-01-17T16:00:00+00:00,13575
2018-01-17T17:00:00+00:00,9208
2018-01-17T18:00:00+00:00,11916
2018-01-17T19:00:00+00:00,11234
2018-01-17T20:00:00+00:00,11852
2018-01-17T21:00:00+00:00,5034
2018-01-17T22:00:00+00:00,0
2018-01-17T23:00:00+00:00,3650
2018-01-18T00:00:00+00:00,9330
2018-01-18T01:00:00+00:00,12873
2018-01-18T02:00:00+00:00,8231
2018-01-18T03:00:00+00:00,7312
2018-01-18T04:00:00+00:00,6113
2018-01-18T05:00:00+00:00,7852
2018-01-18T06:00:00+00:00,8388
2018-01-18T07:00:00+00:00,12602
2018-01-18T08:00:00+00:00,11057
2018-01-18T09:00:00+00:00,8929
2018-01-18T10:00:00+00:00,9187
2018-01-18T12:00:00+00:00,9955
2018-01-18T11:00:00+00:00,9527
2018-01-18T13:00:00+00:00,13750
2018-01-18T14:00:00+00:00,15170
2018-01-18T15:00:00+00:00,14990
2018-01-18T16:00:00+00:00,13617
2018-01-18T17:00:00+00:00,9456
2018-01-18T18:00:00+00:00,9853
2018-01-18T19:00:00+00:00,7349
2018-01-18T20:00:00+00:00,10089
2018-01-18T21:00:00+00:00,3657
2018-01-18T22:00:00+00:00,0
2018-01-18T23:00:00+00:00,3766
2018-01-19T01:00:00+00:00,9824
2018-01-19T00:00:00+00:00,7450
2018-01-19T02:00:00+00:00,9098
2018-01-19T03:00:00+00:00,8462
2018-01-19T04:00:00+00:00,4985
2018-01-19T05:00:00+00:00,6046
2018-01-19T06:00:00+00:00,7781
2018-01-19T07:00:00+00:00,11477
2018-01-19T08:00:00+00:00,13271
2018-01-19T09:00:00+00:00,11785
2018-01-19T10:00:00+00:00,8798
2018-01-19T11:00:00+00:00,8587
2018-01-19T12:00:00+00:00,8668
2018-01-19T13:00:00+00:00,13048
2018-01-19T14:00:00+00:00,13697
2018-01-19T15:00:00+00:00,15081
2018-01-19T16:00:00+00:00,11080
2018-01-19T17:00:00+00:00,8251
2018-01-19T18:00:00+00:00,7624
2018-01-19T19:00:00+00:00,8089
2018-01-19T20:00:00+00:00,8016
2018-01-19T21:00:00+00:00,3747
2018-01-19T22:00:00+00:00,0
2018-01-19T23:00:00+00:00,0
2018-01-21T00:00:00+00:00,0
2018-01-21T01:00:00+00:00,0
2018-01-21T02:00:00+00:00,0
2018-01-21T03:00:00+00:00,0
2018-01-21T04:00:00+00:00,0
2018-01-21T05:00:00+00:00,0
2018-01-21T06:00:00+00:00,0
2018-01-21T07:00:00+00:00,0
2018-01-21T08:00:00+00:00,0
2018-01-21T10:00:00+00:00,0
2018-01-21T09:00:00+00:00,0
2018-01-21T11:00:00+00:00,0
2018-01-21T12:00:00+00:00,0
2018-01-21T13:00:00+00:00,0
2018-01-21T14:00:00+00:00,0
2018-01-21T15:00:00+00:00,0
2018-01-21T16:00:00+00:00,0
2018-01-21T17:00:00+00:00,0
2018-01-21T18:00:00+00:00,0
2018-01-21T19:00:00+00:00,0
2018-01-21T20:00:00+00:00,0
2018-01-21T21:00:00+00:00,0
2018-01-21T22:00:00+00:00,0
2018-01-21T23:00:00+00:00,5221
2018-01-22T00:00:00+00:00,7774
2018-01-22T01:00:00+00:00,10720
2018-01-22T02:00:00+00:00,7835
2018-01-22T03:00:00+00:00,4435
2018-01-22T04:00:00+00:00,4973
2018-01-22T05:00:00+00:00,5147
2018-01-22T06:00:00+00:00,6569
2018-01-22T07:00:00+00:00,9505
2018-01-22T08:00:00+00:00,10840
2018-01-22T09:00:00+00:00,9456
2018-01-22T10:00:00+00:00,7514
2018-01-22T11:00:00+00:00,8486
2018-01-22T12:00:00+00:00,10077
2018-01-22T13:00:00+00:00,11800
2018-01-22T14:00:00+00:00,13493
2018-01-22T15:00:00+00:00,12141
2018-01-22T16:00:00+00:00,11458
2018-01-22T17:00:00+00:00,10909
2018-01-22T18:00:00+00:00,6770
2018-01-22T19:00:00+00:00,6581
2018-01-22T20:00:00+00:00,6396
2018-01-22T21:00:00+00:00,2933
2018-01-22T22:00:00+00:00,0
2018-01-22T23:00:00+00:00,2806
2018-01-23T00:00:00+00:00,6743
2018-01-23T01:00:00+00:00,7536
2018-01-23T02:00:00+00:00,6766
2018-01-23T03:00:00+00:00,9491
2018-01-23T04:00:00+00:00,5850
2018-01-23T05:00:00+00:00,6333
2018-01-23T06:00:00+00:00,9693
2018-01-23T07:00:00+00:00,9639
2018-01-23T08:00:00+00:00,12795
2018-01-23T09:00:00+00:00,8677
2018-01-23T10:00:00+00:00,8399
2018-01-23T11:00:00+00:00,11302
2018-01-23T12:00:00+00:00,9859
2018-01-23T13:00:00+00:00,11129
2018-01-23T14:00:00+00:00,17845
2018-01-23T15:00:00+00:00,15996
2018-01-23T16:00:00+00:00,12447
2018-01-23T17:00:00+00:00,8155
2018-01-23T18:00:00+00:00,7352
2018-01-23T19:00:00+00:00,9315
2018-01-23T20:00:00+00:00,7526
2018-01-23T21:00:00+00:00,3157
2018-01-23T22:00:00+00:00,0
2018-01-23T23:00:00+00:00,5808
2018-01-24T00:00:00+00:00,6327
2018-01-24T01:00:00+00:00,9164
2018-01-24T02:00:00+00:00,8865
2018-01-24T03:00:00+00:00,5858
2018-01-24T04:00:00+00:00,5088
2018-01-24T05:00:00+00:00,5551
2018-01-24T06:00:00+00:00,8907
2018-01-24T07:00:00+00:00,8895
2018-01-24T08:00:00+00:00,14911
2018-01-24T09:00:00+00:00,9639
2018-01-24T10:00:00+00:00,9076
2018-01-24T11:00:00+00:00,11316
2018-01-24T12:00:00+00:00,12193
2018-01-24T13:00:00+00:00,15707
2018-01-24T14:00:00+00:00,14941
2018-01-24T15:00:00+00:00,14952
2018-01-24T16:00:00+00:00,16277
2018-01-24T17:00:00+00:00,10722
2018-01-24T18:00:00+00:00,13672
2018-01-24T19:00:00+00:00,11411
2018-01-24T20:00:00+00:00,8593
2018-01-24T21:00:00+00:00,4273
2018-01-24T22:00:00+00:00,0
2018-01-24T23:00:00+00:00,5042
2018-01-25T00:00:00+00:00,9104
2018-01-25T01:00:00+00:00,10130
2018-01-25T02:00:00+00:00,10571
2018-01-25T03:00:00+00:00,10085
2018-01-25T04:00:00+00:00,6696
2018-01-25T05:00:00+00:00,7978
2018-01-25T06:00:00+00:00,11618
2018-01-25T07:00:00+00:00,16308
2018-01-25T08:00:00+00:00,14274
2018-01-25T09:00:00+00:00,9923
2018-01-25T11:00:00+00:00,8120
2018-01-25T10:00:00+00:00,9972
2018-01-25T13:00:00+00:00,16953
2018-01-25T12:00:00+00:00,10190
2018-01-25T14:00:00+00:00,19917
2018-01-25T15:00:00+00:00,15073
2018-01-25T16:00:00+00:00,11663
2018-01-25T17:00:00+00:00,8941
2018-01-25T18:00:00+00:00,11587
2018-01-25T20:00:00+00:00,11208
2018-01-25T21:00:00+00:00,5001
2018-01-25T19:00:00+00:00,18596
2018-01-25T22:00:00+00:00,0
2018-01-25T23:00:00+00:00,6966
2018-01-26T00:00:00+00:00,8975
2018-01-26T01:00:00+00:00,13003
2018-01-26T02:00:00+00:00,11415
2018-01-26T03:00:00+00:00,7175
2018-01-26T04:00:00+00:00,5493
2018-01-26T05:00:00+00:00,6633
2018-01-26T06:00:00+00:00,9359
2018-01-26T07:00:00+00:00,12680
2018-01-26T08:00:00+00:00,12480
2018-01-26T09:00:00+00:00,10890
2018-01-26T10:00:00+00:00,8838
2018-01-26T11:00:00+00:00,9631
2018-01-26T12:00:00+00:00,8546
2018-01-26T13:00:00+00:00,14046
2018-01-26T14:00:00+00:00,17221
2018-01-26T15:00:00+00:00,15685
2018-01-26T16:00:00+00:00,15237
2018-01-26T17:00:00+00:00,10888
2018-01-26T18:00:00+00:00,8088
2018-01-26T19:00:00+00:00,10732
2018-01-26T20:00:00+00:00,7505
2018-01-26T21:00:00+00:00,3467
2018-01-26T22:00:00+00:00,0
2018-01-26T23:00:00+00:00,0
2018-01-28T00:00:00+00:00,0
2018-01-28T01:00:00+00:00,0
2018-01-28T03:00:00+00:00,0
2018-01-28T02:00:00+00:00,0
2018-01-28T04:00:00+00:00,0
2018-01-28T05:00:00+00:00,0
2018-01-28T06:00:00+00:00,0
2018-01-28T07:00:00+00:00,0
2018-01-28T08:00:00+00:00,0
2018-01-28T09:00:00+00:00,0
2018-01-28T11:00:00+00:00,0
2018-01-28T10:00:00+00:00,0
2018-01-28T12:00:00+00:00,0
2018-01-28T13:00:00+00:00,0
2018-01-28T14:00:00+00:00,0
2018-01-28T15:00:00+00:00,0
2018-01-28T16:00:00+00:00,0
2018-01-28T17:00:00+00:00,0
2018-01-28T18:00:00+00:00,0
2018-01-28T19:00:00+00:00,0
2018-01-28T20:00:00+00:00,0
2018-01-28T21:00:00+00:00,0
2018-01-28T22:00:00+00:00,0
2018-01-28T23:00:00+00:00,5188
2018-01-29T00:00:00+00:00,8084
2018-01-29T01:00:00+00:00,9378
2018-01-29T02:00:00+00:00,9858
2018-01-29T03:00:00+00:00,9857
2018-01-29T04:00:00+00:00,3563
2018-01-29T05:00:00+00:00,6568
2018-01-29T06:00:00+00:00,6330
2018-01-29T07:00:00+00:00,12088
2018-01-29T08:00:00+00:00,10732
2018-01-29T09:00:00+00:00,10814
2018-01-29T10:00:00+00:00,9530
2018-01-29T11:00:00+00:00,7954
2018-01-29T12:00:00+00:00,13125
2018-01-29T13:00:00+00:00,10764
2018-01-29T14:00:00+00:00,12868
2018-01-29T15:00:00+00:00,12247
2018-01-29T17:00:00+00:00,7568
2018-01-29T16:00:00+00:00,13146
2018-01-29T18:00:00+00:00,7480
2018-01-29T19:00:00+00:00,6205
2018-01-29T20:00:00+00:00,7274
2018-01-29T21:00:00+00:00,3113
2018-01-29T22:00:00+00:00,0
2018-01-29T23:00:00+00:00,3988
2018-01-30T00:00:00+00:00,8007
2018-01-30T01:00:00+00:00,8446
2018-01-30T02:00:00+00:00,11244
2018-01-30T03:00:00+00:00,8989
2018-01-30T04:00:00+00:00,9829
2018-01-30T05:00:00+00:00,9066
2018-01-30T06:00:00+00:00,7958
2018-01-30T08:00:00+00:00,10480
2018-01-30T09:00:00+00:00,12979
2018-01-30T07:00:00+00:00,10701
2018-01-30T10:00:00+00:00,12466
2018-01-30T11:00:00+00:00,9645
2018-01-30T12:00:00+00:00,10346
2018-01-30T13:00:00+00:00,13537
2018-01-30T14:00:00+00:00,17404
2018-01-30T15:00:00+00:00,18390
2018-01-30T16:00:00+00:00,14315
2018-01-30T17:00:00+00:00,10504
2018-01-30T18:00:00+00:00,10551
2018-01-30T19:00:00+00:00,8450
2018-01-30T20:00:00+00:00,7531
2018-01-30T21:00:00+00:00,3483
2018-01-30T22:00:00+00:00,0
2018-01-30T23:00:00+00:00,4774
2018-01-31T00:00:00+00:00,8155
2018-01-31T01:00:00+00:00,9713
2018-01-31T04:00:00+00:00,6425
2018-01-31T03:00:00+00:00,9753
2018-01-31T02:00:00+00:00,9497
2018-01-31T05:00:00+00:00,7499
2018-01-31T06:00:00+00:00,8465
2018-01-31T07:00:00+00:00,10900
2018-01-31T08:00:00+00:00,9511
2018-01-31T09:00:00+00:00,7856
2018-01-31T10:00:00+00:00,7824
2018-01-31T11:00:00+00:00,6231
2018-01-31T12:00:00+00:00,8309
2018-01-31T13:00:00+00:00,13007
2018-01-31T14:00:00+00:00,11811
2018-01-31T15:00:00+00:00,15470
2018-01-31T16:00:00+00:00,12797
2018-01-31T17:00:00+00:00,10763
2018-01-31T18:00:00+00:00,9387
2018-01-31T19:00:00+00:00,19838
2018-01-31T20:00:00+00:00,13515
2018-01-31T22:00:00+00:00,0
2018-01-31T21:00:00+00:00,4041
2018-01-31T23:00:00+00:00,5156
2018-02-01T00:00:00+00:00,5977
2018-02-01T01:00:00+00:00,10302
2018-02-01T02:00:00+00:00,6231
2018-02-01T03:00:00+00:00,5286
2018-02-01T04:00:00+00:00,5210
2018-02-01T05:00:00+00:00,4858
2018-02-01T06:00:00+00:00,7914
2018-02-01T07:00:00+00:00,13281
2018-02-01T08:00:00+00:00,12231
2018-02-01T09:00:00+00:00,9376
2018-02-01T10:00:00+00:00,7107
2018-02-01T11:00:00+00:00,8569
2018-02-01T12:00:00+00:00,9326
2018-02-01T13:00:00+00:00,13544
2018-02-01T15:00:00+00:00,15527
2018-02-01T16:00:00+00:00,12638
2018-02-01T17:00:00+00:00,8538
2018-02-01T14:00:00+00:00,14963
2018-02-01T18:00:00+00:00,10043
2018-02-01T21:00:00+00:00,5490
2018-02-01T20:00:00+00:00,14346
2018-02-01T22:00:00+00:00,0
2018-02-01T19:00:00+00:00,9166
2018-02-01T23:00:00+00:00,6124
2018-02-02T00:00:00+00:00,5898
2018-02-02T02:00:00+00:00,7574
2018-02-02T03:00:00+00:00,4819
2018-02-02T01:00:00+00:00,10479
2018-02-02T04:00:00+00:00,4300
2018-02-02T05:00:00+00:00,4173
2018-02-02T07:00:00+00:00,10381
2018-02-02T08:00:00+00:00,9396
2018-02-02T09:00:00+00:00,9772
2018-02-02T06:00:00+00:00,6247
2018-02-02T10:00:00+00:00,9261
2018-02-02T12:00:00+00:00,9463
2018-02-02T11:00:00+00:00,8206
2018-02-02T13:00:00+00:00,18410
2018-02-02T14:00:00+00:00,18768
2018-02-02T15:00:00+00:00,20498
2018-02-02T16:00:00+00:00,15408
2018-02-02T18:00:00+00:00,12204
2018-02-02T17:00:00+00:00,13460
2018-02-02T19:00:00+00:00,14482
2018-02-02T21:00:00+00:00,3126
2018-02-02T22:00:00+00:00,0
2018-02-02T23:00:00+00:00,0
2018-02-04T00:00:00+00:00,0
2018-02-02T20:00:00+00:00,13962
2018-02-04T01:00:00+00:00,0
2018-02-04T02:00:00+00:00,0
2018-02-04T03:00:00+00:00,0
2018-02-04T04:00:00+00:00,0
2018-02-04T05:00:00+00:00,0
2018-02-04T06:00:00+00:00,0
2018-02-04T08:00:00+00:00,0
2018-02-04T07:00:00+00:00,0
2018-02-04T09:00:00+00:00,0
2018-02-04T10:00:00+00:00,0
2018-02-04T11:00:00+00:00,0
2018-02-04T12:00:00+00:00,0
2018-02-04T13:00:00+00:00,0
2018-02-04T14:00:00+00:00,0
2018-02-04T15:00:00+00:00,0
2018-02-04T16:00:00+00:00,0
2018-02-04T17:00:00+00:00,0
2018-02-04T18:00:00+00:00,0
2018-02-04T19:00:00+00:00,0
2018-02-04T20:00:00+00:00,0
2018-02-04T21:00:00+00:00,0
2018-02-04T22:00:00+00:00,0
2018-02-04T23:00:00+00:00,7312
2018-02-05T00:00:00+00:00,10200
2018-02-05T01:00:00+00:00,9442
2018-02-05T02:00:00+00:00,9718
2018-02-05T03:00:00+00:00,6855
2018-02-05T04:00:00+00:00,5385
2018-02-05T05:00:00+00:00,6013
2018-02-05T06:00:00+00:00,7051
2018-02-05T07:00:00+00:00,11005
2018-02-05T09:00:00+00:00,9172
2018-02-05T08:00:00+00:00,12983
2018-02-05T10:00:00+00:00,10562
2018-02-05T11:00:00+00:00,9962
2018-02-05T12:00:00+00:00,13677
2018-02-05T13:00:00+00:00,13843
2018-02-05T14:00:00+00:00,13997
2018-02-05T15:00:00+00:00,16984
2018-02-05T16:00:00+00:00,12328
2018-02-05T17:00:00+00:00,9604
2018-02-05T18:00:00+00:00,10884
2018-02-05T19:00:00+00:00,10079
2018-02-05T21:00:00+00:00,8219
2018-02-05T20:00:00+00:00,22485
2018-02-05T22:00:00+00:00,0
2018-02-05T23:00:00+00:00,13118
2018-02-06T00:00:00+00:00,13440
2018-02-06T01:00:00+00:00,17852
2018-02-06T02:00:00+00:00,15711
2018-02-06T03:00:00+00:00,10711
2018-02-06T04:00:00+00:00,10957
2018-02-06T05:00:00+00:00,13772
2018-02-06T06:00:00+00:00,10058
2018-02-06T07:00:00+00:00,18093
2018-02-06T08:00:00+00:00,17296
2018-02-06T09:00:00+00:00,14367
2018-02-06T10:00:00+00:00,14518
2018-02-06T11:00:00+00:00,11080
2018-02-06T12:00:00+00:00,17533
2018-02-06T13:00:00+00:00,22454
2018-02-06T14:00:00+00:00,22611
2018-02-06T16:00:00+00:00,20166
2018-02-06T15:00:00+00:00,24355
2018-02-06T17:00:00+00:00,13583
2018-02-06T18:00:00+00:00,14568
2018-02-06T19:00:00+00:00,12366
2018-02-06T20:00:00+00:00,15048
2018-02-06T21:00:00+00:00,4433
2018-02-06T22:00:00+00:00,0
2018-02-06T23:00:00+00:00,7136
2018-02-07T00:00:00+00:00,10273
2018-02-07T01:00:00+00:00,10375
2018-02-07T02:00:00+00:00,7799
2018-02-07T03:00:00+00:00,7854
2018-02-07T04:00:00+00:00,5897
2018-02-07T05:00:00+00:00,5640
2018-02-07T06:00:00+00:00,7736
2018-02-07T07:00:00+00:00,11769
2018-02-07T08:00:00+00:00,14551
2018-02-07T09:00:00+00:00,9183
2018-02-07T10:00:00+00:00,9519
2018-02-07T11:00:00+00:00,8767
2018-02-07T12:00:00+00:00,11942
2018-02-07T13:00:00+00:00,16120
2018-02-07T14:00:00+00:00,19832
2018-02-07T15:00:00+00:00,19150
2018-02-07T16:00:00+00:00,19464
2018-02-07T17:00:00+00:00,18045
2018-02-07T18:00:00+00:00,22953
2018-02-07T19:00:00+00:00,17826
2018-02-07T20:00:00+00:00,14007
2018-02-07T21:00:00+00:00,4310
2018-02-07T22:00:00+00:00,0
2018-02-08T00:00:00+00:00,8727
2018-02-08T01:00:00+00:00,12080
2018-02-08T02:00:00+00:00,9587
2018-02-08T03:00:00+00:00,8601
2018-02-08T08:00:00+00:00,13426
2018-02-08T07:00:00+00:00,15368
2018-02-08T09:00:00+00:00,12216
2018-02-08T11:00:00+00:00,9585
2018-02-08T14:00:00+00:00,16666
2018-02-07T23:00:00+00:00,6041
2018-02-08T16:00:00+00:00,18430
2018-02-08T17:00:00+00:00,17878
2018-02-08T18:00:00+00:00,17424
2018-02-08T19:00:00+00:00,11604
2018-02-08T20:00:00+00:00,12736
2018-02-08T04:00:00+00:00,11242
2018-02-08T21:00:00+00:00,3849
2018-02-08T05:00:00+00:00,13105
2018-02-08T22:00:00+00:00,0
2018-02-08T23:00:00+00:00,4631
2018-02-09T00:00:00+00:00,6612
2018-02-09T01:00:00+00:00,11949
2018-02-09T02:00:00+00:00,13265
2018-02-08T06:00:00+00:00,10093
2018-02-09T03:00:00+00:00,11418
2018-02-09T04:00:00+00:00,6263
2018-02-08T10:00:00+00:00,10650
2018-02-09T05:00:00+00:00,7344
2018-02-09T06:00:00+00:00,7784
2018-02-08T12:00:00+00:00,17315
2018-02-08T13:00:00+00:00,16871
2018-02-09T07:00:00+00:00,13760
2018-02-09T08:00:00+00:00,12949
2018-02-09T09:00:00+00:00,9794
2018-02-09T10:00:00+00:00,8959
2018-02-09T11:00:00+00:00,10032
2018-02-08T15:00:00+00:00,16878
2018-02-09T12:00:00+00:00,12641
2018-02-09T13:00:00+00:00,19216
2018-02-09T14:00:00+00:00,19578
2018-02-09T16:00:00+00:00,20733
2018-02-09T15:00:00+00:00,21767
2018-02-09T17:00:00+00:00,21151
2018-02-09T18:00:00+00:00,19863
2018-02-09T19:00:00+00:00,20251
2018-02-09T20:00:00+00:00,16296
2018-02-09T21:00:00+00:00,2738
2018-02-09T22:00:00+00:00,0
2018-02-09T23:00:00+00:00,0
2018-02-11T00:00:00+00:00,0
2018-02-11T01:00:00+00:00,0
2018-02-11T02:00:00+00:00,0
2018-02-11T03:00:00+00:00,0
2018-02-11T04:00:00+00:00,0
2018-02-11T05:00:00+00:00,0
2018-02-11T06:00:00+00:00,0
2018-02-11T07:00:00+00:00,0
2018-02-11T08:00:00+00:00,0
2018-02-11T09:00:00+00:00,0
2018-02-11T11:00:00+00:00,0
2018-02-11T10:00:00+00:00,0
2018-02-11T12:00:00+00:00,0
2018-02-11T13:00:00+00:00,0
2018-02-11T14:00:00+00:00,0
2018-02-11T15:00:00+00:00,0
2018-02-11T16:00:00+00:00,0
2018-02-11T17:00:00+00:00,0
2018-02-11T18:00:00+00:00,0
2018-02-11T19:00:00+00:00,0
2018-02-11T20:00:00+00:00,0
2018-02-11T21:00:00+00:00,0
2018-02-11T22:00:00+00:00,0
2018-02-11T23:00:00+00:00,4389
2018-02-12T00:00:00+00:00,4947
2018-02-12T01:00:00+00:00,8529
2018-02-12T02:00:00+00:00,5707
2018-02-12T03:00:00+00:00,3708
2018-02-12T04:00:00+00:00,2521
2018-02-12T05:00:00+00:00,2928
2018-02-12T06:00:00+00:00,4503
2018-02-12T07:00:00+00:00,10339
2018-02-12T08:00:00+00:00,13068
2018-02-12T09:00:00+00:00,11038
2018-02-12T10:00:00+00:00,7400
2018-02-12T11:00:00+00:00,8056
2018-02-12T12:00:00+00:00,10935
2018-02-12T13:00:00+00:00,12079
2018-02-12T14:00:00+00:00,18360
2018-02-12T15:00:00+00:00,19790
2018-02-12T16:00:00+00:00,15943
2018-02-12T17:00:00+00:00,12006
2018-02-12T19:00:00+00:00,10039
2018-02-12T18:00:00+00:00,11732
2018-02-12T20:00:00+00:00,11832
2018-02-12T21:00:00+00:00,3282
2018-02-12T22:00:00+00:00,0
2018-02-13T01:00:00+00:00,8011
2018-02-12T23:00:00+00:00,5695
2018-02-13T00:00:00+00:00,8396
2018-02-13T02:00:00+00:00,5467
2018-02-13T04:00:00+00:00,7822
2018-02-13T03:00:00+00:00,4594
2018-02-13T05:00:00+00:00,7732
2018-02-13T06:00:00+00:00,7480
2018-02-13T07:00:00+00:00,12505
2018-02-13T08:00:00+00:00,12791
2018-02-13T09:00:00+00:00,10616
2018-02-13T10:00:00+00:00,10718
2018-02-13T11:00:00+00:00,8929
2018-02-13T12:00:00+00:00,10478
2018-02-13T13:00:00+00:00,12958
2018-02-13T14:00:00+00:00,17523
2018-02-13T15:00:00+00:00,18591
2018-02-13T16:00:00+00:00,15661
2018-02-13T17:00:00+00:00,10564
2018-02-13T18:00:00+00:00,12344
2018-02-13T19:00:00+00:00,8717
2018-02-13T20:00:00+00:00,8866
2018-02-13T21:00:00+00:00,2623
2018-02-13T22:00:00+00:00,0
2018-02-13T23:00:00+00:00,4756
2018-02-14T00:00:00+00:00,6387
2018-02-14T02:00:00+00:00,10901
2018-02-14T01:00:00+00:00,7692
2018-02-14T03:00:00+00:00,10365
2018-02-14T04:00:00+00:00,8193
2018-02-14T05:00:00+00:00,6334
2018-02-14T06:00:00+00:00,5363
2018-02-14T07:00:00+00:00,10202
2018-02-14T08:00:00+00:00,10114
2018-02-14T09:00:00+00:00,9708
2018-02-14T10:00:00+00:00,9158
2018-02-14T11:00:00+00:00,7603
2018-02-14T12:00:00+00:00,9616
2018-02-14T13:00:00+00:00,19072
2018-02-14T14:00:00+00:00,21869
2018-02-14T15:00:00+00:00,28285
2018-02-14T16:00:00+00:00,19348
2018-02-14T17:00:00+00:00,17255
2018-02-14T18:00:00+00:00,22404
2018-02-14T19:00:00+00:00,16762
2018-02-14T21:00:00+00:00,5020
2018-02-14T20:00:00+00:00,14267
2018-02-14T22:00:00+00:00,0
2018-02-14T23:00:00+00:00,7535
2018-02-15T00:00:00+00:00,9383
2018-02-15T01:00:00+00:00,10189
2018-02-15T02:00:00+00:00,6414
2018-02-15T03:00:00+00:00,6137
2018-02-15T04:00:00+00:00,5101
2018-02-15T05:00:00+00:00,4930
2018-02-15T06:00:00+00:00,6083
2018-02-15T07:00:00+00:00,12751
2018-02-15T08:00:00+00:00,13061
2018-02-15T10:00:00+00:00,10135
2018-02-15T09:00:00+00:00,12141
2018-02-15T11:00:00+00:00,10032
2018-02-15T12:00:00+00:00,12838
2018-02-15T14:00:00+00:00,17417
2018-02-15T13:00:00+00:00,14270
2018-02-15T15:00:00+00:00,19991
2018-02-15T16:00:00+00:00,16839
2018-02-15T17:00:00+00:00,12334
2018-02-15T18:00:00+00:00,11413
2018-02-15T19:00:00+00:00,8533
2018-02-15T20:00:00+00:00,8330
2018-02-15T22:00:00+00:00,0
2018-02-15T21:00:00+00:00,3287
2018-02-16T00:00:00+00:00,8317
2018-02-15T23:00:00+00:00,5207
2018-02-16T01:00:00+00:00,7963
2018-02-16T02:00:00+00:00,9671
2018-02-16T03:00:00+00:00,6383
2018-02-16T05:00:00+00:00,7739
2018-02-16T04:00:00+00:00,13637
2018-02-16T06:00:00+00:00,5861
2018-02-16T07:00:00+00:00,10594
2018-02-16T08:00:00+00:00,11415
2018-02-16T09:00:00+00:00,11102
2018-02-16T10:00:00+00:00,10896
2018-02-16T11:00:00+00:00,9169
2018-02-16T12:00:00+00:00,10839
2018-02-16T13:00:00+00:00,12723
2018-02-16T14:00:00+00:00,17473
2018-02-16T15:00:00+00:00,17183
2018-02-16T16:00:00+00:00,12844
2018-02-16T17:00:00+00:00,9851
2018-02-16T18:00:00+00:00,12745
2018-02-16T19:00:00+00:00,13065
2018-02-16T20:00:00+00:00,8397
2018-02-16T21:00:00+00:00,2254
2018-02-16T22:00:00+00:00,0
2018-02-16T23:00:00+00:00,0
2018-02-18T00:00:00+00:00,0
2018-02-18T01:00:00+00:00,0
2018-02-18T02:00:00+00:00,0
2018-02-18T03:00:00+00:00,0
2018-02-18T04:00:00+00:00,0
2018-02-18T05:00:00+00:00,0
2018-02-18T06:00:00+00:00,0
2018-02-18T07:00:00+00:00,0
2018-02-18T08:00:00+00:00,0
2018-02-18T09:00:00+00:00,0
2018-02-18T10:00:00+00:00,0
2018-02-18T11:00:00+00:00,0
2018-02-18T12:00:00+00:00,0
2018-02-18T13:00:00+00:00,0
2018-02-18T14:00:00+00:00,0
2018-02-18T15:00:00+00:00,0
2018-02-18T16:00:00+00:00,0
2018-02-18T17:00:00+00:00,0
2018-02-18T18:00:00+00:00,0
2018-02-18T22:00:00+00:00,0
2018-02-18T19:00:00+00:00,0
2018-02-18T20:00:00+00:00,0
2018-02-18T21:00:00+00:00,0
2018-02-18T23:00:00+00:00,5367
2018-02-19T00:00:00+00:00,9301
2018-02-19T01:00:00+00:00,6653
2018-02-19T02:00:00+00:00,4341
2018-02-19T03:00:00+00:00,6331
2018-02-19T05:00:00+00:00,6830
2018-02-19T07:00:00+00:00,9901
2018-02-19T04:00:00+00:00,6753
2018-02-19T06:00:00+00:00,6473
2018-02-19T08:00:00+00:00,9208
2018-02-19T09:00:00+00:00,7134
2018-02-19T10:00:00+00:00,6651
2018-02-19T11:00:00+00:00,5796
2018-02-19T12:00:00+00:00,8322
2018-02-19T13:00:00+00:00,9956
2018-02-19T14:00:00+00:00,8204
2018-02-19T15:00:00+00:00,10376
2018-02-19T16:00:00+00:00,6988
2018-02-19T18:00:00+00:00,40
2018-02-19T17:00:00+00:00,4396
2018-02-19T19:00:00+00:00,0
2018-02-19T20:00:00+00:00,0
2018-02-19T21:00:00+00:00,0
2018-02-19T22:00:00+00:00,0
2018-02-19T23:00:00+00:00,4767
2018-02-20T00:00:00+00:00,6723
2018-02-20T01:00:00+00:00,12672
2018-02-20T03:00:00+00:00,5897
2018-02-20T02:00:00+00:00,8833
2018-02-20T04:00:00+00:00,4912
2018-02-20T05:00:00+00:00,3819
2018-02-20T06:00:00+00:00,6608
2018-02-20T08:00:00+00:00,11711
2018-02-20T07:00:00+00:00,11344
2018-02-20T09:00:00+00:00,10230
2018-02-20T10:00:00+00:00,9495
2018-02-20T11:00:00+00:00,8739
2018-02-20T12:00:00+00:00,10050
2018-02-20T13:00:00+00:00,12512
2018-02-20T16:00:00+00:00,16971
2018-02-20T17:00:00+00:00,15578
2018-02-20T18:00:00+00:00,15200
2018-02-20T21:00:00+00:00,3358
2018-02-20T22:00:00+00:00,0
2018-02-20T14:00:00+00:00,17182
2018-02-20T23:00:00+00:00,4048
2018-02-21T01:00:00+00:00,7774
2018-02-21T00:00:00+00:00,8776
2018-02-20T19:00:00+00:00,12726
2018-02-20T15:00:00+00:00,16265
2018-02-20T20:00:00+00:00,10988
2018-02-21T02:00:00+00:00,10040
2018-02-21T03:00:00+00:00,6773
2018-02-21T04:00:00+00:00,6775
2018-02-21T06:00:00+00:00,5840
2018-02-21T09:00:00+00:00,7790
2018-02-21T05:00:00+00:00,6005
2018-02-21T07:00:00+00:00,9479
2018-02-21T10:00:00+00:00,7127
2018-02-21T08:00:00+00:00,11389
2018-02-21T11:00:00+00:00,6865
2018-02-21T12:00:00+00:00,10569
2018-02-21T13:00:00+00:00,12674
2018-02-21T15:00:00+00:00,16761
2018-02-21T17:00:00+00:00,9150
2018-02-21T16:00:00+00:00,14291
2018-02-21T14:00:00+00:00,16566
2018-02-21T18:00:00+00:00,10390
2018-02-21T19:00:00+00:00,25484
2018-02-21T20:00:00+00:00,16081
2018-02-21T21:00:00+00:00,4100
2018-02-21T22:00:00+00:00,0
2018-02-22T00:00:00+00:00,8774
2018-02-22T01:00:00+00:00,13782
2018-02-21T23:00:00+00:00,4278
2018-02-22T02:00:00+00:00,8605
2018-02-22T03:00:00+00:00,5451
2018-02-22T05:00:00+00:00,6290
2018-02-22T04:00:00+00:00,5743
2018-02-22T06:00:00+00:00,7540
2018-02-22T07:00:00+00:00,10542
2018-02-22T08:00:00+00:00,12525
2018-02-22T09:00:00+00:00,10828
2018-02-22T10:00:00+00:00,10202
2018-02-22T11:00:00+00:00,8906
2018-02-22T12:00:00+00:00,13193
2018-02-22T13:00:00+00:00,17652
2018-02-22T14:00:00+00:00,16150
2018-02-22T15:00:00+00:00,17286
2018-02-22T16:00:00+00:00,14974
2018-02-22T17:00:00+00:00,10943
2018-02-22T18:00:00+00:00,13311
2018-02-22T19:00:00+00:00,7701
2018-02-22T20:00:00+00:00,8122
2018-02-22T21:00:00+00:00,2809
2018-02-22T22:00:00+00:00,0
2018-02-22T23:00:00+00:00,4297
2018-02-23T00:00:00+00:00,7763
2018-02-23T01:00:00+00:00,7931
2018-02-23T02:00:00+00:00,6331
2018-02-23T03:00:00+00:00,6295
2018-02-23T04:00:00+00:00,5041
2018-02-23T06:00:00+00:00,6736
2018-02-23T05:00:00+00:00,5787
2018-02-23T07:00:00+00:00,9311
2018-02-23T08:00:00+00:00,9972
2018-02-23T09:00:00+00:00,7464
2018-02-23T10:00:00+00:00,7514
2018-02-23T11:00:00+00:00,9637
2018-02-23T12:00:00+00:00,10159
2018-02-23T13:00:00+00:00,12142
2018-02-23T14:00:00+00:00,15814
2018-02-23T15:00:00+00:00,14063
2018-02-23T16:00:00+00:00,12021
2018-02-23T17:00:00+00:00,8440
2018-02-23T18:00:00+00:00,8988
2018-02-23T19:00:00+00:00,7470
2018-02-23T20:00:00+00:00,6828
2018-02-23T21:00:00+00:00,2422
2018-02-23T22:00:00+00:00,0
2018-02-23T23:00:00+00:00,0
2018-02-25T00:00:00+00:00,0
2018-02-25T01:00:00+00:00,0
2018-02-25T02:00:00+00:00,0
2018-02-25T03:00:00+00:00,0
2018-02-25T04:00:00+00:00,0
2018-02-25T05:00:00+00:00,0
2018-02-25T06:00:00+00:00,0
2018-02-25T07:00:00+00:00,0
2018-02-25T08:00:00+00:00,0
2018-02-25T09:00:00+00:00,0
2018-02-25T10:00:00+00:00,0
2018-02-25T11:00:00+00:00,0
2018-02-25T12:00:00+00:00,0
2018-02-25T13:00:00+00:00,0
2018-02-25T15:00:00+00:00,0
2018-02-25T14:00:00+00:00,0
2018-02-25T16:00:00+00:00,0
2018-02-25T17:00:00+00:00,0
2018-02-25T18:00:00+00:00,0
2018-02-25T19:00:00+00:00,0
2018-02-25T20:00:00+00:00,0
2018-02-25T21:00:00+00:00,0
2018-02-25T22:00:00+00:00,0
2018-02-26T00:00:00+00:00,8155
2018-02-25T23:00:00+00:00,6207
2018-02-26T03:00:00+00:00,6774
2018-02-26T04:00:00+00:00,4918
2018-02-26T01:00:00+00:00,12211
2018-02-26T06:00:00+00:00,7951
2018-02-26T02:00:00+00:00,10821
2018-02-26T05:00:00+00:00,6851
2018-02-26T07:00:00+00:00,10400
2018-02-26T08:00:00+00:00,11285
2018-02-26T09:00:00+00:00,9480
2018-02-26T10:00:00+00:00,7595
2018-02-26T14:00:00+00:00,15771
2018-02-26T11:00:00+00:00,7824
2018-02-26T15:00:00+00:00,15250
2018-02-26T17:00:00+00:00,9971
2018-02-26T18:00:00+00:00,7421
2018-02-26T12:00:00+00:00,8317
2018-02-26T13:00:00+00:00,12089
2018-02-26T16:00:00+00:00,13276
2018-02-26T19:00:00+00:00,6322
2018-02-26T20:00:00+00:00,6233
2018-02-26T21:00:00+00:00,2676
2018-02-26T22:00:00+00:00,0
2018-02-26T23:00:00+00:00,4275
2018-02-27T02:00:00+00:00,6663
2018-02-27T05:00:00+00:00,5629
2018-02-27T06:00:00+00:00,7024
2018-02-27T08:00:00+00:00,10346
2018-02-27T00:00:00+00:00,9050
2018-02-27T04:00:00+00:00,4965
2018-02-27T09:00:00+00:00,10280
2018-02-27T01:00:00+00:00,9993
2018-02-27T10:00:00+00:00,8218
2018-02-27T11:00:00+00:00,7369
2018-02-27T07:00:00+00:00,9949
2018-02-27T03:00:00+00:00,6997
2018-02-27T14:00:00+00:00,16792
2018-02-27T17:00:00+00:00,14299
2018-02-27T12:00:00+00:00,7511
2018-02-27T15:00:00+00:00,25324
2018-02-27T13:00:00+00:00,20691
2018-02-27T18:00:00+00:00,10632
2018-02-27T16:00:00+00:00,20312
2018-02-27T20:00:00+00:00,9081
2018-02-27T19:00:00+00:00,8958
2018-02-27T21:00:00+00:00,2895
2018-02-27T22:00:00+00:00,0
2018-02-27T23:00:00+00:00,4265
2018-02-28T01:00:00+00:00,11293
2018-02-28T00:00:00+00:00,8603
2018-02-28T02:00:00+00:00,6382
2018-02-28T03:00:00+00:00,7893
2018-02-28T04:00:00+00:00,4596
2018-02-28T05:00:00+00:00,6326
2018-02-28T06:00:00+00:00,8425
2018-02-28T07:00:00+00:00,11334
2018-02-28T08:00:00+00:00,11367
2018-02-28T09:00:00+00:00,11223
2018-02-28T10:00:00+00:00,8477
2018-02-28T11:00:00+00:00,10119
2018-02-28T12:00:00+00:00,11003
2018-02-28T14:00:00+00:00,17312
2018-02-28T13:00:00+00:00,13970
2018-02-28T15:00:00+00:00,18382
2018-02-28T16:00:00+00:00,14406
2018-02-28T17:00:00+00:00,11312
2018-02-28T18:00:00+00:00,11442
2018-02-28T19:00:00+00:00,8756
2018-02-28T20:00:00+00:00,9103
2018-02-28T21:00:00+00:00,3335
2018-02-28T22:00:00+00:00,0
2018-02-28T23:00:00+00:00,4228
2018-03-01T00:00:00+00:00,9268
2018-03-01T01:00:00+00:00,9631
2018-03-01T02:00:00+00:00,9293
2018-03-01T03:00:00+00:00,5567
2018-03-01T04:00:00+00:00,6611
2018-03-01T05:00:00+00:00,6319
2018-03-01T06:00:00+00:00,9701
2018-03-01T07:00:00+00:00,11054
2018-03-01T08:00:00+00:00,11255
2018-03-01T09:00:00+00:00,11966
2018-03-01T10:00:00+00:00,9649
2018-03-01T11:00:00+00:00,7879
2018-03-01T12:00:00+00:00,13200
2018-03-01T13:00:00+00:00,17291
2018-03-01T14:00:00+00:00,18051
2018-03-01T17:00:00+00:00,20448
2018-03-01T15:00:00+00:00,22002
2018-03-01T16:00:00+00:00,19970
2018-03-01T18:00:00+00:00,20080
2018-03-01T21:00:00+00:00,4603
2018-03-01T19:00:00+00:00,22563
2018-03-01T20:00:00+00:00,21049
2018-03-01T22:00:00+00:00,0
2018-03-01T23:00:00+00:00,4308
2018-03-02T00:00:00+00:00,6898
2018-03-02T01:00:00+00:00,10441
2018-03-02T04:00:00+00:00,5678
2018-03-02T06:00:00+00:00,9606
2018-03-02T03:00:00+00:00,5710
2018-03-02T05:00:00+00:00,8313
2018-03-02T08:00:00+00:00,11715
2018-03-02T09:00:00+00:00,10646
2018-03-02T11:00:00+00:00,16647
2018-03-02T10:00:00+00:00,10595
2018-03-02T02:00:00+00:00,10488
2018-03-02T07:00:00+00:00,11828
2018-03-02T14:00:00+00:00,18008
2018-03-02T13:00:00+00:00,15331
2018-03-02T21:00:00+00:00,2605
2018-03-02T17:00:00+00:00,12209
2018-03-02T12:00:00+00:00,13399
2018-03-02T20:00:00+00:00,10646
2018-03-02T22:00:00+00:00,0
2018-03-02T18:00:00+00:00,12542
2018-03-02T15:00:00+00:00,18846
2018-03-02T23:00:00+00:00,0
2018-03-04T01:00:00+00:00,0
2018-03-02T19:00:00+00:00,10908
2018-03-04T02:00:00+00:00,0
2018-03-04T03:00:00+00:00,0
2018-03-04T04:00:00+00:00,0
2018-03-04T00:00:00+00:00,0
2018-03-02T16:00:00+00:00,17767
2018-03-04T05:00:00+00:00,0
2018-03-04T06:00:00+00:00,0
2018-03-04T08:00:00+00:00,0
2018-03-04T09:00:00+00:00,0
2018-03-04T13:00:00+00:00,0
2018-03-04T14:00:00+00:00,0
2018-03-04T15:00:00+00:00,0
2018-03-04T07:00:00+00:00,0
2018-03-04T12:00:00+00:00,0
2018-03-04T10:00:00+00:00,0
2018-03-04T11:00:00+00:00,0
2018-03-04T16:00:00+00:00,0
2018-03-04T17:00:00+00:00,0
2018-03-04T19:00:00+00:00,0
2018-03-04T23:00:00+00:00,6537
2018-03-04T21:00:00+00:00,0
2018-03-05T00:00:00+00:00,11433
2018-03-04T18:00:00+00:00,0
2018-03-04T22:00:00+00:00,0
2018-03-04T20:00:00+00:00,0
2018-03-05T01:00:00+00:00,10279
2018-03-05T02:00:00+00:00,8187
2018-03-05T03:00:00+00:00,8300
2018-03-05T04:00:00+00:00,8063
2018-03-05T05:00:00+00:00,7475
2018-03-05T06:00:00+00:00,9717
2018-03-05T07:00:00+00:00,16400
2018-03-05T08:00:00+00:00,13196
2018-03-05T09:00:00+00:00,10106
2018-03-05T10:00:00+00:00,10791
2018-03-05T11:00:00+00:00,8715
2018-03-05T12:00:00+00:00,10193
2018-03-05T13:00:00+00:00,16258
2018-03-05T14:00:00+00:00,18728
2018-03-05T15:00:00+00:00,22018
2018-03-05T16:00:00+00:00,20533
2018-03-05T17:00:00+00:00,16220
2018-03-05T18:00:00+00:00,15825
2018-03-05T19:00:00+00:00,10902
2018-03-05T20:00:00+00:00,8529
2018-03-05T21:00:00+00:00,4055
2018-03-05T22:00:00+00:00,0
2018-03-06T00:00:00+00:00,9371
2018-03-05T23:00:00+00:00,5637
2018-03-06T01:00:00+00:00,9701
2018-03-06T02:00:00+00:00,7255
2018-03-06T03:00:00+00:00,5118
2018-03-06T04:00:00+00:00,6331
2018-03-06T05:00:00+00:00,7125
2018-03-06T06:00:00+00:00,9448
2018-03-06T07:00:00+00:00,13820
2018-03-06T08:00:00+00:00,10905
2018-03-06T09:00:00+00:00,9973
2018-03-06T10:00:00+00:00,13815
2018-03-06T11:00:00+00:00,16919
2018-03-06T12:00:00+00:00,15023
2018-03-06T13:00:00+00:00,19735
2018-03-06T14:00:00+00:00,21561
2018-03-06T15:00:00+00:00,24826
2018-03-06T16:00:00+00:00,20589
2018-03-06T18:00:00+00:00,14300
2018-03-06T17:00:00+00:00,16802
2018-03-06T19:00:00+00:00,11059
2018-03-06T20:00:00+00:00,9578
2018-03-06T22:00:00+00:00,0
2018-03-06T21:00:00+00:00,3294
2018-03-06T23:00:00+00:00,10945
2018-03-07T00:00:00+00:00,14229
2018-03-07T02:00:00+00:00,11667
2018-03-07T01:00:00+00:00,14448
2018-03-07T03:00:00+00:00,9076
2018-03-07T04:00:00+00:00,7075
2018-03-07T05:00:00+00:00,10649
2018-03-07T06:00:00+00:00,10698
2018-03-07T07:00:00+00:00,12514
2018-03-07T08:00:00+00:00,12840
2018-03-07T09:00:00+00:00,10606
2018-03-07T10:00:00+00:00,10381
2018-03-07T11:00:00+00:00,10485
2018-03-07T13:00:00+00:00,17164
2018-03-07T12:00:00+00:00,11730
2018-03-07T15:00:00+00:00,21173
2018-03-07T14:00:00+00:00,17088
2018-03-07T16:00:00+00:00,19688
2018-03-07T17:00:00+00:00,15794
2018-03-07T18:00:00+00:00,14628
2018-03-07T19:00:00+00:00,13457
2018-03-07T20:00:00+00:00,10763
2018-03-07T21:00:00+00:00,4036
2018-03-07T22:00:00+00:00,0
2018-03-07T23:00:00+00:00,5113
2018-03-08T00:00:00+00:00,10349
2018-03-08T01:00:00+00:00,10341
2018-03-08T02:00:00+00:00,8306
2018-03-08T03:00:00+00:00,6108
2018-03-08T04:00:00+00:00,6132
2018-03-08T05:00:00+00:00,8685
2018-03-08T06:00:00+00:00,9132
2018-03-08T07:00:00+00:00,11482
2018-03-08T08:00:00+00:00,10603
2018-03-08T09:00:00+00:00,9978
2018-03-08T10:00:00+00:00,6799
2018-03-08T11:00:00+00:00,7485
2018-03-08T12:00:00+00:00,12191
2018-03-08T14:00:00+00:00,19675
2018-03-08T13:00:00+00:00,19022
2018-03-08T15:00:00+00:00,19774
2018-03-08T16:00:00+00:00,16403
2018-03-08T17:00:00+00:00,14386
2018-03-08T18:00:00+00:00,10676
2018-03-08T20:00:00+00:00,10283
2018-03-08T19:00:00+00:00,10670
2018-03-08T22:00:00+00:00,0
2018-03-08T21:00:00+00:00,4035
2018-03-08T23:00:00+00:00,6109
2018-03-09T01:00:00+00:00,10844
2018-03-09T02:00:00+00:00,8758
2018-03-09T03:00:00+00:00,5290
2018-03-09T00:00:00+00:00,11044
2018-03-09T06:00:00+00:00,5994
2018-03-09T04:00:00+00:00,5707
2018-03-09T05:00:00+00:00,3386
2018-03-09T07:00:00+00:00,9694
2018-03-09T08:00:00+00:00,8572
2018-03-09T09:00:00+00:00,7980
2018-03-09T10:00:00+00:00,5796
2018-03-09T11:00:00+00:00,5912
2018-03-09T12:00:00+00:00,6617
2018-03-09T13:00:00+00:00,21147
2018-03-09T14:00:00+00:00,20236
2018-03-09T15:00:00+00:00,11996
2018-03-09T16:00:00+00:00,9455
2018-03-09T17:00:00+00:00,5840
2018-03-09T19:00:00+00:00,4265
2018-03-09T18:00:00+00:00,5416
2018-03-09T20:00:00+00:00,4466
2018-03-09T21:00:00+00:00,1980
2018-03-09T22:00:00+00:00,0
2018-03-09T23:00:00+00:00,0
2018-03-11T00:00:00+00:00,0
2018-03-11T01:00:00+00:00,0
2018-03-11T02:00:00+00:00,0
2018-03-11T03:00:00+00:00,0
2018-03-11T04:00:00+00:00,0
2018-03-11T05:00:00+00:00,0
2018-03-11T06:00:00+00:00,0
2018-03-11T07:00:00+00:00,0
2018-03-11T08:00:00+00:00,0
2018-03-11T09:00:00+00:00,0
2018-03-11T10:00:00+00:00,0
2018-03-11T11:00:00+00:00,0
2018-03-11T12:00:00+00:00,0
2018-03-11T13:00:00+00:00,0
2018-03-11T14:00:00+00:00,0
2018-03-11T15:00:00+00:00,0
2018-03-11T16:00:00+00:00,0
2018-03-11T17:00:00+00:00,0
2018-03-11T18:00:00+00:00,0
2018-03-11T19:00:00+00:00,0
2018-03-11T20:00:00+00:00,0
2018-03-11T21:00:00+00:00,0
2018-03-11T22:00:00+00:00,1240
2018-03-11T23:00:00+00:00,2489
2018-03-12T00:00:00+00:00,6369
2018-03-12T02:00:00+00:00,6874
2018-03-12T01:00:00+00:00,8742
2018-03-12T03:00:00+00:00,4467
2018-03-12T04:00:00+00:00,4672
2018-03-12T05:00:00+00:00,5793
2018-03-12T06:00:00+00:00,5271
2018-03-12T07:00:00+00:00,8734
2018-03-12T08:00:00+00:00,8433
2018-03-12T09:00:00+00:00,8053
2018-03-12T10:00:00+00:00,6716
2018-03-12T11:00:00+00:00,9117
2018-03-12T12:00:00+00:00,10672
2018-03-12T13:00:00+00:00,12390
2018-03-12T16:00:00+00:00,10271
2018-03-12T14:00:00+00:00,13513
2018-03-12T17:00:00+00:00,9102
2018-03-12T15:00:00+00:00,11333
2018-03-12T18:00:00+00:00,8138
2018-03-12T19:00:00+00:00,7526
2018-03-12T20:00:00+00:00,2963
2018-03-12T21:00:00+00:00,0
2018-03-12T22:00:00+00:00,2123
2018-03-12T23:00:00+00:00,4240
2018-03-13T00:00:00+00:00,6532
2018-03-13T01:00:00+00:00,5477
2018-03-13T03:00:00+00:00,5724
2018-03-13T02:00:00+00:00,4398
2018-03-13T04:00:00+00:00,6858
2018-03-13T05:00:00+00:00,7084
2018-03-13T06:00:00+00:00,7882
2018-03-13T07:00:00+00:00,11883
2018-03-13T08:00:00+00:00,11365
2018-03-13T09:00:00+00:00,10795
2018-03-13T10:00:00+00:00,8482
2018-03-13T11:00:00+00:00,7226
2018-03-13T12:00:00+00:00,17484
2018-03-13T13:00:00+00:00,15725
2018-03-13T14:00:00+00:00,13176
2018-03-13T15:00:00+00:00,14742
2018-03-13T16:00:00+00:00,13640
2018-03-13T17:00:00+00:00,9552
2018-03-13T18:00:00+00:00,9069
2018-03-13T19:00:00+00:00,9802
2018-03-13T20:00:00+00:00,2639
2018-03-13T21:00:00+00:00,0
2018-03-13T22:00:00+00:00,1888
2018-03-13T23:00:00+00:00,2564
2018-03-14T00:00:00+00:00,7866
2018-03-14T01:00:00+00:00,6487
2018-03-14T02:00:00+00:00,7303
2018-03-14T03:00:00+00:00,5249
2018-03-14T04:00:00+00:00,4072
2018-03-14T05:00:00+00:00,6627
2018-03-14T06:00:00+00:00,7692
2018-03-14T07:00:00+00:00,8807
2018-03-14T08:00:00+00:00,13711
2018-03-14T09:00:00+00:00,9328
2018-03-14T10:00:00+00:00,4730
2018-03-14T11:00:00+00:00,3648
2018-03-14T12:00:00+00:00,10122
2018-03-14T13:00:00+00:00,9165
2018-03-14T14:00:00+00:00,8979
2018-03-14T15:00:00+00:00,9539
2018-03-14T16:00:00+00:00,7988
2018-03-14T17:00:00+00:00,4785
2018-03-14T18:00:00+00:00,4380
2018-03-14T19:00:00+00:00,4085
2018-03-14T20:00:00+00:00,1672
2018-03-14T21:00:00+00:00,0
2018-03-14T22:00:00+00:00,1435
2018-03-14T23:00:00+00:00,2497
2018-03-15T00:00:00+00:00,4189
2018-03-15T01:00:00+00:00,4219
2018-03-15T02:00:00+00:00,3031
2018-03-15T03:00:00+00:00,2014
2018-03-15T05:00:00+00:00,2895
2018-03-15T04:00:00+00:00,1210
2018-03-15T06:00:00+00:00,2559
2018-03-15T07:00:00+00:00,4040
2018-03-15T08:00:00+00:00,4372
2018-03-15T09:00:00+00:00,4356
2018-03-15T10:00:00+00:00,3346
2018-03-15T11:00:00+00:00,4031
2018-03-15T12:00:00+00:00,8088
2018-03-15T13:00:00+00:00,8673
2018-03-15T14:00:00+00:00,9688
2018-03-15T15:00:00+00:00,8064
2018-03-15T16:00:00+00:00,6397
2018-03-15T17:00:00+00:00,5845
2018-03-15T18:00:00+00:00,5395
2018-03-15T19:00:00+00:00,3601
2018-03-15T20:00:00+00:00,2263
2018-03-15T21:00:00+00:00,0
2018-03-15T22:00:00+00:00,1793
2018-03-15T23:00:00+00:00,2155
2018-03-16T00:00:00+00:00,3283
2018-03-16T01:00:00+00:00,6155
2018-03-16T02:00:00+00:00,3661
2018-03-16T03:00:00+00:00,2209
2018-03-16T04:00:00+00:00,1642
2018-03-16T05:00:00+00:00,2194
2018-03-16T06:00:00+00:00,3353
2018-03-16T07:00:00+00:00,4399
2018-03-16T08:00:00+00:00,3690
2018-03-16T09:00:00+00:00,3658
2018-03-16T10:00:00+00:00,3425
2018-03-16T11:00:00+00:00,3100
2018-03-16T12:00:00+00:00,5719
2018-03-16T13:00:00+00:00,10258
2018-03-16T14:00:00+00:00,10141
2018-03-16T15:00:00+00:00,8491
2018-03-16T16:00:00+00:00,6296
2018-03-16T17:00:00+00:00,5289
2018-03-16T18:00:00+00:00,3530
2018-03-16T19:00:00+00:00,2869
2018-03-16T21:00:00+00:00,0
2018-03-16T20:00:00+00:00,2499
2018-03-16T22:00:00+00:00,0
2018-03-16T23:00:00+00:00,0
2018-03-18T00:00:00+00:00,0
2018-03-18T01:00:00+00:00,0
2018-03-18T02:00:00+00:00,0
2018-03-18T04:00:00+00:00,0
2018-03-18T06:00:00+00:00,0
2018-03-18T07:00:00+00:00,0
2018-03-18T10:00:00+00:00,0
2018-03-18T09:00:00+00:00,0
2018-03-18T11:00:00+00:00,0
2018-03-18T12:00:00+00:00,0
2018-03-18T14:00:00+00:00,0
2018-03-18T15:00:00+00:00,0
2018-03-18T16:00:00+00:00,0
2018-03-18T17:00:00+00:00,0
2018-03-18T18:00:00+00:00,0
2018-03-18T20:00:00+00:00,0
2018-03-18T21:00:00+00:00,0
2018-03-18T22:00:00+00:00,1907
2018-03-18T23:00:00+00:00,2308
2018-03-19T00:00:00+00:00,5641
2018-03-19T01:00:00+00:00,5441
2018-03-18T03:00:00+00:00,0
2018-03-19T02:00:00+00:00,2687
2018-03-18T05:00:00+00:00,0
2018-03-19T03:00:00+00:00,1986
2018-03-19T04:00:00+00:00,2065
2018-03-19T05:00:00+00:00,3422
2018-03-18T08:00:00+00:00,0
2018-03-19T06:00:00+00:00,3810
2018-03-19T07:00:00+00:00,3804
2018-03-19T08:00:00+00:00,4168
2018-03-19T09:00:00+00:00,3645
2018-03-19T10:00:00+00:00,4053
2018-03-18T13:00:00+00:00,0
2018-03-19T11:00:00+00:00,4235
2018-03-19T13:00:00+00:00,7194
2018-03-19T12:00:00+00:00,7723
2018-03-18T19:00:00+00:00,0
2018-03-19T14:00:00+00:00,7311
2018-03-19T15:00:00+00:00,9093
2018-03-19T16:00:00+00:00,7465
2018-03-19T17:00:00+00:00,5970
2018-03-19T18:00:00+00:00,4055
2018-03-19T19:00:00+00:00,4447
2018-03-19T20:00:00+00:00,1907
2018-03-19T21:00:00+00:00,0
2018-03-19T22:00:00+00:00,1545
2018-03-19T23:00:00+00:00,2354
2018-03-20T00:00:00+00:00,4503
2018-03-20T01:00:00+00:00,3776
2018-03-20T02:00:00+00:00,2154
2018-03-20T03:00:00+00:00,1848
2018-03-20T04:00:00+00:00,2293
2018-03-20T05:00:00+00:00,2228
2018-03-20T06:00:00+00:00,2695
2018-03-20T07:00:00+00:00,4493
2018-03-20T08:00:00+00:00,4550
2018-03-20T09:00:00+00:00,5546
2018-03-20T10:00:00+00:00,4794
2018-03-20T11:00:00+00:00,3575
2018-03-20T13:00:00+00:00,8080
2018-03-20T12:00:00+00:00,6525
2018-03-20T14:00:00+00:00,8216
2018-03-20T16:00:00+00:00,6585
2018-03-20T15:00:00+00:00,9201
2018-03-20T17:00:00+00:00,4843
2018-03-20T18:00:00+00:00,3160
2018-03-20T19:00:00+00:00,2618
2018-03-20T20:00:00+00:00,2071
2018-03-20T22:00:00+00:00,995
2018-03-20T23:00:00+00:00,1916
2018-03-21T01:00:00+00:00,3419
2018-03-21T02:00:00+00:00,2764
2018-03-21T03:00:00+00:00,2082
2018-03-21T04:00:00+00:00,1265
2018-03-21T06:00:00+00:00,3255
2018-03-21T07:00:00+00:00,4265
2018-03-21T08:00:00+00:00,4951
2018-03-21T10:00:00+00:00,3177
2018-03-21T09:00:00+00:00,4426
2018-03-21T11:00:00+00:00,5017
2018-03-21T12:00:00+00:00,7369
2018-03-21T13:00:00+00:00,11759
2018-03-21T14:00:00+00:00,8733
2018-03-21T15:00:00+00:00,9953
2018-03-21T16:00:00+00:00,6776
2018-03-21T17:00:00+00:00,7178
2018-03-21T18:00:00+00:00,22622
2018-03-21T19:00:00+00:00,12607
2018-03-21T20:00:00+00:00,3281
2018-03-21T21:00:00+00:00,0
2018-03-21T22:00:00+00:00,1769
2018-03-21T23:00:00+00:00,2740
2018-03-22T00:00:00+00:00,5715
2018-03-22T01:00:00+00:00,5254
2018-03-22T02:00:00+00:00,3390
2018-03-22T03:00:00+00:00,2965
2018-03-22T04:00:00+00:00,1450
2018-03-21T00:00:00+00:00,2184
2018-03-22T05:00:00+00:00,3429
2018-03-22T06:00:00+00:00,4297
2018-03-22T07:00:00+00:00,6310
2018-03-22T08:00:00+00:00,6216
2018-03-22T09:00:00+00:00,6823
2018-03-22T10:00:00+00:00,5687
2018-03-21T05:00:00+00:00,1659
2018-03-22T11:00:00+00:00,4835
2018-03-20T21:00:00+00:00,0
2018-03-22T12:00:00+00:00,9965
2018-03-22T13:00:00+00:00,11811
2018-03-22T14:00:00+00:00,11747
2018-03-22T16:00:00+00:00,11830
2018-03-22T15:00:00+00:00,10724
2018-03-22T17:00:00+00:00,7859
2018-03-22T18:00:00+00:00,5657
2018-03-22T19:00:00+00:00,6806
2018-03-22T20:00:00+00:00,2854
2018-03-22T21:00:00+00:00,0
2018-03-22T22:00:00+00:00,4881
2018-03-22T23:00:00+00:00,5427
2018-03-23T00:00:00+00:00,8371
2018-03-23T01:00:00+00:00,6187
2018-03-23T02:00:00+00:00,5385
2018-03-23T03:00:00+00:00,3236
2018-03-23T04:00:00+00:00,2783
2018-03-23T05:00:00+00:00,2889
2018-03-23T06:00:00+00:00,7254
2018-03-23T07:00:00+00:00,7862
2018-03-23T08:00:00+00:00,7792
2018-03-23T09:00:00+00:00,5447
2018-03-23T10:00:00+00:00,4630
2018-03-23T11:00:00+00:00,5620
2018-03-23T12:00:00+00:00,10825
2018-03-23T13:00:00+00:00,11183
2018-03-23T14:00:00+00:00,12715
2018-03-23T15:00:00+00:00,10913
2018-03-23T16:00:00+00:00,8124
2018-03-23T17:00:00+00:00,7886
2018-03-23T18:00:00+00:00,6406
2018-03-23T19:00:00+00:00,6984
2018-03-23T20:00:00+00:00,3166
2018-03-23T21:00:00+00:00,0
2018-03-23T23:00:00+00:00,0
2018-03-23T22:00:00+00:00,0
2018-03-25T01:00:00+00:00,0
2018-03-25T00:00:00+00:00,0
2018-03-25T02:00:00+00:00,0
2018-03-25T03:00:00+00:00,0
2018-03-25T04:00:00+00:00,0
2018-03-25T05:00:00+00:00,0
2018-03-25T06:00:00+00:00,0
2018-03-25T07:00:00+00:00,0
2018-03-25T08:00:00+00:00,0
2018-03-25T09:00:00+00:00,0
2018-03-25T10:00:00+00:00,0
2018-03-25T11:00:00+00:00,0
2018-03-25T12:00:00+00:00,0
2018-03-25T13:00:00+00:00,0
2018-03-25T14:00:00+00:00,0
2018-03-25T15:00:00+00:00,0
2018-03-25T16:00:00+00:00,0
2018-03-25T17:00:00+00:00,0
2018-03-25T18:00:00+00:00,0
2018-03-25T19:00:00+00:00,0
2018-03-25T20:00:00+00:00,0
2018-03-25T21:00:00+00:00,0
2018-03-25T23:00:00+00:00,3588
2018-03-25T22:00:00+00:00,3275
2018-03-26T01:00:00+00:00,5389
2018-03-26T00:00:00+00:00,5780
2018-03-26T02:00:00+00:00,2842
2018-03-26T04:00:00+00:00,2162
2018-03-26T03:00:00+00:00,3238
2018-03-26T05:00:00+00:00,3832
2018-03-26T06:00:00+00:00,5673
2018-03-26T07:00:00+00:00,5577
2018-03-26T08:00:00+00:00,4255
2018-03-26T09:00:00+00:00,6012
2018-03-26T10:00:00+00:00,3595
2018-03-26T12:00:00+00:00,6319
2018-03-26T11:00:00+00:00,4601
2018-03-26T13:00:00+00:00,11369
2018-03-26T14:00:00+00:00,11056
2018-03-26T15:00:00+00:00,8848
2018-03-26T16:00:00+00:00,6269
2018-03-26T17:00:00+00:00,5785
2018-03-26T18:00:00+00:00,4575
2018-03-26T19:00:00+00:00,5145
2018-03-26T20:00:00+00:00,1982
2018-03-26T21:00:00+00:00,0
2018-03-26T22:00:00+00:00,1876
2018-03-26T23:00:00+00:00,3040
2018-03-27T00:00:00+00:00,5583
2018-03-27T01:00:00+00:00,5477
2018-03-27T02:00:00+00:00,3949
2018-03-27T03:00:00+00:00,3564
2018-03-27T04:00:00+00:00,2697
2018-03-27T05:00:00+00:00,3435
2018-03-27T06:00:00+00:00,6627
2018-03-27T07:00:00+00:00,6196
2018-03-27T08:00:00+00:00,6645
2018-03-27T09:00:00+00:00,6103
2018-03-27T10:00:00+00:00,4937
2018-03-27T11:00:00+00:00,6865
2018-03-27T12:00:00+00:00,10283
2018-03-27T13:00:00+00:00,9698
2018-03-27T14:00:00+00:00,10042
2018-03-27T15:00:00+00:00,6976
2018-03-27T17:00:00+00:00,6809
2018-03-27T16:00:00+00:00,7143
2018-03-27T18:00:00+00:00,5999
2018-03-27T19:00:00+00:00,7212
2018-03-27T20:00:00+00:00,2044
2018-03-27T21:00:00+00:00,0
2018-03-27T22:00:00+00:00,1748
2018-03-27T23:00:00+00:00,2868
2018-03-28T00:00:00+00:00,4527
2018-03-28T01:00:00+00:00,5623
2018-03-28T02:00:00+00:00,3722
2018-03-28T03:00:00+00:00,2768
2018-03-28T04:00:00+00:00,4512
2018-03-28T05:00:00+00:00,4304
2018-03-28T06:00:00+00:00,7273
2018-03-28T07:00:00+00:00,8314
2018-03-28T08:00:00+00:00,6056
2018-03-28T09:00:00+00:00,5211
2018-03-28T10:00:00+00:00,6191
2018-03-28T11:00:00+00:00,6513
2018-03-28T12:00:00+00:00,9367
2018-03-28T13:00:00+00:00,11272
2018-03-28T14:00:00+00:00,9991
2018-03-28T15:00:00+00:00,8450
2018-03-28T16:00:00+00:00,8442
2018-03-28T17:00:00+00:00,7512
2018-03-28T18:00:00+00:00,6624
2018-03-28T19:00:00+00:00,6938
2018-03-28T20:00:00+00:00,3080
2018-03-28T21:00:00+00:00,0
2018-03-28T22:00:00+00:00,3171
2018-03-28T23:00:00+00:00,2849
2018-03-29T00:00:00+00:00,4203
2018-03-29T01:00:00+00:00,5495
2018-03-29T02:00:00+00:00,3842
2018-03-29T03:00:00+00:00,2912
2018-03-29T04:00:00+00:00,2666
2018-03-29T05:00:00+00:00,3016
2018-03-29T06:00:00+00:00,7875
2018-03-29T07:00:00+00:00,5862
2018-03-29T08:00:00+00:00,4518
2018-03-29T09:00:00+00:00,4196
2018-03-29T10:00:00+00:00,4136
2018-03-29T11:00:00+00:00,5454
2018-03-29T12:00:00+00:00,8154
2018-03-29T13:00:00+00:00,9192
2018-03-29T14:00:00+00:00,8790
2018-03-29T15:00:00+00:00,7471
2018-03-29T16:00:00+00:00,5902
2018-03-29T18:00:00+00:00,4416
2018-03-29T17:00:00+00:00,5633
2018-03-29T19:00:00+00:00,4449
2018-03-29T20:00:00+00:00,2252
2018-03-29T21:00:00+00:00,0
2018-03-29T22:00:00+00:00,0
2018-03-29T23:00:00+00:00,0
2018-03-30T00:00:00+00:00,0
2018-03-30T02:00:00+00:00,0
2018-03-30T01:00:00+00:00,0
2018-03-30T03:00:00+00:00,0
2018-03-30T04:00:00+00:00,0
2018-03-30T05:00:00+00:00,0
2018-03-30T06:00:00+00:00,0
2018-03-30T07:00:00+00:00,0
2018-03-30T08:00:00+00:00,0
2018-03-30T09:00:00+00:00,0
2018-03-30T10:00:00+00:00,0
2018-03-30T11:00:00+00:00,0
2018-03-30T12:00:00+00:00,0
2018-03-30T13:00:00+00:00,0
2018-03-30T14:00:00+00:00,0
2018-03-30T15:00:00+00:00,0
2018-03-30T16:00:00+00:00,0
2018-03-30T17:00:00+00:00,0
2018-03-30T18:00:00+00:00,0
2018-03-30T19:00:00+00:00,0
2018-03-30T20:00:00+00:00,0
2018-03-30T21:00:00+00:00,0
2018-03-30T22:00:00+00:00,0
2018-03-30T23:00:00+00:00,0
2018-04-01T00:00:00+00:00,0
2018-04-01T01:00:00+00:00,0
2018-04-01T02:00:00+00:00,0
2018-04-01T03:00:00+00:00,0
2018-04-01T04:00:00+00:00,0
2018-04-01T05:00:00+00:00,0
2018-04-01T06:00:00+00:00,0
2018-04-01T07:00:00+00:00,0
2018-04-01T09:00:00+00:00,0
2018-04-01T08:00:00+00:00,0
2018-04-01T10:00:00+00:00,0
2018-04-01T11:00:00+00:00,0
2018-04-01T12:00:00+00:00,0
2018-04-01T13:00:00+00:00,0
2018-04-01T14:00:00+00:00,0
2018-04-01T15:00:00+00:00,0
2018-04-01T16:00:00+00:00,0
2018-04-01T17:00:00+00:00,0
2018-04-01T18:00:00+00:00,0
2018-04-01T19:00:00+00:00,0
2018-04-01T20:00:00+00:00,0
2018-04-01T21:00:00+00:00,0
2018-04-01T22:00:00+00:00,2780
2018-04-01T23:00:00+00:00,3014
2018-04-02T00:00:00+00:00,4616
2018-04-02T01:00:00+00:00,6716
2018-04-02T02:00:00+00:00,4233
2018-04-02T03:00:00+00:00,2793
2018-04-02T04:00:00+00:00,1694
2018-04-02T05:00:00+00:00,2359
2018-04-02T06:00:00+00:00,2946
2018-04-02T07:00:00+00:00,3788
2018-04-02T08:00:00+00:00,3156
2018-04-02T09:00:00+00:00,2007
2018-04-02T10:00:00+00:00,1815
2018-04-02T11:00:00+00:00,5187
2018-04-02T12:00:00+00:00,7941
2018-04-02T13:00:00+00:00,9693
2018-04-02T15:00:00+00:00,10565
2018-04-02T14:00:00+00:00,10540
2018-04-02T16:00:00+00:00,7900
2018-04-02T17:00:00+00:00,9645
2018-04-02T18:00:00+00:00,8213
2018-04-02T19:00:00+00:00,8228
2018-04-02T20:00:00+00:00,2705
2018-04-02T21:00:00+00:00,0
2018-04-02T22:00:00+00:00,2650
2018-04-02T23:00:00+00:00,2729
2018-04-03T01:00:00+00:00,5663
2018-04-03T00:00:00+00:00,4295
2018-04-03T02:00:00+00:00,4306
2018-04-03T03:00:00+00:00,2841
2018-04-03T04:00:00+00:00,2652
2018-04-03T05:00:00+00:00,3573
2018-04-03T06:00:00+00:00,7149
2018-04-03T07:00:00+00:00,6824
2018-04-03T08:00:00+00:00,6180
2018-04-03T09:00:00+00:00,4072
2018-04-03T10:00:00+00:00,4816
2018-04-03T11:00:00+00:00,4744
2018-04-03T12:00:00+00:00,7505
2018-04-03T13:00:00+00:00,11802
2018-04-03T14:00:00+00:00,11255
2018-04-03T16:00:00+00:00,8186
2018-04-03T15:00:00+00:00,9771
2018-04-03T17:00:00+00:00,6247
2018-04-03T18:00:00+00:00,6753
2018-04-03T19:00:00+00:00,6953
2018-04-03T20:00:00+00:00,2214
2018-04-03T21:00:00+00:00,0
2018-04-03T22:00:00+00:00,1868
2018-04-03T23:00:00+00:00,2435
2018-04-04T00:00:00+00:00,4233
2018-04-04T01:00:00+00:00,4548
2018-04-04T02:00:00+00:00,4299
2018-04-04T03:00:00+00:00,3493
2018-04-04T04:00:00+00:00,2154
2018-04-04T05:00:00+00:00,4099
2018-04-04T06:00:00+00:00,4761
2018-04-04T07:00:00+00:00,8688
2018-04-04T09:00:00+00:00,6614
2018-04-04T08:00:00+00:00,11575
2018-04-04T10:00:00+00:00,7216
2018-04-04T12:00:00+00:00,10049
2018-04-04T11:00:00+00:00,7282
2018-04-04T13:00:00+00:00,12151
2018-04-04T14:00:00+00:00,13035
2018-04-04T15:00:00+00:00,9039
2018-04-04T16:00:00+00:00,6921
2018-04-04T17:00:00+00:00,6394
2018-04-04T18:00:00+00:00,6410
2018-04-04T19:00:00+00:00,5777
2018-04-04T20:00:00+00:00,2189
2018-04-04T21:00:00+00:00,0
2018-04-04T22:00:00+00:00,2379
2018-04-04T23:00:00+00:00,2358
2018-04-05T00:00:00+00:00,5011
2018-04-05T01:00:00+00:00,3859
2018-04-05T02:00:00+00:00,2604
2018-04-05T03:00:00+00:00,2643
2018-04-05T04:00:00+00:00,4299
2018-04-05T05:00:00+00:00,3032
2018-04-05T06:00:00+00:00,5796
2018-04-05T07:00:00+00:00,6921
2018-04-05T08:00:00+00:00,3932
2018-04-05T09:00:00+00:00,3927
2018-04-05T10:00:00+00:00,4623
2018-04-05T11:00:00+00:00,4794
2018-04-05T12:00:00+00:00,8824
2018-04-05T13:00:00+00:00,11409
2018-04-05T14:00:00+00:00,10618
2018-04-05T15:00:00+00:00,8008
2018-04-05T17:00:00+00:00,6328
2018-04-05T16:00:00+00:00,6189
2018-04-05T18:00:00+00:00,3951
2018-04-05T19:00:00+00:00,3837
2018-04-05T20:00:00+00:00,1892
2018-04-05T21:00:00+00:00,0
2018-04-05T22:00:00+00:00,2913
2018-04-05T23:00:00+00:00,6835
2018-04-06T00:00:00+00:00,4554
2018-04-06T01:00:00+00:00,5694
2018-04-06T02:00:00+00:00,3281
2018-04-06T03:00:00+00:00,4230
2018-04-06T04:00:00+00:00,4940
2018-04-06T05:00:00+00:00,4239
2018-04-06T06:00:00+00:00,7142
2018-04-06T08:00:00+00:00,4931
2018-04-06T07:00:00+00:00,7241
2018-04-06T09:00:00+00:00,4580
2018-04-06T10:00:00+00:00,4219
2018-04-06T11:00:00+00:00,4638
2018-04-06T12:00:00+00:00,16038
2018-04-06T13:00:00+00:00,16614
2018-04-06T14:00:00+00:00,11424
2018-04-06T15:00:00+00:00,8724
2018-04-06T16:00:00+00:00,7394
2018-04-06T17:00:00+00:00,7837
2018-04-06T18:00:00+00:00,7313
2018-04-06T19:00:00+00:00,7203
2018-04-06T20:00:00+00:00,2036
2018-04-06T21:00:00+00:00,0
2018-04-06T22:00:00+00:00,0
2018-04-06T23:00:00+00:00,0
2018-04-08T00:00:00+00:00,0
2018-04-08T01:00:00+00:00,0
2018-04-08T02:00:00+00:00,0
2018-04-08T03:00:00+00:00,0
2018-04-08T04:00:00+00:00,0
2018-04-08T05:00:00+00:00,0
2018-04-08T06:00:00+00:00,0
2018-04-08T07:00:00+00:00,0
2018-04-08T08:00:00+00:00,0
2018-04-08T09:00:00+00:00,0
2018-04-08T10:00:00+00:00,0
2018-04-08T11:00:00+00:00,0
2018-04-08T12:00:00+00:00,0
2018-04-08T13:00:00+00:00,0
2018-04-08T14:00:00+00:00,0
2018-04-08T15:00:00+00:00,0
2018-04-08T16:00:00+00:00,0
2018-04-08T17:00:00+00:00,0
2018-04-08T18:00:00+00:00,0
2018-04-08T19:00:00+00:00,0
2018-04-08T20:00:00+00:00,0
2018-04-08T21:00:00+00:00,0
2018-04-08T22:00:00+00:00,3766
2018-04-08T23:00:00+00:00,4047
2018-04-09T00:00:00+00:00,5548
2018-04-09T01:00:00+00:00,6339
2018-04-09T02:00:00+00:00,4198
2018-04-09T03:00:00+00:00,4171
2018-04-09T04:00:00+00:00,2743
2018-04-09T05:00:00+00:00,3923
2018-04-09T06:00:00+00:00,8096
2018-04-09T07:00:00+00:00,9012
2018-04-09T08:00:00+00:00,5737
2018-04-09T09:00:00+00:00,4100
2018-04-09T10:00:00+00:00,5835
2018-04-09T11:00:00+00:00,4735
2018-04-09T12:00:00+00:00,9249
2018-04-09T13:00:00+00:00,9239
2018-04-09T14:00:00+00:00,7946
2018-04-09T15:00:00+00:00,6651
2018-04-09T16:00:00+00:00,7530
2018-04-09T17:00:00+00:00,6755
2018-04-09T18:00:00+00:00,5245
2018-04-09T19:00:00+00:00,5925
2018-04-09T20:00:00+00:00,2220
2018-04-09T21:00:00+00:00,0
2018-04-09T23:00:00+00:00,3111
2018-04-09T22:00:00+00:00,2753
2018-04-10T00:00:00+00:00,4394
2018-04-10T01:00:00+00:00,5448
2018-04-10T02:00:00+00:00,7613
2018-04-10T03:00:00+00:00,4023
2018-04-10T04:00:00+00:00,2592
2018-04-10T05:00:00+00:00,4486
2018-04-10T06:00:00+00:00,6023
2018-04-10T07:00:00+00:00,8166
2018-04-10T08:00:00+00:00,6144
2018-04-10T09:00:00+00:00,4318
2018-04-10T10:00:00+00:00,4099
2018-04-10T11:00:00+00:00,7452
2018-04-10T12:00:00+00:00,9291
2018-04-10T13:00:00+00:00,10614
2018-04-10T14:00:00+00:00,8731
2018-04-10T15:00:00+00:00,9483
2018-04-10T16:00:00+00:00,8014
2018-04-10T17:00:00+00:00,7320
2018-04-10T18:00:00+00:00,5998
2018-04-10T19:00:00+00:00,5156
2018-04-10T20:00:00+00:00,2173
2018-04-10T21:00:00+00:00,0
2018-04-10T22:00:00+00:00,1764
2018-04-10T23:00:00+00:00,2926
2018-04-11T00:00:00+00:00,4718
2018-04-11T01:00:00+00:00,4496
2018-04-11T02:00:00+00:00,3278
2018-04-11T03:00:00+00:00,2309
2018-04-11T04:00:00+00:00,1940
2018-04-11T05:00:00+00:00,3021
2018-04-11T06:00:00+00:00,6902
2018-04-11T08:00:00+00:00,5080
2018-04-11T07:00:00+00:00,5794
2018-04-11T09:00:00+00:00,4965
2018-04-11T10:00:00+00:00,6348
2018-04-11T11:00:00+00:00,11369
2018-04-11T12:00:00+00:00,12477
2018-04-11T13:00:00+00:00,11842
2018-04-11T14:00:00+00:00,15507
2018-04-11T16:00:00+00:00,11202
2018-04-11T15:00:00+00:00,13929
2018-04-11T17:00:00+00:00,9819
2018-04-11T18:00:00+00:00,11362
2018-04-11T19:00:00+00:00,7400
2018-04-11T20:00:00+00:00,3237
2018-04-11T21:00:00+00:00,0
2018-04-11T22:00:00+00:00,1339
2018-04-11T23:00:00+00:00,2668
2018-04-12T00:00:00+00:00,4740
2018-04-12T01:00:00+00:00,5500
2018-04-12T02:00:00+00:00,5150
2018-04-12T03:00:00+00:00,3571
2018-04-12T04:00:00+00:00,4053
2018-04-12T05:00:00+00:00,3449
2018-04-12T06:00:00+00:00,5457
2018-04-12T07:00:00+00:00,7047
2018-04-12T08:00:00+00:00,6628
2018-04-12T09:00:00+00:00,8101
2018-04-12T10:00:00+00:00,7801
2018-04-12T11:00:00+00:00,8644
2018-04-12T12:00:00+00:00,10743
2018-04-12T13:00:00+00:00,13333
2018-04-12T14:00:00+00:00,11292
2018-04-12T15:00:00+00:00,10255
2018-04-12T16:00:00+00:00,7738
2018-04-12T17:00:00+00:00,9826
2018-04-12T18:00:00+00:00,5714
2018-04-12T19:00:00+00:00,5269
2018-04-12T20:00:00+00:00,2556
2018-04-12T21:00:00+00:00,0
2018-04-12T22:00:00+00:00,2890
2018-04-12T23:00:00+00:00,2712
2018-04-13T00:00:00+00:00,3702
2018-04-13T01:00:00+00:00,4630
2018-04-13T02:00:00+00:00,4022
2018-04-13T03:00:00+00:00,2336
2018-04-13T04:00:00+00:00,1978
2018-04-13T05:00:00+00:00,3048
2018-04-13T06:00:00+00:00,7481
2018-04-13T07:00:00+00:00,7226
2018-04-13T08:00:00+00:00,5770
2018-04-13T10:00:00+00:00,3609
2018-04-13T09:00:00+00:00,3996
2018-04-13T11:00:00+00:00,7707
2018-04-13T12:00:00+00:00,7916
2018-04-13T13:00:00+00:00,11256
2018-04-13T14:00:00+00:00,11965
2018-04-13T15:00:00+00:00,10464
2018-04-13T16:00:00+00:00,7466
2018-04-13T18:00:00+00:00,5311
2018-04-13T17:00:00+00:00,7219
2018-04-13T19:00:00+00:00,7124
2018-04-13T20:00:00+00:00,2338
2018-04-13T21:00:00+00:00,0
2018-04-13T22:00:00+00:00,0
2018-04-13T23:00:00+00:00,0
2018-04-15T00:00:00+00:00,0
2018-04-15T01:00:00+00:00,0
2018-04-15T02:00:00+00:00,0
2018-04-15T03:00:00+00:00,0
2018-04-15T04:00:00+00:00,0
2018-04-15T05:00:00+00:00,0
2018-04-15T06:00:00+00:00,0
2018-04-15T07:00:00+00:00,0
2018-04-15T08:00:00+00:00,0
2018-04-15T09:00:00+00:00,0
2018-04-15T10:00:00+00:00,0
2018-04-15T11:00:00+00:00,0
2018-04-15T12:00:00+00:00,0
2018-04-15T13:00:00+00:00,0
2018-04-15T14:00:00+00:00,0
2018-04-15T15:00:00+00:00,0
2018-04-15T17:00:00+00:00,0
2018-04-15T16:00:00+00:00,0
2018-04-15T18:00:00+00:00,0
2018-04-15T19:00:00+00:00,0
2018-04-15T20:00:00+00:00,0
2018-04-15T21:00:00+00:00,0
2018-04-15T22:00:00+00:00,6270
2018-04-15T23:00:00+00:00,4501
2018-04-16T00:00:00+00:00,4115
2018-04-16T01:00:00+00:00,7483
2018-04-16T02:00:00+00:00,5744
2018-04-16T03:00:00+00:00,2818
2018-04-16T04:00:00+00:00,2671
2018-04-16T05:00:00+00:00,3684
2018-04-16T06:00:00+00:00,6194
2018-04-16T07:00:00+00:00,8083
2018-04-16T08:00:00+00:00,5957
2018-04-16T09:00:00+00:00,3948
2018-04-16T10:00:00+00:00,3955
2018-04-16T11:00:00+00:00,5069
2018-04-16T12:00:00+00:00,9970
2018-04-16T13:00:00+00:00,9912
2018-04-16T14:00:00+00:00,9998
2018-04-16T15:00:00+00:00,8648
2018-04-16T16:00:00+00:00,6027
2018-04-16T17:00:00+00:00,4450
2018-04-16T18:00:00+00:00,3771
2018-04-16T19:00:00+00:00,3556
2018-04-16T20:00:00+00:00,1851
2018-04-16T21:00:00+00:00,0
2018-04-16T22:00:00+00:00,1711
2018-04-16T23:00:00+00:00,2428
2018-04-17T01:00:00+00:00,2982
2018-04-17T00:00:00+00:00,2392
2018-04-17T02:00:00+00:00,2986
2018-04-17T03:00:00+00:00,3527
2018-04-17T04:00:00+00:00,1321
2018-04-17T05:00:00+00:00,2664
2018-04-17T06:00:00+00:00,5096
2018-04-17T07:00:00+00:00,7730
2018-04-17T08:00:00+00:00,6334
2018-04-17T09:00:00+00:00,4470
2018-04-17T10:00:00+00:00,4519
2018-04-17T11:00:00+00:00,4515
2018-04-17T12:00:00+00:00,8649
2018-04-17T13:00:00+00:00,9842
2018-04-17T14:00:00+00:00,10334
2018-04-17T15:00:00+00:00,8552
2018-04-17T16:00:00+00:00,6724
2018-04-17T17:00:00+00:00,5395
2018-04-17T18:00:00+00:00,4789
2018-04-17T19:00:00+00:00,3632
2018-04-17T20:00:00+00:00,2080
2018-04-17T21:00:00+00:00,0
2018-04-17T22:00:00+00:00,2042
2018-04-17T23:00:00+00:00,1903
2018-04-18T01:00:00+00:00,3736
2018-04-18T00:00:00+00:00,3098
2018-04-18T02:00:00+00:00,1894
2018-04-18T03:00:00+00:00,1809
2018-04-18T04:00:00+00:00,1818
2018-04-18T05:00:00+00:00,1968
2018-04-18T06:00:00+00:00,6560
2018-04-18T07:00:00+00:00,6349
2018-04-18T08:00:00+00:00,6580
2018-04-18T09:00:00+00:00,5793
2018-04-18T10:00:00+00:00,6690
2018-04-18T11:00:00+00:00,6671
2018-04-18T12:00:00+00:00,7874
2018-04-18T13:00:00+00:00,10431
2018-04-18T14:00:00+00:00,10488
2018-04-18T15:00:00+00:00,7944
2018-04-18T16:00:00+00:00,6556
2018-04-18T17:00:00+00:00,5652
2018-04-18T18:00:00+00:00,4226
2018-04-18T19:00:00+00:00,4817
2018-04-18T20:00:00+00:00,1732
2018-04-18T21:00:00+00:00,0
2018-04-18T22:00:00+00:00,2145
2018-04-18T23:00:00+00:00,2031
2018-04-19T00:00:00+00:00,3426
2018-04-19T01:00:00+00:00,4009
2018-04-19T02:00:00+00:00,4014
2018-04-19T03:00:00+00:00,3799
2018-04-19T05:00:00+00:00,3153
2018-04-19T04:00:00+00:00,2067
2018-04-19T06:00:00+00:00,6149
2018-04-19T07:00:00+00:00,6411
2018-04-19T08:00:00+00:00,6508
2018-04-19T09:00:00+00:00,6629
2018-04-19T10:00:00+00:00,6375
2018-04-19T11:00:00+00:00,5940
2018-04-19T13:00:00+00:00,11140
2018-04-19T14:00:00+00:00,9323
2018-04-19T12:00:00+00:00,10364
2018-04-19T15:00:00+00:00,12455
2018-04-19T16:00:00+00:00,8866
2018-04-19T17:00:00+00:00,6856
2018-04-19T18:00:00+00:00,4978
2018-04-19T19:00:00+00:00,4755
2018-04-19T20:00:00+00:00,1751
2018-04-19T21:00:00+00:00,0
2018-04-19T22:00:00+00:00,1716
2018-04-19T23:00:00+00:00,1641
2018-04-20T00:00:00+00:00,3487
2018-04-20T01:00:00+00:00,5215
2018-04-20T02:00:00+00:00,3166
2018-04-20T03:00:00+00:00,2108
2018-04-20T04:00:00+00:00,2056
2018-04-20T05:00:00+00:00,2976
2018-04-20T07:00:00+00:00,6431
2018-04-20T06:00:00+00:00,5577
2018-04-20T08:00:00+00:00,5306
2018-04-20T09:00:00+00:00,5318
2018-04-20T10:00:00+00:00,3824
2018-04-20T11:00:00+00:00,4615
2018-04-20T12:00:00+00:00,7188
2018-04-20T13:00:00+00:00,9628
2018-04-20T14:00:00+00:00,10202
2018-04-20T15:00:00+00:00,8173
2018-04-20T16:00:00+00:00,6376
2018-04-20T17:00:00+00:00,3943
2018-04-20T18:00:00+00:00,2857
2018-04-20T19:00:00+00:00,3318
2018-04-20T20:00:00+00:00,1814
2018-04-20T21:00:00+00:00,0
2018-04-20T22:00:00+00:00,0
2018-04-20T23:00:00+00:00,0
2018-04-22T00:00:00+00:00,0
2018-04-22T01:00:00+00:00,0
2018-04-22T02:00:00+00:00,0
2018-04-22T03:00:00+00:00,0
2018-04-22T04:00:00+00:00,0
2018-04-22T05:00:00+00:00,0
2018-04-22T06:00:00+00:00,0
2018-04-22T07:00:00+00:00,0
2018-04-22T08:00:00+00:00,0
2018-04-22T09:00:00+00:00,0
2018-04-22T10:00:00+00:00,0
2018-04-22T11:00:00+00:00,0
2018-04-22T12:00:00+00:00,0
2018-04-22T14:00:00+00:00,0
2018-04-22T13:00:00+00:00,0
2018-04-22T15:00:00+00:00,0
2018-04-22T16:00:00+00:00,0
2018-04-22T17:00:00+00:00,0
2018-04-22T19:00:00+00:00,0
2018-04-22T18:00:00+00:00,0
2018-04-22T20:00:00+00:00,0
2018-04-22T21:00:00+00:00,0
2018-04-22T22:00:00+00:00,2868
2018-04-22T23:00:00+00:00,2942
2018-04-23T00:00:00+00:00,4003
2018-04-23T01:00:00+00:00,4491
2018-04-23T02:00:00+00:00,3292
2018-04-23T03:00:00+00:00,2027
2018-04-23T04:00:00+00:00,1335
2018-04-23T05:00:00+00:00,2512
2018-04-23T06:00:00+00:00,5306
2018-04-23T07:00:00+00:00,6240
2018-04-23T09:00:00+00:00,6145
2018-04-23T08:00:00+00:00,7406
2018-04-23T10:00:00+00:00,4749
2018-04-23T11:00:00+00:00,3932
2018-04-23T13:00:00+00:00,9376
2018-04-23T12:00:00+00:00,9683
2018-04-23T16:00:00+00:00,6091
2018-04-23T14:00:00+00:00,9001
2018-04-23T17:00:00+00:00,4577
2018-04-23T15:00:00+00:00,7508
2018-04-23T18:00:00+00:00,4770
2018-04-23T19:00:00+00:00,4213
2018-04-23T20:00:00+00:00,1837
2018-04-23T21:00:00+00:00,0
2018-04-23T22:00:00+00:00,1184
2018-04-23T23:00:00+00:00,1654
2018-04-24T00:00:00+00:00,2479
2018-04-24T02:00:00+00:00,3979
2018-04-24T01:00:00+00:00,6397
2018-04-24T03:00:00+00:00,2408
2018-04-24T04:00:00+00:00,1218
2018-04-24T05:00:00+00:00,1999
2018-04-24T06:00:00+00:00,5040
2018-04-24T07:00:00+00:00,5434
2018-04-24T08:00:00+00:00,4567
2018-04-24T09:00:00+00:00,3142
2018-04-24T10:00:00+00:00,4150
2018-04-24T11:00:00+00:00,4159
2018-04-24T12:00:00+00:00,6784
2018-04-24T13:00:00+00:00,11598
2018-04-24T14:00:00+00:00,9867
2018-04-24T15:00:00+00:00,9248
2018-04-24T16:00:00+00:00,8706
2018-04-24T17:00:00+00:00,6603
2018-04-24T18:00:00+00:00,6098
2018-04-24T19:00:00+00:00,3666
2018-04-24T20:00:00+00:00,1765
2018-04-24T21:00:00+00:00,0
2018-04-24T22:00:00+00:00,1102
2018-04-24T23:00:00+00:00,1668
2018-04-25T01:00:00+00:00,3577
2018-04-25T02:00:00+00:00,2326
2018-04-25T03:00:00+00:00,1852
2018-04-25T04:00:00+00:00,2223
2018-04-25T05:00:00+00:00,3513
2018-04-25T06:00:00+00:00,5261
2018-04-25T07:00:00+00:00,5107
2018-04-25T09:00:00+00:00,3788
2018-04-25T10:00:00+00:00,3651
2018-04-25T11:00:00+00:00,7512
2018-04-25T13:00:00+00:00,8600
2018-04-25T14:00:00+00:00,8039
2018-04-25T15:00:00+00:00,5077
2018-04-25T16:00:00+00:00,5551
2018-04-25T00:00:00+00:00,3300
2018-04-25T17:00:00+00:00,4763
2018-04-25T18:00:00+00:00,2480
2018-04-25T19:00:00+00:00,3387
2018-04-25T20:00:00+00:00,2032
2018-04-25T22:00:00+00:00,1393
2018-04-25T23:00:00+00:00,1660
2018-04-26T00:00:00+00:00,3405
2018-04-25T08:00:00+00:00,4782
2018-04-26T02:00:00+00:00,2524
2018-04-26T04:00:00+00:00,1109
2018-04-26T03:00:00+00:00,1815
2018-04-25T12:00:00+00:00,8538
2018-04-26T05:00:00+00:00,1956
2018-04-26T06:00:00+00:00,5021
2018-04-26T07:00:00+00:00,6086
2018-04-26T08:00:00+00:00,5047
2018-04-26T09:00:00+00:00,4756
2018-04-26T10:00:00+00:00,3471
2018-04-26T11:00:00+00:00,5664
2018-04-26T12:00:00+00:00,12750
2018-04-26T13:00:00+00:00,9249
2018-04-26T14:00:00+00:00,12822
2018-04-26T15:00:00+00:00,8255
2018-04-26T17:00:00+00:00,3880
2018-04-26T16:00:00+00:00,5225
2018-04-26T19:00:00+00:00,2984
2018-04-26T18:00:00+00:00,3007
2018-04-26T20:00:00+00:00,1756
2018-04-25T21:00:00+00:00,0
2018-04-26T21:00:00+00:00,0
2018-04-26T22:00:00+00:00,1293
2018-04-26T23:00:00+00:00,1237
2018-04-27T01:00:00+00:00,3487
2018-04-27T00:00:00+00:00,2311
2018-04-26T01:00:00+00:00,3666
2018-04-27T02:00:00+00:00,2496
2018-04-27T03:00:00+00:00,2321
2018-04-27T04:00:00+00:00,1283
2018-04-27T06:00:00+00:00,4462
2018-04-27T05:00:00+00:00,2147
2018-04-27T07:00:00+00:00,5235
2018-04-27T08:00:00+00:00,5939
2018-04-27T09:00:00+00:00,4091
2018-04-27T10:00:00+00:00,4566
2018-04-27T11:00:00+00:00,3941
2018-04-27T14:00:00+00:00,9104
2018-04-27T12:00:00+00:00,9831
2018-04-27T13:00:00+00:00,9390
2018-04-27T15:00:00+00:00,5808
2018-04-27T16:00:00+00:00,4233
2018-04-27T17:00:00+00:00,3698
2018-04-27T18:00:00+00:00,3322
2018-04-27T19:00:00+00:00,3206
2018-04-27T20:00:00+00:00,1746
2018-04-27T21:00:00+00:00,0
2018-04-27T22:00:00+00:00,0
2018-04-27T23:00:00+00:00,0
2018-04-29T00:00:00+00:00,0
2018-04-29T01:00:00+00:00,0
2018-04-29T02:00:00+00:00,0
2018-04-29T03:00:00+00:00,0
2018-04-29T04:00:00+00:00,0
2018-04-29T05:00:00+00:00,0
2018-04-29T06:00:00+00:00,0
2018-04-29T07:00:00+00:00,0
2018-04-29T08:00:00+00:00,0
2018-04-29T09:00:00+00:00,0
2018-04-29T10:00:00+00:00,0
2018-04-29T11:00:00+00:00,0
2018-04-29T12:00:00+00:00,0
2018-04-29T14:00:00+00:00,0
2018-04-29T15:00:00+00:00,0
2018-04-29T16:00:00+00:00,0
2018-04-29T17:00:00+00:00,0
2018-04-29T18:00:00+00:00,0
2018-04-29T19:00:00+00:00,0
2018-04-29T21:00:00+00:00,0
2018-04-29T22:00:00+00:00,1243
2018-04-30T00:00:00+00:00,1757
2018-04-29T23:00:00+00:00,921
2018-04-30T01:00:00+00:00,1709
2018-04-30T03:00:00+00:00,1686
2018-04-30T02:00:00+00:00,1886
2018-04-30T04:00:00+00:00,1288
2018-04-30T05:00:00+00:00,1202
2018-04-30T07:00:00+00:00,5648
2018-04-30T08:00:00+00:00,3713
2018-04-30T09:00:00+00:00,3642
2018-04-30T10:00:00+00:00,3268
2018-04-29T13:00:00+00:00,0
2018-04-30T11:00:00+00:00,4992
2018-04-30T12:00:00+00:00,6361
2018-04-30T13:00:00+00:00,6886
2018-04-30T14:00:00+00:00,10578
2018-04-30T15:00:00+00:00,6375
2018-04-30T16:00:00+00:00,6938
2018-04-30T17:00:00+00:00,7053
2018-04-30T18:00:00+00:00,4039
2018-04-30T19:00:00+00:00,4122
2018-04-29T20:00:00+00:00,0
2018-04-30T20:00:00+00:00,1880
2018-04-30T21:00:00+00:00,0
2018-04-30T22:00:00+00:00,913
2018-04-30T23:00:00+00:00,1375
2018-05-01T00:00:00+00:00,2103
2018-05-01T01:00:00+00:00,2458
2018-05-01T03:00:00+00:00,1663
2018-05-01T02:00:00+00:00,1422
2018-05-01T04:00:00+00:00,1352
2018-05-01T06:00:00+00:00,3466
2018-05-01T05:00:00+00:00,2439
2018-05-01T07:00:00+00:00,2984
2018-04-30T06:00:00+00:00,5566
2018-05-01T08:00:00+00:00,4939
2018-05-01T09:00:00+00:00,4803
2018-05-01T10:00:00+00:00,3822
2018-05-01T11:00:00+00:00,3983
2018-05-01T12:00:00+00:00,7141
2018-05-01T13:00:00+00:00,8662
2018-05-01T14:00:00+00:00,13420
2018-05-01T15:00:00+00:00,9366
2018-05-01T16:00:00+00:00,6797
2018-05-01T17:00:00+00:00,5235
2018-05-01T18:00:00+00:00,4082
2018-05-01T19:00:00+00:00,3416
2018-05-01T20:00:00+00:00,2001
2018-05-01T21:00:00+00:00,0
2018-05-01T22:00:00+00:00,1492
2018-05-01T23:00:00+00:00,1796
2018-05-02T00:00:00+00:00,3572
2018-05-02T01:00:00+00:00,4863
2018-05-02T02:00:00+00:00,2893
2018-05-02T03:00:00+00:00,2198
2018-05-02T04:00:00+00:00,1581
2018-05-02T06:00:00+00:00,5646
2018-05-02T05:00:00+00:00,3061
2018-05-02T07:00:00+00:00,5215
2018-05-02T08:00:00+00:00,5019
2018-05-02T09:00:00+00:00,4096
2018-05-02T10:00:00+00:00,3184
2018-05-02T11:00:00+00:00,2907
2018-05-02T12:00:00+00:00,8072
2018-05-02T13:00:00+00:00,9531
2018-05-02T14:00:00+00:00,8662
2018-05-02T15:00:00+00:00,6719
2018-05-02T16:00:00+00:00,4967
2018-05-02T17:00:00+00:00,4962
2018-05-02T21:00:00+00:00,0
2018-05-02T18:00:00+00:00,14755
2018-05-02T19:00:00+00:00,9522
2018-05-02T20:00:00+00:00,2845
2018-05-02T22:00:00+00:00,1488
2018-05-03T01:00:00+00:00,4604
2018-05-02T23:00:00+00:00,1815
2018-05-03T00:00:00+00:00,2755
2018-05-03T02:00:00+00:00,2460
2018-05-03T03:00:00+00:00,1781
2018-05-03T04:00:00+00:00,1183
2018-05-03T05:00:00+00:00,2075
2018-05-03T07:00:00+00:00,6167
2018-05-03T06:00:00+00:00,4559
2018-05-03T08:00:00+00:00,5430
2018-05-03T10:00:00+00:00,3758
2018-05-03T09:00:00+00:00,6762
2018-05-03T11:00:00+00:00,5942
2018-05-03T12:00:00+00:00,8188
2018-05-03T13:00:00+00:00,7880
2018-05-03T14:00:00+00:00,11913
2018-05-03T15:00:00+00:00,7485
2018-05-03T16:00:00+00:00,6640
2018-05-03T17:00:00+00:00,5877
2018-05-03T18:00:00+00:00,5104
2018-05-03T19:00:00+00:00,4093
2018-05-03T20:00:00+00:00,1650
2018-05-03T21:00:00+00:00,0
2018-05-03T22:00:00+00:00,1154
2018-05-03T23:00:00+00:00,1566
2018-05-04T00:00:00+00:00,1990
2018-05-04T01:00:00+00:00,2324
2018-05-04T02:00:00+00:00,2171
2018-05-04T03:00:00+00:00,1686
2018-05-04T04:00:00+00:00,1172
2018-05-04T05:00:00+00:00,1734
2018-05-04T07:00:00+00:00,5490
2018-05-04T06:00:00+00:00,5117
2018-05-04T09:00:00+00:00,2931
2018-05-04T08:00:00+00:00,4491
2018-05-04T10:00:00+00:00,2640
2018-05-04T11:00:00+00:00,3452
2018-05-04T12:00:00+00:00,12812
2018-05-04T13:00:00+00:00,13826
2018-05-04T14:00:00+00:00,9772
2018-05-04T15:00:00+00:00,7731
2018-05-04T16:00:00+00:00,6533
2018-05-04T17:00:00+00:00,5037
2018-05-04T18:00:00+00:00,4061
2018-05-04T19:00:00+00:00,2648
2018-05-04T20:00:00+00:00,1616
2018-05-04T21:00:00+00:00,0
2018-05-04T22:00:00+00:00,0
2018-05-04T23:00:00+00:00,0
2018-05-06T00:00:00+00:00,0
2018-05-06T01:00:00+00:00,0
2018-05-06T02:00:00+00:00,0
2018-05-06T03:00:00+00:00,0
2018-05-06T04:00:00+00:00,0
2018-05-06T05:00:00+00:00,0
2018-05-06T06:00:00+00:00,0
2018-05-06T07:00:00+00:00,0
2018-05-06T08:00:00+00:00,0
2018-05-06T09:00:00+00:00,0
2018-05-06T10:00:00+00:00,0
2018-05-06T11:00:00+00:00,0
2018-05-06T12:00:00+00:00,0
2018-05-06T13:00:00+00:00,0
2018-05-06T14:00:00+00:00,0
2018-05-06T15:00:00+00:00,0
2018-05-06T16:00:00+00:00,0
2018-05-06T17:00:00+00:00,0
2018-05-06T18:00:00+00:00,0
2018-05-06T19:00:00+00:00,0
2018-05-06T20:00:00+00:00,0
2018-05-06T21:00:00+00:00,0
2018-05-06T22:00:00+00:00,645
2018-05-06T23:00:00+00:00,1663
2018-05-07T00:00:00+00:00,4109
2018-05-07T02:00:00+00:00,2587
2018-05-07T01:00:00+00:00,4135
2018-05-07T03:00:00+00:00,2307
2018-05-07T04:00:00+00:00,2619
2018-05-07T05:00:00+00:00,3206
2018-05-07T07:00:00+00:00,4302
2018-05-07T06:00:00+00:00,4852
2018-05-07T08:00:00+00:00,3996
2018-05-07T09:00:00+00:00,3174
2018-05-07T10:00:00+00:00,3312
2018-05-07T11:00:00+00:00,4774
2018-05-07T12:00:00+00:00,6464
2018-05-07T13:00:00+00:00,7484
2018-05-07T14:00:00+00:00,8238
2018-05-07T15:00:00+00:00,7128
2018-05-07T16:00:00+00:00,5345
2018-05-07T17:00:00+00:00,4328
2018-05-07T18:00:00+00:00,3590
2018-05-07T19:00:00+00:00,3556
2018-05-07T20:00:00+00:00,1792
2018-05-07T21:00:00+00:00,0
2018-05-07T22:00:00+00:00,905
2018-05-07T23:00:00+00:00,1917
2018-05-08T00:00:00+00:00,3331
2018-05-08T01:00:00+00:00,3614
2018-05-08T02:00:00+00:00,2921
2018-05-08T03:00:00+00:00,2425
2018-05-08T04:00:00+00:00,2282
2018-05-08T05:00:00+00:00,2618
2018-05-08T06:00:00+00:00,5714
2018-05-08T07:00:00+00:00,6330
2018-05-08T08:00:00+00:00,6131
2018-05-08T09:00:00+00:00,5237
2018-05-08T10:00:00+00:00,4155
2018-05-08T11:00:00+00:00,4017
2018-05-08T12:00:00+00:00,6414
2018-05-08T13:00:00+00:00,9578
2018-05-08T14:00:00+00:00,8072
2018-05-08T15:00:00+00:00,10714
2018-05-08T16:00:00+00:00,10242
2018-05-08T17:00:00+00:00,6557
2018-05-08T18:00:00+00:00,11538
2018-05-08T19:00:00+00:00,4442
2018-05-08T20:00:00+00:00,1453
2018-05-08T21:00:00+00:00,0
2018-05-08T22:00:00+00:00,1212
2018-05-08T23:00:00+00:00,2037
2018-05-09T00:00:00+00:00,4023
2018-05-09T01:00:00+00:00,5967
2018-05-09T02:00:00+00:00,3125
2018-05-09T03:00:00+00:00,2617
2018-05-09T04:00:00+00:00,1726
2018-05-09T05:00:00+00:00,2158
2018-05-09T06:00:00+00:00,5874
2018-05-09T07:00:00+00:00,8240
2018-05-09T08:00:00+00:00,5096
2018-05-09T09:00:00+00:00,4788
2018-05-09T10:00:00+00:00,5497
2018-05-09T11:00:00+00:00,7421
2018-05-09T12:00:00+00:00,10164
2018-05-09T13:00:00+00:00,9999
2018-05-09T14:00:00+00:00,9687
2018-05-09T15:00:00+00:00,7168
2018-05-09T16:00:00+00:00,6981
2018-05-09T17:00:00+00:00,4917
2018-05-09T18:00:00+00:00,3003
2018-05-09T19:00:00+00:00,3370
2018-05-09T20:00:00+00:00,1403
2018-05-09T21:00:00+00:00,0
2018-05-09T22:00:00+00:00,1070
2018-05-09T23:00:00+00:00,2573
2018-05-10T00:00:00+00:00,2985
2018-05-10T01:00:00+00:00,4953
2018-05-10T02:00:00+00:00,3603
2018-05-10T03:00:00+00:00,2367
2018-05-10T04:00:00+00:00,1873
2018-05-10T05:00:00+00:00,2884
2018-05-10T06:00:00+00:00,5761
2018-05-10T07:00:00+00:00,6169
2018-05-10T09:00:00+00:00,4692
2018-05-10T08:00:00+00:00,5647
2018-05-10T10:00:00+00:00,4206
2018-05-10T11:00:00+00:00,7121
2018-05-10T12:00:00+00:00,12001
2018-05-10T13:00:00+00:00,12814
2018-05-10T14:00:00+00:00,10493
2018-05-10T15:00:00+00:00,8298
2018-05-10T16:00:00+00:00,5578
2018-05-10T17:00:00+00:00,6337
2018-05-10T18:00:00+00:00,4255
2018-05-10T20:00:00+00:00,1460
2018-05-10T21:00:00+00:00,0
2018-05-10T19:00:00+00:00,2992
2018-05-10T22:00:00+00:00,1220
2018-05-10T23:00:00+00:00,1961
2018-05-11T00:00:00+00:00,3340
2018-05-11T01:00:00+00:00,3701
2018-05-11T02:00:00+00:00,2586
2018-05-11T03:00:00+00:00,1872
2018-05-11T06:00:00+00:00,5519
2018-05-11T04:00:00+00:00,975
2018-05-11T05:00:00+00:00,1750
2018-05-11T07:00:00+00:00,6453
2018-05-11T08:00:00+00:00,5496
2018-05-11T09:00:00+00:00,4551
2018-05-11T10:00:00+00:00,4120
2018-05-11T11:00:00+00:00,4153
2018-05-11T12:00:00+00:00,6649
2018-05-11T13:00:00+00:00,7891
2018-05-11T14:00:00+00:00,8897
2018-05-11T15:00:00+00:00,7676
2018-05-11T16:00:00+00:00,5953
2018-05-11T17:00:00+00:00,3530
2018-05-11T18:00:00+00:00,4656
2018-05-11T19:00:00+00:00,3343
2018-05-11T20:00:00+00:00,1876
2018-05-11T21:00:00+00:00,0
2018-05-11T22:00:00+00:00,0
2018-05-11T23:00:00+00:00,0
2018-05-13T00:00:00+00:00,0
2018-05-13T01:00:00+00:00,0
2018-05-13T02:00:00+00:00,0
2018-05-13T03:00:00+00:00,0
2018-05-13T04:00:00+00:00,0
2018-05-13T05:00:00+00:00,0
2018-05-13T06:00:00+00:00,0
2018-05-13T07:00:00+00:00,0
2018-05-13T08:00:00+00:00,0
2018-05-13T09:00:00+00:00,0
2018-05-13T10:00:00+00:00,0
2018-05-13T11:00:00+00:00,0
2018-05-13T12:00:00+00:00,0
2018-05-13T13:00:00+00:00,0
2018-05-13T14:00:00+00:00,0
2018-05-13T15:00:00+00:00,0
2018-05-13T16:00:00+00:00,0
2018-05-13T17:00:00+00:00,0
2018-05-13T18:00:00+00:00,0
2018-05-13T19:00:00+00:00,0
2018-05-13T20:00:00+00:00,0
2018-05-13T21:00:00+00:00,0
2018-05-13T22:00:00+00:00,1619
2018-05-14T00:00:00+00:00,3705
2018-05-14T01:00:00+00:00,2879
2018-05-13T23:00:00+00:00,2014
2018-05-14T03:00:00+00:00,2016
2018-05-14T04:00:00+00:00,1663
2018-05-14T06:00:00+00:00,5460
2018-05-14T05:00:00+00:00,2527
2018-05-14T07:00:00+00:00,5476
2018-05-14T08:00:00+00:00,4177
2018-05-14T02:00:00+00:00,2254
2018-05-14T09:00:00+00:00,3214
2018-05-14T10:00:00+00:00,4038
2018-05-14T11:00:00+00:00,3369
2018-05-14T12:00:00+00:00,5031
2018-05-14T13:00:00+00:00,7161
2018-05-14T15:00:00+00:00,5101
2018-05-14T14:00:00+00:00,6088
2018-05-14T16:00:00+00:00,4170
2018-05-14T17:00:00+00:00,4768
2018-05-14T18:00:00+00:00,6002
2018-05-14T20:00:00+00:00,2372
2018-05-14T19:00:00+00:00,3829
2018-05-14T21:00:00+00:00,0
2018-05-14T22:00:00+00:00,2103
2018-05-15T00:00:00+00:00,2690
2018-05-14T23:00:00+00:00,1846
2018-05-15T01:00:00+00:00,2608
2018-05-15T02:00:00+00:00,2466
2018-05-15T03:00:00+00:00,1173
2018-05-15T04:00:00+00:00,3093
2018-05-15T05:00:00+00:00,2688
2018-05-15T06:00:00+00:00,5609
2018-05-15T07:00:00+00:00,5065
2018-05-15T08:00:00+00:00,4525
2018-05-15T09:00:00+00:00,3898
2018-05-15T10:00:00+00:00,3575
2018-05-15T11:00:00+00:00,6785
2018-05-15T13:00:00+00:00,11580
2018-05-15T12:00:00+00:00,11543
2018-05-15T14:00:00+00:00,9774
2018-05-15T15:00:00+00:00,7527
2018-05-15T16:00:00+00:00,7013
2018-05-15T17:00:00+00:00,6209
2018-05-15T18:00:00+00:00,7873
2018-05-15T19:00:00+00:00,5342
2018-05-15T20:00:00+00:00,2371
2018-05-15T21:00:00+00:00,0
2018-05-15T23:00:00+00:00,2648
2018-05-15T22:00:00+00:00,2125
2018-05-16T00:00:00+00:00,2806
2018-05-16T01:00:00+00:00,4267
2018-05-16T02:00:00+00:00,3512
2018-05-16T03:00:00+00:00,2474
2018-05-16T04:00:00+00:00,1544
2018-05-16T05:00:00+00:00,2479
2018-05-16T06:00:00+00:00,5738
2018-05-16T07:00:00+00:00,6092
2018-05-16T08:00:00+00:00,5247
2018-05-16T09:00:00+00:00,6747
2018-05-16T10:00:00+00:00,5966
2018-05-16T11:00:00+00:00,6811
2018-05-16T12:00:00+00:00,6661
2018-05-16T13:00:00+00:00,9101
2018-05-16T14:00:00+00:00,9690
2018-05-16T15:00:00+00:00,6770
2018-05-16T16:00:00+00:00,4860
2018-05-16T17:00:00+00:00,5051
2018-05-16T20:00:00+00:00,1712
2018-05-16T19:00:00+00:00,3616
2018-05-16T18:00:00+00:00,4377
2018-05-16T21:00:00+00:00,0
2018-05-16T22:00:00+00:00,1471
2018-05-16T23:00:00+00:00,1774
2018-05-17T00:00:00+00:00,2385
2018-05-17T01:00:00+00:00,3356
2018-05-17T02:00:00+00:00,3980
2018-05-17T03:00:00+00:00,2167
2018-05-17T05:00:00+00:00,2690
2018-05-17T04:00:00+00:00,1747
2018-05-17T06:00:00+00:00,8425
2018-05-17T07:00:00+00:00,6183
2018-05-17T08:00:00+00:00,4652
2018-05-17T09:00:00+00:00,4542
2018-05-17T10:00:00+00:00,5194
2018-05-17T11:00:00+00:00,4252
2018-05-17T12:00:00+00:00,7780
2018-05-17T13:00:00+00:00,8273
2018-05-17T14:00:00+00:00,7186
2018-05-17T15:00:00+00:00,6341
2018-05-17T16:00:00+00:00,5463
2018-05-17T17:00:00+00:00,3855
2018-05-17T18:00:00+00:00,2946
2018-05-17T19:00:00+00:00,2290
2018-05-17T20:00:00+00:00,1432
2018-05-17T21:00:00+00:00,0
2018-05-17T22:00:00+00:00,1299
2018-05-17T23:00:00+00:00,1541
2018-05-18T00:00:00+00:00,2241
2018-05-18T01:00:00+00:00,2808
2018-05-18T02:00:00+00:00,2103
2018-05-18T03:00:00+00:00,1778
2018-05-18T04:00:00+00:00,1198
2018-05-18T05:00:00+00:00,1875
2018-05-18T07:00:00+00:00,4028
2018-05-18T06:00:00+00:00,3913
2018-05-18T08:00:00+00:00,4266
2018-05-18T09:00:00+00:00,5071
2018-05-18T10:00:00+00:00,3790
2018-05-18T11:00:00+00:00,3548
2018-05-18T12:00:00+00:00,5634
2018-05-18T13:00:00+00:00,7964
2018-05-18T14:00:00+00:00,8920
2018-05-18T15:00:00+00:00,6477
2018-05-18T16:00:00+00:00,4266
2018-05-18T17:00:00+00:00,3054
2018-05-18T18:00:00+00:00,3260
2018-05-18T19:00:00+00:00,2241
2018-05-18T20:00:00+00:00,1598
2018-05-18T21:00:00+00:00,0
2018-05-18T22:00:00+00:00,0
2018-05-18T23:00:00+00:00,0
2018-05-20T00:00:00+00:00,0
2018-05-20T01:00:00+00:00,0
2018-05-20T02:00:00+00:00,0
2018-05-20T03:00:00+00:00,0
2018-05-20T04:00:00+00:00,0
2018-05-20T05:00:00+00:00,0
2018-05-20T06:00:00+00:00,0
2018-05-20T07:00:00+00:00,0
2018-05-20T08:00:00+00:00,0
2018-05-20T09:00:00+00:00,0
2018-05-20T10:00:00+00:00,0
2018-05-20T11:00:00+00:00,0
2018-05-20T12:00:00+00:00,0
2018-05-20T13:00:00+00:00,0
2018-05-20T14:00:00+00:00,0
2018-05-20T15:00:00+00:00,0
2018-05-20T16:00:00+00:00,0
2018-05-20T17:00:00+00:00,0
2018-05-20T18:00:00+00:00,0
2018-05-20T19:00:00+00:00,0
2018-05-20T20:00:00+00:00,0
2018-05-20T21:00:00+00:00,0
2018-05-20T22:00:00+00:00,2037
2018-05-20T23:00:00+00:00,1902
2018-05-21T00:00:00+00:00,3780
2018-05-21T01:00:00+00:00,3560
2018-05-21T02:00:00+00:00,2886
2018-05-21T04:00:00+00:00,2210
2018-05-21T03:00:00+00:00,2764
2018-05-21T05:00:00+00:00,3099
2018-05-21T06:00:00+00:00,6019
2018-05-21T07:00:00+00:00,4989
2018-05-21T08:00:00+00:00,4513
2018-05-21T09:00:00+00:00,3755
2018-05-21T10:00:00+00:00,3225
2018-05-21T11:00:00+00:00,4318
2018-05-21T12:00:00+00:00,6134
2018-05-21T13:00:00+00:00,7626
2018-05-21T14:00:00+00:00,7133
2018-05-21T15:00:00+00:00,5643
2018-05-21T16:00:00+00:00,4162
2018-05-21T17:00:00+00:00,3804
2018-05-21T18:00:00+00:00,2197
2018-05-21T19:00:00+00:00,3081
2018-05-21T20:00:00+00:00,1902
2018-05-21T21:00:00+00:00,0
2018-05-21T22:00:00+00:00,1624
2018-05-21T23:00:00+00:00,2210
2018-05-22T00:00:00+00:00,2675
2018-05-22T01:00:00+00:00,3711
2018-05-22T02:00:00+00:00,2877
2018-05-22T03:00:00+00:00,2516
2018-05-22T04:00:00+00:00,2003
2018-05-22T05:00:00+00:00,2804
2018-05-22T06:00:00+00:00,6595
2018-05-22T07:00:00+00:00,8133
2018-05-22T08:00:00+00:00,6092
2018-05-22T09:00:00+00:00,3862
2018-05-22T10:00:00+00:00,3889
2018-05-22T11:00:00+00:00,5080
2018-05-22T12:00:00+00:00,7578
2018-05-22T13:00:00+00:00,6332
2018-05-22T14:00:00+00:00,7892
2018-05-22T15:00:00+00:00,6564
2018-05-22T18:00:00+00:00,1977
2018-05-22T17:00:00+00:00,3600
2018-05-22T16:00:00+00:00,4254
2018-05-22T19:00:00+00:00,2334
2018-05-22T20:00:00+00:00,1240
2018-05-22T21:00:00+00:00,0
2018-05-22T22:00:00+00:00,1290
2018-05-22T23:00:00+00:00,1861
2018-05-23T00:00:00+00:00,3559
2018-05-23T01:00:00+00:00,5905
2018-05-23T02:00:00+00:00,3973
2018-05-23T03:00:00+00:00,2812
2018-05-23T04:00:00+00:00,1755
2018-05-23T05:00:00+00:00,3215
2018-05-23T06:00:00+00:00,5660
2018-05-23T07:00:00+00:00,8866
2018-05-23T08:00:00+00:00,7344
2018-05-23T09:00:00+00:00,7120
2018-05-23T10:00:00+00:00,5617
2018-05-23T11:00:00+00:00,5317
2018-05-23T12:00:00+00:00,8410
2018-05-23T13:00:00+00:00,10224
2018-05-23T14:00:00+00:00,8318
2018-05-23T15:00:00+00:00,7665
2018-05-23T16:00:00+00:00,5614
2018-05-23T17:00:00+00:00,4162
2018-05-23T18:00:00+00:00,8934
2018-05-23T19:00:00+00:00,4690
2018-05-23T20:00:00+00:00,1926
2018-05-23T21:00:00+00:00,0
2018-05-23T22:00:00+00:00,1410
2018-05-23T23:00:00+00:00,2735
2018-05-24T00:00:00+00:00,5351
2018-05-24T01:00:00+00:00,5691
2018-05-24T02:00:00+00:00,3967
2018-05-24T04:00:00+00:00,2336
2018-05-24T03:00:00+00:00,2980
2018-05-24T05:00:00+00:00,3461
2018-05-24T06:00:00+00:00,7912
2018-05-24T07:00:00+00:00,6154
2018-05-24T08:00:00+00:00,4570
2018-05-24T09:00:00+00:00,4535
2018-05-24T10:00:00+00:00,3358
2018-05-24T11:00:00+00:00,4612
2018-05-24T12:00:00+00:00,7445
2018-05-24T13:00:00+00:00,11451
2018-05-24T14:00:00+00:00,10237
2018-05-24T15:00:00+00:00,6125
2018-05-24T16:00:00+00:00,5356
2018-05-24T17:00:00+00:00,5323
2018-05-24T18:00:00+00:00,3070
2018-05-24T19:00:00+00:00,2669
2018-05-24T20:00:00+00:00,1966
2018-05-24T22:00:00+00:00,1585
2018-05-24T21:00:00+00:00,0
2018-05-24T23:00:00+00:00,2005
2018-05-25T00:00:00+00:00,6459
2018-05-25T01:00:00+00:00,6298
2018-05-25T02:00:00+00:00,3433
2018-05-25T03:00:00+00:00,2161
2018-05-25T04:00:00+00:00,2037
2018-05-25T05:00:00+00:00,2598
2018-05-25T06:00:00+00:00,6809
2018-05-25T07:00:00+00:00,5812
2018-05-25T08:00:00+00:00,8164
2018-05-25T09:00:00+00:00,5583
2018-05-25T10:00:00+00:00,5646
2018-05-25T11:00:00+00:00,7852
2018-05-25T12:00:00+00:00,9009
2018-05-25T13:00:00+00:00,12422
2018-05-25T15:00:00+00:00,7083
2018-05-25T14:00:00+00:00,9720
2018-05-25T16:00:00+00:00,5472
2018-05-25T17:00:00+00:00,4605
2018-05-25T18:00:00+00:00,3018
2018-05-25T19:00:00+00:00,3703
2018-05-25T21:00:00+00:00,0
2018-05-25T20:00:00+00:00,2163
2018-05-25T22:00:00+00:00,0
2018-05-25T23:00:00+00:00,0
2018-05-27T00:00:00+00:00,0
2018-05-27T01:00:00+00:00,0
2018-05-27T02:00:00+00:00,0
2018-05-27T03:00:00+00:00,0
2018-05-27T05:00:00+00:00,0
2018-05-27T04:00:00+00:00,0
2018-05-27T06:00:00+00:00,0
2018-05-27T07:00:00+00:00,0
2018-05-27T08:00:00+00:00,0
2018-05-27T09:00:00+00:00,0
2018-05-27T10:00:00+00:00,0
2018-05-27T12:00:00+00:00,0
2018-05-27T11:00:00+00:00,0
2018-05-27T13:00:00+00:00,0
2018-05-27T14:00:00+00:00,0
2018-05-27T15:00:00+00:00,0
2018-05-27T16:00:00+00:00,0
2018-05-27T17:00:00+00:00,0
2018-05-27T18:00:00+00:00,0
2018-05-27T19:00:00+00:00,0
2018-05-27T20:00:00+00:00,0
2018-05-27T21:00:00+00:00,0
2018-05-27T22:00:00+00:00,2458
2018-05-27T23:00:00+00:00,1863
2018-05-28T00:00:00+00:00,4423
2018-05-28T01:00:00+00:00,5185
2018-05-28T02:00:00+00:00,3488
2018-05-28T03:00:00+00:00,2578
2018-05-28T04:00:00+00:00,2178
2018-05-28T05:00:00+00:00,2745
2018-05-28T06:00:00+00:00,5875
2018-05-28T07:00:00+00:00,5602
2018-05-28T08:00:00+00:00,4218
2018-05-28T09:00:00+00:00,4810
2018-05-28T10:00:00+00:00,6510
2018-05-28T11:00:00+00:00,4375
2018-05-28T12:00:00+00:00,7066
2018-05-28T13:00:00+00:00,5652
2018-05-28T14:00:00+00:00,4985
2018-05-28T15:00:00+00:00,3260
2018-05-28T16:00:00+00:00,2004
2018-05-28T17:00:00+00:00,0
2018-05-28T18:00:00+00:00,0
2018-05-28T19:00:00+00:00,0
2018-05-28T20:00:00+00:00,0
2018-05-28T21:00:00+00:00,0
2018-05-28T22:00:00+00:00,1173
2018-05-28T23:00:00+00:00,1516
2018-05-29T00:00:00+00:00,5732
2018-05-29T01:00:00+00:00,6525
2018-05-29T02:00:00+00:00,2487
2018-05-29T03:00:00+00:00,2784
2018-05-29T04:00:00+00:00,2460
2018-05-29T05:00:00+00:00,2433
2018-05-29T06:00:00+00:00,8465
2018-05-29T07:00:00+00:00,8465
2018-05-29T08:00:00+00:00,12004
2018-05-29T09:00:00+00:00,10176
2018-05-29T10:00:00+00:00,8324
2018-05-29T11:00:00+00:00,6553
2018-05-29T12:00:00+00:00,11889
2018-05-29T13:00:00+00:00,11440
2018-05-29T14:00:00+00:00,10880
2018-05-29T15:00:00+00:00,9726
2018-05-29T16:00:00+00:00,8220
2018-05-29T17:00:00+00:00,7323
2018-05-29T18:00:00+00:00,7585
2018-05-29T19:00:00+00:00,5200
2018-05-29T20:00:00+00:00,2727
2018-05-29T21:00:00+00:00,0
2018-05-29T22:00:00+00:00,2008
2018-05-29T23:00:00+00:00,3290
2018-05-30T00:00:00+00:00,6623
2018-05-30T01:00:00+00:00,5154
2018-05-30T02:00:00+00:00,4336
2018-05-30T04:00:00+00:00,2555
2018-05-30T03:00:00+00:00,2631
2018-05-30T05:00:00+00:00,4015
2018-05-30T06:00:00+00:00,8647
2018-05-30T07:00:00+00:00,8448
2018-05-30T08:00:00+00:00,7436
2018-05-30T09:00:00+00:00,6883
2018-05-30T10:00:00+00:00,6338
2018-05-30T11:00:00+00:00,6259
2018-05-30T12:00:00+00:00,11648
2018-05-30T13:00:00+00:00,9630
2018-05-30T14:00:00+00:00,9133
2018-05-30T15:00:00+00:00,9414
2018-05-30T16:00:00+00:00,7610
2018-05-30T17:00:00+00:00,4190
2018-05-30T18:00:00+00:00,2995
2018-05-30T19:00:00+00:00,2550
2018-05-30T20:00:00+00:00,1671
2018-05-30T21:00:00+00:00,0
2018-05-30T22:00:00+00:00,1103
2018-05-30T23:00:00+00:00,1966
2018-05-31T00:00:00+00:00,5503
2018-05-31T01:00:00+00:00,4522
2018-05-31T02:00:00+00:00,2424
2018-05-31T03:00:00+00:00,2405
2018-05-31T04:00:00+00:00,1826
2018-05-31T05:00:00+00:00,3145
2018-05-31T06:00:00+00:00,7181
2018-05-31T07:00:00+00:00,5262
2018-05-31T08:00:00+00:00,4995
2018-05-31T09:00:00+00:00,4923
2018-05-31T10:00:00+00:00,3774
2018-05-31T11:00:00+00:00,4117
2018-05-31T12:00:00+00:00,8787
2018-05-31T13:00:00+00:00,10660
2018-05-31T14:00:00+00:00,10664
2018-05-31T15:00:00+00:00,11802
2018-05-31T16:00:00+00:00,5808
2018-05-31T17:00:00+00:00,6495
2018-05-31T18:00:00+00:00,4783
2018-05-31T19:00:00+00:00,3565
2018-05-31T20:00:00+00:00,2344
2018-05-31T21:00:00+00:00,0
2018-05-31T22:00:00+00:00,1876
2018-05-31T23:00:00+00:00,2073
2018-06-01T00:00:00+00:00,3389
2018-06-01T01:00:00+00:00,5929
2018-06-01T02:00:00+00:00,2858
2018-06-01T03:00:00+00:00,2950
2018-06-01T04:00:00+00:00,1994
2018-06-01T05:00:00+00:00,2324
2018-06-01T06:00:00+00:00,4098
2018-06-01T07:00:00+00:00,4026
2018-06-01T08:00:00+00:00,2999
2018-06-01T09:00:00+00:00,2584
2018-06-01T10:00:00+00:00,4649
2018-06-01T11:00:00+00:00,6792
2018-06-01T13:00:00+00:00,10146
2018-06-01T14:00:00+00:00,10200
2018-06-01T15:00:00+00:00,6324
2018-06-01T16:00:00+00:00,3724
2018-06-01T17:00:00+00:00,3926
2018-06-01T18:00:00+00:00,2730
2018-06-01T19:00:00+00:00,3266
2018-06-01T20:00:00+00:00,1545
2018-06-01T21:00:00+00:00,0
2018-06-01T22:00:00+00:00,0
2018-06-01T23:00:00+00:00,0
2018-06-03T00:00:00+00:00,0
2018-06-03T01:00:00+00:00,0
2018-06-03T02:00:00+00:00,0
2018-06-03T03:00:00+00:00,0
2018-06-03T04:00:00+00:00,0
2018-06-03T05:00:00+00:00,0
2018-06-03T06:00:00+00:00,0
2018-06-03T07:00:00+00:00,0
2018-06-03T09:00:00+00:00,0
2018-06-03T10:00:00+00:00,0
2018-06-03T11:00:00+00:00,0
2018-06-03T12:00:00+00:00,0
2018-06-01T12:00:00+00:00,13965
2018-06-03T13:00:00+00:00,0
2018-06-03T15:00:00+00:00,0
2018-06-03T16:00:00+00:00,0
2018-06-03T18:00:00+00:00,0
2018-06-03T17:00:00+00:00,0
2018-06-03T19:00:00+00:00,0
2018-06-03T21:00:00+00:00,0
2018-06-03T20:00:00+00:00,0
2018-06-03T22:00:00+00:00,1489
2018-06-03T23:00:00+00:00,2072
2018-06-04T00:00:00+00:00,5498
2018-06-04T01:00:00+00:00,4590
2018-06-04T02:00:00+00:00,2603
2018-06-04T03:00:00+00:00,2479
2018-06-04T04:00:00+00:00,2840
2018-06-04T05:00:00+00:00,3663
2018-06-04T06:00:00+00:00,4694
2018-06-04T08:00:00+00:00,4608
2018-06-04T10:00:00+00:00,3311
2018-06-03T08:00:00+00:00,0
2018-06-04T11:00:00+00:00,3639
2018-06-04T12:00:00+00:00,6886
2018-06-04T13:00:00+00:00,7082
2018-06-04T14:00:00+00:00,7366
2018-06-04T15:00:00+00:00,6685
2018-06-03T14:00:00+00:00,0
2018-06-04T17:00:00+00:00,3221
2018-06-04T16:00:00+00:00,3704
2018-06-04T18:00:00+00:00,2783
2018-06-04T19:00:00+00:00,2424
2018-06-04T20:00:00+00:00,1690
2018-06-04T21:00:00+00:00,0
2018-06-04T22:00:00+00:00,1517
2018-06-04T23:00:00+00:00,1748
2018-06-05T00:00:00+00:00,3397
2018-06-05T01:00:00+00:00,3602
2018-06-05T02:00:00+00:00,2429
2018-06-05T03:00:00+00:00,1925
2018-06-04T07:00:00+00:00,5752
2018-06-04T09:00:00+00:00,3767
2018-06-05T04:00:00+00:00,2011
2018-06-05T06:00:00+00:00,4296
2018-06-05T05:00:00+00:00,3964
2018-06-05T07:00:00+00:00,4162
2018-06-05T08:00:00+00:00,3288
2018-06-05T09:00:00+00:00,2333
2018-06-05T10:00:00+00:00,3709
2018-06-05T11:00:00+00:00,3433
2018-06-05T12:00:00+00:00,5914
2018-06-05T13:00:00+00:00,6441
2018-06-05T14:00:00+00:00,7960
2018-06-05T15:00:00+00:00,8713
2018-06-05T17:00:00+00:00,4815
2018-06-05T16:00:00+00:00,7612
2018-06-05T18:00:00+00:00,3040
2018-06-05T19:00:00+00:00,2654
2018-06-05T20:00:00+00:00,1622
2018-06-05T21:00:00+00:00,0
2018-06-05T22:00:00+00:00,1045
2018-06-05T23:00:00+00:00,2209
2018-06-06T01:00:00+00:00,3090
2018-06-06T02:00:00+00:00,1613
2018-06-06T00:00:00+00:00,3187
2018-06-06T03:00:00+00:00,1306
2018-06-06T04:00:00+00:00,1752
2018-06-06T05:00:00+00:00,2523
2018-06-06T06:00:00+00:00,5597
2018-06-06T07:00:00+00:00,6143
2018-06-06T08:00:00+00:00,5015
2018-06-06T09:00:00+00:00,5558
2018-06-06T10:00:00+00:00,3935
2018-06-06T11:00:00+00:00,4593
2018-06-06T12:00:00+00:00,6045
2018-06-06T13:00:00+00:00,7163
2018-06-06T14:00:00+00:00,7685
2018-06-06T15:00:00+00:00,4511
2018-06-06T16:00:00+00:00,4162
2018-06-06T17:00:00+00:00,4347
2018-06-06T18:00:00+00:00,2581
2018-06-06T19:00:00+00:00,2021
2018-06-06T20:00:00+00:00,1184
2018-06-06T22:00:00+00:00,844
2018-06-06T23:00:00+00:00,1573
2018-06-07T00:00:00+00:00,2049
2018-06-07T01:00:00+00:00,2513
2018-06-07T02:00:00+00:00,2635
2018-06-07T03:00:00+00:00,1820
2018-06-07T04:00:00+00:00,2221
2018-06-07T05:00:00+00:00,2693
2018-06-07T06:00:00+00:00,4649
2018-06-07T07:00:00+00:00,4738
2018-06-07T09:00:00+00:00,3535
2018-06-07T08:00:00+00:00,3364
2018-06-07T10:00:00+00:00,3117
2018-06-07T11:00:00+00:00,4232
2018-06-07T13:00:00+00:00,8684
2018-06-07T14:00:00+00:00,6707
2018-06-07T15:00:00+00:00,4725
2018-06-07T16:00:00+00:00,5042
2018-06-07T17:00:00+00:00,8387
2018-06-07T18:00:00+00:00,6624
2018-06-07T20:00:00+00:00,1579
2018-06-06T21:00:00+00:00,0
2018-06-07T21:00:00+00:00,0
2018-06-07T22:00:00+00:00,1039
2018-06-07T23:00:00+00:00,1812
2018-06-08T00:00:00+00:00,3182
2018-06-08T01:00:00+00:00,2862
2018-06-08T02:00:00+00:00,2053
2018-06-08T03:00:00+00:00,1872
2018-06-08T04:00:00+00:00,1918
2018-06-08T05:00:00+00:00,3368
2018-06-08T06:00:00+00:00,6649
2018-06-08T07:00:00+00:00,5819
2018-06-08T08:00:00+00:00,6561
2018-06-08T09:00:00+00:00,3978
2018-06-07T12:00:00+00:00,7545
2018-06-08T10:00:00+00:00,5097
2018-06-08T11:00:00+00:00,5396
2018-06-08T12:00:00+00:00,6750
2018-06-08T13:00:00+00:00,7196
2018-06-08T14:00:00+00:00,6589
2018-06-07T19:00:00+00:00,3312
2018-06-08T15:00:00+00:00,6073
2018-06-08T16:00:00+00:00,3732
2018-06-08T17:00:00+00:00,3526
2018-06-08T18:00:00+00:00,2580
2018-06-08T19:00:00+00:00,2592
2018-06-08T21:00:00+00:00,0
2018-06-08T20:00:00+00:00,1639
2018-06-08T22:00:00+00:00,0
2018-06-08T23:00:00+00:00,0
2018-06-10T00:00:00+00:00,0
2018-06-10T01:00:00+00:00,0
2018-06-10T02:00:00+00:00,0
2018-06-10T03:00:00+00:00,0
2018-06-10T05:00:00+00:00,0
2018-06-10T04:00:00+00:00,0
2018-06-10T06:00:00+00:00,0
2018-06-10T07:00:00+00:00,0
2018-06-10T08:00:00+00:00,0
2018-06-10T09:00:00+00:00,0
2018-06-10T10:00:00+00:00,0
2018-06-10T11:00:00+00:00,0
2018-06-10T12:00:00+00:00,0
2018-06-10T13:00:00+00:00,0
2018-06-10T14:00:00+00:00,0
2018-06-10T15:00:00+00:00,0
2018-06-10T16:00:00+00:00,0
2018-06-10T17:00:00+00:00,0
2018-06-10T18:00:00+00:00,0
2018-06-10T19:00:00+00:00,0
2018-06-10T20:00:00+00:00,0
2018-06-10T21:00:00+00:00,0
2018-06-10T22:00:00+00:00,1106
2018-06-10T23:00:00+00:00,1589
2018-06-11T00:00:00+00:00,2977
2018-06-11T01:00:00+00:00,4241
2018-06-11T02:00:00+00:00,2882
2018-06-11T03:00:00+00:00,1477
2018-06-11T04:00:00+00:00,1128
2018-06-11T05:00:00+00:00,2639
2018-06-11T06:00:00+00:00,5365
2018-06-11T07:00:00+00:00,3769
2018-06-11T08:00:00+00:00,4444
2018-06-11T09:00:00+00:00,2888
2018-06-11T10:00:00+00:00,4219
2018-06-11T11:00:00+00:00,3411
2018-06-11T12:00:00+00:00,4920
2018-06-11T13:00:00+00:00,5461
2018-06-11T14:00:00+00:00,4871
2018-06-11T15:00:00+00:00,4679
2018-06-11T16:00:00+00:00,3070
2018-06-11T17:00:00+00:00,2604
2018-06-11T18:00:00+00:00,2095
2018-06-11T19:00:00+00:00,1892
2018-06-11T20:00:00+00:00,856
2018-06-11T21:00:00+00:00,0
2018-06-11T22:00:00+00:00,876
2018-06-11T23:00:00+00:00,2770
2018-06-12T00:00:00+00:00,4913
2018-06-12T01:00:00+00:00,3234
2018-06-12T02:00:00+00:00,3596
2018-06-12T03:00:00+00:00,2068
2018-06-12T04:00:00+00:00,2365
2018-06-12T05:00:00+00:00,3689
2018-06-12T06:00:00+00:00,4055
2018-06-12T07:00:00+00:00,4153
2018-06-12T08:00:00+00:00,3361
2018-06-12T09:00:00+00:00,3018
2018-06-12T10:00:00+00:00,2602
2018-06-12T11:00:00+00:00,3231
2018-06-12T12:00:00+00:00,8063
2018-06-12T13:00:00+00:00,6369
2018-06-12T14:00:00+00:00,6265
2018-06-12T15:00:00+00:00,4144
2018-06-12T16:00:00+00:00,3575
2018-06-12T17:00:00+00:00,6137
2018-06-12T18:00:00+00:00,4225
2018-06-12T19:00:00+00:00,3139
2018-06-12T20:00:00+00:00,1480
2018-06-12T21:00:00+00:00,0
2018-06-12T22:00:00+00:00,1246
2018-06-12T23:00:00+00:00,1151
2018-06-13T00:00:00+00:00,2567
2018-06-13T01:00:00+00:00,2731
2018-06-13T03:00:00+00:00,906
2018-06-13T02:00:00+00:00,1779
2018-06-13T04:00:00+00:00,1394
2018-06-13T05:00:00+00:00,1760
2018-06-13T06:00:00+00:00,2936
2018-06-13T07:00:00+00:00,2868
2018-06-13T08:00:00+00:00,4452
2018-06-13T09:00:00+00:00,3217
2018-06-13T11:00:00+00:00,2751
2018-06-13T10:00:00+00:00,2709
2018-06-13T12:00:00+00:00,4636
2018-06-13T13:00:00+00:00,5279
2018-06-13T14:00:00+00:00,4398
2018-06-13T15:00:00+00:00,4885
2018-06-13T16:00:00+00:00,2945
2018-06-13T17:00:00+00:00,4234
2018-06-13T18:00:00+00:00,16115
2018-06-13T19:00:00+00:00,9681
2018-06-13T20:00:00+00:00,1855
2018-06-13T21:00:00+00:00,0
2018-06-13T22:00:00+00:00,2024
2018-06-13T23:00:00+00:00,1805
2018-06-14T00:00:00+00:00,3177
2018-06-14T01:00:00+00:00,3770
2018-06-14T02:00:00+00:00,2639
2018-06-14T03:00:00+00:00,1926
2018-06-14T05:00:00+00:00,2644
2018-06-14T04:00:00+00:00,1660
2018-06-14T06:00:00+00:00,5479
2018-06-14T07:00:00+00:00,4781
2018-06-14T08:00:00+00:00,3606
2018-06-14T09:00:00+00:00,4546
2018-06-14T10:00:00+00:00,3699
2018-06-14T13:00:00+00:00,12646
2018-06-14T11:00:00+00:00,6488
2018-06-14T12:00:00+00:00,13974
2018-06-14T14:00:00+00:00,10772
2018-06-14T15:00:00+00:00,7770
2018-06-14T16:00:00+00:00,5988
2018-06-14T17:00:00+00:00,5822
2018-06-14T18:00:00+00:00,4917
2018-06-14T19:00:00+00:00,3621
2018-06-14T20:00:00+00:00,2137
2018-06-14T21:00:00+00:00,0
2018-06-14T22:00:00+00:00,1884
2018-06-14T23:00:00+00:00,2376
2018-06-15T00:00:00+00:00,5241
2018-06-15T02:00:00+00:00,3346
2018-06-15T01:00:00+00:00,4802
2018-06-15T03:00:00+00:00,3160
2018-06-15T04:00:00+00:00,1585
2018-06-15T05:00:00+00:00,3297
2018-06-15T06:00:00+00:00,8373
2018-06-15T07:00:00+00:00,9773
2018-06-15T08:00:00+00:00,6763
2018-06-15T09:00:00+00:00,5517
2018-06-15T10:00:00+00:00,7125
2018-06-15T11:00:00+00:00,4691
2018-06-15T12:00:00+00:00,10109
2018-06-15T13:00:00+00:00,14098
2018-06-15T14:00:00+00:00,14125
2018-06-15T15:00:00+00:00,10872
2018-06-15T16:00:00+00:00,7715
2018-06-15T17:00:00+00:00,7250
2018-06-15T18:00:00+00:00,5076
2018-06-15T19:00:00+00:00,3800
2018-06-15T20:00:00+00:00,2599
2018-06-15T21:00:00+00:00,0
2018-06-15T22:00:00+00:00,0
2018-06-15T23:00:00+00:00,0
2018-06-17T00:00:00+00:00,0
2018-06-17T01:00:00+00:00,0
2018-06-17T02:00:00+00:00,0
2018-06-17T03:00:00+00:00,0
2018-06-17T04:00:00+00:00,0
2018-06-17T05:00:00+00:00,0
2018-06-17T06:00:00+00:00,0
2018-06-17T07:00:00+00:00,0
2018-06-17T08:00:00+00:00,0
2018-06-17T09:00:00+00:00,0
2018-06-17T10:00:00+00:00,0
2018-06-17T11:00:00+00:00,0
2018-06-17T12:00:00+00:00,0
2018-06-17T13:00:00+00:00,0
2018-06-17T14:00:00+00:00,0
2018-06-17T15:00:00+00:00,0
2018-06-17T16:00:00+00:00,0
2018-06-17T17:00:00+00:00,0
2018-06-17T18:00:00+00:00,0
2018-06-17T19:00:00+00:00,0
2018-06-17T20:00:00+00:00,0
2018-06-17T21:00:00+00:00,0
2018-06-17T22:00:00+00:00,1698
2018-06-17T23:00:00+00:00,2623
2018-06-18T00:00:00+00:00,4286
2018-06-18T01:00:00+00:00,3279
2018-06-18T02:00:00+00:00,4199
2018-06-18T03:00:00+00:00,2530
2018-06-18T04:00:00+00:00,1960
2018-06-18T05:00:00+00:00,2556
2018-06-18T06:00:00+00:00,5133
2018-06-18T07:00:00+00:00,4827
2018-06-18T08:00:00+00:00,5696
2018-06-18T09:00:00+00:00,5024
2018-06-18T10:00:00+00:00,4847
2018-06-18T11:00:00+00:00,5883
2018-06-18T12:00:00+00:00,6660
2018-06-18T13:00:00+00:00,7731
2018-06-18T14:00:00+00:00,8978
2018-06-18T15:00:00+00:00,6205
2018-06-18T16:00:00+00:00,3510
2018-06-18T17:00:00+00:00,4315
2018-06-18T18:00:00+00:00,3096
2018-06-18T19:00:00+00:00,2615
2018-06-18T20:00:00+00:00,1953
2018-06-18T21:00:00+00:00,0
2018-06-18T22:00:00+00:00,656
2018-06-18T23:00:00+00:00,4231
2018-06-19T00:00:00+00:00,5350
2018-06-19T01:00:00+00:00,6676
2018-06-19T02:00:00+00:00,4231
2018-06-19T03:00:00+00:00,3375
2018-06-19T04:00:00+00:00,3067
2018-06-19T05:00:00+00:00,4577
2018-06-19T06:00:00+00:00,8279
2018-06-19T07:00:00+00:00,7283
2018-06-19T08:00:00+00:00,7197
2018-06-19T09:00:00+00:00,6030
2018-06-19T10:00:00+00:00,4820
2018-06-19T12:00:00+00:00,7595
2018-06-19T11:00:00+00:00,8411
2018-06-19T13:00:00+00:00,8851
2018-06-19T14:00:00+00:00,8550
2018-06-19T15:00:00+00:00,7244
2018-06-19T16:00:00+00:00,4153
2018-06-19T17:00:00+00:00,5015
2018-06-19T18:00:00+00:00,4290
2018-06-19T19:00:00+00:00,2859
2018-06-19T20:00:00+00:00,1860
2018-06-19T21:00:00+00:00,0
2018-06-19T22:00:00+00:00,1175
2018-06-19T23:00:00+00:00,1969
2018-06-20T00:00:00+00:00,4563
2018-06-20T01:00:00+00:00,6491
2018-06-20T02:00:00+00:00,4500
2018-06-20T03:00:00+00:00,4234
2018-06-20T04:00:00+00:00,2520
2018-06-20T05:00:00+00:00,4715
2018-06-20T06:00:00+00:00,6321
2018-06-20T07:00:00+00:00,6215
2018-06-20T08:00:00+00:00,7394
2018-06-20T09:00:00+00:00,6048
2018-06-20T10:00:00+00:00,5317
2018-06-20T11:00:00+00:00,5501
2018-06-20T12:00:00+00:00,7432
2018-06-20T13:00:00+00:00,10579
2018-06-20T14:00:00+00:00,8941
2018-06-20T15:00:00+00:00,6090
2018-06-20T16:00:00+00:00,5504
2018-06-20T17:00:00+00:00,5106
2018-06-20T18:00:00+00:00,5122
2018-06-20T19:00:00+00:00,3803
2018-06-20T20:00:00+00:00,2086
2018-06-20T21:00:00+00:00,0
2018-06-20T22:00:00+00:00,1632
2018-06-20T23:00:00+00:00,2277
2018-06-21T00:00:00+00:00,3320
2018-06-21T01:00:00+00:00,5461
2018-06-21T02:00:00+00:00,3238
2018-06-21T03:00:00+00:00,4433
2018-06-21T04:00:00+00:00,2372
2018-06-21T05:00:00+00:00,4490
2018-06-21T06:00:00+00:00,8016
2018-06-21T07:00:00+00:00,7296
2018-06-21T08:00:00+00:00,7630
2018-06-21T09:00:00+00:00,7000
2018-06-21T10:00:00+00:00,3932
2018-06-21T11:00:00+00:00,5634
2018-06-21T12:00:00+00:00,9452
2018-06-21T13:00:00+00:00,8267
2018-06-21T15:00:00+00:00,6627
2018-06-21T14:00:00+00:00,10617
2018-06-21T16:00:00+00:00,4250
2018-06-21T17:00:00+00:00,3947
2018-06-21T18:00:00+00:00,3630
2018-06-21T19:00:00+00:00,3198
2018-06-21T20:00:00+00:00,1436
2018-06-21T21:00:00+00:00,0
2018-06-21T22:00:00+00:00,1181
2018-06-21T23:00:00+00:00,1903
2018-06-22T00:00:00+00:00,3420
2018-06-22T01:00:00+00:00,4645
2018-06-22T02:00:00+00:00,3574
2018-06-22T03:00:00+00:00,2460
2018-06-22T04:00:00+00:00,1862
2018-06-22T05:00:00+00:00,3446
2018-06-22T06:00:00+00:00,5741
2018-06-22T07:00:00+00:00,6531
2018-06-22T08:00:00+00:00,5563
2018-06-22T09:00:00+00:00,3938
2018-06-22T10:00:00+00:00,4396
2018-06-22T11:00:00+00:00,3524
2018-06-22T12:00:00+00:00,6486
2018-06-22T13:00:00+00:00,8079
2018-06-22T14:00:00+00:00,8113
2018-06-22T15:00:00+00:00,4802
2018-06-22T16:00:00+00:00,3484
2018-06-22T17:00:00+00:00,3538
2018-06-22T18:00:00+00:00,3064
2018-06-22T19:00:00+00:00,2995
2018-06-22T20:00:00+00:00,1830
2018-06-22T21:00:00+00:00,0
2018-06-22T22:00:00+00:00,0
2018-06-22T23:00:00+00:00,0
2018-06-24T00:00:00+00:00,0
2018-06-24T01:00:00+00:00,0
2018-06-24T02:00:00+00:00,0
2018-06-24T03:00:00+00:00,0
2018-06-24T04:00:00+00:00,0
2018-06-24T05:00:00+00:00,0
2018-06-24T06:00:00+00:00,0
2018-06-24T07:00:00+00:00,0
2018-06-24T08:00:00+00:00,0
2018-06-24T09:00:00+00:00,0
2018-06-24T10:00:00+00:00,0
2018-06-24T11:00:00+00:00,0
2018-06-24T12:00:00+00:00,0
2018-06-24T13:00:00+00:00,0
2018-06-24T14:00:00+00:00,0
2018-06-24T15:00:00+00:00,0
2018-06-24T16:00:00+00:00,0
2018-06-24T17:00:00+00:00,0
2018-06-24T18:00:00+00:00,0
2018-06-24T19:00:00+00:00,0
2018-06-24T20:00:00+00:00,0
2018-06-24T21:00:00+00:00,0
2018-06-24T22:00:00+00:00,1319
2018-06-24T23:00:00+00:00,1588
2018-06-25T00:00:00+00:00,5316
2018-06-25T01:00:00+00:00,5612
2018-06-25T02:00:00+00:00,3336
2018-06-25T03:00:00+00:00,3908
2018-06-25T04:00:00+00:00,2554
2018-06-25T05:00:00+00:00,4249
2018-06-25T06:00:00+00:00,7146
2018-06-25T07:00:00+00:00,6861
2018-06-25T08:00:00+00:00,7002
2018-06-25T09:00:00+00:00,4292
2018-06-25T10:00:00+00:00,5660
2018-06-25T11:00:00+00:00,5616
2018-06-25T12:00:00+00:00,7298
2018-06-25T13:00:00+00:00,7538
2018-06-25T14:00:00+00:00,9379
2018-06-25T15:00:00+00:00,7394
2018-06-25T16:00:00+00:00,6238
2018-06-25T17:00:00+00:00,5687
2018-06-25T18:00:00+00:00,5093
2018-06-25T19:00:00+00:00,5941
2018-06-25T20:00:00+00:00,2100
2018-06-25T21:00:00+00:00,0
2018-06-25T22:00:00+00:00,1394
2018-06-25T23:00:00+00:00,2232
2018-06-26T00:00:00+00:00,6068
2018-06-26T01:00:00+00:00,6198
2018-06-26T02:00:00+00:00,6393
2018-06-26T03:00:00+00:00,3757
2018-06-26T04:00:00+00:00,2941
2018-06-26T05:00:00+00:00,4889
2018-06-26T06:00:00+00:00,6326
2018-06-26T07:00:00+00:00,7874
2018-06-26T08:00:00+00:00,7306
2018-06-26T09:00:00+00:00,8015
2018-06-26T10:00:00+00:00,5718
2018-06-26T11:00:00+00:00,4874
2018-06-26T12:00:00+00:00,9039
2018-06-26T13:00:00+00:00,9184
2018-06-26T14:00:00+00:00,9509
2018-06-26T15:00:00+00:00,8664
2018-06-26T16:00:00+00:00,6274
2018-06-26T17:00:00+00:00,6749
2018-06-26T18:00:00+00:00,3920
2018-06-26T19:00:00+00:00,4210
2018-06-26T20:00:00+00:00,1825
2018-06-26T21:00:00+00:00,0
2018-06-26T22:00:00+00:00,1255
2018-06-26T23:00:00+00:00,2131
2018-06-27T00:00:00+00:00,4925
2018-06-27T01:00:00+00:00,8297
2018-06-27T02:00:00+00:00,5978
2018-06-27T03:00:00+00:00,6252
2018-06-27T04:00:00+00:00,3526
2018-06-27T05:00:00+00:00,5759
2018-06-27T06:00:00+00:00,7516
2018-06-27T07:00:00+00:00,7370
2018-06-27T08:00:00+00:00,8204
2018-06-27T09:00:00+00:00,7193
2018-06-27T10:00:00+00:00,5765
2018-06-27T11:00:00+00:00,8903
2018-06-27T12:00:00+00:00,12252
2018-06-27T13:00:00+00:00,10607
2018-06-27T14:00:00+00:00,9815
2018-06-27T15:00:00+00:00,9506
2018-06-27T16:00:00+00:00,7380
2018-06-27T17:00:00+00:00,6960
2018-06-27T18:00:00+00:00,5319
2018-06-27T19:00:00+00:00,7818
2018-06-27T21:00:00+00:00,0
2018-06-27T20:00:00+00:00,2739
2018-06-27T22:00:00+00:00,1254
2018-06-27T23:00:00+00:00,2162
2018-06-28T00:00:00+00:00,6088
2018-06-28T01:00:00+00:00,7178
2018-06-28T02:00:00+00:00,5121
2018-06-28T03:00:00+00:00,3558
2018-06-28T04:00:00+00:00,3105
2018-06-28T06:00:00+00:00,8369
2018-06-28T05:00:00+00:00,5434
2018-06-28T07:00:00+00:00,8305
2018-06-28T08:00:00+00:00,7689
2018-06-28T09:00:00+00:00,7496
2018-06-28T10:00:00+00:00,7012
2018-06-28T11:00:00+00:00,5645
2018-06-28T12:00:00+00:00,10595
2018-06-28T13:00:00+00:00,11057
2018-06-28T14:00:00+00:00,12240
2018-06-28T15:00:00+00:00,10496
2018-06-28T16:00:00+00:00,6620
2018-06-28T17:00:00+00:00,6323
2018-06-28T18:00:00+00:00,5917
2018-06-28T19:00:00+00:00,4965
2018-06-28T20:00:00+00:00,2238
2018-06-28T21:00:00+00:00,0
2018-06-28T22:00:00+00:00,1429
2018-06-28T23:00:00+00:00,2559
2018-06-29T00:00:00+00:00,5502
2018-06-29T01:00:00+00:00,6651
2018-06-29T02:00:00+00:00,8370
2018-06-29T03:00:00+00:00,6538
2018-06-29T04:00:00+00:00,6560
2018-06-29T05:00:00+00:00,5126
2018-06-29T06:00:00+00:00,8133
2018-06-29T07:00:00+00:00,7994
2018-06-29T08:00:00+00:00,8414
2018-06-29T09:00:00+00:00,6501
2018-06-29T10:00:00+00:00,6813
2018-06-29T11:00:00+00:00,5498
2018-06-29T12:00:00+00:00,8798
2018-06-29T13:00:00+00:00,9649
2018-06-29T14:00:00+00:00,9421
2018-06-29T15:00:00+00:00,8850
2018-06-29T16:00:00+00:00,6855
2018-06-29T17:00:00+00:00,6165
2018-06-29T18:00:00+00:00,4785
2018-06-29T19:00:00+00:00,4783
2018-06-29T20:00:00+00:00,2163
2018-06-29T21:00:00+00:00,0
2018-06-29T22:00:00+00:00,0
2018-06-29T23:00:00+00:00,0
2018-07-01T01:00:00+00:00,0
2018-07-01T00:00:00+00:00,0
2018-07-01T03:00:00+00:00,0
2018-07-01T02:00:00+00:00,0
2018-07-01T04:00:00+00:00,0
2018-07-01T05:00:00+00:00,0
2018-07-01T06:00:00+00:00,0
2018-07-01T07:00:00+00:00,0
2018-07-01T09:00:00+00:00,0
2018-07-01T08:00:00+00:00,0
2018-07-01T10:00:00+00:00,0
2018-07-01T11:00:00+00:00,0
2018-07-01T12:00:00+00:00,0
2018-07-01T13:00:00+00:00,0
2018-07-01T14:00:00+00:00,0
2018-07-01T15:00:00+00:00,0
2018-07-01T16:00:00+00:00,0
2018-07-01T17:00:00+00:00,0
2018-07-01T19:00:00+00:00,0
2018-07-01T18:00:00+00:00,0
2018-07-01T20:00:00+00:00,0
2018-07-01T21:00:00+00:00,0
2018-07-01T22:00:00+00:00,1891
2018-07-01T23:00:00+00:00,3922
2018-07-02T00:00:00+00:00,4963
2018-07-02T01:00:00+00:00,6845
2018-07-02T02:00:00+00:00,4824
2018-07-02T03:00:00+00:00,3941
2018-07-02T04:00:00+00:00,4159
2018-07-02T05:00:00+00:00,6269
2018-07-02T06:00:00+00:00,7719
2018-07-02T07:00:00+00:00,7472
2018-07-02T08:00:00+00:00,6818
2018-07-02T09:00:00+00:00,5785
2018-07-02T10:00:00+00:00,4930
2018-07-02T11:00:00+00:00,4486
2018-07-02T12:00:00+00:00,9191
2018-07-02T13:00:00+00:00,10186
2018-07-02T14:00:00+00:00,9389
2018-07-02T15:00:00+00:00,7729
2018-07-02T16:00:00+00:00,6438
2018-07-02T17:00:00+00:00,6505
2018-07-02T18:00:00+00:00,4479
2018-07-02T19:00:00+00:00,4764
2018-07-02T20:00:00+00:00,2864
2018-07-02T21:00:00+00:00,0
2018-07-02T22:00:00+00:00,1492
2018-07-02T23:00:00+00:00,1678
2018-07-03T00:00:00+00:00,5155
2018-07-03T01:00:00+00:00,9783
2018-07-03T02:00:00+00:00,7767
2018-07-03T03:00:00+00:00,5177
2018-07-03T04:00:00+00:00,4310
2018-07-03T05:00:00+00:00,6978
2018-07-03T06:00:00+00:00,9009
2018-07-03T07:00:00+00:00,9876
2018-07-03T08:00:00+00:00,7606
2018-07-03T09:00:00+00:00,6320
2018-07-03T10:00:00+00:00,5285
2018-07-03T11:00:00+00:00,5373
2018-07-03T12:00:00+00:00,8953
2018-07-03T13:00:00+00:00,9478
2018-07-03T14:00:00+00:00,9768
2018-07-03T15:00:00+00:00,8374
2018-07-03T16:00:00+00:00,7126
2018-07-03T17:00:00+00:00,4914
2018-07-03T18:00:00+00:00,1539
2018-07-03T19:00:00+00:00,1431
2018-07-03T20:00:00+00:00,975
2018-07-03T21:00:00+00:00,0
2018-07-03T22:00:00+00:00,1229
2018-07-03T23:00:00+00:00,2297
2018-07-04T00:00:00+00:00,6026
2018-07-04T01:00:00+00:00,9209
2018-07-04T02:00:00+00:00,6708
2018-07-04T03:00:00+00:00,5079
2018-07-04T04:00:00+00:00,3139
2018-07-04T05:00:00+00:00,4873
2018-07-04T06:00:00+00:00,8947
2018-07-04T07:00:00+00:00,6916
2018-07-04T08:00:00+00:00,6917
2018-07-04T09:00:00+00:00,5298
2018-07-04T10:00:00+00:00,4131
2018-07-04T11:00:00+00:00,5168
2018-07-04T12:00:00+00:00,5369
2018-07-04T13:00:00+00:00,6339
2018-07-04T14:00:00+00:00,5601
2018-07-04T15:00:00+00:00,3840
2018-07-04T16:00:00+00:00,3371
2018-07-04T17:00:00+00:00,0
2018-07-04T18:00:00+00:00,0
2018-07-04T19:00:00+00:00,0
2018-07-04T20:00:00+00:00,0
2018-07-04T21:00:00+00:00,0
2018-07-04T22:00:00+00:00,1591
2018-07-04T23:00:00+00:00,2059
2018-07-05T00:00:00+00:00,4960
2018-07-05T01:00:00+00:00,7437
2018-07-05T02:00:00+00:00,5548
2018-07-05T04:00:00+00:00,3436
2018-07-05T03:00:00+00:00,4356
2018-07-05T05:00:00+00:00,7557
2018-07-05T06:00:00+00:00,8904
2018-07-05T07:00:00+00:00,7812
2018-07-05T08:00:00+00:00,6253
2018-07-05T10:00:00+00:00,4702
2018-07-05T09:00:00+00:00,5959
2018-07-05T11:00:00+00:00,5839
2018-07-05T12:00:00+00:00,9637
2018-07-05T13:00:00+00:00,10615
2018-07-05T14:00:00+00:00,9908
2018-07-05T15:00:00+00:00,9291
2018-07-05T16:00:00+00:00,6299
2018-07-05T17:00:00+00:00,5106
2018-07-05T18:00:00+00:00,6426
2018-07-05T19:00:00+00:00,4141
2018-07-05T20:00:00+00:00,1599
2018-07-05T21:00:00+00:00,0
2018-07-05T22:00:00+00:00,922
2018-07-05T23:00:00+00:00,2378
2018-07-06T00:00:00+00:00,5128
2018-07-06T01:00:00+00:00,6064
2018-07-06T03:00:00+00:00,4480
2018-07-06T02:00:00+00:00,5783
2018-07-06T04:00:00+00:00,5964
2018-07-06T05:00:00+00:00,6239
2018-07-06T06:00:00+00:00,8461
2018-07-06T07:00:00+00:00,6864
2018-07-06T08:00:00+00:00,4592
2018-07-06T09:00:00+00:00,4949
2018-07-06T10:00:00+00:00,3828
2018-07-06T11:00:00+00:00,3893
2018-07-06T12:00:00+00:00,11874
2018-07-06T13:00:00+00:00,10389
2018-07-06T14:00:00+00:00,8309
2018-07-06T15:00:00+00:00,7134
2018-07-06T16:00:00+00:00,4987
2018-07-06T17:00:00+00:00,3841
2018-07-06T18:00:00+00:00,2735
2018-07-06T19:00:00+00:00,2666
2018-07-06T20:00:00+00:00,1980
2018-07-06T21:00:00+00:00,0
2018-07-06T22:00:00+00:00,0
2018-07-08T00:00:00+00:00,0
2018-07-06T23:00:00+00:00,0
2018-07-08T01:00:00+00:00,0
2018-07-08T02:00:00+00:00,0
2018-07-08T03:00:00+00:00,0
2018-07-08T04:00:00+00:00,0
2018-07-08T05:00:00+00:00,0
2018-07-08T06:00:00+00:00,0
2018-07-08T07:00:00+00:00,0
2018-07-08T08:00:00+00:00,0
2018-07-08T09:00:00+00:00,0
2018-07-08T10:00:00+00:00,0
2018-07-08T11:00:00+00:00,0
2018-07-08T12:00:00+00:00,0
2018-07-08T13:00:00+00:00,0
2018-07-08T14:00:00+00:00,0
2018-07-08T15:00:00+00:00,0
2018-07-08T16:00:00+00:00,0
2018-07-08T17:00:00+00:00,0
2018-07-08T18:00:00+00:00,0
2018-07-08T19:00:00+00:00,0
2018-07-08T20:00:00+00:00,0
2018-07-08T21:00:00+00:00,0
2018-07-08T23:00:00+00:00,1679
2018-07-08T22:00:00+00:00,1171
2018-07-09T00:00:00+00:00,2689
2018-07-09T01:00:00+00:00,5532
2018-07-09T02:00:00+00:00,4365
2018-07-09T03:00:00+00:00,2832
2018-07-09T04:00:00+00:00,2155
2018-07-09T05:00:00+00:00,3086
2018-07-09T06:00:00+00:00,7726
2018-07-09T07:00:00+00:00,6420
2018-07-09T08:00:00+00:00,5443
2018-07-09T09:00:00+00:00,5388
2018-07-09T10:00:00+00:00,4706
2018-07-09T11:00:00+00:00,5031
2018-07-09T12:00:00+00:00,5933
2018-07-09T13:00:00+00:00,7970
2018-07-09T14:00:00+00:00,8863
2018-07-09T15:00:00+00:00,6738
2018-07-09T16:00:00+00:00,5796
2018-07-09T17:00:00+00:00,6172
2018-07-09T18:00:00+00:00,3619
2018-07-09T20:00:00+00:00,2099
2018-07-09T21:00:00+00:00,0
2018-07-09T19:00:00+00:00,2906
2018-07-09T22:00:00+00:00,1656
2018-07-09T23:00:00+00:00,2340
2018-07-10T00:00:00+00:00,4695
2018-07-10T01:00:00+00:00,5624
2018-07-10T02:00:00+00:00,3235
2018-07-10T03:00:00+00:00,2726
2018-07-10T04:00:00+00:00,3614
2018-07-10T05:00:00+00:00,4847
2018-07-10T06:00:00+00:00,7497
2018-07-10T07:00:00+00:00,6299
2018-07-10T08:00:00+00:00,7165
2018-07-10T09:00:00+00:00,5995
2018-07-10T10:00:00+00:00,5205
2018-07-10T11:00:00+00:00,7919
2018-07-10T12:00:00+00:00,9118
2018-07-10T13:00:00+00:00,8357
2018-07-10T14:00:00+00:00,8143
2018-07-10T15:00:00+00:00,7345
2018-07-10T16:00:00+00:00,5573
2018-07-10T17:00:00+00:00,5609
2018-07-10T18:00:00+00:00,3063
2018-07-10T21:00:00+00:00,0
2018-07-10T20:00:00+00:00,2074
2018-07-10T22:00:00+00:00,5376
2018-07-10T23:00:00+00:00,4694
2018-07-11T00:00:00+00:00,6113
2018-07-11T01:00:00+00:00,9994
2018-07-11T02:00:00+00:00,6456
2018-07-11T03:00:00+00:00,3869
2018-07-11T04:00:00+00:00,3966
2018-07-11T06:00:00+00:00,7642
2018-07-11T05:00:00+00:00,4521
2018-07-11T07:00:00+00:00,7047
2018-07-11T08:00:00+00:00,6213
2018-07-11T09:00:00+00:00,6402
2018-07-11T10:00:00+00:00,5558
2018-07-11T11:00:00+00:00,5983
2018-07-11T12:00:00+00:00,10287
2018-07-11T13:00:00+00:00,8370
2018-07-11T14:00:00+00:00,9309
2018-07-11T15:00:00+00:00,10590
2018-07-11T16:00:00+00:00,7491
2018-07-11T18:00:00+00:00,6242
2018-07-11T17:00:00+00:00,9367
2018-07-11T19:00:00+00:00,4260
2018-07-11T21:00:00+00:00,0
2018-07-11T22:00:00+00:00,2138
2018-07-10T19:00:00+00:00,2695
2018-07-11T23:00:00+00:00,2498
2018-07-12T00:00:00+00:00,4962
2018-07-12T04:00:00+00:00,2559
2018-07-12T03:00:00+00:00,3653
2018-07-12T05:00:00+00:00,4763
2018-07-12T02:00:00+00:00,4083
2018-07-12T06:00:00+00:00,6842
2018-07-12T07:00:00+00:00,7334
2018-07-12T08:00:00+00:00,5248
2018-07-12T09:00:00+00:00,4718
2018-07-12T10:00:00+00:00,4864
2018-07-12T11:00:00+00:00,6094
2018-07-12T12:00:00+00:00,8477
2018-07-12T13:00:00+00:00,8977
2018-07-12T15:00:00+00:00,10420
2018-07-12T16:00:00+00:00,7695
2018-07-12T17:00:00+00:00,7487
2018-07-12T19:00:00+00:00,3238
2018-07-12T21:00:00+00:00,0
2018-07-12T20:00:00+00:00,1752
2018-07-12T22:00:00+00:00,2020
2018-07-12T23:00:00+00:00,3972
2018-07-13T00:00:00+00:00,5284
2018-07-13T01:00:00+00:00,5900
2018-07-13T02:00:00+00:00,4887
2018-07-13T03:00:00+00:00,4225
2018-07-13T04:00:00+00:00,3909
2018-07-13T05:00:00+00:00,5647
2018-07-13T06:00:00+00:00,8010
2018-07-13T07:00:00+00:00,9922
2018-07-11T20:00:00+00:00,2530
2018-07-13T08:00:00+00:00,6669
2018-07-13T09:00:00+00:00,7010
2018-07-13T10:00:00+00:00,5154
2018-07-13T11:00:00+00:00,6179
2018-07-12T01:00:00+00:00,6836
2018-07-13T12:00:00+00:00,9071
2018-07-13T13:00:00+00:00,9054
2018-07-13T14:00:00+00:00,8548
2018-07-13T15:00:00+00:00,8065
2018-07-13T16:00:00+00:00,5908
2018-07-13T17:00:00+00:00,4645
2018-07-13T18:00:00+00:00,4622
2018-07-12T14:00:00+00:00,10941
2018-07-13T20:00:00+00:00,1556
2018-07-13T21:00:00+00:00,0
2018-07-13T19:00:00+00:00,3771
2018-07-13T22:00:00+00:00,0
2018-07-15T00:00:00+00:00,0
2018-07-13T23:00:00+00:00,0
2018-07-15T01:00:00+00:00,0
2018-07-12T18:00:00+00:00,4134
2018-07-15T02:00:00+00:00,0
2018-07-15T03:00:00+00:00,0
2018-07-15T04:00:00+00:00,0
2018-07-15T05:00:00+00:00,0
2018-07-15T06:00:00+00:00,0
2018-07-15T07:00:00+00:00,0
2018-07-15T08:00:00+00:00,0
2018-07-15T09:00:00+00:00,0
2018-07-15T10:00:00+00:00,0
2018-07-15T12:00:00+00:00,0
2018-07-15T13:00:00+00:00,0
2018-07-15T14:00:00+00:00,0
2018-07-15T15:00:00+00:00,0
2018-07-15T16:00:00+00:00,0
2018-07-15T17:00:00+00:00,0
2018-07-15T18:00:00+00:00,0
2018-07-15T19:00:00+00:00,0
2018-07-15T20:00:00+00:00,0
2018-07-15T21:00:00+00:00,0
2018-07-15T22:00:00+00:00,1201
2018-07-15T23:00:00+00:00,1676
2018-07-16T00:00:00+00:00,2934
2018-07-16T01:00:00+00:00,4727
2018-07-16T02:00:00+00:00,4446
2018-07-16T03:00:00+00:00,2756
2018-07-16T04:00:00+00:00,1568
2018-07-16T06:00:00+00:00,6393
2018-07-16T05:00:00+00:00,3775
2018-07-16T07:00:00+00:00,6325
2018-07-16T08:00:00+00:00,5194
2018-07-16T09:00:00+00:00,4975
2018-07-16T11:00:00+00:00,4786
2018-07-16T12:00:00+00:00,6929
2018-07-16T13:00:00+00:00,8366
2018-07-16T14:00:00+00:00,8616
2018-07-16T16:00:00+00:00,5706
2018-07-16T17:00:00+00:00,5265
2018-07-16T18:00:00+00:00,3611
2018-07-16T19:00:00+00:00,3011
2018-07-16T20:00:00+00:00,1566
2018-07-16T21:00:00+00:00,0
2018-07-16T22:00:00+00:00,1330
2018-07-16T23:00:00+00:00,1567
2018-07-17T00:00:00+00:00,4820
2018-07-17T01:00:00+00:00,6628
2018-07-17T02:00:00+00:00,4954
2018-07-17T03:00:00+00:00,4120
2018-07-17T04:00:00+00:00,3450
2018-07-17T05:00:00+00:00,3391
2018-07-17T06:00:00+00:00,6676
2018-07-17T07:00:00+00:00,6041
2018-07-17T08:00:00+00:00,4826
2018-07-17T10:00:00+00:00,5198
2018-07-17T09:00:00+00:00,4953
2018-07-17T11:00:00+00:00,5799
2018-07-17T12:00:00+00:00,7633
2018-07-17T13:00:00+00:00,11500
2018-07-17T14:00:00+00:00,13586
2018-07-17T15:00:00+00:00,8878
2018-07-17T16:00:00+00:00,7183
2018-07-17T17:00:00+00:00,6637
2018-07-17T18:00:00+00:00,3798
2018-07-17T19:00:00+00:00,3401
2018-07-17T20:00:00+00:00,1989
2018-07-17T21:00:00+00:00,0
2018-07-17T22:00:00+00:00,1330
2018-07-17T23:00:00+00:00,2841
2018-07-18T00:00:00+00:00,4055
2018-07-18T01:00:00+00:00,5238
2018-07-18T02:00:00+00:00,3542
2018-07-18T03:00:00+00:00,3328
2018-07-18T04:00:00+00:00,3362
2018-07-18T05:00:00+00:00,6858
2018-07-18T06:00:00+00:00,8896
2018-07-18T08:00:00+00:00,7483
2018-07-18T07:00:00+00:00,6547
2018-07-18T09:00:00+00:00,5895
2018-07-18T10:00:00+00:00,4909
2018-07-18T11:00:00+00:00,5699
2018-07-18T12:00:00+00:00,8423
2018-07-18T13:00:00+00:00,7637
2018-07-18T14:00:00+00:00,7966
2018-07-18T15:00:00+00:00,6941
2018-07-18T16:00:00+00:00,6087
2018-07-18T17:00:00+00:00,4432
2018-07-18T18:00:00+00:00,3302
2018-07-18T19:00:00+00:00,3359
2018-07-18T21:00:00+00:00,0
2018-07-18T20:00:00+00:00,1387
2018-07-18T22:00:00+00:00,1425
2018-07-18T23:00:00+00:00,2023
2018-07-19T00:00:00+00:00,4049
2018-07-19T01:00:00+00:00,6961
2018-07-19T02:00:00+00:00,4525
2018-07-19T03:00:00+00:00,4040
2018-07-19T04:00:00+00:00,3335
2018-07-19T05:00:00+00:00,4812
2018-07-19T06:00:00+00:00,7780
2018-07-19T07:00:00+00:00,9275
2018-07-19T08:00:00+00:00,8435
2018-07-19T09:00:00+00:00,7032
2018-07-19T10:00:00+00:00,6590
2018-07-19T11:00:00+00:00,7145
2018-07-19T12:00:00+00:00,9908
2018-07-19T13:00:00+00:00,10288
2018-07-19T14:00:00+00:00,9331
2018-07-19T16:00:00+00:00,6125
2018-07-19T17:00:00+00:00,16145
2018-07-19T19:00:00+00:00,5430
2018-07-19T18:00:00+00:00,8852
2018-07-19T20:00:00+00:00,2108
2018-07-19T21:00:00+00:00,0
2018-07-19T22:00:00+00:00,2010
2018-07-20T00:00:00+00:00,6285
2018-07-19T23:00:00+00:00,2754
2018-07-20T02:00:00+00:00,9507
2018-07-20T01:00:00+00:00,11848
2018-07-20T03:00:00+00:00,5580
2018-07-20T04:00:00+00:00,5219
2018-07-20T05:00:00+00:00,7338
2018-07-20T06:00:00+00:00,8948
2018-07-20T07:00:00+00:00,7764
2018-07-20T08:00:00+00:00,6209
2018-07-20T09:00:00+00:00,6813
2018-07-20T10:00:00+00:00,9181
2018-07-20T12:00:00+00:00,11563
2018-07-20T11:00:00+00:00,6622
2018-07-20T13:00:00+00:00,13647
2018-07-20T14:00:00+00:00,10475
2018-07-20T15:00:00+00:00,7783
2018-07-20T16:00:00+00:00,5716
2018-07-20T17:00:00+00:00,5646
2018-07-20T18:00:00+00:00,4664
2018-07-20T19:00:00+00:00,3732
2018-07-20T20:00:00+00:00,2065
2018-07-20T21:00:00+00:00,0
2018-07-20T22:00:00+00:00,0
2018-07-20T23:00:00+00:00,0
2018-07-22T00:00:00+00:00,0
2018-07-22T01:00:00+00:00,0
2018-07-22T02:00:00+00:00,0
2018-07-22T03:00:00+00:00,0
2018-07-22T04:00:00+00:00,0
2018-07-22T05:00:00+00:00,0
2018-07-22T06:00:00+00:00,0
2018-07-22T07:00:00+00:00,0
2018-07-22T08:00:00+00:00,0
2018-07-22T09:00:00+00:00,0
2018-07-22T10:00:00+00:00,0
2018-07-22T12:00:00+00:00,0
2018-07-22T11:00:00+00:00,0
2018-07-22T13:00:00+00:00,0
2018-07-22T15:00:00+00:00,0
2018-07-22T14:00:00+00:00,0
2018-07-22T17:00:00+00:00,0
2018-07-22T16:00:00+00:00,0
2018-07-22T18:00:00+00:00,0
2018-07-22T19:00:00+00:00,0
2018-07-22T20:00:00+00:00,0
2018-07-22T21:00:00+00:00,0
2018-07-22T22:00:00+00:00,2080
2018-07-22T23:00:00+00:00,4114
2018-07-23T00:00:00+00:00,7056
2018-07-23T01:00:00+00:00,8887
2018-07-23T02:00:00+00:00,5369
2018-07-23T03:00:00+00:00,4061
2018-07-23T04:00:00+00:00,2859
2018-07-23T05:00:00+00:00,5125
2018-07-23T06:00:00+00:00,7870
2018-07-23T07:00:00+00:00,7808
2018-07-23T09:00:00+00:00,6583
2018-07-23T08:00:00+00:00,6237
2018-07-23T10:00:00+00:00,5249
2018-07-23T13:00:00+00:00,10883
2018-07-23T11:00:00+00:00,6618
2018-07-23T12:00:00+00:00,8630
2018-07-23T14:00:00+00:00,10796
2018-07-23T15:00:00+00:00,7897
2018-07-23T16:00:00+00:00,7072
2018-07-23T17:00:00+00:00,6333
2018-07-23T18:00:00+00:00,4149
2018-07-23T19:00:00+00:00,3118
2018-07-23T20:00:00+00:00,1781
2018-07-23T21:00:00+00:00,0
2018-07-23T22:00:00+00:00,1204
2018-07-23T23:00:00+00:00,2551
2018-07-24T00:00:00+00:00,5902
2018-07-24T01:00:00+00:00,7759
2018-07-24T02:00:00+00:00,4663
2018-07-24T03:00:00+00:00,3971
2018-07-24T04:00:00+00:00,4540
2018-07-24T05:00:00+00:00,4579
2018-07-24T06:00:00+00:00,7614
2018-07-24T07:00:00+00:00,10075
2018-07-24T08:00:00+00:00,6201
2018-07-24T09:00:00+00:00,5417
2018-07-24T10:00:00+00:00,7050
2018-07-24T11:00:00+00:00,6458
2018-07-24T12:00:00+00:00,8515
2018-07-24T13:00:00+00:00,10775
2018-07-24T14:00:00+00:00,9906
2018-07-24T16:00:00+00:00,6614
2018-07-24T15:00:00+00:00,10204
2018-07-24T17:00:00+00:00,5207
2018-07-24T19:00:00+00:00,3273
2018-07-24T18:00:00+00:00,4454
2018-07-24T20:00:00+00:00,1681
2018-07-24T21:00:00+00:00,0
2018-07-24T22:00:00+00:00,1193
2018-07-24T23:00:00+00:00,2037
2018-07-25T00:00:00+00:00,5298
2018-07-25T01:00:00+00:00,6281
2018-07-25T02:00:00+00:00,4592
2018-07-25T04:00:00+00:00,2762
2018-07-25T03:00:00+00:00,4291
2018-07-25T06:00:00+00:00,7389
2018-07-25T05:00:00+00:00,5312
2018-07-25T07:00:00+00:00,6594
2018-07-25T08:00:00+00:00,6811
2018-07-25T09:00:00+00:00,6897
2018-07-25T10:00:00+00:00,4968
2018-07-25T11:00:00+00:00,6262
2018-07-25T13:00:00+00:00,9164
2018-07-25T12:00:00+00:00,7081
2018-07-25T14:00:00+00:00,10742
2018-07-25T15:00:00+00:00,9792
2018-07-25T16:00:00+00:00,6718
2018-07-25T18:00:00+00:00,6346
2018-07-25T17:00:00+00:00,8055
2018-07-25T19:00:00+00:00,6996
2018-07-25T20:00:00+00:00,3692
2018-07-25T22:00:00+00:00,2162
2018-07-25T21:00:00+00:00,0
2018-07-25T23:00:00+00:00,3153
2018-07-26T00:00:00+00:00,5131
2018-07-26T01:00:00+00:00,6110
2018-07-26T03:00:00+00:00,3475
2018-07-26T02:00:00+00:00,5126
2018-07-26T05:00:00+00:00,5431
2018-07-26T04:00:00+00:00,2683
2018-07-26T06:00:00+00:00,8555
2018-07-26T07:00:00+00:00,7044
2018-07-26T08:00:00+00:00,5646
2018-07-26T09:00:00+00:00,5924
2018-07-26T10:00:00+00:00,4583
2018-07-26T11:00:00+00:00,5037
2018-07-26T12:00:00+00:00,11281
2018-07-26T13:00:00+00:00,11175
2018-07-26T14:00:00+00:00,10891
2018-07-26T15:00:00+00:00,8981
2018-07-26T18:00:00+00:00,5215
2018-07-26T16:00:00+00:00,6062
2018-07-26T17:00:00+00:00,5777
2018-07-26T19:00:00+00:00,3876
2018-07-26T21:00:00+00:00,0
2018-07-26T20:00:00+00:00,2067
2018-07-26T22:00:00+00:00,1541
2018-07-26T23:00:00+00:00,1972
2018-07-27T00:00:00+00:00,4255
2018-07-27T01:00:00+00:00,6379
2018-07-27T02:00:00+00:00,4752
2018-07-27T03:00:00+00:00,3246
2018-07-27T04:00:00+00:00,2473
2018-07-27T05:00:00+00:00,4413
2018-07-27T06:00:00+00:00,5999
2018-07-27T07:00:00+00:00,6178
2018-07-27T08:00:00+00:00,7708
2018-07-27T09:00:00+00:00,5655
2018-07-27T10:00:00+00:00,4960
2018-07-27T11:00:00+00:00,4230
2018-07-27T12:00:00+00:00,10529
2018-07-27T13:00:00+00:00,10274
2018-07-27T14:00:00+00:00,8970
2018-07-27T15:00:00+00:00,7040
2018-07-27T16:00:00+00:00,5701
2018-07-27T20:00:00+00:00,1516
2018-07-27T19:00:00+00:00,3754
2018-07-27T17:00:00+00:00,5072
2018-07-27T18:00:00+00:00,3210
2018-07-27T21:00:00+00:00,0
2018-07-27T22:00:00+00:00,0
2018-07-29T01:00:00+00:00,0
2018-07-27T23:00:00+00:00,0
2018-07-29T00:00:00+00:00,0
2018-07-29T02:00:00+00:00,0
2018-07-29T04:00:00+00:00,0
2018-07-29T03:00:00+00:00,0
2018-07-29T05:00:00+00:00,0
2018-07-29T06:00:00+00:00,0
2018-07-29T08:00:00+00:00,0
2018-07-29T07:00:00+00:00,0
2018-07-29T09:00:00+00:00,0
2018-07-29T11:00:00+00:00,0
2018-07-29T10:00:00+00:00,0
2018-07-29T12:00:00+00:00,0
2018-07-29T13:00:00+00:00,0
2018-07-29T15:00:00+00:00,0
2018-07-29T14:00:00+00:00,0
2018-07-29T16:00:00+00:00,0
2018-07-29T17:00:00+00:00,0
2018-07-29T18:00:00+00:00,0
2018-07-29T19:00:00+00:00,0
2018-07-29T20:00:00+00:00,0
2018-07-29T21:00:00+00:00,0
2018-07-29T22:00:00+00:00,930
2018-07-29T23:00:00+00:00,1917
2018-07-30T00:00:00+00:00,3352
2018-07-15T11:00:00+00:00,ERROR
2018-07-30T02:00:00+00:00,4065
2018-07-30T01:00:00+00:00,4631
2018-07-30T03:00:00+00:00,3218
2018-07-30T04:00:00+00:00,2393
2018-07-30T07:00:00+00:00,6355
2018-07-30T06:00:00+00:00,4971
2018-07-30T08:00:00+00:00,4846
2018-07-30T09:00:00+00:00,4297
2018-07-30T10:00:00+00:00,3760
2018-07-30T11:00:00+00:00,4697
2018-07-30T12:00:00+00:00,5490
2018-07-30T13:00:00+00:00,7551
2018-07-30T14:00:00+00:00,7305
2018-07-30T15:00:00+00:00,5664
2018-07-30T16:00:00+00:00,5161
2018-07-30T17:00:00+00:00,3512
2018-07-30T18:00:00+00:00,2642
2018-07-30T19:00:00+00:00,3181
2018-07-30T20:00:00+00:00,1508
2018-07-30T21:00:00+00:00,0
2018-07-30T22:00:00+00:00,1194
2018-07-30T23:00:00+00:00,1383
2018-07-31T00:00:00+00:00,4433
2018-07-31T02:00:00+00:00,5459
2018-07-16T10:00:00+00:00,ERROR
2018-07-16T15:00:00+00:00,ERROR
2018-07-31T03:00:00+00:00,3562
2018-07-31T01:00:00+00:00,5062
2018-07-31T04:00:00+00:00,8953
2018-07-31T07:00:00+00:00,7607
2018-07-31T06:00:00+00:00,7894
2018-07-31T10:00:00+00:00,4755
2018-07-31T05:00:00+00:00,4175
2018-07-31T08:00:00+00:00,5819
2018-07-31T11:00:00+00:00,5703
2018-07-31T12:00:00+00:00,7554
2018-07-31T13:00:00+00:00,12704
2018-07-31T16:00:00+00:00,7303
2018-07-31T17:00:00+00:00,5473
2018-07-31T14:00:00+00:00,10569
2018-07-31T18:00:00+00:00,3744
2018-07-31T15:00:00+00:00,9031
2018-07-31T19:00:00+00:00,3743
2018-07-31T20:00:00+00:00,1948
2018-07-31T21:00:00+00:00,0
2018-07-31T22:00:00+00:00,1880
2018-07-31T23:00:00+00:00,2729
2018-08-01T00:00:00+00:00,3749
2018-08-01T01:00:00+00:00,6194
2018-08-01T02:00:00+00:00,5195
2018-08-01T03:00:00+00:00,3895
2018-08-01T04:00:00+00:00,3086
2018-08-01T05:00:00+00:00,4223
2018-08-01T06:00:00+00:00,6550
2018-08-01T07:00:00+00:00,6156
2018-08-01T08:00:00+00:00,6369
2018-08-01T09:00:00+00:00,4393
2018-08-01T10:00:00+00:00,4172
2018-08-01T11:00:00+00:00,4847
2018-08-01T12:00:00+00:00,8086
2018-08-01T13:00:00+00:00,8845
2018-08-01T14:00:00+00:00,9811
2018-08-01T15:00:00+00:00,7984
2018-08-01T16:00:00+00:00,6408
2018-08-01T17:00:00+00:00,4752
2018-08-01T18:00:00+00:00,7984
2018-08-01T19:00:00+00:00,4272
2018-08-01T20:00:00+00:00,2146
2018-08-01T22:00:00+00:00,1276
2018-08-01T21:00:00+00:00,0
2018-08-01T23:00:00+00:00,1769
2018-08-02T00:00:00+00:00,3873
2018-08-02T01:00:00+00:00,5345
2018-08-02T02:00:00+00:00,4328
2018-08-02T03:00:00+00:00,3951
2018-08-02T04:00:00+00:00,4048
2018-08-02T05:00:00+00:00,4697
2018-08-02T07:00:00+00:00,6793
2018-08-02T06:00:00+00:00,6490
2018-08-02T08:00:00+00:00,5488
2018-08-02T09:00:00+00:00,6029
2018-08-02T10:00:00+00:00,5766
2018-08-02T11:00:00+00:00,8594
2018-08-02T12:00:00+00:00,8914
2018-08-02T13:00:00+00:00,8695
2018-08-02T14:00:00+00:00,8813
2018-08-02T16:00:00+00:00,5681
2018-08-02T15:00:00+00:00,7816
2018-08-02T17:00:00+00:00,5544
2018-08-02T18:00:00+00:00,5455
2018-08-02T19:00:00+00:00,4693
2018-08-02T21:00:00+00:00,0
2018-08-02T20:00:00+00:00,3027
2018-08-02T22:00:00+00:00,2007
2018-07-19T15:00:00+00:00,ERROR
2018-08-02T23:00:00+00:00,2543
2018-08-03T00:00:00+00:00,3130
2018-08-03T02:00:00+00:00,4517
2018-08-03T03:00:00+00:00,2888
2018-08-03T05:00:00+00:00,2481
2018-08-03T06:00:00+00:00,5955
2018-08-03T07:00:00+00:00,6973
2018-08-03T08:00:00+00:00,6284
2018-08-03T09:00:00+00:00,4344
2018-08-03T10:00:00+00:00,4118
2018-08-03T12:00:00+00:00,13211
2018-08-03T11:00:00+00:00,10115
2018-08-03T13:00:00+00:00,12691
2018-08-03T14:00:00+00:00,11402
2018-08-03T15:00:00+00:00,8598
2018-08-03T16:00:00+00:00,6414
2018-08-03T17:00:00+00:00,4677
2018-08-03T18:00:00+00:00,3311
2018-08-03T19:00:00+00:00,3364
2018-08-03T21:00:00+00:00,0
2018-08-03T20:00:00+00:00,1557
2018-08-03T22:00:00+00:00,0
2018-08-03T23:00:00+00:00,0
2018-08-05T01:00:00+00:00,0
2018-08-05T02:00:00+00:00,0
2018-08-05T03:00:00+00:00,0
2018-08-05T04:00:00+00:00,0
2018-08-05T05:00:00+00:00,0
2018-08-05T06:00:00+00:00,0
2018-08-05T07:00:00+00:00,0
2018-08-05T08:00:00+00:00,0
2018-08-05T09:00:00+00:00,0
2018-08-05T10:00:00+00:00,0
2018-08-05T11:00:00+00:00,0
2018-08-05T12:00:00+00:00,0
2018-08-05T14:00:00+00:00,0
2018-08-05T16:00:00+00:00,0
2018-08-05T17:00:00+00:00,0
2018-08-05T18:00:00+00:00,0
2018-08-05T19:00:00+00:00,0
2018-08-05T20:00:00+00:00,0
2018-08-05T21:00:00+00:00,0
2018-08-05T22:00:00+00:00,1443
2018-08-05T23:00:00+00:00,1757
2018-08-06T00:00:00+00:00,3006
2018-08-06T01:00:00+00:00,6190
2018-08-06T02:00:00+00:00,4319
2018-08-06T03:00:00+00:00,2764
2018-08-06T04:00:00+00:00,1967
2018-08-06T05:00:00+00:00,3117
2018-08-06T06:00:00+00:00,6309
2018-08-06T07:00:00+00:00,6308
2018-08-06T08:00:00+00:00,4961
2018-08-06T09:00:00+00:00,4590
2018-08-06T10:00:00+00:00,6373
2018-08-06T11:00:00+00:00,4868
2018-08-06T12:00:00+00:00,6026
2018-08-06T13:00:00+00:00,8069
2018-08-06T14:00:00+00:00,8193
2018-08-06T15:00:00+00:00,6141
2018-08-06T16:00:00+00:00,4621
2018-08-06T17:00:00+00:00,4029
2018-08-06T18:00:00+00:00,2705
2018-08-06T19:00:00+00:00,3013
2018-08-06T20:00:00+00:00,2047
2018-08-06T21:00:00+00:00,0
2018-08-06T22:00:00+00:00,1834
2018-08-06T23:00:00+00:00,1651
2018-08-07T00:00:00+00:00,2824
2018-08-07T01:00:00+00:00,4595
2018-08-07T02:00:00+00:00,3673
2018-08-07T03:00:00+00:00,2674
2018-08-07T04:00:00+00:00,2361
2018-08-07T05:00:00+00:00,2768
2018-08-07T06:00:00+00:00,7690
2018-08-07T07:00:00+00:00,6632
2018-08-07T08:00:00+00:00,5180
2018-08-07T09:00:00+00:00,5025
2018-08-07T10:00:00+00:00,4973
2018-08-07T11:00:00+00:00,5342
2018-08-07T12:00:00+00:00,7005
2018-08-07T13:00:00+00:00,7776
2018-08-07T14:00:00+00:00,6513
2018-08-07T15:00:00+00:00,6464
2018-08-07T16:00:00+00:00,4145
2018-08-07T17:00:00+00:00,4748
2018-08-07T18:00:00+00:00,4112
2018-08-07T19:00:00+00:00,2653
2018-08-07T20:00:00+00:00,1318
2018-08-07T21:00:00+00:00,0
2018-08-07T22:00:00+00:00,1260
2018-08-05T15:00:00+00:00,ERROR
2018-07-30T05:00:00+00:00,ERROR
2018-08-07T23:00:00+00:00,ERROR
2018-07-31T09:00:00+00:00,ERROR
2018-08-03T01:00:00+00:00,ERROR
2018-08-03T04:00:00+00:00,ERROR
2018-08-05T00:00:00+00:00,ERROR
2018-08-05T13:00:00+00:00,ERROR
2018-08-08T00:00:00+00:00,ERROR
2018-08-08T01:00:00+00:00,ERROR
2018-08-08T02:00:00+00:00,ERROR
2018-08-08T03:00:00+00:00,ERROR
2018-08-08T04:00:00+00:00,ERROR
2018-08-08T05:00:00+00:00,ERROR
2018-08-08T06:00:00+00:00,ERROR
2018-08-08T07:00:00+00:00,ERROR
2018-08-08T12:00:00+00:00,8234
2018-08-08T13:00:00+00:00,8637
2018-08-08T17:00:00+00:00,6099
2018-08-08T18:00:00+00:00,3402
2018-08-08T19:00:00+00:00,2451
2018-08-08T20:00:00+00:00,1186
2018-08-08T21:00:00+00:00,0
2018-08-08T22:00:00+00:00,1537
2018-08-08T23:00:00+00:00,1477
2018-08-09T00:00:00+00:00,3549
2018-08-09T01:00:00+00:00,4441
2018-08-09T02:00:00+00:00,4818
2018-08-09T03:00:00+00:00,3183
2018-08-09T04:00:00+00:00,2416
2018-08-09T05:00:00+00:00,4478
2018-08-09T06:00:00+00:00,7446
2018-08-09T07:00:00+00:00,7599
2018-08-09T08:00:00+00:00,5694
2018-08-09T09:00:00+00:00,5821
2018-08-09T10:00:00+00:00,5453
2018-08-09T11:00:00+00:00,4256
2018-08-09T12:00:00+00:00,6722
2018-08-09T13:00:00+00:00,7443
2018-08-09T14:00:00+00:00,7740
2018-08-08T08:00:00+00:00,ERROR
2018-08-08T09:00:00+00:00,ERROR
2018-08-08T10:00:00+00:00,ERROR
2018-08-08T11:00:00+00:00,ERROR
2018-08-08T14:00:00+00:00,ERROR
2018-08-08T15:00:00+00:00,ERROR
2018-08-08T16:00:00+00:00,ERROR
2018-08-09T15:00:00+00:00,ERROR
2018-08-09T21:00:00+00:00,0
2018-08-10T00:00:00+00:00,3904
2018-08-10T01:00:00+00:00,4458
2018-08-10T02:00:00+00:00,2756
2018-08-10T03:00:00+00:00,2666
2018-08-10T04:00:00+00:00,3559
2018-08-10T05:00:00+00:00,10519
2018-08-10T06:00:00+00:00,12133
2018-08-10T07:00:00+00:00,10485
2018-08-10T08:00:00+00:00,7687
2018-08-10T09:00:00+00:00,7989
2018-08-10T10:00:00+00:00,6056
2018-08-10T11:00:00+00:00,7149
2018-08-10T12:00:00+00:00,13319
2018-08-10T13:00:00+00:00,13850
2018-08-10T14:00:00+00:00,11419
2018-08-10T15:00:00+00:00,9804
2018-08-10T16:00:00+00:00,6899
2018-08-10T17:00:00+00:00,5377
2018-08-10T18:00:00+00:00,4462
2018-08-10T19:00:00+00:00,6477
2018-08-10T20:00:00+00:00,1915
2018-08-10T21:00:00+00:00,0
2018-08-10T22:00:00+00:00,0
2018-08-10T23:00:00+00:00,0
2018-08-12T00:00:00+00:00,0
2018-08-12T01:00:00+00:00,0
2018-08-12T02:00:00+00:00,0
2018-08-12T03:00:00+00:00,0
2018-08-12T04:00:00+00:00,0
2018-08-12T05:00:00+00:00,0
2018-08-12T06:00:00+00:00,0
2018-08-12T07:00:00+00:00,0
2018-08-12T08:00:00+00:00,0
2018-08-12T09:00:00+00:00,0
2018-08-12T10:00:00+00:00,0
2018-08-12T11:00:00+00:00,0
2018-08-12T12:00:00+00:00,0
2018-08-12T13:00:00+00:00,0
2018-08-12T14:00:00+00:00,0
2018-08-12T15:00:00+00:00,0
2018-08-12T16:00:00+00:00,0
2018-08-12T17:00:00+00:00,0
2018-08-12T18:00:00+00:00,0
2018-08-12T19:00:00+00:00,0
2018-08-12T20:00:00+00:00,0
2018-08-12T21:00:00+00:00,0
2018-08-12T22:00:00+00:00,2413
2018-08-12T23:00:00+00:00,3380
2018-08-13T00:00:00+00:00,6840
2018-08-13T01:00:00+00:00,9261
2018-08-13T02:00:00+00:00,6093
2018-08-13T03:00:00+00:00,4619
2018-08-13T04:00:00+00:00,3958
2018-08-13T05:00:00+00:00,7056
2018-08-13T06:00:00+00:00,8439
2018-08-13T07:00:00+00:00,9874
2018-08-13T08:00:00+00:00,8018
2018-08-13T09:00:00+00:00,7146
2018-08-13T10:00:00+00:00,5889
2018-08-13T11:00:00+00:00,10503
2018-08-13T12:00:00+00:00,13209
2018-08-13T13:00:00+00:00,10376
2018-08-13T14:00:00+00:00,9264
2018-08-13T15:00:00+00:00,9101
2018-08-13T16:00:00+00:00,8691
2018-08-13T17:00:00+00:00,7630
2018-08-13T18:00:00+00:00,4993
2018-08-13T19:00:00+00:00,4467
2018-08-13T20:00:00+00:00,2230
2018-08-13T21:00:00+00:00,0
2018-08-13T22:00:00+00:00,2144
2018-08-13T23:00:00+00:00,2564
2018-08-14T00:00:00+00:00,4574
2018-08-14T01:00:00+00:00,6521
2018-08-09T16:00:00+00:00,ERROR
2018-08-14T02:00:00+00:00,5103
2018-08-09T17:00:00+00:00,ERROR
2018-08-09T18:00:00+00:00,ERROR
2018-08-14T04:00:00+00:00,2677
2018-08-09T19:00:00+00:00,ERROR
2018-08-14T07:00:00+00:00,7368
2018-08-14T09:00:00+00:00,5851
2018-08-14T10:00:00+00:00,4736
2018-08-14T11:00:00+00:00,4470
2018-08-14T12:00:00+00:00,7946
2018-08-14T13:00:00+00:00,9124
2018-08-14T14:00:00+00:00,8875
2018-08-14T15:00:00+00:00,8336
2018-08-14T16:00:00+00:00,6740
2018-08-14T17:00:00+00:00,6923
2018-08-14T18:00:00+00:00,3893
2018-08-14T19:00:00+00:00,2612
2018-08-14T20:00:00+00:00,1601
2018-08-14T06:00:00+00:00,8324
2018-08-14T21:00:00+00:00,0
2018-08-14T22:00:00+00:00,1276
2018-08-14T23:00:00+00:00,2114
2018-08-15T00:00:00+00:00,3775
2018-08-15T01:00:00+00:00,5709
2018-08-15T02:00:00+00:00,5676
2018-08-15T04:00:00+00:00,4538
2018-08-15T03:00:00+00:00,6249
2018-08-15T05:00:00+00:00,4874
2018-08-15T06:00:00+00:00,7388
2018-08-15T07:00:00+00:00,7564
2018-08-15T08:00:00+00:00,6853
2018-08-15T09:00:00+00:00,7230
2018-08-15T10:00:00+00:00,8075
2018-08-15T11:00:00+00:00,8085
2018-08-15T12:00:00+00:00,8689
2018-08-15T13:00:00+00:00,13095
2018-08-15T14:00:00+00:00,13709
2018-08-15T15:00:00+00:00,12074
2018-08-15T16:00:00+00:00,8263
2018-08-15T17:00:00+00:00,7424
2018-08-15T18:00:00+00:00,4271
2018-08-15T19:00:00+00:00,5709
2018-08-15T20:00:00+00:00,2828
2018-08-15T21:00:00+00:00,0
2018-08-15T22:00:00+00:00,1565
2018-08-15T23:00:00+00:00,2645
2018-08-16T00:00:00+00:00,11176
2018-08-16T01:00:00+00:00,14984
2018-08-16T02:00:00+00:00,9089
2018-08-16T03:00:00+00:00,6565
2018-08-16T04:00:00+00:00,4973
2018-08-16T05:00:00+00:00,8896
2018-08-16T06:00:00+00:00,10167
2018-08-16T07:00:00+00:00,9282
2018-08-16T08:00:00+00:00,9519
2018-08-16T09:00:00+00:00,7583
2018-08-16T10:00:00+00:00,6152
2018-08-16T11:00:00+00:00,7043
2018-08-16T12:00:00+00:00,9798
2018-08-16T13:00:00+00:00,11355
2018-08-16T14:00:00+00:00,10014
2018-08-16T15:00:00+00:00,8117
2018-08-16T16:00:00+00:00,8439
2018-08-16T17:00:00+00:00,6663
2018-08-16T18:00:00+00:00,4277
2018-08-16T19:00:00+00:00,3814
2018-08-16T20:00:00+00:00,1947
2018-08-16T21:00:00+00:00,0
2018-08-16T22:00:00+00:00,1991
2018-08-16T23:00:00+00:00,1983
2018-08-17T00:00:00+00:00,7018
2018-08-17T01:00:00+00:00,9685
2018-08-17T02:00:00+00:00,4563
2018-08-17T03:00:00+00:00,3032
2018-08-17T04:00:00+00:00,2355
2018-08-09T20:00:00+00:00,ERROR
2018-08-17T05:00:00+00:00,4363
2018-08-17T06:00:00+00:00,8556
2018-08-17T09:00:00+00:00,7824
2018-08-17T08:00:00+00:00,8506
2018-08-17T10:00:00+00:00,7461
2018-08-17T11:00:00+00:00,5375
2018-08-17T12:00:00+00:00,10142
2018-08-17T13:00:00+00:00,9374
2018-08-17T14:00:00+00:00,8691
2018-08-17T15:00:00+00:00,7506
2018-08-17T16:00:00+00:00,5049
2018-08-17T17:00:00+00:00,4766
2018-08-17T18:00:00+00:00,6541
2018-08-17T19:00:00+00:00,4952
2018-08-17T20:00:00+00:00,2824
2018-08-17T21:00:00+00:00,0
2018-08-17T22:00:00+00:00,0
2018-08-17T23:00:00+00:00,0
2018-08-19T00:00:00+00:00,0
2018-08-19T01:00:00+00:00,0
2018-08-19T02:00:00+00:00,0
2018-08-19T03:00:00+00:00,0
2018-08-19T04:00:00+00:00,0
2018-08-19T05:00:00+00:00,0
2018-08-19T06:00:00+00:00,0
2018-08-19T07:00:00+00:00,0
2018-08-09T22:00:00+00:00,ERROR
2018-08-19T08:00:00+00:00,0
2018-08-19T09:00:00+00:00,0
2018-08-19T11:00:00+00:00,0
2018-08-19T12:00:00+00:00,0
2018-08-19T13:00:00+00:00,0
2018-08-19T14:00:00+00:00,0
2018-08-19T15:00:00+00:00,0
2018-08-19T16:00:00+00:00,0
2018-08-19T17:00:00+00:00,0
2018-08-19T18:00:00+00:00,0
2018-08-19T19:00:00+00:00,0
2018-08-19T20:00:00+00:00,0
2018-08-19T21:00:00+00:00,0
2018-08-19T22:00:00+00:00,2158
2018-08-19T23:00:00+00:00,2311
2018-08-20T00:00:00+00:00,4022
2018-08-20T01:00:00+00:00,5305
2018-08-20T03:00:00+00:00,2712
2018-08-20T04:00:00+00:00,2149
2018-08-20T05:00:00+00:00,2823
2018-08-20T06:00:00+00:00,5733
2018-08-20T07:00:00+00:00,7377
2018-08-20T08:00:00+00:00,6006
2018-08-20T09:00:00+00:00,3923
2018-08-20T10:00:00+00:00,5627
2018-08-20T11:00:00+00:00,5316
2018-08-20T12:00:00+00:00,6718
2018-08-20T13:00:00+00:00,7385
2018-08-20T14:00:00+00:00,7786
2018-08-20T15:00:00+00:00,7058
2018-08-14T08:00:00+00:00,7034
2018-08-20T17:00:00+00:00,4616
2018-08-20T18:00:00+00:00,3847
2018-08-20T19:00:00+00:00,3278
2018-08-20T20:00:00+00:00,2389
2018-08-20T21:00:00+00:00,0
2018-08-20T22:00:00+00:00,1541
2018-08-20T23:00:00+00:00,2121
2018-08-21T00:00:00+00:00,6782
2018-08-21T01:00:00+00:00,5830
2018-08-21T02:00:00+00:00,4412
2018-08-21T03:00:00+00:00,3458
2018-08-21T04:00:00+00:00,3550
2018-08-21T05:00:00+00:00,4572
2018-08-21T06:00:00+00:00,6860
2018-08-21T07:00:00+00:00,6665
2018-08-09T23:00:00+00:00,ERROR
2018-08-21T08:00:00+00:00,7001
2018-08-21T10:00:00+00:00,4643
2018-08-14T03:00:00+00:00,ERROR
2018-08-14T05:00:00+00:00,ERROR
2018-08-17T07:00:00+00:00,ERROR
2018-08-21T14:00:00+00:00,7752
2018-08-21T15:00:00+00:00,7522
2018-08-21T16:00:00+00:00,6138
2018-08-21T17:00:00+00:00,8233
2018-08-21T18:00:00+00:00,5919
2018-08-21T19:00:00+00:00,3267
2018-08-21T20:00:00+00:00,2982
2018-08-21T21:00:00+00:00,0
2018-08-21T22:00:00+00:00,3109
2018-08-21T23:00:00+00:00,2628
2018-08-22T00:00:00+00:00,4218
2018-08-22T01:00:00+00:00,4946
2018-08-22T02:00:00+00:00,4426
2018-08-22T03:00:00+00:00,3554
2018-08-22T04:00:00+00:00,2737
2018-08-21T12:00:00+00:00,8149
2018-08-22T05:00:00+00:00,2951
2018-08-22T07:00:00+00:00,6164
2018-08-22T06:00:00+00:00,7094
2018-08-22T09:00:00+00:00,7045
2018-08-19T10:00:00+00:00,ERROR
2018-08-22T08:00:00+00:00,6557
2018-08-21T13:00:00+00:00,7771
2018-08-22T10:00:00+00:00,5317
2018-08-22T12:00:00+00:00,9154
2018-08-22T13:00:00+00:00,9921
2018-08-22T14:00:00+00:00,9293
2018-08-22T15:00:00+00:00,7108
2018-08-22T16:00:00+00:00,4791
2018-08-22T11:00:00+00:00,8423
2018-08-22T17:00:00+00:00,4270
2018-08-22T18:00:00+00:00,7713
2018-08-22T19:00:00+00:00,3030
2018-08-22T20:00:00+00:00,2088
2018-08-22T21:00:00+00:00,0
2018-08-22T22:00:00+00:00,1495
2018-08-22T23:00:00+00:00,2155
2018-08-23T00:00:00+00:00,5935
2018-08-20T02:00:00+00:00,ERROR
2018-08-23T01:00:00+00:00,6069
2018-08-23T02:00:00+00:00,5552
2018-08-23T03:00:00+00:00,3658
2018-08-23T06:00:00+00:00,7003
2018-08-23T04:00:00+00:00,3560
2018-08-23T07:00:00+00:00,8846
2018-08-23T05:00:00+00:00,3825
2018-08-23T08:00:00+00:00,6388
2018-08-23T09:00:00+00:00,5677
2018-08-23T11:00:00+00:00,5701
2018-08-23T10:00:00+00:00,5642
2018-08-23T12:00:00+00:00,7563
2018-08-23T13:00:00+00:00,9604
2018-08-23T14:00:00+00:00,8797
2018-08-20T16:00:00+00:00,ERROR
2018-08-23T15:00:00+00:00,6695
2018-08-23T16:00:00+00:00,5521
2018-08-23T17:00:00+00:00,5060
2018-08-23T18:00:00+00:00,3955
2018-08-23T19:00:00+00:00,4371
2018-08-23T21:00:00+00:00,0
2018-08-23T22:00:00+00:00,1855
2018-08-23T23:00:00+00:00,2375
2018-08-24T00:00:00+00:00,5520
2018-08-24T02:00:00+00:00,5161
2018-08-24T01:00:00+00:00,6784
2018-08-24T03:00:00+00:00,4333
2018-08-24T04:00:00+00:00,2375
2018-08-23T20:00:00+00:00,2112
2018-08-24T05:00:00+00:00,4929
2018-08-24T06:00:00+00:00,5723
2018-08-24T07:00:00+00:00,5793
2018-08-24T08:00:00+00:00,5908
2018-08-24T09:00:00+00:00,5011
2018-08-21T09:00:00+00:00,ERROR
2018-08-24T10:00:00+00:00,5879
2018-08-24T11:00:00+00:00,6582
2018-08-21T11:00:00+00:00,ERROR
2018-08-24T12:00:00+00:00,6597
2018-08-24T13:00:00+00:00,9194
2018-08-24T14:00:00+00:00,14599
2018-08-24T15:00:00+00:00,9477
2018-08-24T18:00:00+00:00,3747
2018-08-24T20:00:00+00:00,1873
2018-08-24T17:00:00+00:00,6794
2018-08-24T21:00:00+00:00,0
2018-08-24T22:00:00+00:00,0
2018-08-24T23:00:00+00:00,0
2018-08-26T00:00:00+00:00,0
2018-08-26T02:00:00+00:00,0
2018-08-26T01:00:00+00:00,0
2018-08-26T03:00:00+00:00,0
2018-08-24T16:00:00+00:00,5815
2018-08-24T19:00:00+00:00,3991
2018-08-26T04:00:00+00:00,0
2018-08-26T05:00:00+00:00,0
2018-08-26T06:00:00+00:00,0
2018-08-26T07:00:00+00:00,0
2018-08-26T08:00:00+00:00,0
2018-08-26T09:00:00+00:00,0
2018-08-26T10:00:00+00:00,0
2018-08-26T11:00:00+00:00,0
2018-08-26T12:00:00+00:00,0
2018-08-26T13:00:00+00:00,0
2018-08-26T14:00:00+00:00,0
2018-08-26T15:00:00+00:00,0
2018-08-26T16:00:00+00:00,0
2018-08-26T17:00:00+00:00,0
2018-08-26T18:00:00+00:00,0
2018-08-26T19:00:00+00:00,0
2018-08-26T20:00:00+00:00,0
2018-08-26T21:00:00+00:00,0
2018-08-26T22:00:00+00:00,1613
2018-08-26T23:00:00+00:00,3198
2018-08-27T01:00:00+00:00,6434
2018-08-27T02:00:00+00:00,5177
2018-08-27T03:00:00+00:00,4284
2018-08-27T04:00:00+00:00,2699
2018-08-27T00:00:00+00:00,4749
2018-08-27T05:00:00+00:00,3227
2018-08-27T06:00:00+00:00,6196
2018-08-27T07:00:00+00:00,4804
2018-08-27T08:00:00+00:00,4260
2018-08-27T09:00:00+00:00,3919
2018-08-27T10:00:00+00:00,4503
2018-08-27T12:00:00+00:00,6559
2018-08-27T11:00:00+00:00,4986
2018-08-27T15:00:00+00:00,7286
2018-08-27T13:00:00+00:00,6931
2018-08-27T16:00:00+00:00,5566
2018-08-27T14:00:00+00:00,9045
2018-08-27T17:00:00+00:00,4628
2018-08-27T18:00:00+00:00,2854
2018-08-27T19:00:00+00:00,2527
2018-08-27T20:00:00+00:00,1661
2018-08-27T21:00:00+00:00,0
2018-08-27T22:00:00+00:00,1653
2018-08-27T23:00:00+00:00,1814
2018-08-28T00:00:00+00:00,4168
2018-08-28T01:00:00+00:00,5729
2018-08-28T02:00:00+00:00,3640
2018-08-28T03:00:00+00:00,2930
2018-08-28T04:00:00+00:00,2811
2018-08-28T05:00:00+00:00,3822
2018-08-28T06:00:00+00:00,6282
2018-08-28T07:00:00+00:00,6259
2018-08-28T08:00:00+00:00,7082
2018-08-28T09:00:00+00:00,5669
2018-08-28T11:00:00+00:00,7353
2018-08-28T10:00:00+00:00,4690
2018-08-28T13:00:00+00:00,9007
2018-08-28T14:00:00+00:00,11015
2018-08-28T15:00:00+00:00,7100
2018-08-28T16:00:00+00:00,5199
2018-08-28T12:00:00+00:00,8419
2018-08-28T17:00:00+00:00,5774
2018-08-28T18:00:00+00:00,8241
2018-08-28T21:00:00+00:00,0
2018-08-28T19:00:00+00:00,5679
2018-08-28T20:00:00+00:00,2270
2018-08-28T22:00:00+00:00,1958
2018-08-28T23:00:00+00:00,2547
2018-08-29T00:00:00+00:00,4297
2018-08-29T01:00:00+00:00,3629
2018-08-29T03:00:00+00:00,2731
2018-08-29T02:00:00+00:00,4319
2018-08-29T04:00:00+00:00,2378
2018-08-29T05:00:00+00:00,5524
2018-08-29T06:00:00+00:00,7699
2018-08-29T07:00:00+00:00,7881
2018-08-29T08:00:00+00:00,6276
2018-08-29T09:00:00+00:00,5353
2018-08-29T10:00:00+00:00,5133
2018-08-29T11:00:00+00:00,5894
2018-08-29T12:00:00+00:00,7690
2018-08-29T13:00:00+00:00,9168
2018-08-29T14:00:00+00:00,11516
2018-08-29T15:00:00+00:00,7545
2018-08-29T16:00:00+00:00,6571
2018-08-29T17:00:00+00:00,5260
2018-08-29T18:00:00+00:00,3714
2018-08-29T19:00:00+00:00,3129
2018-08-29T20:00:00+00:00,1987
2018-08-29T21:00:00+00:00,0
2018-08-29T22:00:00+00:00,1297
2018-08-29T23:00:00+00:00,2268
2018-08-30T00:00:00+00:00,3633
2018-08-30T01:00:00+00:00,5238
2018-08-30T02:00:00+00:00,3445
2018-08-30T03:00:00+00:00,3993
2018-08-30T04:00:00+00:00,2554
2018-08-30T05:00:00+00:00,5114
2018-08-30T06:00:00+00:00,6294
2018-08-30T07:00:00+00:00,6998
2018-08-30T09:00:00+00:00,5392
2018-08-30T08:00:00+00:00,7384
2018-08-30T10:00:00+00:00,5470
2018-08-30T11:00:00+00:00,5806
2018-08-30T13:00:00+00:00,12414
2018-08-30T14:00:00+00:00,10295
2018-08-30T16:00:00+00:00,6338
2018-08-30T15:00:00+00:00,8341
2018-08-30T18:00:00+00:00,6303
2018-08-30T17:00:00+00:00,5591
2018-08-30T12:00:00+00:00,8643
2018-08-30T20:00:00+00:00,1824
2018-08-30T19:00:00+00:00,4292
2018-08-30T21:00:00+00:00,0
2018-08-30T22:00:00+00:00,1817
2018-08-30T23:00:00+00:00,2073
2018-08-31T00:00:00+00:00,4088
2018-08-31T03:00:00+00:00,3277
2018-08-31T04:00:00+00:00,3322
2018-08-31T05:00:00+00:00,5253
2018-08-31T06:00:00+00:00,5767
2018-08-31T07:00:00+00:00,9669
2018-08-31T08:00:00+00:00,6954
2018-08-31T02:00:00+00:00,4144
2018-08-31T01:00:00+00:00,7003
2018-08-31T09:00:00+00:00,5516
2018-08-31T10:00:00+00:00,5476
2018-08-31T11:00:00+00:00,6889
2018-08-31T12:00:00+00:00,7623
2018-08-31T13:00:00+00:00,8572
2018-08-31T14:00:00+00:00,9046
2018-08-31T15:00:00+00:00,10460
2018-08-31T16:00:00+00:00,7831
2018-08-31T17:00:00+00:00,5728
2018-08-31T18:00:00+00:00,5125
2018-08-31T19:00:00+00:00,5285
2018-08-31T20:00:00+00:00,2214
2018-08-31T21:00:00+00:00,0
2018-08-31T22:00:00+00:00,0
2018-08-31T23:00:00+00:00,0
2018-09-02T00:00:00+00:00,0
2018-09-02T01:00:00+00:00,0
2018-09-02T02:00:00+00:00,0
2018-09-02T03:00:00+00:00,0
2018-09-02T04:00:00+00:00,0
2018-09-02T05:00:00+00:00,0
2018-09-02T06:00:00+00:00,0
2018-09-02T07:00:00+00:00,0
2018-09-02T08:00:00+00:00,0
2018-09-02T09:00:00+00:00,0
2018-09-02T10:00:00+00:00,0
2018-09-02T11:00:00+00:00,0
2018-09-02T12:00:00+00:00,0
2018-09-02T13:00:00+00:00,0
2018-09-02T14:00:00+00:00,0
2018-09-02T15:00:00+00:00,0
2018-09-02T16:00:00+00:00,0
2018-09-02T17:00:00+00:00,0
2018-09-02T18:00:00+00:00,0
2018-09-02T19:00:00+00:00,0
2018-09-02T20:00:00+00:00,0
2018-09-02T21:00:00+00:00,0
2018-09-02T22:00:00+00:00,1299
2018-09-02T23:00:00+00:00,2024
2018-09-03T00:00:00+00:00,4076
2018-09-03T01:00:00+00:00,7015
2018-09-03T02:00:00+00:00,4458
2018-09-03T03:00:00+00:00,3029
2018-09-03T04:00:00+00:00,2553
2018-09-03T05:00:00+00:00,3747
2018-09-03T06:00:00+00:00,5706
2018-09-03T07:00:00+00:00,6452
2018-09-03T08:00:00+00:00,6205
2018-09-03T09:00:00+00:00,5379
2018-09-03T10:00:00+00:00,4880
2018-09-03T11:00:00+00:00,4227
2018-09-03T12:00:00+00:00,5521
2018-09-03T13:00:00+00:00,4683
2018-09-03T14:00:00+00:00,4650
2018-09-03T15:00:00+00:00,2926
2018-09-03T16:00:00+00:00,1723
2018-09-03T17:00:00+00:00,0
2018-09-03T18:00:00+00:00,0
2018-09-03T19:00:00+00:00,0
2018-09-03T21:00:00+00:00,0
2018-09-03T20:00:00+00:00,0
2018-09-03T22:00:00+00:00,1064
2018-09-03T23:00:00+00:00,1419
2018-09-04T00:00:00+00:00,3813
2018-09-04T01:00:00+00:00,6846
2018-09-04T02:00:00+00:00,3979
2018-09-04T03:00:00+00:00,3203
2018-09-04T04:00:00+00:00,4024
2018-09-04T05:00:00+00:00,4327
2018-09-04T06:00:00+00:00,9651
2018-09-04T07:00:00+00:00,8913
2018-09-04T09:00:00+00:00,7412
2018-09-04T08:00:00+00:00,7534
2018-09-04T10:00:00+00:00,6257
2018-09-04T11:00:00+00:00,8146
2018-09-04T12:00:00+00:00,7945
2018-09-04T13:00:00+00:00,11333
2018-09-04T14:00:00+00:00,10642
2018-09-04T15:00:00+00:00,7366
2018-09-04T16:00:00+00:00,6993
2018-09-04T17:00:00+00:00,6061
2018-09-04T18:00:00+00:00,4020
2018-09-04T19:00:00+00:00,2616
2018-09-04T20:00:00+00:00,2436
2018-09-04T21:00:00+00:00,0
2018-09-04T22:00:00+00:00,1125
2018-09-04T23:00:00+00:00,1242
2018-09-05T01:00:00+00:00,6474
2018-09-05T00:00:00+00:00,3324
2018-09-05T02:00:00+00:00,4549
2018-09-05T04:00:00+00:00,2494
2018-09-05T03:00:00+00:00,3815
2018-09-05T05:00:00+00:00,4571
2018-09-05T06:00:00+00:00,7365
2018-09-05T07:00:00+00:00,8252
2018-09-05T08:00:00+00:00,6347
2018-09-05T09:00:00+00:00,6804
2018-09-05T11:00:00+00:00,4516
2018-09-05T10:00:00+00:00,5503
2018-09-05T12:00:00+00:00,6011
2018-09-05T13:00:00+00:00,11184
2018-09-05T14:00:00+00:00,9159
2018-09-05T15:00:00+00:00,8524
2018-09-05T16:00:00+00:00,5085
2018-09-05T17:00:00+00:00,4739
2018-09-05T18:00:00+00:00,3680
2018-09-05T19:00:00+00:00,2873
2018-09-05T20:00:00+00:00,2098
2018-09-05T21:00:00+00:00,0
2018-09-05T22:00:00+00:00,1211
2018-09-05T23:00:00+00:00,1722
2018-09-06T00:00:00+00:00,4820
2018-09-06T01:00:00+00:00,5203
2018-09-06T02:00:00+00:00,3683
2018-09-06T03:00:00+00:00,4305
2018-09-06T04:00:00+00:00,2765
2018-09-06T05:00:00+00:00,4457
2018-09-06T06:00:00+00:00,5783
2018-09-06T07:00:00+00:00,6863
2018-09-06T08:00:00+00:00,8655
2018-09-06T09:00:00+00:00,6922
2018-09-06T10:00:00+00:00,5541
2018-09-06T11:00:00+00:00,5021
2018-09-06T12:00:00+00:00,9410
2018-09-06T13:00:00+00:00,8876
2018-09-06T14:00:00+00:00,10106
2018-09-06T15:00:00+00:00,10850
2018-09-06T16:00:00+00:00,6388
2018-09-06T17:00:00+00:00,4980
2018-09-06T18:00:00+00:00,4766
2018-09-06T19:00:00+00:00,3308
2018-09-06T20:00:00+00:00,2941
2018-09-06T21:00:00+00:00,0
2018-09-06T22:00:00+00:00,934
2018-09-06T23:00:00+00:00,2243
2018-09-07T00:00:00+00:00,4612
2018-09-07T01:00:00+00:00,6037
2018-09-07T02:00:00+00:00,4958
2018-09-07T03:00:00+00:00,5485
2018-09-07T04:00:00+00:00,3726
2018-09-07T05:00:00+00:00,4772
2018-09-07T06:00:00+00:00,8137
2018-09-07T07:00:00+00:00,7422
2018-09-07T08:00:00+00:00,6164
2018-09-07T09:00:00+00:00,5748
2018-09-07T10:00:00+00:00,6937
2018-09-07T11:00:00+00:00,6764
2018-09-07T12:00:00+00:00,12801
2018-09-07T13:00:00+00:00,12157
2018-09-07T14:00:00+00:00,11050
2018-09-07T15:00:00+00:00,7058
2018-09-07T16:00:00+00:00,9919
2018-09-07T17:00:00+00:00,5613
2018-09-07T18:00:00+00:00,4174
2018-09-07T19:00:00+00:00,3128
2018-09-07T20:00:00+00:00,1816
2018-09-07T21:00:00+00:00,0
2018-09-07T22:00:00+00:00,0
2018-09-07T23:00:00+00:00,0
2018-09-09T00:00:00+00:00,0
2018-09-09T01:00:00+00:00,0
2018-09-09T02:00:00+00:00,0
2018-09-09T03:00:00+00:00,0
2018-09-09T04:00:00+00:00,0
2018-09-09T05:00:00+00:00,0
2018-09-09T06:00:00+00:00,0
2018-09-09T07:00:00+00:00,0
2018-09-09T08:00:00+00:00,0
2018-09-09T09:00:00+00:00,0
2018-09-09T10:00:00+00:00,0
2018-09-09T11:00:00+00:00,0
2018-09-09T13:00:00+00:00,0
2018-09-09T12:00:00+00:00,0
2018-09-09T14:00:00+00:00,0
2018-09-09T17:00:00+00:00,0
2018-09-09T18:00:00+00:00,0
2018-09-09T16:00:00+00:00,0
2018-09-09T15:00:00+00:00,0
2018-09-09T19:00:00+00:00,0
2018-09-09T20:00:00+00:00,0
2018-09-09T21:00:00+00:00,0
2018-09-09T22:00:00+00:00,1831
2018-09-10T00:00:00+00:00,3924
2018-09-10T01:00:00+00:00,6437
2018-09-10T02:00:00+00:00,4693
2018-09-09T23:00:00+00:00,1974
2018-09-10T03:00:00+00:00,3698
2018-09-10T04:00:00+00:00,3534
2018-09-10T05:00:00+00:00,3004
2018-09-10T06:00:00+00:00,6228
2018-09-10T07:00:00+00:00,7488
2018-09-10T08:00:00+00:00,6298
2018-09-10T09:00:00+00:00,5343
2018-09-10T10:00:00+00:00,5008
2018-09-10T11:00:00+00:00,4789
2018-09-10T12:00:00+00:00,7439
2018-09-10T13:00:00+00:00,10144
2018-09-10T14:00:00+00:00,8429
2018-09-10T15:00:00+00:00,5814
2018-09-10T16:00:00+00:00,5119
2018-09-10T18:00:00+00:00,2824
2018-09-10T17:00:00+00:00,5174
2018-09-10T19:00:00+00:00,2035
2018-09-10T20:00:00+00:00,1428
2018-09-10T21:00:00+00:00,0
2018-09-10T22:00:00+00:00,1047
2018-09-10T23:00:00+00:00,1234
2018-09-11T00:00:00+00:00,3538
2018-09-11T01:00:00+00:00,4358
2018-09-11T02:00:00+00:00,2865
2018-09-11T03:00:00+00:00,3094
2018-09-11T04:00:00+00:00,1900
2018-09-11T05:00:00+00:00,3782
2018-09-11T06:00:00+00:00,5595
2018-09-11T07:00:00+00:00,6245
2018-09-11T08:00:00+00:00,6944
2018-09-11T09:00:00+00:00,6294
2018-09-11T10:00:00+00:00,5028
2018-09-11T11:00:00+00:00,4524
2018-09-11T12:00:00+00:00,10356
2018-09-11T13:00:00+00:00,9496
2018-09-11T14:00:00+00:00,9421
2018-09-11T15:00:00+00:00,6850
2018-09-11T16:00:00+00:00,5903
2018-09-11T17:00:00+00:00,5537
2018-09-11T18:00:00+00:00,3318
2018-09-11T19:00:00+00:00,2635
2018-09-11T20:00:00+00:00,2610
2018-09-11T21:00:00+00:00,0
2018-09-11T22:00:00+00:00,1435
2018-09-11T23:00:00+00:00,1633
2018-09-12T00:00:00+00:00,3506
2018-09-12T01:00:00+00:00,4403
2018-09-12T02:00:00+00:00,3718
2018-09-12T03:00:00+00:00,2822
2018-09-12T04:00:00+00:00,2637
2018-09-12T05:00:00+00:00,3758
2018-09-12T06:00:00+00:00,5830
2018-09-12T07:00:00+00:00,7327
2018-09-12T08:00:00+00:00,7636
2018-09-12T09:00:00+00:00,6415
2018-09-12T10:00:00+00:00,5503
2018-09-12T11:00:00+00:00,7912
2018-09-12T12:00:00+00:00,8467
2018-09-12T13:00:00+00:00,9279
2018-09-12T14:00:00+00:00,9365
2018-09-12T15:00:00+00:00,11928
2018-09-12T16:00:00+00:00,8265
2018-09-12T17:00:00+00:00,7041
2018-09-12T18:00:00+00:00,5425
2018-09-12T19:00:00+00:00,4087
2018-09-12T20:00:00+00:00,1582
2018-09-12T21:00:00+00:00,0
2018-09-12T22:00:00+00:00,1238
2018-09-12T23:00:00+00:00,1310
2018-09-13T00:00:00+00:00,3630
2018-09-13T01:00:00+00:00,4468
2018-09-13T02:00:00+00:00,3112
2018-09-13T03:00:00+00:00,2368
2018-09-13T04:00:00+00:00,2368
2018-09-13T05:00:00+00:00,2945
2018-09-13T06:00:00+00:00,4943
2018-09-13T07:00:00+00:00,6678
2018-09-13T08:00:00+00:00,5717
2018-09-13T09:00:00+00:00,5436
2018-09-13T10:00:00+00:00,4401
2018-09-13T11:00:00+00:00,6958
2018-09-13T12:00:00+00:00,11535
2018-09-13T13:00:00+00:00,11403
2018-09-13T14:00:00+00:00,13623
2018-09-13T15:00:00+00:00,8826
2018-09-13T16:00:00+00:00,6241
2018-09-13T18:00:00+00:00,4594
2018-09-13T17:00:00+00:00,5698
2018-09-13T19:00:00+00:00,3877
2018-09-13T20:00:00+00:00,1789
2018-09-13T21:00:00+00:00,0
2018-09-13T22:00:00+00:00,2910
2018-09-13T23:00:00+00:00,1778
2018-09-14T00:00:00+00:00,3194
2018-09-14T01:00:00+00:00,3779
2018-09-14T02:00:00+00:00,3277
2018-09-14T03:00:00+00:00,3308
2018-09-14T04:00:00+00:00,2822
2018-09-14T05:00:00+00:00,2867
2018-09-14T06:00:00+00:00,6004
2018-09-14T07:00:00+00:00,7014
2018-09-14T08:00:00+00:00,6316
2018-09-14T09:00:00+00:00,5180
2018-09-14T10:00:00+00:00,4539
2018-09-14T11:00:00+00:00,6069
2018-09-14T12:00:00+00:00,9870
2018-09-14T13:00:00+00:00,9626
2018-09-14T14:00:00+00:00,10474
2018-09-14T15:00:00+00:00,9262
2018-09-14T18:00:00+00:00,4578
2018-09-14T16:00:00+00:00,10424
2018-09-14T17:00:00+00:00,6772
2018-09-14T19:00:00+00:00,3129
2018-09-14T20:00:00+00:00,2238
2018-09-14T21:00:00+00:00,0
2018-09-14T23:00:00+00:00,0
2018-09-14T22:00:00+00:00,0
2018-09-16T00:00:00+00:00,0
2018-09-16T01:00:00+00:00,0
2018-09-16T02:00:00+00:00,0
2018-09-16T03:00:00+00:00,0
2018-09-16T04:00:00+00:00,0
2018-09-16T05:00:00+00:00,0
2018-09-16T06:00:00+00:00,0
2018-09-16T07:00:00+00:00,0
2018-09-16T08:00:00+00:00,0
2018-09-16T09:00:00+00:00,0
2018-09-16T11:00:00+00:00,0
2018-09-16T10:00:00+00:00,0
2018-09-16T12:00:00+00:00,0
2018-09-16T13:00:00+00:00,0
2018-09-16T14:00:00+00:00,0
2018-09-16T15:00:00+00:00,0
2018-09-16T17:00:00+00:00,0
2018-09-16T16:00:00+00:00,0
2018-09-16T18:00:00+00:00,0
2018-09-16T19:00:00+00:00,0
2018-09-16T20:00:00+00:00,0
2018-09-16T21:00:00+00:00,0
2018-09-16T22:00:00+00:00,1215
2018-09-16T23:00:00+00:00,1646
2018-09-17T00:00:00+00:00,2559
2018-09-17T02:00:00+00:00,2919
2018-09-17T03:00:00+00:00,2528
2018-09-17T01:00:00+00:00,4382
2018-09-17T04:00:00+00:00,2470
2018-09-17T05:00:00+00:00,3025
2018-09-17T06:00:00+00:00,5396
2018-09-17T07:00:00+00:00,6518
2018-09-17T08:00:00+00:00,6108
2018-09-17T10:00:00+00:00,5980
2018-09-17T09:00:00+00:00,5749
2018-09-17T12:00:00+00:00,8177
2018-09-17T11:00:00+00:00,6139
2018-09-17T13:00:00+00:00,9523
2018-09-17T14:00:00+00:00,9402
2018-09-17T15:00:00+00:00,7961
2018-09-17T16:00:00+00:00,5232
2018-09-17T17:00:00+00:00,5452
2018-09-17T19:00:00+00:00,4233
2018-09-17T18:00:00+00:00,3563
2018-09-17T20:00:00+00:00,2131
2018-09-17T22:00:00+00:00,2471
2018-09-17T21:00:00+00:00,0
2018-09-17T23:00:00+00:00,3780
2018-09-18T00:00:00+00:00,3824
2018-09-18T01:00:00+00:00,6130
2018-09-18T02:00:00+00:00,3825
2018-09-18T03:00:00+00:00,6041
2018-09-18T04:00:00+00:00,2807
2018-09-18T05:00:00+00:00,4638
2018-09-18T06:00:00+00:00,7509
2018-09-18T07:00:00+00:00,8982
2018-09-18T08:00:00+00:00,6121
2018-09-18T09:00:00+00:00,5838
2018-09-18T10:00:00+00:00,5221
2018-09-18T11:00:00+00:00,6645
2018-09-18T12:00:00+00:00,8989
2018-09-18T13:00:00+00:00,11942
2018-09-18T14:00:00+00:00,11678
2018-09-18T15:00:00+00:00,6870
2018-09-18T16:00:00+00:00,6602
2018-09-18T17:00:00+00:00,5352
2018-09-18T18:00:00+00:00,3721
2018-09-18T19:00:00+00:00,3245
2018-09-18T20:00:00+00:00,1884
2018-09-18T21:00:00+00:00,0
2018-09-18T22:00:00+00:00,1597
2018-09-18T23:00:00+00:00,1415
2018-09-19T00:00:00+00:00,3250
2018-09-19T01:00:00+00:00,3372
2018-09-19T03:00:00+00:00,4750
2018-09-19T04:00:00+00:00,3539
2018-09-19T02:00:00+00:00,3234
2018-09-19T05:00:00+00:00,5081
2018-09-19T06:00:00+00:00,6405
2018-09-19T07:00:00+00:00,6400
2018-09-19T08:00:00+00:00,7155
2018-09-19T09:00:00+00:00,4093
2018-09-19T10:00:00+00:00,4565
2018-09-19T11:00:00+00:00,6517
2018-09-19T12:00:00+00:00,9000
2018-09-19T13:00:00+00:00,10355
2018-09-19T14:00:00+00:00,10778
2018-09-19T15:00:00+00:00,9189
2018-09-19T16:00:00+00:00,5066
2018-09-19T17:00:00+00:00,5412
2018-09-19T18:00:00+00:00,2886
2018-09-19T19:00:00+00:00,2397
2018-09-19T20:00:00+00:00,1317
2018-09-19T21:00:00+00:00,0
2018-09-19T22:00:00+00:00,1868
2018-09-19T23:00:00+00:00,1818
2018-09-20T00:00:00+00:00,2677
2018-09-20T01:00:00+00:00,4691
2018-09-20T02:00:00+00:00,3233
2018-09-20T03:00:00+00:00,2519
2018-09-20T04:00:00+00:00,2351
2018-09-20T05:00:00+00:00,3126
2018-09-20T06:00:00+00:00,5855
2018-09-20T07:00:00+00:00,7132
2018-09-20T08:00:00+00:00,6920
2018-09-20T09:00:00+00:00,5601
2018-09-20T10:00:00+00:00,6113
2018-09-20T11:00:00+00:00,8242
2018-09-20T12:00:00+00:00,11104
2018-09-20T13:00:00+00:00,11451
2018-09-20T14:00:00+00:00,9892
2018-09-20T15:00:00+00:00,9248
2018-09-20T16:00:00+00:00,6604
2018-09-20T17:00:00+00:00,6528
2018-09-20T18:00:00+00:00,3738
2018-09-20T19:00:00+00:00,3768
2018-09-20T20:00:00+00:00,1839
2018-09-20T21:00:00+00:00,0
2018-09-20T23:00:00+00:00,2199
2018-09-21T00:00:00+00:00,4465
2018-09-21T01:00:00+00:00,5130
2018-09-21T02:00:00+00:00,3962
2018-09-21T03:00:00+00:00,4065
2018-09-21T04:00:00+00:00,2404
2018-09-21T05:00:00+00:00,3843
2018-09-21T06:00:00+00:00,6337
2018-09-21T07:00:00+00:00,10530
2018-09-21T08:00:00+00:00,8061
2018-09-21T09:00:00+00:00,5758
2018-09-21T10:00:00+00:00,7152
2018-09-21T11:00:00+00:00,5797
2018-09-21T12:00:00+00:00,10744
2018-09-21T13:00:00+00:00,12941
2018-09-20T22:00:00+00:00,1134
2018-09-21T14:00:00+00:00,10498
2018-09-21T15:00:00+00:00,7304
2018-09-21T16:00:00+00:00,6572
2018-09-21T17:00:00+00:00,5783
2018-09-21T18:00:00+00:00,3896
2018-09-21T19:00:00+00:00,3391
2018-09-21T20:00:00+00:00,1518
2018-09-21T21:00:00+00:00,0
2018-09-21T22:00:00+00:00,0
2018-09-21T23:00:00+00:00,0
2018-09-23T00:00:00+00:00,0
2018-09-23T01:00:00+00:00,0
2018-09-23T02:00:00+00:00,0
2018-09-23T03:00:00+00:00,0
2018-09-23T04:00:00+00:00,0
2018-09-23T05:00:00+00:00,0
2018-09-23T06:00:00+00:00,0
2018-09-23T07:00:00+00:00,0
2018-09-23T08:00:00+00:00,0
2018-09-23T09:00:00+00:00,0
2018-09-23T10:00:00+00:00,0
2018-09-23T11:00:00+00:00,0
2018-09-23T12:00:00+00:00,0
2018-09-23T13:00:00+00:00,0
2018-09-23T14:00:00+00:00,0
2018-09-23T15:00:00+00:00,0
2018-09-23T16:00:00+00:00,0
2018-09-23T17:00:00+00:00,0
2018-09-23T18:00:00+00:00,0
2018-09-23T19:00:00+00:00,0
2018-09-23T20:00:00+00:00,0
2018-09-23T21:00:00+00:00,0
2018-09-23T22:00:00+00:00,1335
2018-09-23T23:00:00+00:00,1529
2018-09-24T00:00:00+00:00,2697
2018-09-24T02:00:00+00:00,2466
2018-09-24T01:00:00+00:00,3718
2018-09-24T03:00:00+00:00,2110
2018-09-24T04:00:00+00:00,1709
2018-09-24T05:00:00+00:00,3309
2018-09-24T06:00:00+00:00,5624
2018-09-24T07:00:00+00:00,5950
2018-09-24T08:00:00+00:00,6187
2018-09-24T10:00:00+00:00,4179
2018-09-24T09:00:00+00:00,4773
2018-09-24T11:00:00+00:00,4798
2018-09-24T12:00:00+00:00,6393
2018-09-24T13:00:00+00:00,10622
2018-09-24T14:00:00+00:00,9647
2018-09-24T15:00:00+00:00,7872
2018-09-24T16:00:00+00:00,4639
2018-09-24T17:00:00+00:00,4849
2018-09-24T18:00:00+00:00,2944
2018-09-24T19:00:00+00:00,2569
2018-09-24T20:00:00+00:00,1132
2018-09-24T21:00:00+00:00,0
2018-09-24T22:00:00+00:00,1051
2018-09-24T23:00:00+00:00,1389
2018-09-25T00:00:00+00:00,2575
2018-09-25T02:00:00+00:00,3481
2018-09-25T01:00:00+00:00,4373
2018-09-25T03:00:00+00:00,2006
2018-09-25T04:00:00+00:00,2402
2018-09-25T05:00:00+00:00,3370
2018-09-25T06:00:00+00:00,6794
2018-09-25T07:00:00+00:00,7881
2018-09-25T08:00:00+00:00,6555
2018-09-25T09:00:00+00:00,4990
2018-09-25T10:00:00+00:00,4120
2018-09-25T11:00:00+00:00,5817
2018-09-25T12:00:00+00:00,6765
2018-09-25T13:00:00+00:00,8351
2018-09-25T14:00:00+00:00,8807
2018-09-25T15:00:00+00:00,7797
2018-09-25T16:00:00+00:00,4376
2018-09-25T17:00:00+00:00,4922
2018-09-25T18:00:00+00:00,2663
2018-09-25T19:00:00+00:00,2104
2018-09-25T20:00:00+00:00,1285
2018-09-25T21:00:00+00:00,0
2018-09-25T22:00:00+00:00,933
2018-09-25T23:00:00+00:00,1155
2018-09-26T00:00:00+00:00,3040
2018-09-26T01:00:00+00:00,4331
2018-09-26T02:00:00+00:00,3249
2018-09-26T03:00:00+00:00,2855
2018-09-26T04:00:00+00:00,2325
2018-09-26T05:00:00+00:00,2742
2018-09-26T06:00:00+00:00,6133
2018-09-26T07:00:00+00:00,6544
2018-09-26T08:00:00+00:00,4874
2018-09-26T09:00:00+00:00,5179
2018-09-26T10:00:00+00:00,5187
2018-09-26T11:00:00+00:00,5717
2018-09-26T12:00:00+00:00,7269
2018-09-26T13:00:00+00:00,7667
2018-09-26T14:00:00+00:00,8955
2018-09-26T16:00:00+00:00,4538
2018-09-26T15:00:00+00:00,6199
2018-09-26T17:00:00+00:00,5909
2018-09-26T18:00:00+00:00,13645
2018-09-26T19:00:00+00:00,8481
2018-09-26T20:00:00+00:00,2339
2018-09-26T21:00:00+00:00,0
2018-09-26T22:00:00+00:00,756
2018-09-26T23:00:00+00:00,645
2018-09-27T00:00:00+00:00,2486
2018-09-27T01:00:00+00:00,1603
2018-09-27T02:00:00+00:00,1601
2018-09-27T03:00:00+00:00,1243
2018-09-27T04:00:00+00:00,803
2018-09-27T05:00:00+00:00,3595
2018-09-27T06:00:00+00:00,4101
2018-09-27T07:00:00+00:00,8913
2018-09-27T09:00:00+00:00,6332
2018-09-27T08:00:00+00:00,6666
2018-09-27T10:00:00+00:00,5730
2018-09-27T11:00:00+00:00,6517
2018-09-27T12:00:00+00:00,10578
2018-09-27T13:00:00+00:00,10265
2018-09-27T14:00:00+00:00,11097
2018-09-27T15:00:00+00:00,9353
2018-09-27T16:00:00+00:00,7203
2018-09-27T17:00:00+00:00,6122
2018-09-27T18:00:00+00:00,4392
2018-09-27T19:00:00+00:00,4662
2018-09-27T20:00:00+00:00,2142
2018-09-27T21:00:00+00:00,0
2018-09-27T22:00:00+00:00,1682
2018-09-27T23:00:00+00:00,1708
2018-09-28T00:00:00+00:00,3370
2018-09-28T01:00:00+00:00,5057
2018-09-28T03:00:00+00:00,3318
2018-09-28T02:00:00+00:00,3690
2018-09-28T04:00:00+00:00,4144
2018-09-28T05:00:00+00:00,4100
2018-09-28T06:00:00+00:00,7567
2018-09-28T07:00:00+00:00,7956
2018-09-28T08:00:00+00:00,7213
2018-09-28T09:00:00+00:00,7364
2018-09-28T10:00:00+00:00,7013
2018-09-28T11:00:00+00:00,6229
2018-09-28T12:00:00+00:00,8684
2018-09-28T13:00:00+00:00,10144
2018-09-28T14:00:00+00:00,9977
2018-09-28T15:00:00+00:00,10094
2018-09-28T16:00:00+00:00,7091
2018-09-28T17:00:00+00:00,6404
2018-09-28T18:00:00+00:00,4993
2018-09-28T19:00:00+00:00,4908
2018-09-28T20:00:00+00:00,1906
2018-09-28T21:00:00+00:00,0
2018-09-28T22:00:00+00:00,0
2018-09-28T23:00:00+00:00,0
2018-09-30T00:00:00+00:00,0
2018-09-30T01:00:00+00:00,0
2018-09-30T02:00:00+00:00,0
2018-09-30T03:00:00+00:00,0
2018-09-30T04:00:00+00:00,0
2018-09-30T05:00:00+00:00,0
2018-09-30T06:00:00+00:00,0
2018-09-30T08:00:00+00:00,0
2018-09-30T09:00:00+00:00,0
2018-09-30T11:00:00+00:00,0
2018-09-30T10:00:00+00:00,0
2018-09-30T13:00:00+00:00,0
2018-09-30T14:00:00+00:00,0
2018-09-30T15:00:00+00:00,0
2018-09-30T16:00:00+00:00,0
2018-09-30T17:00:00+00:00,0
2018-09-30T18:00:00+00:00,0
2018-09-30T19:00:00+00:00,0
2018-09-30T20:00:00+00:00,0
2018-09-30T21:00:00+00:00,0
2018-09-30T22:00:00+00:00,1578
2018-09-30T23:00:00+00:00,2394
2018-10-01T00:00:00+00:00,4233
2018-10-01T01:00:00+00:00,5388
2018-10-01T02:00:00+00:00,3932
2018-10-01T03:00:00+00:00,2991
2018-09-30T07:00:00+00:00,0
2018-10-01T04:00:00+00:00,2790
2018-10-01T05:00:00+00:00,3705
2018-10-01T06:00:00+00:00,6398
2018-10-01T07:00:00+00:00,7420
2018-10-01T08:00:00+00:00,6201
2018-10-01T09:00:00+00:00,6464
2018-10-01T10:00:00+00:00,5242
2018-10-01T11:00:00+00:00,6146
2018-10-01T12:00:00+00:00,9294
2018-10-01T13:00:00+00:00,9454
2018-10-01T14:00:00+00:00,10830
2018-10-01T15:00:00+00:00,9034
2018-10-01T16:00:00+00:00,6480
2018-10-01T17:00:00+00:00,5324
2018-10-01T18:00:00+00:00,3198
2018-10-01T20:00:00+00:00,1632
2018-10-01T21:00:00+00:00,0
2018-10-01T22:00:00+00:00,1133
2018-10-01T23:00:00+00:00,2040
2018-10-02T00:00:00+00:00,3166
2018-10-02T01:00:00+00:00,4882
2018-10-02T02:00:00+00:00,3295
2018-10-02T03:00:00+00:00,2437
2018-10-02T04:00:00+00:00,3215
2018-10-02T05:00:00+00:00,5120
2018-10-02T06:00:00+00:00,7695
2018-10-02T07:00:00+00:00,8566
2018-10-02T09:00:00+00:00,7264
2018-10-02T10:00:00+00:00,6275
2018-10-02T11:00:00+00:00,6690
2018-10-02T12:00:00+00:00,10312
2018-10-02T13:00:00+00:00,13015
2018-10-02T15:00:00+00:00,9469
2018-10-02T16:00:00+00:00,8467
2018-10-02T17:00:00+00:00,6375
2018-10-02T18:00:00+00:00,4206
2018-10-02T14:00:00+00:00,11898
2018-10-02T20:00:00+00:00,2072
2018-10-02T21:00:00+00:00,0
2018-10-02T22:00:00+00:00,1522
2018-10-02T23:00:00+00:00,1714
2018-10-03T00:00:00+00:00,4778
2018-10-03T01:00:00+00:00,5622
2018-10-03T03:00:00+00:00,3549
2018-10-03T05:00:00+00:00,4869
2018-10-03T06:00:00+00:00,7510
2018-10-03T07:00:00+00:00,6928
2018-10-03T08:00:00+00:00,5922
2018-10-03T09:00:00+00:00,6661
2018-10-03T10:00:00+00:00,5792
2018-10-03T11:00:00+00:00,6497
2018-10-03T12:00:00+00:00,9244
2018-10-03T13:00:00+00:00,8890
2018-10-03T14:00:00+00:00,11719
2018-10-03T15:00:00+00:00,9831
2018-10-03T16:00:00+00:00,6816
2018-10-03T17:00:00+00:00,8189
2018-10-03T18:00:00+00:00,6046
2018-10-03T19:00:00+00:00,4358
2018-10-03T21:00:00+00:00,0
2018-10-03T22:00:00+00:00,1849
2018-10-03T20:00:00+00:00,2864
2018-10-03T23:00:00+00:00,2479
2018-10-04T00:00:00+00:00,5061
2018-10-04T02:00:00+00:00,3902
2018-10-04T01:00:00+00:00,4783
2018-10-04T03:00:00+00:00,3694
2018-10-04T04:00:00+00:00,4488
2018-10-04T05:00:00+00:00,5114
2018-10-04T06:00:00+00:00,7990
2018-10-04T07:00:00+00:00,9238
2018-10-04T08:00:00+00:00,6670
2018-10-04T09:00:00+00:00,6169
2018-10-04T10:00:00+00:00,5458
2018-10-04T12:00:00+00:00,10576
2018-10-04T11:00:00+00:00,8126
2018-10-04T14:00:00+00:00,12253
2018-10-04T13:00:00+00:00,10735
2018-10-04T15:00:00+00:00,10722
2018-10-04T16:00:00+00:00,10551
2018-10-04T17:00:00+00:00,7984
2018-10-04T18:00:00+00:00,5995
2018-10-04T19:00:00+00:00,4463
2018-10-04T21:00:00+00:00,0
2018-10-04T20:00:00+00:00,1939
2018-10-04T22:00:00+00:00,1074
2018-10-04T23:00:00+00:00,2104
2018-10-05T00:00:00+00:00,4344
2018-10-05T02:00:00+00:00,2424
2018-10-05T03:00:00+00:00,1943
2018-10-05T04:00:00+00:00,1950
2018-10-05T05:00:00+00:00,2268
2018-10-05T06:00:00+00:00,5485
2018-10-05T07:00:00+00:00,7723
2018-10-05T08:00:00+00:00,6193
2018-10-05T09:00:00+00:00,6280
2018-10-05T10:00:00+00:00,5217
2018-10-05T11:00:00+00:00,4609
2018-10-05T12:00:00+00:00,13817
2018-10-05T13:00:00+00:00,13167
2018-10-05T14:00:00+00:00,12561
2018-10-05T15:00:00+00:00,11354
2018-10-05T16:00:00+00:00,8278
2018-10-05T17:00:00+00:00,5409
2018-10-05T18:00:00+00:00,4513
2018-10-05T19:00:00+00:00,4956
2018-10-05T20:00:00+00:00,2067
2018-10-05T21:00:00+00:00,0
2018-10-05T22:00:00+00:00,0
2018-10-05T23:00:00+00:00,0
2018-10-07T00:00:00+00:00,0
2018-10-07T01:00:00+00:00,0
2018-10-07T02:00:00+00:00,0
2018-10-07T03:00:00+00:00,0
2018-10-07T04:00:00+00:00,0
2018-10-07T05:00:00+00:00,0
2018-10-07T06:00:00+00:00,0
2018-10-07T07:00:00+00:00,0
2018-10-07T08:00:00+00:00,0
2018-10-07T09:00:00+00:00,0
2018-10-07T10:00:00+00:00,0
2018-10-07T11:00:00+00:00,0
2018-10-07T12:00:00+00:00,0
2018-10-07T13:00:00+00:00,0
2018-10-07T14:00:00+00:00,0
2018-10-07T15:00:00+00:00,0
2018-10-07T16:00:00+00:00,0
2018-10-07T17:00:00+00:00,0
2018-10-07T18:00:00+00:00,0
2018-10-07T19:00:00+00:00,0
2018-10-07T20:00:00+00:00,0
2018-10-07T21:00:00+00:00,0
2018-10-07T22:00:00+00:00,1155
2018-10-07T23:00:00+00:00,1960
2018-10-08T00:00:00+00:00,3312
2018-10-08T01:00:00+00:00,7714
2018-10-08T02:00:00+00:00,5183
2018-10-08T03:00:00+00:00,2844
2018-10-08T04:00:00+00:00,2825
2018-10-08T05:00:00+00:00,3497
2018-10-08T06:00:00+00:00,5435
2018-10-08T07:00:00+00:00,6006
2018-10-08T08:00:00+00:00,7324
2018-10-08T09:00:00+00:00,5621
2018-10-08T10:00:00+00:00,4407
2018-10-08T11:00:00+00:00,5139
2018-10-08T12:00:00+00:00,10321
2018-10-08T13:00:00+00:00,9869
2018-10-08T14:00:00+00:00,10638
2018-10-08T15:00:00+00:00,7235
2018-10-08T16:00:00+00:00,6384
2018-10-08T17:00:00+00:00,6232
2018-10-08T18:00:00+00:00,5273
2018-10-08T19:00:00+00:00,5163
2018-09-30T12:00:00+00:00,ERROR
2018-10-01T19:00:00+00:00,ERROR
2018-10-02T08:00:00+00:00,ERROR
2018-10-02T19:00:00+00:00,ERROR
2018-10-03T02:00:00+00:00,ERROR
2018-10-03T04:00:00+00:00,ERROR
2018-10-05T01:00:00+00:00,ERROR
2018-10-08T20:00:00+00:00,ERROR
2018-10-08T21:00:00+00:00,ERROR
2018-10-08T22:00:00+00:00,ERROR
2018-10-08T23:00:00+00:00,ERROR
2018-10-09T00:00:00+00:00,ERROR
2018-10-09T01:00:00+00:00,ERROR
2018-10-09T02:00:00+00:00,ERROR
2018-10-09T03:00:00+00:00,ERROR
2018-10-09T04:00:00+00:00,ERROR
2018-10-09T05:00:00+00:00,ERROR
2018-10-09T06:00:00+00:00,ERROR
2018-10-09T07:00:00+00:00,ERROR
2018-10-09T08:00:00+00:00,ERROR
2018-10-09T09:00:00+00:00,ERROR
2018-10-09T10:00:00+00:00,ERROR
2018-10-09T11:00:00+00:00,ERROR
2018-10-09T12:00:00+00:00,ERROR
2018-10-09T20:00:00+00:00,1630
2018-10-09T21:00:00+00:00,0
2018-10-09T22:00:00+00:00,1231
2018-10-09T23:00:00+00:00,1756
2018-10-10T00:00:00+00:00,3746
2018-10-10T01:00:00+00:00,4903
2018-10-10T02:00:00+00:00,4021
2018-10-10T03:00:00+00:00,2904
2018-10-10T04:00:00+00:00,2434
2018-10-10T05:00:00+00:00,3564
2018-10-10T06:00:00+00:00,6129
2018-10-10T07:00:00+00:00,7142
2018-10-10T08:00:00+00:00,5497
2018-10-10T09:00:00+00:00,6275
2018-10-10T10:00:00+00:00,5558
2018-10-10T11:00:00+00:00,5820
2018-10-10T12:00:00+00:00,8338
2018-10-10T13:00:00+00:00,10682
2018-10-10T14:00:00+00:00,12710
2018-10-10T15:00:00+00:00,9892
2018-10-10T16:00:00+00:00,6659
2018-10-10T17:00:00+00:00,7104
2018-10-10T18:00:00+00:00,6639
2018-10-10T19:00:00+00:00,8092
2018-10-10T20:00:00+00:00,3573
2018-10-10T21:00:00+00:00,0
2018-10-10T22:00:00+00:00,1936
2018-10-10T23:00:00+00:00,3119
2018-10-11T00:00:00+00:00,5694
2018-10-11T01:00:00+00:00,8879
2018-10-11T02:00:00+00:00,7022
2018-10-11T03:00:00+00:00,4259
2018-10-11T04:00:00+00:00,4175
2018-10-11T05:00:00+00:00,4812
2018-10-11T06:00:00+00:00,9393
2018-10-11T07:00:00+00:00,10267
2018-10-11T08:00:00+00:00,7536
2018-10-11T09:00:00+00:00,8635
2018-10-11T10:00:00+00:00,9261
2018-10-11T11:00:00+00:00,7977
2018-10-11T12:00:00+00:00,13818
2018-10-11T13:00:00+00:00,15328
2018-10-11T14:00:00+00:00,14825
2018-10-11T15:00:00+00:00,15193
2018-10-11T16:00:00+00:00,10702
2018-10-11T17:00:00+00:00,10935
2018-10-11T18:00:00+00:00,12280
2018-10-11T19:00:00+00:00,10990
2018-10-11T20:00:00+00:00,3544
2018-10-11T21:00:00+00:00,0
2018-10-11T22:00:00+00:00,1739
2018-10-11T23:00:00+00:00,3041
2018-10-12T00:00:00+00:00,5971
2018-10-12T01:00:00+00:00,5705
2018-10-12T02:00:00+00:00,5067
2018-10-12T03:00:00+00:00,3835
2018-10-12T04:00:00+00:00,3681
2018-10-12T05:00:00+00:00,5616
2018-10-12T06:00:00+00:00,7471
2018-10-12T07:00:00+00:00,6594
2018-10-12T08:00:00+00:00,7257
2018-10-12T09:00:00+00:00,6367
2018-10-12T10:00:00+00:00,6386
2018-10-12T11:00:00+00:00,7327
2018-10-12T12:00:00+00:00,9782
2018-10-12T13:00:00+00:00,10863
2018-10-12T14:00:00+00:00,13321
2018-10-12T15:00:00+00:00,9948
2018-10-12T16:00:00+00:00,9732
2018-10-12T17:00:00+00:00,8017
2018-10-12T18:00:00+00:00,7062
2018-10-12T19:00:00+00:00,5428
2018-10-12T20:00:00+00:00,1866
2018-10-12T21:00:00+00:00,0
2018-10-12T22:00:00+00:00,0
2018-10-12T23:00:00+00:00,0
2018-10-14T00:00:00+00:00,0
2018-10-14T01:00:00+00:00,0
2018-10-14T02:00:00+00:00,0
2018-10-14T03:00:00+00:00,0
2018-10-14T04:00:00+00:00,0
2018-10-14T05:00:00+00:00,0
2018-10-14T06:00:00+00:00,0
2018-10-14T07:00:00+00:00,0
2018-10-14T08:00:00+00:00,0
2018-10-14T09:00:00+00:00,0
2018-10-14T10:00:00+00:00,0
2018-10-14T11:00:00+00:00,0
2018-10-14T12:00:00+00:00,0
2018-10-14T13:00:00+00:00,0
2018-10-14T14:00:00+00:00,0
2018-10-14T15:00:00+00:00,0
2018-10-14T16:00:00+00:00,0
2018-10-14T17:00:00+00:00,0
2018-10-14T18:00:00+00:00,0
2018-10-14T19:00:00+00:00,0
2018-10-14T20:00:00+00:00,0
2018-10-09T13:00:00+00:00,ERROR
2018-10-14T21:00:00+00:00,0
2018-10-14T23:00:00+00:00,2558
2018-10-15T00:00:00+00:00,4835
2018-10-15T01:00:00+00:00,5469
2018-10-15T02:00:00+00:00,3962
2018-10-15T03:00:00+00:00,2867
2018-10-15T04:00:00+00:00,2320
2018-10-15T05:00:00+00:00,3942
2018-10-15T06:00:00+00:00,7548
2018-10-15T07:00:00+00:00,8101
2018-10-09T14:00:00+00:00,ERROR
2018-10-15T08:00:00+00:00,6659
2018-10-15T10:00:00+00:00,6418
2018-10-15T11:00:00+00:00,6265
2018-10-15T12:00:00+00:00,8587
2018-10-15T13:00:00+00:00,13244
2018-10-15T14:00:00+00:00,11268
2018-10-15T15:00:00+00:00,9557
2018-10-15T16:00:00+00:00,6946
2018-10-15T17:00:00+00:00,6260
2018-10-15T18:00:00+00:00,4970
2018-10-15T19:00:00+00:00,5024
2018-10-15T20:00:00+00:00,1824
2018-10-15T21:00:00+00:00,0
2018-10-15T22:00:00+00:00,975
2018-10-09T15:00:00+00:00,ERROR
2018-10-15T23:00:00+00:00,1785
2018-10-16T01:00:00+00:00,5181
2018-10-16T02:00:00+00:00,4600
2018-10-16T03:00:00+00:00,3971
2018-10-16T04:00:00+00:00,2748
2018-10-16T05:00:00+00:00,4250
2018-10-16T06:00:00+00:00,6718
2018-10-16T07:00:00+00:00,9035
2018-10-16T08:00:00+00:00,5960
2018-10-16T09:00:00+00:00,4835
2018-10-09T16:00:00+00:00,ERROR
2018-10-16T10:00:00+00:00,4504
2018-10-16T12:00:00+00:00,7577
2018-10-16T13:00:00+00:00,10346
2018-10-16T14:00:00+00:00,7939
2018-10-16T15:00:00+00:00,6810
2018-10-09T17:00:00+00:00,ERROR
2018-10-16T16:00:00+00:00,3066
2018-10-16T18:00:00+00:00,2777
2018-10-09T18:00:00+00:00,ERROR
2018-10-16T19:00:00+00:00,2383
2018-10-16T21:00:00+00:00,0
2018-10-16T22:00:00+00:00,1175
2018-10-16T23:00:00+00:00,1309
2018-10-17T00:00:00+00:00,2980
2018-10-17T01:00:00+00:00,4076
2018-10-17T02:00:00+00:00,4345
2018-10-17T03:00:00+00:00,3311
2018-10-17T04:00:00+00:00,2609
2018-10-17T05:00:00+00:00,4160
2018-10-17T06:00:00+00:00,5191
2018-10-17T07:00:00+00:00,4332
2018-10-17T08:00:00+00:00,7895
2018-10-17T09:00:00+00:00,4250
2018-10-17T10:00:00+00:00,4425
2018-10-17T11:00:00+00:00,5254
2018-10-17T12:00:00+00:00,6234
2018-10-17T13:00:00+00:00,9226
2018-10-17T14:00:00+00:00,9434
2018-10-17T15:00:00+00:00,7257
2018-10-17T16:00:00+00:00,6822
2018-10-17T17:00:00+00:00,5755
2018-10-17T18:00:00+00:00,6878
2018-10-17T19:00:00+00:00,4489
2018-10-17T20:00:00+00:00,1641
2018-10-17T21:00:00+00:00,0
2018-10-17T22:00:00+00:00,1353
2018-10-17T23:00:00+00:00,1851
2018-10-18T00:00:00+00:00,3517
2018-10-18T01:00:00+00:00,4361
2018-10-18T02:00:00+00:00,3178
2018-10-18T03:00:00+00:00,2233
2018-10-18T04:00:00+00:00,2010
2018-10-18T05:00:00+00:00,2724
2018-10-18T06:00:00+00:00,7296
2018-10-18T07:00:00+00:00,6995
2018-10-18T08:00:00+00:00,4845
2018-10-18T09:00:00+00:00,3948
2018-10-18T10:00:00+00:00,4449
2018-10-18T11:00:00+00:00,5314
2018-10-18T12:00:00+00:00,7761
2018-10-18T13:00:00+00:00,9020
2018-10-09T19:00:00+00:00,ERROR
2018-10-18T14:00:00+00:00,8678
2018-10-18T16:00:00+00:00,8599
2018-10-18T17:00:00+00:00,8199
2018-10-18T18:00:00+00:00,6600
2018-10-18T19:00:00+00:00,5097
2018-10-18T20:00:00+00:00,1476
2018-10-18T21:00:00+00:00,0
2018-10-18T22:00:00+00:00,878
2018-10-18T23:00:00+00:00,983
2018-10-19T00:00:00+00:00,3606
2018-10-19T01:00:00+00:00,4775
2018-10-19T02:00:00+00:00,4554
2018-10-19T03:00:00+00:00,2542
2018-10-19T04:00:00+00:00,2086
2018-10-19T05:00:00+00:00,3722
2018-10-19T06:00:00+00:00,5658
2018-10-19T07:00:00+00:00,7534
2018-10-19T08:00:00+00:00,5139
2018-10-19T09:00:00+00:00,4563
2018-10-19T10:00:00+00:00,4189
2018-10-19T11:00:00+00:00,4946
2018-10-19T12:00:00+00:00,7719
2018-10-19T13:00:00+00:00,8866
2018-10-19T14:00:00+00:00,7358
2018-10-19T15:00:00+00:00,7780
2018-10-19T16:00:00+00:00,6988
2018-10-19T17:00:00+00:00,4832
2018-10-19T18:00:00+00:00,3440
2018-10-19T19:00:00+00:00,3208
2018-10-19T20:00:00+00:00,1261
2018-10-19T21:00:00+00:00,0
2018-10-19T22:00:00+00:00,0
2018-10-19T23:00:00+00:00,0
2018-10-21T00:00:00+00:00,0
2018-10-21T01:00:00+00:00,0
2018-10-21T02:00:00+00:00,0
2018-10-21T03:00:00+00:00,0
2018-10-21T04:00:00+00:00,0
2018-10-21T05:00:00+00:00,0
2018-10-21T06:00:00+00:00,0
2018-10-21T07:00:00+00:00,0
2018-10-21T08:00:00+00:00,0
2018-10-21T09:00:00+00:00,0
2018-10-21T10:00:00+00:00,0
2018-10-21T11:00:00+00:00,0
2018-10-21T12:00:00+00:00,0
2018-10-21T13:00:00+00:00,0
2018-10-21T14:00:00+00:00,0
2018-10-21T15:00:00+00:00,0
2018-10-21T16:00:00+00:00,0
2018-10-21T17:00:00+00:00,0
2018-10-21T18:00:00+00:00,0
2018-10-21T19:00:00+00:00,0
2018-10-21T20:00:00+00:00,0
2018-10-21T21:00:00+00:00,0
2018-10-21T22:00:00+00:00,1567
2018-10-21T23:00:00+00:00,1391
2018-10-22T00:00:00+00:00,3998
2018-10-22T01:00:00+00:00,3817
2018-10-22T02:00:00+00:00,3555
2018-10-22T03:00:00+00:00,2788
2018-10-22T04:00:00+00:00,2115
2018-10-22T05:00:00+00:00,2563
2018-10-22T06:00:00+00:00,6041
2018-10-22T07:00:00+00:00,5327
2018-10-22T08:00:00+00:00,5239
2018-10-22T09:00:00+00:00,3963
2018-10-22T10:00:00+00:00,3550
2018-10-22T11:00:00+00:00,4173
2018-10-22T12:00:00+00:00,7369
2018-10-22T13:00:00+00:00,9772
2018-10-22T14:00:00+00:00,7872
2018-10-22T15:00:00+00:00,6467
2018-10-22T16:00:00+00:00,3890
2018-10-22T17:00:00+00:00,3485
2018-10-22T18:00:00+00:00,3044
2018-10-22T19:00:00+00:00,2663
2018-10-22T20:00:00+00:00,1298
2018-10-22T21:00:00+00:00,0
2018-10-22T22:00:00+00:00,639
2018-10-22T23:00:00+00:00,1031
2018-10-23T00:00:00+00:00,3205
2018-10-23T01:00:00+00:00,4063
2018-10-23T02:00:00+00:00,3828
2018-10-23T03:00:00+00:00,3357
2018-10-23T04:00:00+00:00,2179
2018-10-23T05:00:00+00:00,3325
2018-10-23T06:00:00+00:00,9099
2018-10-23T07:00:00+00:00,8563
2018-10-23T08:00:00+00:00,7478
2018-10-23T09:00:00+00:00,5967
2018-10-23T10:00:00+00:00,4699
2018-10-23T11:00:00+00:00,7471
2018-10-23T12:00:00+00:00,7384
2018-10-16T20:00:00+00:00,2343
2018-10-23T14:00:00+00:00,9944
2018-10-23T15:00:00+00:00,8364
2018-10-23T16:00:00+00:00,6037
2018-10-23T17:00:00+00:00,5568
2018-10-23T18:00:00+00:00,5570
2018-10-23T19:00:00+00:00,4378
2018-10-23T20:00:00+00:00,1373
2018-10-23T21:00:00+00:00,0
2018-10-23T22:00:00+00:00,1007
2018-10-23T23:00:00+00:00,1684
2018-10-24T00:00:00+00:00,2752
2018-10-24T01:00:00+00:00,4169
2018-10-24T02:00:00+00:00,3303
2018-10-24T03:00:00+00:00,3605
2018-10-24T04:00:00+00:00,2417
2018-10-24T05:00:00+00:00,2888
2018-10-24T06:00:00+00:00,6346
2018-10-24T07:00:00+00:00,7775
2018-10-24T08:00:00+00:00,7047
2018-10-24T09:00:00+00:00,4400
2018-10-24T10:00:00+00:00,4497
2018-10-24T11:00:00+00:00,5318
2018-10-24T12:00:00+00:00,7271
2018-10-24T13:00:00+00:00,8223
2018-10-24T14:00:00+00:00,7754
2018-10-24T15:00:00+00:00,7883
2018-10-24T16:00:00+00:00,5283
2018-10-24T17:00:00+00:00,6155
2018-10-24T18:00:00+00:00,4488
2018-10-24T19:00:00+00:00,5338
2018-10-24T20:00:00+00:00,2196
2018-10-24T21:00:00+00:00,0
2018-10-24T22:00:00+00:00,1547
2018-10-24T23:00:00+00:00,2345
2018-10-25T00:00:00+00:00,4734
2018-10-25T01:00:00+00:00,4758
2018-10-25T02:00:00+00:00,2943
2018-10-25T03:00:00+00:00,2666
2018-10-25T04:00:00+00:00,2452
2018-10-25T05:00:00+00:00,3379
2018-10-25T06:00:00+00:00,7011
2018-10-25T07:00:00+00:00,8042
2018-10-25T08:00:00+00:00,5875
2018-10-25T09:00:00+00:00,5212
2018-10-25T10:00:00+00:00,4296
2018-10-25T11:00:00+00:00,5355
2018-10-25T12:00:00+00:00,8243
2018-10-25T13:00:00+00:00,11334
2018-10-25T14:00:00+00:00,10383
2018-10-25T15:00:00+00:00,8150
2018-10-25T16:00:00+00:00,4975
2018-10-25T17:00:00+00:00,4907
2018-10-25T18:00:00+00:00,3754
2018-10-25T19:00:00+00:00,3843
2018-10-25T20:00:00+00:00,2614
2018-10-25T21:00:00+00:00,0
2018-10-25T22:00:00+00:00,1557
2018-10-25T23:00:00+00:00,2661
2018-10-26T00:00:00+00:00,4151
2018-10-26T01:00:00+00:00,4981
2018-10-26T02:00:00+00:00,3653
2018-10-26T03:00:00+00:00,4158
2018-10-26T04:00:00+00:00,3637
2018-10-26T05:00:00+00:00,4149
2018-10-26T06:00:00+00:00,5831
2018-10-26T07:00:00+00:00,7394
2018-10-26T08:00:00+00:00,6078
2018-10-26T09:00:00+00:00,7093
2018-10-14T22:00:00+00:00,ERROR
2018-10-26T10:00:00+00:00,6912
2018-10-15T09:00:00+00:00,ERROR
2018-10-16T00:00:00+00:00,ERROR
2018-10-16T11:00:00+00:00,ERROR
2018-10-16T17:00:00+00:00,ERROR
2018-10-26T14:00:00+00:00,11649
2018-10-26T17:00:00+00:00,10177
2018-10-26T18:00:00+00:00,7448
2018-10-26T19:00:00+00:00,8092
2018-10-26T20:00:00+00:00,1985
2018-10-26T21:00:00+00:00,0
2018-10-26T22:00:00+00:00,0
2018-10-26T23:00:00+00:00,0
2018-10-28T00:00:00+00:00,0
2018-10-28T01:00:00+00:00,0
2018-10-28T02:00:00+00:00,0
2018-10-28T03:00:00+00:00,0
2018-10-28T04:00:00+00:00,0
2018-10-28T05:00:00+00:00,0
2018-10-28T06:00:00+00:00,0
2018-10-28T07:00:00+00:00,0
2018-10-28T08:00:00+00:00,0
2018-10-28T09:00:00+00:00,0
2018-10-28T10:00:00+00:00,0
2018-10-28T11:00:00+00:00,0
2018-10-28T12:00:00+00:00,0
2018-10-28T13:00:00+00:00,0
2018-10-28T14:00:00+00:00,0
2018-10-28T15:00:00+00:00,0
2018-10-28T16:00:00+00:00,0
2018-10-26T12:00:00+00:00,7645
2018-10-28T17:00:00+00:00,0
2018-10-28T18:00:00+00:00,0
2018-10-28T19:00:00+00:00,0
2018-10-28T21:00:00+00:00,0
2018-10-28T20:00:00+00:00,0
2018-10-28T22:00:00+00:00,2079
2018-10-28T23:00:00+00:00,2877
2018-10-29T00:00:00+00:00,4598
2018-10-29T01:00:00+00:00,5515
2018-10-29T02:00:00+00:00,4695
2018-10-29T03:00:00+00:00,3623
2018-10-29T04:00:00+00:00,3076
2018-10-29T06:00:00+00:00,5017
2018-10-29T05:00:00+00:00,3763
2018-10-29T07:00:00+00:00,6164
2018-10-29T08:00:00+00:00,6012
2018-10-29T09:00:00+00:00,6116
2018-10-29T10:00:00+00:00,7158
2018-10-29T11:00:00+00:00,6222
2018-10-29T12:00:00+00:00,7331
2018-10-18T15:00:00+00:00,ERROR
2018-10-29T13:00:00+00:00,8314
2018-10-29T14:00:00+00:00,7481
2018-10-29T16:00:00+00:00,7589
2018-10-29T17:00:00+00:00,7243
2018-10-29T18:00:00+00:00,6510
2018-10-29T20:00:00+00:00,1736
2018-10-29T19:00:00+00:00,7733
2018-10-29T21:00:00+00:00,0
2018-10-29T22:00:00+00:00,783
2018-10-29T23:00:00+00:00,1414
2018-10-30T00:00:00+00:00,4890
2018-10-30T01:00:00+00:00,6119
2018-10-30T02:00:00+00:00,4233
2018-10-30T03:00:00+00:00,2897
2018-10-30T04:00:00+00:00,3119
2018-10-30T05:00:00+00:00,3398
2018-10-30T06:00:00+00:00,3548
2018-10-30T07:00:00+00:00,7150
2018-10-30T08:00:00+00:00,6181
2018-10-30T09:00:00+00:00,4528
2018-10-30T10:00:00+00:00,5192
2018-10-30T11:00:00+00:00,4814
2018-10-30T12:00:00+00:00,5441
2018-10-30T13:00:00+00:00,9558
2018-10-30T15:00:00+00:00,6388
2018-10-30T14:00:00+00:00,8973
2018-10-30T16:00:00+00:00,6324
2018-10-30T17:00:00+00:00,5574
2018-10-30T18:00:00+00:00,4811
2018-10-30T20:00:00+00:00,677
2018-10-30T19:00:00+00:00,3637
2018-10-30T21:00:00+00:00,0
2018-10-30T22:00:00+00:00,925
2018-10-30T23:00:00+00:00,1570
2018-10-31T00:00:00+00:00,3377
2018-10-31T01:00:00+00:00,4216
2018-10-31T02:00:00+00:00,1322
2018-10-31T04:00:00+00:00,2863
2018-10-31T05:00:00+00:00,2838
2018-10-31T06:00:00+00:00,3462
2018-10-31T07:00:00+00:00,5476
2018-10-31T08:00:00+00:00,6220
2018-10-31T09:00:00+00:00,3804
2018-10-31T10:00:00+00:00,3575
2018-10-31T11:00:00+00:00,3730
2018-10-31T12:00:00+00:00,6193
2018-10-31T13:00:00+00:00,7770
2018-10-31T14:00:00+00:00,6547
2018-10-31T15:00:00+00:00,7862
2018-10-31T16:00:00+00:00,6451
2018-10-31T17:00:00+00:00,5697
2018-10-31T18:00:00+00:00,4516
2018-10-31T19:00:00+00:00,4331
2018-10-31T20:00:00+00:00,1499
2018-10-31T21:00:00+00:00,0
2018-10-31T22:00:00+00:00,655
2018-10-31T03:00:00+00:00,3187
2018-10-31T23:00:00+00:00,2165
2018-11-01T00:00:00+00:00,5719
2018-11-01T01:00:00+00:00,4855
2018-11-01T02:00:00+00:00,4991
2018-11-01T03:00:00+00:00,3113
2018-11-01T04:00:00+00:00,2589
2018-11-01T05:00:00+00:00,3671
2018-11-01T06:00:00+00:00,6399
2018-11-01T07:00:00+00:00,8195
2018-11-01T08:00:00+00:00,6713
2018-11-01T09:00:00+00:00,5574
2018-11-01T10:00:00+00:00,5173
2018-11-01T11:00:00+00:00,4681
2018-11-01T12:00:00+00:00,9288
2018-11-01T13:00:00+00:00,7610
2018-11-01T14:00:00+00:00,9335
2018-11-01T15:00:00+00:00,7334
2018-11-01T16:00:00+00:00,6409
2018-11-01T17:00:00+00:00,7015
2018-11-01T18:00:00+00:00,3913
2018-11-01T19:00:00+00:00,3668
2018-11-01T20:00:00+00:00,1271
2018-11-01T21:00:00+00:00,0
2018-11-01T22:00:00+00:00,885
2018-11-01T23:00:00+00:00,1614
2018-11-02T00:00:00+00:00,4519
2018-11-02T01:00:00+00:00,4785
2018-11-02T02:00:00+00:00,3168
2018-11-02T03:00:00+00:00,3127
2018-11-02T04:00:00+00:00,5725
2018-11-02T05:00:00+00:00,7113
2018-11-02T06:00:00+00:00,6886
2018-11-02T08:00:00+00:00,6961
2018-11-02T07:00:00+00:00,7485
2018-11-02T09:00:00+00:00,5632
2018-11-02T10:00:00+00:00,4645
2018-11-02T11:00:00+00:00,5644
2018-11-02T12:00:00+00:00,13293
2018-11-02T14:00:00+00:00,9986
2018-11-02T13:00:00+00:00,9812
2018-11-02T16:00:00+00:00,5957
2018-11-02T15:00:00+00:00,8906
2018-11-02T17:00:00+00:00,3070
2018-10-23T13:00:00+00:00,ERROR
2018-11-02T18:00:00+00:00,3075
2018-11-02T19:00:00+00:00,2520
2018-11-02T21:00:00+00:00,0
2018-11-02T22:00:00+00:00,0
2018-11-02T23:00:00+00:00,0
2018-11-04T00:00:00+00:00,0
2018-11-04T02:00:00+00:00,0
2018-11-04T01:00:00+00:00,0
2018-11-04T03:00:00+00:00,0
2018-11-04T04:00:00+00:00,0
2018-11-04T05:00:00+00:00,0
2018-11-04T06:00:00+00:00,0
2018-11-04T07:00:00+00:00,0
2018-11-02T20:00:00+00:00,ERROR
2018-10-26T11:00:00+00:00,ERROR
2018-11-04T08:00:00+00:00,ERROR
2018-11-04T09:00:00+00:00,ERROR
2018-10-26T13:00:00+00:00,ERROR
2018-10-26T15:00:00+00:00,ERROR
2018-10-26T16:00:00+00:00,ERROR
2018-10-29T15:00:00+00:00,ERROR
2018-11-04T10:00:00+00:00,ERROR
2018-11-04T11:00:00+00:00,ERROR
2018-11-04T12:00:00+00:00,ERROR
2018-11-04T13:00:00+00:00,ERROR
2018-11-04T14:00:00+00:00,ERROR
2018-11-04T15:00:00+00:00,ERROR
2018-11-04T16:00:00+00:00,ERROR
2018-11-04T17:00:00+00:00,ERROR
2018-11-04T18:00:00+00:00,ERROR
2018-11-04T19:00:00+00:00,ERROR
2018-11-04T20:00:00+00:00,ERROR
2018-11-04T21:00:00+00:00,ERROR
2018-11-04T22:00:00+00:00,ERROR
2018-11-04T23:00:00+00:00,ERROR
2018-11-05T00:00:00+00:00,ERROR
2018-11-05T01:00:00+00:00,ERROR
2018-11-05T02:00:00+00:00,ERROR
2018-11-05T03:00:00+00:00,ERROR
2018-11-05T04:00:00+00:00,ERROR
2018-11-05T05:00:00+00:00,ERROR
2018-11-05T06:00:00+00:00,ERROR
2018-11-05T07:00:00+00:00,ERROR
2018-11-05T08:00:00+00:00,ERROR
2018-11-05T09:00:00+00:00,ERROR
2018-11-05T10:00:00+00:00,ERROR
2018-11-05T11:00:00+00:00,ERROR
2018-11-05T12:00:00+00:00,ERROR
2018-11-05T13:00:00+00:00,ERROR
2018-11-05T14:00:00+00:00,ERROR
2018-11-05T15:00:00+00:00,ERROR
2018-11-05T16:00:00+00:00,ERROR
2018-11-05T17:00:00+00:00,ERROR
2018-11-05T18:00:00+00:00,ERROR
2018-11-05T23:00:00+00:00,1419
2018-11-06T03:00:00+00:00,2761
2018-11-06T04:00:00+00:00,1762
2018-11-06T05:00:00+00:00,3668
2018-11-06T06:00:00+00:00,3273
2018-11-06T07:00:00+00:00,5042
2018-11-06T08:00:00+00:00,5494
2018-11-06T09:00:00+00:00,4437
2018-11-06T10:00:00+00:00,4955
2018-11-06T11:00:00+00:00,5013
2018-11-06T12:00:00+00:00,4140
2018-11-06T13:00:00+00:00,5514
2018-11-06T14:00:00+00:00,6721
2018-11-05T19:00:00+00:00,ERROR
2018-11-06T15:00:00+00:00,6843
2018-11-06T17:00:00+00:00,3329
2018-11-06T18:00:00+00:00,3268
2018-11-05T20:00:00+00:00,ERROR
2018-11-05T21:00:00+00:00,ERROR
2018-11-06T19:00:00+00:00,1750
2018-11-06T22:00:00+00:00,0
2018-11-05T22:00:00+00:00,0
2018-11-07T00:00:00+00:00,8105
2018-11-06T23:00:00+00:00,2588
2018-11-07T01:00:00+00:00,12955
2018-11-07T02:00:00+00:00,9349
2018-11-07T04:00:00+00:00,4509
2018-11-07T05:00:00+00:00,4681
2018-11-07T06:00:00+00:00,3614
2018-11-07T07:00:00+00:00,7678
2018-11-07T08:00:00+00:00,8323
2018-11-07T09:00:00+00:00,5946
2018-11-07T10:00:00+00:00,4526
2018-11-07T03:00:00+00:00,7553
2018-11-07T11:00:00+00:00,6483
2018-11-07T13:00:00+00:00,6682
2018-11-07T12:00:00+00:00,7407
2018-11-07T15:00:00+00:00,7264
2018-11-07T14:00:00+00:00,7515
2018-11-07T16:00:00+00:00,4819
2018-11-07T18:00:00+00:00,3018
2018-11-07T19:00:00+00:00,1991
2018-11-07T17:00:00+00:00,2241
2018-11-07T20:00:00+00:00,1566
2018-11-07T22:00:00+00:00,0
2018-11-07T23:00:00+00:00,1577
2018-11-07T21:00:00+00:00,968
2018-11-08T00:00:00+00:00,4194
2018-11-08T01:00:00+00:00,5419
2018-11-06T20:00:00+00:00,1325
2018-11-08T02:00:00+00:00,4823
2018-11-06T21:00:00+00:00,899
2018-11-08T03:00:00+00:00,3657
2018-11-08T04:00:00+00:00,4334
2018-11-08T05:00:00+00:00,4012
2018-11-08T06:00:00+00:00,4829
2018-11-08T07:00:00+00:00,7304
2018-11-08T08:00:00+00:00,6369
2018-11-08T09:00:00+00:00,6044
2018-11-08T10:00:00+00:00,5615
2018-11-06T16:00:00+00:00,5770
2018-11-08T11:00:00+00:00,4409
2018-11-08T12:00:00+00:00,4344
2018-11-08T13:00:00+00:00,8467
2018-11-08T14:00:00+00:00,9618
2018-11-08T15:00:00+00:00,8770
2018-11-08T18:00:00+00:00,2373
2018-11-08T17:00:00+00:00,3052
2018-11-08T19:00:00+00:00,6269
2018-11-08T16:00:00+00:00,5594
2018-11-08T21:00:00+00:00,994
2018-11-08T22:00:00+00:00,0
2018-11-08T23:00:00+00:00,2046
2018-11-08T20:00:00+00:00,2730
2018-11-09T00:00:00+00:00,4490
2018-11-09T03:00:00+00:00,3577
2018-11-09T01:00:00+00:00,4835
2018-11-09T02:00:00+00:00,3923
2018-11-06T00:00:00+00:00,3637
2018-11-09T04:00:00+00:00,3519
2018-11-09T05:00:00+00:00,2435
2018-11-06T02:00:00+00:00,3644
2018-11-09T06:00:00+00:00,3118
2018-11-09T07:00:00+00:00,5130
2018-11-09T08:00:00+00:00,5063
2018-11-09T09:00:00+00:00,3417
2018-11-09T10:00:00+00:00,3569
2018-11-09T11:00:00+00:00,3226
2018-11-09T12:00:00+00:00,3141
2018-11-09T13:00:00+00:00,11554
2018-11-06T01:00:00+00:00,4211
2018-11-09T14:00:00+00:00,10521
2018-11-09T15:00:00+00:00,10284
2018-11-09T16:00:00+00:00,7504
2018-11-09T17:00:00+00:00,3875
2018-11-09T18:00:00+00:00,2650
2018-11-09T19:00:00+00:00,2450
2018-11-09T20:00:00+00:00,1817
2018-11-09T21:00:00+00:00,1016
2018-11-09T22:00:00+00:00,0
2018-11-09T23:00:00+00:00,0
2018-11-11T00:00:00+00:00,0
2018-11-11T01:00:00+00:00,0
2018-11-11T02:00:00+00:00,0
2018-11-11T03:00:00+00:00,0
2018-11-11T04:00:00+00:00,0
2018-11-11T05:00:00+00:00,0
2018-11-11T06:00:00+00:00,0
2018-11-11T07:00:00+00:00,0
2018-11-11T08:00:00+00:00,0
2018-11-11T09:00:00+00:00,0
2018-11-11T10:00:00+00:00,0
2018-11-11T11:00:00+00:00,0
2018-11-11T12:00:00+00:00,0
2018-11-11T13:00:00+00:00,0
2018-11-11T14:00:00+00:00,0
2018-11-11T15:00:00+00:00,0
2018-11-11T16:00:00+00:00,0
2018-11-11T17:00:00+00:00,0
2018-11-11T18:00:00+00:00,0
2018-11-11T19:00:00+00:00,0
2018-11-11T20:00:00+00:00,0
2018-11-11T21:00:00+00:00,0
2018-11-11T22:00:00+00:00,0
2018-11-11T23:00:00+00:00,1861
2018-11-12T02:00:00+00:00,1981
2018-11-12T00:00:00+00:00,3607
2018-11-12T01:00:00+00:00,4151
2018-11-12T03:00:00+00:00,1738
2018-11-12T04:00:00+00:00,2497
2018-11-12T05:00:00+00:00,3662
2018-11-12T06:00:00+00:00,4887
2018-11-12T07:00:00+00:00,6202
2018-11-12T08:00:00+00:00,5092
2018-11-12T09:00:00+00:00,2826
2018-11-12T10:00:00+00:00,2446
2018-11-12T11:00:00+00:00,3314
2018-11-12T12:00:00+00:00,3655
2018-11-12T13:00:00+00:00,8344
2018-11-12T14:00:00+00:00,8176
2018-11-12T15:00:00+00:00,8563
2018-11-12T17:00:00+00:00,3188
2018-11-12T18:00:00+00:00,3143
2018-11-12T19:00:00+00:00,2805
2018-11-12T16:00:00+00:00,5985
2018-11-12T20:00:00+00:00,3440
2018-11-12T21:00:00+00:00,1795
2018-11-12T22:00:00+00:00,0
2018-11-12T23:00:00+00:00,1826
2018-11-13T00:00:00+00:00,4566
2018-11-13T01:00:00+00:00,4227
2018-11-13T02:00:00+00:00,3127
2018-11-13T03:00:00+00:00,4985
2018-11-13T04:00:00+00:00,3166
2018-11-13T05:00:00+00:00,3248
2018-11-13T06:00:00+00:00,3598
2018-11-13T07:00:00+00:00,6007
2018-11-13T08:00:00+00:00,6089
2018-11-13T09:00:00+00:00,4955
2018-11-13T10:00:00+00:00,6210
2018-11-13T12:00:00+00:00,6605
2018-11-13T11:00:00+00:00,5541
2018-11-13T13:00:00+00:00,8569
2018-11-13T14:00:00+00:00,9479
2018-11-13T15:00:00+00:00,10555
2018-11-13T16:00:00+00:00,8036
2018-11-13T17:00:00+00:00,5286
2018-11-13T18:00:00+00:00,5203
2018-11-13T19:00:00+00:00,4311
2018-11-13T20:00:00+00:00,5100
2018-11-13T21:00:00+00:00,677
2018-11-13T23:00:00+00:00,2302
2018-11-13T22:00:00+00:00,0
2018-11-14T00:00:00+00:00,3939
2018-11-14T01:00:00+00:00,2952
2018-11-14T02:00:00+00:00,4823
2018-11-14T03:00:00+00:00,3296
2018-11-14T04:00:00+00:00,3460
2018-11-14T05:00:00+00:00,3921
2018-11-14T06:00:00+00:00,3768
2018-11-14T07:00:00+00:00,6924
2018-11-14T08:00:00+00:00,5024
2018-11-14T09:00:00+00:00,4432
2018-11-14T10:00:00+00:00,6560
2018-11-14T11:00:00+00:00,4100
2018-11-14T12:00:00+00:00,5527
2018-11-14T13:00:00+00:00,8765
2018-11-14T14:00:00+00:00,9735
2018-11-14T15:00:00+00:00,8579
2018-11-14T16:00:00+00:00,6594
2018-11-14T17:00:00+00:00,8307
2018-11-14T18:00:00+00:00,11591
2018-11-14T19:00:00+00:00,13959
2018-11-14T20:00:00+00:00,5545
2018-11-14T21:00:00+00:00,1319
2018-11-14T22:00:00+00:00,0
2018-11-14T23:00:00+00:00,1754
2018-11-15T00:00:00+00:00,4159
2018-11-15T01:00:00+00:00,4830
2018-11-15T02:00:00+00:00,3742
2018-11-15T03:00:00+00:00,2271
2018-11-15T05:00:00+00:00,2455
2018-11-15T04:00:00+00:00,2474
2018-11-15T06:00:00+00:00,3119
2018-11-15T07:00:00+00:00,5423
2018-11-15T08:00:00+00:00,6677
2018-11-15T09:00:00+00:00,7654
2018-11-15T10:00:00+00:00,6742
2018-11-15T11:00:00+00:00,5698
2018-11-15T12:00:00+00:00,5948
2018-11-15T13:00:00+00:00,9602
2018-11-15T14:00:00+00:00,10527
2018-11-15T16:00:00+00:00,8827
2018-11-15T17:00:00+00:00,6764
2018-11-15T15:00:00+00:00,9691
2018-11-15T18:00:00+00:00,6520
2018-11-15T19:00:00+00:00,7375
2018-11-15T20:00:00+00:00,6758
2018-11-15T21:00:00+00:00,849
2018-11-15T22:00:00+00:00,0
2018-11-15T23:00:00+00:00,963
2018-11-16T00:00:00+00:00,3315
2018-11-16T02:00:00+00:00,2820
2018-11-16T03:00:00+00:00,2675
2018-11-16T01:00:00+00:00,3577
2018-11-16T04:00:00+00:00,2267
2018-11-16T05:00:00+00:00,2919
2018-11-16T06:00:00+00:00,3151
2018-11-16T07:00:00+00:00,6745
2018-11-16T08:00:00+00:00,8065
2018-11-16T09:00:00+00:00,5294
2018-11-16T10:00:00+00:00,4749
2018-11-16T11:00:00+00:00,3894
2018-11-16T12:00:00+00:00,3697
2018-11-16T14:00:00+00:00,12476
2018-11-16T15:00:00+00:00,9293
2018-11-16T16:00:00+00:00,7407
2018-11-16T13:00:00+00:00,11769
2018-11-16T17:00:00+00:00,7042
2018-11-16T18:00:00+00:00,5418
2018-11-16T19:00:00+00:00,3368
2018-11-16T20:00:00+00:00,2799
2018-11-16T21:00:00+00:00,1079
2018-11-16T22:00:00+00:00,0
2018-11-18T00:00:00+00:00,0
2018-11-16T23:00:00+00:00,0
2018-11-18T01:00:00+00:00,0
2018-11-18T02:00:00+00:00,0
2018-11-18T04:00:00+00:00,0
2018-11-18T03:00:00+00:00,0
2018-11-18T05:00:00+00:00,0
2018-11-18T06:00:00+00:00,0
2018-11-18T07:00:00+00:00,0
2018-11-18T09:00:00+00:00,0
2018-11-18T08:00:00+00:00,0
2018-11-18T10:00:00+00:00,0
2018-11-18T11:00:00+00:00,0
2018-11-18T12:00:00+00:00,0
2018-11-18T13:00:00+00:00,0
2018-11-18T14:00:00+00:00,0
2018-11-18T15:00:00+00:00,0
2018-11-18T16:00:00+00:00,0
2018-11-18T17:00:00+00:00,0
2018-11-18T18:00:00+00:00,0
2018-11-18T19:00:00+00:00,0
2018-11-18T20:00:00+00:00,0
2018-11-18T21:00:00+00:00,0
2018-11-18T22:00:00+00:00,0
2018-11-18T23:00:00+00:00,1962
2018-11-19T00:00:00+00:00,3011
2018-11-19T01:00:00+00:00,3155
2018-11-19T02:00:00+00:00,2188
2018-11-19T03:00:00+00:00,2698
2018-11-19T04:00:00+00:00,2368
2018-11-19T05:00:00+00:00,2908
2018-11-19T06:00:00+00:00,3167
2018-11-19T07:00:00+00:00,4516
2018-11-19T08:00:00+00:00,4265
2018-11-19T10:00:00+00:00,3970
2018-11-19T11:00:00+00:00,3088
2018-11-19T09:00:00+00:00,4091
2018-11-19T12:00:00+00:00,3974
2018-11-19T13:00:00+00:00,4621
2018-11-19T14:00:00+00:00,5573
2018-11-19T15:00:00+00:00,7508
2018-11-19T16:00:00+00:00,5709
2018-11-19T17:00:00+00:00,3728
2018-11-19T19:00:00+00:00,2779
2018-11-19T18:00:00+00:00,3548
2018-11-19T20:00:00+00:00,2507
2018-11-19T22:00:00+00:00,0
2018-11-19T21:00:00+00:00,632
2018-11-19T23:00:00+00:00,1137
2018-11-20T00:00:00+00:00,2120
2018-11-20T01:00:00+00:00,2647
2018-11-20T02:00:00+00:00,2036
2018-11-20T03:00:00+00:00,1380
2018-11-20T04:00:00+00:00,2369
2018-11-20T05:00:00+00:00,2152
2018-11-20T06:00:00+00:00,2934
2018-11-20T07:00:00+00:00,4452
2018-11-20T08:00:00+00:00,5100
2018-11-20T09:00:00+00:00,6344
2018-11-20T10:00:00+00:00,5055
2018-11-20T11:00:00+00:00,4556
2018-11-20T12:00:00+00:00,5126
2018-11-20T13:00:00+00:00,9466
2018-11-20T14:00:00+00:00,11336
2018-11-20T15:00:00+00:00,12783
2018-11-20T16:00:00+00:00,7055
2018-11-20T17:00:00+00:00,5685
2018-11-20T18:00:00+00:00,7043
2018-11-20T19:00:00+00:00,4131
2018-11-20T20:00:00+00:00,4063
2018-11-20T21:00:00+00:00,560
2018-11-20T22:00:00+00:00,0
2018-11-20T23:00:00+00:00,839
2018-11-21T00:00:00+00:00,2664
2018-11-21T01:00:00+00:00,3347
2018-11-21T02:00:00+00:00,2741
2018-11-21T03:00:00+00:00,1422
2018-11-21T04:00:00+00:00,979
2018-11-21T05:00:00+00:00,1550
2018-11-21T06:00:00+00:00,2577
2018-11-21T07:00:00+00:00,3988
2018-11-21T08:00:00+00:00,4153
2018-11-21T09:00:00+00:00,2869
2018-11-21T10:00:00+00:00,3983
2018-11-21T11:00:00+00:00,4647
2018-11-21T13:00:00+00:00,7551
2018-11-21T12:00:00+00:00,4185
2018-11-21T14:00:00+00:00,5573
2018-11-21T15:00:00+00:00,7090
2018-11-21T16:00:00+00:00,4661
2018-11-21T17:00:00+00:00,3969
2018-11-21T18:00:00+00:00,3200
2018-11-21T20:00:00+00:00,2776
2018-11-21T19:00:00+00:00,2274
2018-11-21T22:00:00+00:00,0
2018-11-21T21:00:00+00:00,761
2018-11-21T23:00:00+00:00,869
2018-11-22T00:00:00+00:00,2313
2018-11-22T01:00:00+00:00,2698
2018-11-22T02:00:00+00:00,2511
2018-11-22T03:00:00+00:00,1432
2018-11-22T04:00:00+00:00,1184
2018-11-22T05:00:00+00:00,1183
2018-11-22T06:00:00+00:00,2517
2018-11-22T07:00:00+00:00,3414
2018-11-22T08:00:00+00:00,2381
2018-11-22T09:00:00+00:00,1880
2018-11-22T10:00:00+00:00,4361
2018-11-22T11:00:00+00:00,3267
2018-11-22T13:00:00+00:00,2426
2018-11-22T12:00:00+00:00,3047
2018-11-22T14:00:00+00:00,3809
2018-11-22T15:00:00+00:00,3324
2018-11-22T16:00:00+00:00,1697
2018-11-22T17:00:00+00:00,1184
2018-11-22T18:00:00+00:00,0
2018-11-22T19:00:00+00:00,0
2018-11-22T21:00:00+00:00,0
2018-11-22T20:00:00+00:00,0
2018-11-22T22:00:00+00:00,0
2018-11-22T23:00:00+00:00,780
2018-11-23T00:00:00+00:00,987
2018-11-23T01:00:00+00:00,1938
2018-11-23T02:00:00+00:00,1459
2018-11-23T03:00:00+00:00,1571
2018-11-23T04:00:00+00:00,1097
2018-11-23T05:00:00+00:00,1512
2018-11-23T06:00:00+00:00,2229
2018-11-23T07:00:00+00:00,5914
2018-11-23T08:00:00+00:00,5873
2018-11-23T09:00:00+00:00,3586
2018-11-23T10:00:00+00:00,4278
2018-11-23T11:00:00+00:00,3787
2018-11-23T12:00:00+00:00,3389
2018-11-23T13:00:00+00:00,6983
2018-11-23T14:00:00+00:00,7203
2018-11-23T15:00:00+00:00,6151
2018-11-23T16:00:00+00:00,4555
2018-11-23T17:00:00+00:00,3660
2018-11-23T18:00:00+00:00,828
2018-11-23T19:00:00+00:00,0
2018-11-23T20:00:00+00:00,0
2018-11-23T21:00:00+00:00,0
2018-11-23T22:00:00+00:00,0
2018-11-23T23:00:00+00:00,0
2018-11-25T01:00:00+00:00,0
2018-11-25T00:00:00+00:00,0
2018-11-25T02:00:00+00:00,0
2018-11-25T03:00:00+00:00,0
2018-11-25T05:00:00+00:00,0
2018-11-25T04:00:00+00:00,0
2018-11-25T06:00:00+00:00,0
2018-11-25T07:00:00+00:00,0
2018-11-25T08:00:00+00:00,0
2018-11-25T09:00:00+00:00,0
2018-11-25T11:00:00+00:00,0
2018-11-25T10:00:00+00:00,0
2018-11-25T12:00:00+00:00,0
2018-11-25T13:00:00+00:00,0
2018-11-25T14:00:00+00:00,0
2018-11-25T16:00:00+00:00,0
2018-11-25T17:00:00+00:00,0
2018-11-25T15:00:00+00:00,0
2018-11-25T18:00:00+00:00,0
2018-11-25T19:00:00+00:00,0
2018-11-25T20:00:00+00:00,0
2018-11-25T21:00:00+00:00,0
2018-11-25T22:00:00+00:00,0
2018-11-25T23:00:00+00:00,2604
2018-11-26T00:00:00+00:00,2925
2018-11-26T01:00:00+00:00,3238
2018-11-26T02:00:00+00:00,2490
2018-11-26T05:00:00+00:00,2236
2018-11-26T03:00:00+00:00,1933
2018-11-26T04:00:00+00:00,1627
2018-11-26T06:00:00+00:00,1975
2018-11-26T07:00:00+00:00,4818
2018-11-26T08:00:00+00:00,4119
2018-11-26T09:00:00+00:00,3212
2018-11-26T10:00:00+00:00,3070
2018-11-26T11:00:00+00:00,3557
2018-11-26T12:00:00+00:00,3276
2018-11-26T13:00:00+00:00,5255
2018-11-26T14:00:00+00:00,7858
2018-11-26T15:00:00+00:00,5855
2018-11-26T16:00:00+00:00,4128
2018-11-26T17:00:00+00:00,2762
2018-11-26T18:00:00+00:00,3199
2018-11-26T19:00:00+00:00,2348
2018-11-26T20:00:00+00:00,2094
2018-11-26T21:00:00+00:00,619
2018-11-26T23:00:00+00:00,1042
2018-11-26T22:00:00+00:00,0
2018-11-27T00:00:00+00:00,2172
2018-11-27T01:00:00+00:00,3222
2018-11-27T02:00:00+00:00,1783
2018-11-27T03:00:00+00:00,1986
2018-11-27T06:00:00+00:00,3053
2018-11-27T04:00:00+00:00,1465
2018-11-27T05:00:00+00:00,2151
2018-11-27T07:00:00+00:00,8880
2018-11-27T08:00:00+00:00,6465
2018-11-27T09:00:00+00:00,4732
2018-11-27T10:00:00+00:00,4478
2018-11-27T11:00:00+00:00,2559
2018-11-27T12:00:00+00:00,2613
2018-11-27T13:00:00+00:00,6229
2018-11-27T14:00:00+00:00,7373
2018-11-27T15:00:00+00:00,8459
2018-11-27T16:00:00+00:00,5522
2018-11-27T17:00:00+00:00,3809
2018-11-27T18:00:00+00:00,4819
2018-11-27T21:00:00+00:00,742
2018-11-27T19:00:00+00:00,2707
2018-11-27T20:00:00+00:00,2758
2018-11-27T22:00:00+00:00,0
2018-11-27T23:00:00+00:00,1052
2018-11-28T00:00:00+00:00,2317
2018-11-28T01:00:00+00:00,2107
2018-11-28T02:00:00+00:00,2011
2018-11-28T03:00:00+00:00,949
2018-11-28T04:00:00+00:00,1073
2018-11-28T05:00:00+00:00,2318
2018-11-28T06:00:00+00:00,2411
2018-11-28T07:00:00+00:00,3782
2018-11-28T08:00:00+00:00,3253
2018-11-28T09:00:00+00:00,2986
2018-11-28T10:00:00+00:00,2337
2018-11-28T11:00:00+00:00,2489
2018-11-28T12:00:00+00:00,3071
2018-11-28T13:00:00+00:00,4335
2018-11-28T14:00:00+00:00,7038
2018-11-28T15:00:00+00:00,5996
2018-11-28T16:00:00+00:00,5137
2018-11-28T17:00:00+00:00,12569
2018-11-28T18:00:00+00:00,9134
2018-11-28T19:00:00+00:00,4353
2018-11-28T20:00:00+00:00,3367
2018-11-28T21:00:00+00:00,1044
2018-11-28T22:00:00+00:00,0
2018-11-28T23:00:00+00:00,1017
2018-11-29T00:00:00+00:00,2433
2018-11-29T01:00:00+00:00,2883
2018-11-29T02:00:00+00:00,2791
2018-11-29T03:00:00+00:00,2106
2018-11-29T04:00:00+00:00,2647
2018-11-29T05:00:00+00:00,2287
2018-11-29T06:00:00+00:00,2813
2018-11-29T07:00:00+00:00,5319
2018-11-29T08:00:00+00:00,4544
2018-11-29T09:00:00+00:00,3496
2018-11-29T10:00:00+00:00,3012
2018-11-29T11:00:00+00:00,3181
2018-11-29T12:00:00+00:00,5326
2018-11-29T14:00:00+00:00,6550
2018-11-29T13:00:00+00:00,7039
2018-11-29T15:00:00+00:00,8133
2018-11-29T16:00:00+00:00,6701
2018-11-29T17:00:00+00:00,3716
2018-11-29T18:00:00+00:00,4406
2018-11-29T19:00:00+00:00,5635
2018-11-29T20:00:00+00:00,2857
2018-11-29T22:00:00+00:00,0
2018-11-29T21:00:00+00:00,708
2018-11-29T23:00:00+00:00,939
2018-11-30T00:00:00+00:00,2117
2018-11-30T01:00:00+00:00,2931
2018-11-30T02:00:00+00:00,2579
2018-11-30T03:00:00+00:00,1864
2018-11-30T04:00:00+00:00,1386
2018-11-30T05:00:00+00:00,2099
2018-11-30T06:00:00+00:00,2101
2018-11-30T07:00:00+00:00,3314
2018-11-30T08:00:00+00:00,3793
2018-11-30T09:00:00+00:00,3041
2018-11-30T11:00:00+00:00,3017
2018-11-30T10:00:00+00:00,3394
2018-11-30T12:00:00+00:00,3288
2018-11-30T13:00:00+00:00,5749
2018-11-30T14:00:00+00:00,8579
2018-11-30T15:00:00+00:00,7608
2018-11-30T16:00:00+00:00,6041
2018-11-30T18:00:00+00:00,3987
2018-11-30T19:00:00+00:00,2326
2018-11-30T20:00:00+00:00,2280
2018-11-30T21:00:00+00:00,665
2018-11-30T22:00:00+00:00,0
2018-11-30T23:00:00+00:00,0
2018-12-02T00:00:00+00:00,0
2018-12-02T01:00:00+00:00,0
2018-12-02T02:00:00+00:00,0
2018-12-02T03:00:00+00:00,0
2018-12-02T04:00:00+00:00,0
2018-12-02T05:00:00+00:00,0
2018-12-02T06:00:00+00:00,0
2018-12-02T07:00:00+00:00,0
2018-12-02T08:00:00+00:00,0
2018-12-02T09:00:00+00:00,0
2018-12-02T10:00:00+00:00,0
2018-12-02T11:00:00+00:00,0
2018-11-30T17:00:00+00:00,3992
2018-12-02T12:00:00+00:00,0
2018-12-02T13:00:00+00:00,0
2018-12-02T14:00:00+00:00,0
2018-12-02T15:00:00+00:00,0
2018-12-02T16:00:00+00:00,0
2018-12-02T17:00:00+00:00,0
2018-12-02T18:00:00+00:00,0
2018-12-02T19:00:00+00:00,0
2018-12-02T20:00:00+00:00,0
2018-12-02T21:00:00+00:00,0
2018-12-02T22:00:00+00:00,0
2018-12-02T23:00:00+00:00,1910
2018-12-03T00:00:00+00:00,3085
2018-12-03T01:00:00+00:00,3383
2018-12-03T02:00:00+00:00,2807
2018-12-03T03:00:00+00:00,2214
2018-12-03T04:00:00+00:00,2388
2018-12-03T05:00:00+00:00,3202
2018-12-03T06:00:00+00:00,3669
2018-12-03T07:00:00+00:00,7154
2018-12-03T08:00:00+00:00,4212
2018-12-03T09:00:00+00:00,3833
2018-12-03T10:00:00+00:00,3469
2018-12-03T11:00:00+00:00,5051
2018-12-03T12:00:00+00:00,4286
2018-12-03T13:00:00+00:00,8148
2018-12-03T14:00:00+00:00,8072
2018-12-03T15:00:00+00:00,9166
2018-12-03T16:00:00+00:00,7045
2018-12-03T17:00:00+00:00,4244
2018-12-03T18:00:00+00:00,4752
2018-12-03T20:00:00+00:00,3217
2018-12-03T21:00:00+00:00,982
2018-12-03T19:00:00+00:00,3438
2018-12-03T22:00:00+00:00,0
2018-12-03T23:00:00+00:00,1451
2018-12-04T00:00:00+00:00,2534
2018-12-04T01:00:00+00:00,4995
2018-12-04T02:00:00+00:00,3386
2018-12-04T05:00:00+00:00,3878
2018-12-04T03:00:00+00:00,2330
2018-12-04T04:00:00+00:00,3001
2018-12-04T06:00:00+00:00,3899
2018-12-04T07:00:00+00:00,4135
2018-12-04T08:00:00+00:00,4735
2018-12-04T09:00:00+00:00,4665
2018-12-04T10:00:00+00:00,4206
2018-12-04T11:00:00+00:00,3798
2018-12-04T12:00:00+00:00,3642
2018-12-04T13:00:00+00:00,7382
2018-12-04T14:00:00+00:00,8679
2018-12-04T15:00:00+00:00,6680
2018-12-04T16:00:00+00:00,5847
2018-12-04T17:00:00+00:00,7141
2018-12-04T18:00:00+00:00,7107
2018-12-04T19:00:00+00:00,5001
2018-12-04T20:00:00+00:00,5115
2018-12-04T21:00:00+00:00,971
2018-12-04T22:00:00+00:00,0
2018-12-04T23:00:00+00:00,1657
2018-12-05T00:00:00+00:00,3865
2018-12-05T01:00:00+00:00,3403
2018-12-05T02:00:00+00:00,2736
2018-12-05T03:00:00+00:00,2614
2018-12-05T04:00:00+00:00,2145
2018-12-05T05:00:00+00:00,2641
2018-12-05T06:00:00+00:00,2373
2018-12-05T07:00:00+00:00,4478
2018-12-05T08:00:00+00:00,3503
2018-12-05T09:00:00+00:00,1673
2018-12-05T10:00:00+00:00,1903
2018-12-05T11:00:00+00:00,3182
2018-12-05T12:00:00+00:00,2187
2018-12-05T13:00:00+00:00,3454
2018-12-05T14:00:00+00:00,4895
2018-12-05T15:00:00+00:00,4793
2018-12-05T16:00:00+00:00,3140
2018-12-05T17:00:00+00:00,1650
2018-12-05T18:00:00+00:00,2259
2018-12-05T19:00:00+00:00,1567
2018-12-05T20:00:00+00:00,997
2018-12-05T21:00:00+00:00,543
2018-12-05T22:00:00+00:00,0
2018-12-05T23:00:00+00:00,2286
2018-12-06T00:00:00+00:00,3317
2018-12-06T01:00:00+00:00,3569
2018-12-06T02:00:00+00:00,2217
2018-12-06T03:00:00+00:00,2873
2018-12-06T04:00:00+00:00,2583
2018-12-06T05:00:00+00:00,2452
2018-12-06T06:00:00+00:00,3684
2018-12-06T07:00:00+00:00,6420
2018-12-06T08:00:00+00:00,4464
2018-12-06T09:00:00+00:00,4486
2018-12-06T10:00:00+00:00,4750
2018-12-06T11:00:00+00:00,3768
2018-12-06T12:00:00+00:00,3223
2018-12-06T13:00:00+00:00,8984
2018-12-06T14:00:00+00:00,12393
2018-12-06T15:00:00+00:00,11688
2018-12-06T16:00:00+00:00,9205
2018-12-06T17:00:00+00:00,6993
2018-12-06T18:00:00+00:00,6038
2018-12-06T19:00:00+00:00,5513
2018-12-06T20:00:00+00:00,4721
2018-12-06T21:00:00+00:00,751
2018-12-06T22:00:00+00:00,0
2018-12-06T23:00:00+00:00,1132
2018-12-07T00:00:00+00:00,2614
2018-12-07T01:00:00+00:00,3027
2018-12-07T02:00:00+00:00,1860
2018-12-07T03:00:00+00:00,2066
2018-12-07T04:00:00+00:00,1167
2018-12-07T05:00:00+00:00,1549
2018-12-07T06:00:00+00:00,1588
2018-12-07T08:00:00+00:00,4388
2018-12-07T07:00:00+00:00,3652
2018-12-07T09:00:00+00:00,2558
2018-12-07T10:00:00+00:00,2287
2018-12-07T11:00:00+00:00,3380
2018-12-07T12:00:00+00:00,3507
2018-12-07T13:00:00+00:00,12353
2018-12-07T14:00:00+00:00,11197
2018-12-07T15:00:00+00:00,8700
2018-12-07T16:00:00+00:00,6164
2018-12-07T17:00:00+00:00,7216
2018-12-07T18:00:00+00:00,6273
2018-12-07T19:00:00+00:00,5111
2018-12-07T20:00:00+00:00,4122
2018-12-07T21:00:00+00:00,1289
2018-12-07T22:00:00+00:00,0
2018-12-07T23:00:00+00:00,0
2018-12-09T00:00:00+00:00,0
2018-12-09T01:00:00+00:00,0
2018-12-09T03:00:00+00:00,0
2018-12-09T02:00:00+00:00,0
2018-12-09T04:00:00+00:00,0
2018-12-09T05:00:00+00:00,0
2018-12-09T06:00:00+00:00,0
2018-12-09T07:00:00+00:00,0
2018-12-09T08:00:00+00:00,0
2018-12-09T09:00:00+00:00,0
2018-12-09T11:00:00+00:00,0
2018-12-09T10:00:00+00:00,0
2018-12-09T12:00:00+00:00,0
2018-12-09T13:00:00+00:00,0
2018-12-09T14:00:00+00:00,0
2018-12-09T15:00:00+00:00,0
2018-12-09T16:00:00+00:00,0
2018-12-09T17:00:00+00:00,0
2018-12-09T18:00:00+00:00,0
2018-12-09T19:00:00+00:00,0
2018-12-09T20:00:00+00:00,0
2018-12-09T21:00:00+00:00,0
2018-12-09T22:00:00+00:00,0
2018-12-09T23:00:00+00:00,2505
2018-12-10T00:00:00+00:00,3113
2018-12-10T01:00:00+00:00,4469
2018-12-10T02:00:00+00:00,2740
2018-12-10T03:00:00+00:00,1750
2018-12-10T04:00:00+00:00,1770
2018-12-10T05:00:00+00:00,2435
2018-12-10T06:00:00+00:00,2948
2018-12-10T07:00:00+00:00,5440
2018-12-10T08:00:00+00:00,4794
2018-12-10T09:00:00+00:00,3371
2018-12-10T10:00:00+00:00,2659
2018-12-10T11:00:00+00:00,4103
2018-12-10T12:00:00+00:00,4051
2018-12-10T13:00:00+00:00,7688
2018-12-10T14:00:00+00:00,8426
2018-12-10T15:00:00+00:00,10196
2018-12-10T16:00:00+00:00,10457
2018-12-10T17:00:00+00:00,7162
2018-12-10T18:00:00+00:00,5180
2018-12-10T19:00:00+00:00,4498
2018-12-10T20:00:00+00:00,3573
2018-12-10T21:00:00+00:00,1355
2018-12-10T22:00:00+00:00,0
2018-12-10T23:00:00+00:00,1004
2018-12-11T00:00:00+00:00,2320
2018-12-11T01:00:00+00:00,3258
2018-12-11T02:00:00+00:00,1911
2018-12-11T03:00:00+00:00,1760
2018-12-11T04:00:00+00:00,2090
2018-12-11T05:00:00+00:00,1825
2018-12-11T06:00:00+00:00,2979
2018-12-11T07:00:00+00:00,3828
2018-12-11T08:00:00+00:00,5191
2018-12-11T09:00:00+00:00,2838
2018-12-11T10:00:00+00:00,3741
2018-12-11T11:00:00+00:00,4116
2018-12-11T12:00:00+00:00,4343
2018-12-11T14:00:00+00:00,9858
2018-12-11T13:00:00+00:00,7357
2018-12-11T15:00:00+00:00,9758
2018-12-11T16:00:00+00:00,8487
2018-12-11T17:00:00+00:00,6040
2018-12-11T18:00:00+00:00,5999
2018-12-11T19:00:00+00:00,4747
2018-12-11T20:00:00+00:00,3699
2018-12-11T21:00:00+00:00,843
2018-12-11T22:00:00+00:00,0
2018-12-11T23:00:00+00:00,1397
2018-12-12T00:00:00+00:00,3108
2018-12-12T01:00:00+00:00,3883
2018-12-12T02:00:00+00:00,2156
2018-12-12T03:00:00+00:00,2131
2018-12-12T04:00:00+00:00,1866
2018-12-12T05:00:00+00:00,2417
2018-12-12T07:00:00+00:00,4594
2018-12-12T06:00:00+00:00,2729
2018-12-12T08:00:00+00:00,4816
2018-12-12T09:00:00+00:00,2276
2018-12-12T10:00:00+00:00,2279
2018-12-12T11:00:00+00:00,2251
2018-12-12T12:00:00+00:00,5772
2018-12-12T13:00:00+00:00,8063
2018-12-12T14:00:00+00:00,8599
2018-12-12T16:00:00+00:00,6173
2018-12-12T17:00:00+00:00,4449
2018-12-12T18:00:00+00:00,5117
2018-12-12T19:00:00+00:00,4141
2018-12-12T20:00:00+00:00,3875
2018-12-12T21:00:00+00:00,1310
2018-12-12T22:00:00+00:00,0
2018-12-12T23:00:00+00:00,883
2018-12-13T00:00:00+00:00,2482
2018-12-13T01:00:00+00:00,2659
2018-12-13T02:00:00+00:00,1556
2018-12-13T03:00:00+00:00,1459
2018-12-13T04:00:00+00:00,1468
2018-12-13T05:00:00+00:00,1286
2018-12-13T06:00:00+00:00,1893
2018-12-13T07:00:00+00:00,4053
2018-12-13T08:00:00+00:00,3784
2018-12-12T15:00:00+00:00,9956
2018-12-13T09:00:00+00:00,3077
2018-12-13T10:00:00+00:00,4371
2018-12-13T11:00:00+00:00,2925
2018-12-13T13:00:00+00:00,8078
2018-12-13T12:00:00+00:00,3997
2018-12-13T14:00:00+00:00,9791
2018-12-13T15:00:00+00:00,8178
2018-12-13T16:00:00+00:00,6215
2018-12-13T17:00:00+00:00,3682
2018-12-13T18:00:00+00:00,4418
2018-12-13T19:00:00+00:00,3124
2018-12-13T20:00:00+00:00,2390
2018-12-13T21:00:00+00:00,1703
2018-12-13T22:00:00+00:00,0
2018-12-13T23:00:00+00:00,996
2018-12-14T00:00:00+00:00,2057
2018-12-14T01:00:00+00:00,2642
2018-12-14T02:00:00+00:00,2619
2018-12-14T03:00:00+00:00,1599
2018-12-14T04:00:00+00:00,1840
2018-12-14T05:00:00+00:00,1900
2018-12-14T06:00:00+00:00,2690
2018-12-14T07:00:00+00:00,4559
2018-12-14T08:00:00+00:00,6826
2018-12-14T09:00:00+00:00,5231
2018-12-14T11:00:00+00:00,3216
2018-12-14T10:00:00+00:00,4345
2018-12-14T12:00:00+00:00,4164
2018-12-14T13:00:00+00:00,8050
2018-12-14T14:00:00+00:00,7445
2018-12-14T15:00:00+00:00,6001
2018-12-14T16:00:00+00:00,7233
2018-12-14T17:00:00+00:00,3760
2018-12-14T18:00:00+00:00,4736
2018-12-14T19:00:00+00:00,3863
2018-12-14T21:00:00+00:00,777
2018-12-14T22:00:00+00:00,0
2018-12-14T23:00:00+00:00,0
2018-12-16T02:00:00+00:00,0
2018-12-16T00:00:00+00:00,0
2018-12-16T01:00:00+00:00,0
2018-12-16T03:00:00+00:00,0
2018-12-16T04:00:00+00:00,0
2018-12-16T05:00:00+00:00,0
2018-12-16T06:00:00+00:00,0
2018-12-16T07:00:00+00:00,0
2018-12-16T08:00:00+00:00,0
2018-12-16T10:00:00+00:00,0
2018-12-16T11:00:00+00:00,0
2018-12-16T12:00:00+00:00,0
2018-12-16T13:00:00+00:00,0
2018-12-16T14:00:00+00:00,0
2018-12-16T15:00:00+00:00,0
2018-12-16T16:00:00+00:00,0
2018-12-16T17:00:00+00:00,0
2018-12-16T18:00:00+00:00,0
2018-12-16T19:00:00+00:00,0
2018-12-16T20:00:00+00:00,0
2018-12-16T21:00:00+00:00,0
2018-12-14T20:00:00+00:00,3105
2018-12-16T23:00:00+00:00,1423
2018-12-17T00:00:00+00:00,2173
2018-12-17T01:00:00+00:00,2094
2018-12-17T02:00:00+00:00,1373
2018-12-17T03:00:00+00:00,909
2018-12-17T04:00:00+00:00,981
2018-12-17T05:00:00+00:00,1236
2018-12-17T07:00:00+00:00,3044
2018-12-17T06:00:00+00:00,1593
2018-12-17T08:00:00+00:00,3913
2018-12-17T09:00:00+00:00,2368
2018-12-16T09:00:00+00:00,0
2018-12-17T10:00:00+00:00,3436
2018-12-17T12:00:00+00:00,2952
2018-12-17T13:00:00+00:00,5362
2018-12-17T14:00:00+00:00,6782
2018-12-17T15:00:00+00:00,6911
2018-12-17T16:00:00+00:00,5659
2018-12-17T17:00:00+00:00,4813
2018-12-17T18:00:00+00:00,6423
2018-12-16T22:00:00+00:00,0
2018-12-17T19:00:00+00:00,4698
2018-12-17T20:00:00+00:00,4370
2018-12-17T21:00:00+00:00,1102
2018-12-17T22:00:00+00:00,0
2018-12-17T23:00:00+00:00,1761
2018-12-18T00:00:00+00:00,2150
2018-12-18T01:00:00+00:00,2689
2018-12-18T03:00:00+00:00,2178
2018-12-18T05:00:00+00:00,2232
2018-12-18T06:00:00+00:00,2763
2018-12-18T07:00:00+00:00,3129
2018-12-18T08:00:00+00:00,4118
2018-12-17T11:00:00+00:00,2883
2018-12-18T09:00:00+00:00,4178
2018-12-18T10:00:00+00:00,3306
2018-12-18T11:00:00+00:00,3488
2018-12-18T12:00:00+00:00,3431
2018-12-18T13:00:00+00:00,5197
2018-12-18T14:00:00+00:00,5781
2018-12-18T15:00:00+00:00,4872
2018-12-18T16:00:00+00:00,4901
2018-12-18T17:00:00+00:00,2851
2018-12-18T18:00:00+00:00,3611
2018-12-18T19:00:00+00:00,3244
2018-12-18T20:00:00+00:00,2632
2018-12-18T21:00:00+00:00,762
2018-12-18T22:00:00+00:00,0
2018-12-18T23:00:00+00:00,705
2018-12-19T00:00:00+00:00,3050
2018-12-19T01:00:00+00:00,2731
2018-12-19T02:00:00+00:00,2513
2018-12-19T03:00:00+00:00,1675
2018-12-18T02:00:00+00:00,1794
2018-12-19T04:00:00+00:00,1980
2018-12-19T05:00:00+00:00,2652
2018-12-19T06:00:00+00:00,2357
2018-12-19T07:00:00+00:00,4702
2018-12-19T08:00:00+00:00,3939
2018-12-19T09:00:00+00:00,3895
2018-12-18T04:00:00+00:00,1599
2018-12-19T10:00:00+00:00,4765
2018-12-19T11:00:00+00:00,4509
2018-12-19T12:00:00+00:00,3100
2018-12-19T13:00:00+00:00,5418
2018-12-19T14:00:00+00:00,8842
2018-12-19T15:00:00+00:00,9980
2018-12-19T16:00:00+00:00,6315
2018-12-19T17:00:00+00:00,5430
2018-12-19T18:00:00+00:00,6952
2018-12-19T19:00:00+00:00,19452
2018-12-19T20:00:00+00:00,10971
2018-12-19T21:00:00+00:00,2202
2018-12-19T22:00:00+00:00,0
2018-12-19T23:00:00+00:00,2775
2018-12-20T01:00:00+00:00,5019
2018-12-20T00:00:00+00:00,2616
2018-12-20T02:00:00+00:00,2451
2018-12-20T03:00:00+00:00,3759
2018-12-20T04:00:00+00:00,3013
2018-12-20T05:00:00+00:00,3248
2018-12-20T06:00:00+00:00,3496
2018-12-20T07:00:00+00:00,6255
2018-12-20T08:00:00+00:00,4990
2018-12-20T09:00:00+00:00,6466
2018-12-20T10:00:00+00:00,7255
2018-12-20T11:00:00+00:00,4975
2018-12-20T12:00:00+00:00,5717
2018-12-20T13:00:00+00:00,7989
2018-12-20T14:00:00+00:00,11017
2018-12-20T15:00:00+00:00,11570
2018-12-20T16:00:00+00:00,8700
2018-12-20T18:00:00+00:00,8545
2018-12-20T17:00:00+00:00,8862
2018-12-20T19:00:00+00:00,9198
2018-12-20T20:00:00+00:00,9037
2018-12-20T21:00:00+00:00,1305
2018-12-20T22:00:00+00:00,0
2018-12-20T23:00:00+00:00,891
2018-12-21T00:00:00+00:00,1197
2018-12-21T01:00:00+00:00,2486
2018-12-21T02:00:00+00:00,2035
2018-12-21T03:00:00+00:00,1541
2018-12-21T04:00:00+00:00,1408
2018-12-21T05:00:00+00:00,2199
2018-12-21T06:00:00+00:00,2817
2018-12-21T07:00:00+00:00,5301
2018-12-21T08:00:00+00:00,7176
2018-12-21T09:00:00+00:00,7272
2018-12-21T10:00:00+00:00,6084
2018-12-21T11:00:00+00:00,5935
2018-12-21T12:00:00+00:00,5285
2018-12-21T13:00:00+00:00,7599
2018-12-21T14:00:00+00:00,7599
2018-12-21T15:00:00+00:00,12535
2018-12-21T16:00:00+00:00,10119
2018-12-21T17:00:00+00:00,4955
2018-12-21T18:00:00+00:00,7278
2018-12-21T19:00:00+00:00,4215
2018-12-21T20:00:00+00:00,2573
2018-12-21T21:00:00+00:00,915
2018-12-21T22:00:00+00:00,0
2018-12-21T23:00:00+00:00,0
2018-12-23T00:00:00+00:00,0
2018-12-23T01:00:00+00:00,0
2018-12-23T02:00:00+00:00,0
2018-12-23T03:00:00+00:00,0
2018-12-23T04:00:00+00:00,0
2018-12-23T05:00:00+00:00,0
2018-12-23T06:00:00+00:00,0
2018-12-23T07:00:00+00:00,0
2018-12-23T09:00:00+00:00,0
2018-12-23T08:00:00+00:00,0
2018-12-23T10:00:00+00:00,0
2018-12-23T11:00:00+00:00,0
2018-12-23T12:00:00+00:00,0
2018-12-23T13:00:00+00:00,0
2018-12-23T14:00:00+00:00,0
2018-12-23T15:00:00+00:00,0
2018-12-23T16:00:00+00:00,0
2018-12-23T17:00:00+00:00,0
2018-12-23T18:00:00+00:00,0
2018-12-23T19:00:00+00:00,0
2018-12-23T20:00:00+00:00,0
2018-12-23T21:00:00+00:00,0
2018-12-23T22:00:00+00:00,0
2018-12-23T23:00:00+00:00,1850
2018-12-24T00:00:00+00:00,2354
2018-12-24T01:00:00+00:00,2755
2018-12-24T02:00:00+00:00,3215
2018-12-24T03:00:00+00:00,2319
2018-12-24T04:00:00+00:00,2219
2018-12-24T05:00:00+00:00,1966
2018-12-24T06:00:00+00:00,2874
2018-12-24T07:00:00+00:00,3888
2018-12-24T08:00:00+00:00,5310
2018-12-24T09:00:00+00:00,4601
2018-12-24T10:00:00+00:00,3317
2018-12-24T11:00:00+00:00,2971
2018-12-24T12:00:00+00:00,4683
2018-12-24T13:00:00+00:00,6334
2018-12-24T14:00:00+00:00,8854
2018-12-24T15:00:00+00:00,9989
2018-12-24T16:00:00+00:00,7284
2018-12-24T17:00:00+00:00,4316
2018-12-24T18:00:00+00:00,1038
2018-12-24T19:00:00+00:00,0
2018-12-24T20:00:00+00:00,0
2018-12-24T21:00:00+00:00,0
2018-12-24T22:00:00+00:00,0
2018-12-25T02:00:00+00:00,0
2018-12-24T23:00:00+00:00,0
2018-12-25T01:00:00+00:00,0
2018-12-25T00:00:00+00:00,0
2018-12-25T03:00:00+00:00,0
2018-12-25T04:00:00+00:00,0
2018-12-25T05:00:00+00:00,0
2018-12-25T09:00:00+00:00,0
2018-12-25T07:00:00+00:00,0
2018-12-25T08:00:00+00:00,0
2018-12-25T10:00:00+00:00,0
2018-12-25T06:00:00+00:00,0
2018-12-25T11:00:00+00:00,0
2018-12-25T12:00:00+00:00,0
2018-12-25T13:00:00+00:00,0
2018-12-25T14:00:00+00:00,0
2018-12-25T15:00:00+00:00,0
2018-12-25T16:00:00+00:00,0
2018-12-25T17:00:00+00:00,0
2018-12-25T18:00:00+00:00,0
2018-12-25T19:00:00+00:00,0
2018-12-25T20:00:00+00:00,0
2018-12-25T21:00:00+00:00,0
2018-12-25T22:00:00+00:00,0
2018-12-25T23:00:00+00:00,1414
2018-12-26T00:00:00+00:00,3218
2018-12-26T01:00:00+00:00,3965
2018-12-26T02:00:00+00:00,2889
2018-12-26T03:00:00+00:00,1956
2018-12-26T04:00:00+00:00,1279
2018-12-26T05:00:00+00:00,2450
2018-12-26T07:00:00+00:00,2678
2018-12-26T06:00:00+00:00,2932
2018-12-26T08:00:00+00:00,2444
2018-12-26T09:00:00+00:00,1649
2018-12-26T10:00:00+00:00,1078
2018-12-26T11:00:00+00:00,1944
2018-12-26T12:00:00+00:00,4071
2018-12-26T13:00:00+00:00,7440
2018-12-26T14:00:00+00:00,7352
2018-12-26T15:00:00+00:00,6810
2018-12-26T16:00:00+00:00,3502
2018-12-26T17:00:00+00:00,7397
2018-12-26T18:00:00+00:00,7533
2018-12-26T19:00:00+00:00,9041
2018-12-26T20:00:00+00:00,7768
2018-12-26T21:00:00+00:00,2526
2018-12-26T22:00:00+00:00,0
2018-12-26T23:00:00+00:00,3101
2018-12-27T00:00:00+00:00,2616
2018-12-27T01:00:00+00:00,5553
2018-12-27T02:00:00+00:00,4436
2018-12-27T03:00:00+00:00,3072
2018-12-27T04:00:00+00:00,3215
2018-12-27T05:00:00+00:00,5058
2018-12-27T06:00:00+00:00,4873
2018-12-27T07:00:00+00:00,6419
2018-12-27T08:00:00+00:00,8314
2018-12-27T09:00:00+00:00,7663
2018-12-27T10:00:00+00:00,7982
2018-12-27T11:00:00+00:00,5889
2018-12-27T12:00:00+00:00,6734
2018-12-27T13:00:00+00:00,10990
2018-12-27T14:00:00+00:00,9476
2018-12-27T15:00:00+00:00,12439
2018-12-27T16:00:00+00:00,6998
2018-12-27T17:00:00+00:00,5830
2018-12-27T18:00:00+00:00,5399
2018-12-27T20:00:00+00:00,8453
2018-12-27T19:00:00+00:00,5245
2018-12-27T21:00:00+00:00,1092
2018-12-27T22:00:00+00:00,0
2018-12-28T00:00:00+00:00,3022
2018-12-27T23:00:00+00:00,1220
2018-12-28T01:00:00+00:00,5141
2018-12-28T02:00:00+00:00,4648
2018-12-28T04:00:00+00:00,2576
2018-12-28T03:00:00+00:00,3907
2018-12-28T05:00:00+00:00,3213
2018-12-28T06:00:00+00:00,5268
2018-12-28T08:00:00+00:00,7368
2018-12-28T07:00:00+00:00,4996
2018-12-28T09:00:00+00:00,6534
2018-12-28T10:00:00+00:00,7130
2018-12-28T11:00:00+00:00,5557
2018-12-28T12:00:00+00:00,5275
2018-12-28T13:00:00+00:00,9024
2018-12-28T14:00:00+00:00,9548
2018-12-28T15:00:00+00:00,10645
2018-12-28T16:00:00+00:00,7623
2018-12-28T17:00:00+00:00,4545
2018-12-28T18:00:00+00:00,5113
2018-12-28T19:00:00+00:00,3698
2018-12-28T20:00:00+00:00,5396
2018-12-28T21:00:00+00:00,918
2018-12-28T22:00:00+00:00,0
2018-12-28T23:00:00+00:00,0
2018-12-30T00:00:00+00:00,0
2018-12-30T01:00:00+00:00,0
2018-12-30T02:00:00+00:00,0
2018-12-30T03:00:00+00:00,0
2018-12-30T04:00:00+00:00,0
2018-12-30T05:00:00+00:00,0
2018-12-30T06:00:00+00:00,0
2018-12-30T07:00:00+00:00,0
2018-12-30T08:00:00+00:00,0
2018-12-30T09:00:00+00:00,0
2018-12-30T10:00:00+00:00,0
2018-12-30T11:00:00+00:00,0
2018-12-30T12:00:00+00:00,0
2018-12-30T13:00:00+00:00,0
2018-12-30T14:00:00+00:00,0
2018-12-30T15:00:00+00:00,0
2018-12-30T16:00:00+00:00,0
2018-12-30T17:00:00+00:00,0
2018-12-30T18:00:00+00:00,0
2018-12-30T19:00:00+00:00,0
2018-12-30T20:00:00+00:00,0
2018-12-30T21:00:00+00:00,0
2018-12-30T22:00:00+00:00,0
2018-12-30T23:00:00+00:00,1754
2018-12-31T00:00:00+00:00,2502
2018-12-31T01:00:00+00:00,2425
2018-12-31T02:00:00+00:00,2212
2018-12-31T03:00:00+00:00,2643
2018-12-31T04:00:00+00:00,2441
2018-12-31T05:00:00+00:00,1613
2018-12-31T06:00:00+00:00,2076
2018-12-31T07:00:00+00:00,5116
2018-12-31T08:00:00+00:00,3817
2018-12-31T09:00:00+00:00,2712
2018-12-31T10:00:00+00:00,3574
2018-12-31T11:00:00+00:00,3887
2018-12-31T12:00:00+00:00,3658
2018-12-31T13:00:00+00:00,4977
2018-12-31T14:00:00+00:00,6065
2018-12-31T15:00:00+00:00,8258
2018-12-31T16:00:00+00:00,7591
2018-12-31T17:00:00+00:00,3250
2018-12-31T18:00:00+00:00,3250
2018-12-31T19:00:00+00:00,1234
2018-12-31T20:00:00+00:00,1261
2018-12-31T21:00:00+00:00,1042
2018-12-31T22:00:00+00:00,0
2018-12-31T23:00:00+00:00,0
2019-01-01T00:00:00+00:00,0
2019-01-01T01:00:00+00:00,0
2019-01-01T02:00:00+00:00,0
2019-01-01T03:00:00+00:00,0
2019-01-01T04:00:00+00:00,0
2019-01-01T05:00:00+00:00,0
2019-01-01T06:00:00+00:00,0
2019-01-01T07:00:00+00:00,0
2019-01-01T08:00:00+00:00,0
2019-01-01T09:00:00+00:00,0
2019-01-01T10:00:00+00:00,0
2019-01-01T11:00:00+00:00,0
2019-01-01T12:00:00+00:00,0
2019-01-01T13:00:00+00:00,0
2019-01-01T14:00:00+00:00,0
2019-01-01T15:00:00+00:00,0
2019-01-01T16:00:00+00:00,0
2019-01-01T17:00:00+00:00,0
2019-01-01T18:00:00+00:00,0
2019-01-01T19:00:00+00:00,0
2019-01-01T20:00:00+00:00,0
2019-01-01T21:00:00+00:00,0
2019-01-01T22:00:00+00:00,0
2019-01-01T23:00:00+00:00,1728
2019-01-02T00:00:00+00:00,1804
2019-01-02T01:00:00+00:00,3936
2019-01-02T02:00:00+00:00,4356
2019-01-02T03:00:00+00:00,2165
2019-01-02T04:00:00+00:00,2529
2019-01-02T05:00:00+00:00,3999
2019-01-02T06:00:00+00:00,4275
2019-01-02T07:00:00+00:00,5415
2019-01-02T08:00:00+00:00,6998
2019-01-02T09:00:00+00:00,5347
2019-01-02T10:00:00+00:00,3635
2019-01-02T11:00:00+00:00,3650
2019-01-02T12:00:00+00:00,5621
2019-01-02T13:00:00+00:00,11099
2019-01-02T14:00:00+00:00,9900
2019-01-02T15:00:00+00:00,10464
2019-01-02T16:00:00+00:00,6835
2019-01-02T17:00:00+00:00,4310
2019-01-02T18:00:00+00:00,5714
2019-01-02T19:00:00+00:00,4614
2019-01-02T20:00:00+00:00,3151
2019-01-02T21:00:00+00:00,1417
2019-01-02T22:00:00+00:00,0
2019-01-02T23:00:00+00:00,3181
2019-01-03T00:00:00+00:00,5926
2019-01-03T01:00:00+00:00,5904
2019-01-03T02:00:00+00:00,4334
2019-01-03T03:00:00+00:00,2270
2019-01-03T04:00:00+00:00,1772
2019-01-03T05:00:00+00:00,3939
2019-01-03T06:00:00+00:00,4600
2019-01-03T07:00:00+00:00,8775
2019-01-03T08:00:00+00:00,10157
2019-01-03T09:00:00+00:00,6150
2019-01-03T10:00:00+00:00,5889
2019-01-03T11:00:00+00:00,6090
2019-01-03T12:00:00+00:00,5423
2019-01-03T13:00:00+00:00,10673
2019-01-03T14:00:00+00:00,8118
2019-01-03T15:00:00+00:00,18371
2019-01-03T16:00:00+00:00,12433
2019-01-03T17:00:00+00:00,6652
2019-01-03T18:00:00+00:00,5535
2019-01-03T19:00:00+00:00,2827
2019-01-03T20:00:00+00:00,4712
2019-01-03T21:00:00+00:00,1203
2019-01-03T22:00:00+00:00,0
2019-01-03T23:00:00+00:00,2576
2019-01-04T00:00:00+00:00,5552
2019-01-04T01:00:00+00:00,6869
2019-01-04T02:00:00+00:00,4798
2019-01-04T03:00:00+00:00,4515
2019-01-04T04:00:00+00:00,3439
2019-01-04T05:00:00+00:00,3817
2019-01-04T06:00:00+00:00,3163
2019-01-04T07:00:00+00:00,6199
2019-01-04T08:00:00+00:00,5842
2019-01-04T09:00:00+00:00,5169
2019-01-04T10:00:00+00:00,3754
2019-01-04T11:00:00+00:00,2478
2019-01-04T12:00:00+00:00,2840
2019-01-04T13:00:00+00:00,12865
2019-01-04T14:00:00+00:00,17079
2019-01-04T16:00:00+00:00,11490
2019-01-04T15:00:00+00:00,17819
2019-01-04T17:00:00+00:00,5950
2019-01-04T18:00:00+00:00,6058
2019-01-04T20:00:00+00:00,3306
2019-01-04T19:00:00+00:00,4312
2019-01-04T21:00:00+00:00,1044
2019-01-04T22:00:00+00:00,0
2019-01-04T23:00:00+00:00,0
2019-01-06T00:00:00+00:00,0
2019-01-06T01:00:00+00:00,0
2019-01-06T02:00:00+00:00,0
2019-01-06T03:00:00+00:00,0
2019-01-06T04:00:00+00:00,0
2019-01-06T05:00:00+00:00,0
2019-01-06T06:00:00+00:00,0
2019-01-06T07:00:00+00:00,0
2019-01-06T08:00:00+00:00,0
2019-01-06T09:00:00+00:00,0
2019-01-06T10:00:00+00:00,0
2019-01-06T11:00:00+00:00,0
2019-01-06T12:00:00+00:00,0
2019-01-06T13:00:00+00:00,0
2019-01-06T14:00:00+00:00,0
2019-01-06T15:00:00+00:00,0
2019-01-06T16:00:00+00:00,0
2019-01-06T17:00:00+00:00,0
2019-01-06T18:00:00+00:00,0
2019-01-06T19:00:00+00:00,0
2019-01-06T20:00:00+00:00,0
2019-01-06T21:00:00+00:00,0
2019-01-06T22:00:00+00:00,0
2019-01-06T23:00:00+00:00,2319
2019-01-07T00:00:00+00:00,3280
2019-01-07T01:00:00+00:00,5641
2019-01-07T02:00:00+00:00,3321
2019-01-07T03:00:00+00:00,2781
2019-01-07T04:00:00+00:00,2696
2019-01-07T05:00:00+00:00,3050
2019-01-07T06:00:00+00:00,4269
2019-01-07T07:00:00+00:00,6434
2019-01-07T08:00:00+00:00,5608
2019-01-07T09:00:00+00:00,4334
2019-01-07T10:00:00+00:00,4070
2019-01-07T11:00:00+00:00,3165
2019-01-07T12:00:00+00:00,4181
2019-01-07T14:00:00+00:00,8465
2019-01-07T13:00:00+00:00,8206
2019-01-07T15:00:00+00:00,11143
2019-01-07T16:00:00+00:00,6821
2019-01-07T17:00:00+00:00,3514
2019-01-07T18:00:00+00:00,3898
2019-01-07T19:00:00+00:00,2720
2019-01-07T20:00:00+00:00,3192
2019-01-07T21:00:00+00:00,795
2019-01-07T22:00:00+00:00,0
2019-01-07T23:00:00+00:00,1082
2019-01-08T00:00:00+00:00,3053
2019-01-08T01:00:00+00:00,5581
2019-01-08T02:00:00+00:00,3771
2019-01-08T03:00:00+00:00,3954
2019-01-08T04:00:00+00:00,2876
2019-01-08T05:00:00+00:00,3026
2019-01-08T06:00:00+00:00,3940
2019-01-08T07:00:00+00:00,7200
2019-01-08T08:00:00+00:00,6008
2019-01-08T09:00:00+00:00,3516
2019-01-08T10:00:00+00:00,4726
2019-01-08T11:00:00+00:00,2880
2019-01-08T13:00:00+00:00,8076
2019-01-08T14:00:00+00:00,8831
2019-01-08T15:00:00+00:00,10026
2019-01-08T16:00:00+00:00,6565
2019-01-08T17:00:00+00:00,3703
2019-01-08T18:00:00+00:00,3688
2019-01-08T19:00:00+00:00,1424
2019-01-08T20:00:00+00:00,1832
2019-01-08T21:00:00+00:00,717
2019-01-08T22:00:00+00:00,0
2019-01-08T23:00:00+00:00,1054
2019-01-08T12:00:00+00:00,3943
2019-01-09T00:00:00+00:00,2436
2019-01-09T01:00:00+00:00,3720
2019-01-09T02:00:00+00:00,3447
2019-01-09T03:00:00+00:00,2313
2019-01-09T04:00:00+00:00,2309
2019-01-09T05:00:00+00:00,2256
2019-01-09T06:00:00+00:00,2778
2019-01-09T07:00:00+00:00,4978
2019-01-09T08:00:00+00:00,3155
2019-01-09T09:00:00+00:00,3514
2019-01-09T10:00:00+00:00,2979
2019-01-09T11:00:00+00:00,2402
2019-01-09T12:00:00+00:00,2842
2019-01-09T13:00:00+00:00,6551
2019-01-09T14:00:00+00:00,11257
2019-01-09T15:00:00+00:00,12062
2019-01-09T16:00:00+00:00,8829
2019-01-09T17:00:00+00:00,4624
2019-01-09T18:00:00+00:00,4968
2019-01-09T19:00:00+00:00,9031
2019-01-09T20:00:00+00:00,3800
2019-01-09T21:00:00+00:00,992
2019-01-09T22:00:00+00:00,0
2019-01-09T23:00:00+00:00,1189
2019-01-10T00:00:00+00:00,3466
2019-01-10T01:00:00+00:00,6357
2019-01-10T02:00:00+00:00,3209
2019-01-10T03:00:00+00:00,4094
2019-01-10T04:00:00+00:00,2939
2019-01-10T05:00:00+00:00,2734
2019-01-10T06:00:00+00:00,3706
2019-01-10T07:00:00+00:00,6018
2019-01-10T08:00:00+00:00,6317
2019-01-10T09:00:00+00:00,5765
2019-01-10T10:00:00+00:00,4196
2019-01-10T11:00:00+00:00,2863
2019-01-10T12:00:00+00:00,3716
2019-01-10T13:00:00+00:00,8460
2019-01-10T14:00:00+00:00,9295
2019-01-10T15:00:00+00:00,8923
2019-01-10T16:00:00+00:00,6355
2019-01-10T17:00:00+00:00,4713
2019-01-10T18:00:00+00:00,6949
2019-01-10T19:00:00+00:00,3732
2019-01-10T20:00:00+00:00,2330
2019-01-10T21:00:00+00:00,1266
2019-01-10T22:00:00+00:00,0
2019-01-10T23:00:00+00:00,1659
2019-01-11T00:00:00+00:00,2613
2019-01-11T01:00:00+00:00,4473
2019-01-11T02:00:00+00:00,3154
2019-01-11T03:00:00+00:00,2019
2019-01-11T04:00:00+00:00,2476
2019-01-11T05:00:00+00:00,3460
2019-01-11T06:00:00+00:00,3962
2019-01-11T07:00:00+00:00,5728
2019-01-11T08:00:00+00:00,5422
2019-01-11T09:00:00+00:00,4352
2019-01-11T10:00:00+00:00,3723
2019-01-11T11:00:00+00:00,3781
2019-01-11T12:00:00+00:00,4548
2019-01-11T13:00:00+00:00,10172
2019-01-11T14:00:00+00:00,13126
2019-01-11T15:00:00+00:00,9441
2019-01-11T16:00:00+00:00,6089
2019-01-11T17:00:00+00:00,3668
2019-01-11T18:00:00+00:00,3161
2019-01-11T19:00:00+00:00,2100
2019-01-11T20:00:00+00:00,2481
2019-01-11T21:00:00+00:00,765
2019-01-11T22:00:00+00:00,0
2019-01-11T23:00:00+00:00,0
2019-01-13T00:00:00+00:00,0
2019-01-13T01:00:00+00:00,0
2019-01-13T02:00:00+00:00,0
2019-01-13T03:00:00+00:00,0
2019-01-13T04:00:00+00:00,0
2019-01-13T05:00:00+00:00,0
2019-01-13T06:00:00+00:00,0
2019-01-13T07:00:00+00:00,0
2019-01-13T08:00:00+00:00,0
2019-01-13T09:00:00+00:00,0
2019-01-13T10:00:00+00:00,0
2019-01-13T11:00:00+00:00,0
2019-01-13T12:00:00+00:00,0
2019-01-13T13:00:00+00:00,0
2019-01-13T14:00:00+00:00,0
2019-01-13T15:00:00+00:00,0
2019-01-13T16:00:00+00:00,0
2019-01-13T17:00:00+00:00,0
2019-01-13T18:00:00+00:00,0
2019-01-13T19:00:00+00:00,0
2019-01-13T20:00:00+00:00,0
2019-01-13T21:00:00+00:00,0
2019-01-13T22:00:00+00:00,0
2019-01-13T23:00:00+00:00,1395
2019-01-14T00:00:00+00:00,1694
2019-01-14T01:00:00+00:00,4572
2019-01-14T02:00:00+00:00,3231
2019-01-14T03:00:00+00:00,2594
2019-01-14T04:00:00+00:00,1130
2019-01-14T05:00:00+00:00,1753
2019-01-14T06:00:00+00:00,3297
2019-01-14T07:00:00+00:00,6944
2019-01-14T08:00:00+00:00,5361
2019-01-14T09:00:00+00:00,4916
2019-01-14T10:00:00+00:00,4617
2019-01-14T11:00:00+00:00,5450
2019-01-14T12:00:00+00:00,5442
2019-01-14T13:00:00+00:00,8097
2019-01-14T15:00:00+00:00,7291
2019-01-14T14:00:00+00:00,8381
2019-01-14T16:00:00+00:00,6068
2019-01-14T17:00:00+00:00,3010
2019-01-14T19:00:00+00:00,2215
2019-01-14T18:00:00+00:00,2488
2019-01-14T20:00:00+00:00,1705
2019-01-14T21:00:00+00:00,543
2019-01-14T23:00:00+00:00,1490
2019-01-14T22:00:00+00:00,0
2019-01-15T00:00:00+00:00,2416
2019-01-15T01:00:00+00:00,3680
2019-01-15T02:00:00+00:00,2760
2019-01-15T04:00:00+00:00,1259
2019-01-15T03:00:00+00:00,2553
2019-01-15T05:00:00+00:00,3201
2019-01-15T06:00:00+00:00,3234
2019-01-15T07:00:00+00:00,4461
2019-01-15T08:00:00+00:00,5489
2019-01-15T09:00:00+00:00,5438
2019-01-15T10:00:00+00:00,4762
2019-01-15T11:00:00+00:00,2731
2019-01-15T12:00:00+00:00,4635
2019-01-15T13:00:00+00:00,7752
2019-01-15T14:00:00+00:00,7757
2019-01-15T15:00:00+00:00,9463
2019-01-15T16:00:00+00:00,9198
2019-01-15T17:00:00+00:00,6612
2019-01-15T18:00:00+00:00,4592
2019-01-15T19:00:00+00:00,7209
2019-01-15T20:00:00+00:00,4995
2019-01-15T21:00:00+00:00,723
2019-01-15T22:00:00+00:00,0
2019-01-16T00:00:00+00:00,2134
2019-01-15T23:00:00+00:00,1038
2019-01-16T01:00:00+00:00,3488
2019-01-16T02:00:00+00:00,2620
2019-01-16T03:00:00+00:00,2563
2019-01-16T04:00:00+00:00,1846
2019-01-16T05:00:00+00:00,3194
2019-01-16T06:00:00+00:00,3225
2019-01-16T07:00:00+00:00,6149
2019-01-16T08:00:00+00:00,5759
2019-01-16T09:00:00+00:00,3786
2019-01-16T10:00:00+00:00,4128
2019-01-16T11:00:00+00:00,3889
2019-01-16T12:00:00+00:00,5378
2019-01-16T13:00:00+00:00,5519
2019-01-16T14:00:00+00:00,7391
2019-01-16T15:00:00+00:00,8667
2019-01-16T16:00:00+00:00,5705
2019-01-16T17:00:00+00:00,3605
2019-01-16T18:00:00+00:00,2773
2019-01-16T19:00:00+00:00,3162
2019-01-16T20:00:00+00:00,3199
2019-01-16T21:00:00+00:00,767
2019-01-16T22:00:00+00:00,0
2019-01-16T23:00:00+00:00,1772
2019-01-17T00:00:00+00:00,1740
2019-01-17T01:00:00+00:00,3199
2019-01-17T02:00:00+00:00,3276
2019-01-17T03:00:00+00:00,3178
2019-01-17T04:00:00+00:00,2081
2019-01-17T05:00:00+00:00,1836
2019-01-17T06:00:00+00:00,2432
2019-01-17T08:00:00+00:00,5309
2019-01-17T07:00:00+00:00,5766
2019-01-17T09:00:00+00:00,2869
2019-01-17T10:00:00+00:00,2728
2019-01-17T11:00:00+00:00,3328
2019-01-17T12:00:00+00:00,2439
2019-01-17T15:00:00+00:00,9051
2019-01-17T13:00:00+00:00,9218
2019-01-17T14:00:00+00:00,8584
2019-01-17T16:00:00+00:00,5947
2019-01-17T17:00:00+00:00,2396
2019-01-17T18:00:00+00:00,3660
2019-01-17T19:00:00+00:00,6463
2019-01-17T20:00:00+00:00,6333
2019-01-17T21:00:00+00:00,819
2019-01-17T22:00:00+00:00,0
2019-01-17T23:00:00+00:00,880
2019-01-18T00:00:00+00:00,2344
2019-01-18T01:00:00+00:00,3875
2019-01-18T02:00:00+00:00,2779
2019-01-18T03:00:00+00:00,1969
2019-01-18T04:00:00+00:00,1392
2019-01-18T05:00:00+00:00,1364
2019-01-18T06:00:00+00:00,2230
2019-01-18T07:00:00+00:00,3566
2019-01-18T08:00:00+00:00,4175
2019-01-18T09:00:00+00:00,5590
2019-01-18T10:00:00+00:00,3772
2019-01-18T11:00:00+00:00,2553
2019-01-18T12:00:00+00:00,3808
2019-01-18T13:00:00+00:00,7496
2019-01-18T14:00:00+00:00,8655
2019-01-18T15:00:00+00:00,10461
2019-01-18T16:00:00+00:00,6656
2019-01-18T17:00:00+00:00,3493
2019-01-18T18:00:00+00:00,3571
2019-01-18T19:00:00+00:00,2244
2019-01-18T20:00:00+00:00,2488
2019-01-18T21:00:00+00:00,920
2019-01-18T22:00:00+00:00,0
2019-01-18T23:00:00+00:00,0
2019-01-20T00:00:00+00:00,0
2019-01-20T01:00:00+00:00,0
2019-01-20T02:00:00+00:00,0
2019-01-20T03:00:00+00:00,0
2019-01-20T04:00:00+00:00,0
2019-01-20T05:00:00+00:00,0
2019-01-20T06:00:00+00:00,0
2019-01-20T07:00:00+00:00,0
2019-01-20T08:00:00+00:00,0
2019-01-20T09:00:00+00:00,0
2019-01-20T10:00:00+00:00,0
2019-01-20T11:00:00+00:00,0
2019-01-20T12:00:00+00:00,0
2019-01-20T13:00:00+00:00,0
2019-01-20T14:00:00+00:00,0
2019-01-20T15:00:00+00:00,0
2019-01-20T16:00:00+00:00,0
2019-01-20T18:00:00+00:00,0
2019-01-20T19:00:00+00:00,0
2019-01-20T20:00:00+00:00,0
2019-01-20T21:00:00+00:00,0
2019-01-20T22:00:00+00:00,0
2019-01-20T23:00:00+00:00,1394
2019-01-21T00:00:00+00:00,1936
2019-01-21T01:00:00+00:00,3260
2019-01-21T02:00:00+00:00,1349
2019-01-21T03:00:00+00:00,2201
2019-01-21T04:00:00+00:00,1523
2019-01-21T05:00:00+00:00,2066
2019-01-21T06:00:00+00:00,2132
2019-01-21T07:00:00+00:00,3444
2019-01-21T08:00:00+00:00,4428
2019-01-21T09:00:00+00:00,3146
2019-01-21T10:00:00+00:00,2062
2019-01-21T11:00:00+00:00,1827
2019-01-20T17:00:00+00:00,0
2019-01-21T12:00:00+00:00,2319
2019-01-21T13:00:00+00:00,2888
2019-01-21T14:00:00+00:00,3335
2019-01-21T15:00:00+00:00,1915
2019-01-21T16:00:00+00:00,1241
2019-01-21T17:00:00+00:00,795
2019-01-21T19:00:00+00:00,0
2019-01-21T18:00:00+00:00,0
2019-01-21T20:00:00+00:00,0
2019-01-21T21:00:00+00:00,0
2019-01-21T22:00:00+00:00,0
2019-01-21T23:00:00+00:00,903
2019-01-22T00:00:00+00:00,1558
2019-01-22T01:00:00+00:00,2264
2019-01-22T02:00:00+00:00,2291
2019-01-22T03:00:00+00:00,2532
2019-01-22T04:00:00+00:00,2247
2019-01-22T05:00:00+00:00,2621
2019-01-22T06:00:00+00:00,2276
2019-01-22T07:00:00+00:00,5517
2019-01-22T08:00:00+00:00,5502
2019-01-22T09:00:00+00:00,3268
2019-01-22T10:00:00+00:00,2353
2019-01-22T11:00:00+00:00,2639
2019-01-22T12:00:00+00:00,2845
2019-01-22T13:00:00+00:00,5277
2019-01-22T14:00:00+00:00,6060
2019-01-22T15:00:00+00:00,7292
2019-01-22T16:00:00+00:00,4737
2019-01-22T17:00:00+00:00,2747
2019-01-22T18:00:00+00:00,5075
2019-01-22T19:00:00+00:00,3188
2019-01-22T20:00:00+00:00,4080
2019-01-22T21:00:00+00:00,1243
2019-01-22T22:00:00+00:00,0
2019-01-22T23:00:00+00:00,909
2019-01-23T00:00:00+00:00,1977
2019-01-23T01:00:00+00:00,2866
2019-01-23T02:00:00+00:00,1509
2019-01-23T03:00:00+00:00,1943
2019-01-23T04:00:00+00:00,1811
2019-01-23T05:00:00+00:00,2281
2019-01-23T06:00:00+00:00,2060
2019-01-23T07:00:00+00:00,3600
2019-01-23T08:00:00+00:00,4515
2019-01-23T10:00:00+00:00,2443
2019-01-23T11:00:00+00:00,2689
2019-01-23T12:00:00+00:00,1869
2019-01-23T13:00:00+00:00,7426
2019-01-23T14:00:00+00:00,7645
2019-01-23T15:00:00+00:00,8600
2019-01-23T16:00:00+00:00,8227
2019-01-23T17:00:00+00:00,4617
2019-01-23T18:00:00+00:00,3322
2019-01-23T19:00:00+00:00,2977
2019-01-23T20:00:00+00:00,1745
2019-01-23T21:00:00+00:00,553
2019-01-23T22:00:00+00:00,0
2019-01-24T00:00:00+00:00,1461
2019-01-24T02:00:00+00:00,2763
2019-01-24T01:00:00+00:00,2936
2019-01-24T03:00:00+00:00,1858
2019-01-24T04:00:00+00:00,1652
2019-01-23T09:00:00+00:00,3288
2019-01-24T05:00:00+00:00,1527
2019-01-24T06:00:00+00:00,2473
2019-01-24T09:00:00+00:00,4699
2019-01-24T08:00:00+00:00,5533
2019-01-24T10:00:00+00:00,3020
2019-01-24T12:00:00+00:00,3717
2019-01-24T11:00:00+00:00,2787
2019-01-24T14:00:00+00:00,10406
2019-01-24T13:00:00+00:00,11995
2019-01-24T16:00:00+00:00,6530
2019-01-24T15:00:00+00:00,8126
2019-01-23T23:00:00+00:00,1033
2019-01-24T17:00:00+00:00,4965
2019-01-24T19:00:00+00:00,2973
2019-01-24T18:00:00+00:00,4386
2019-01-24T20:00:00+00:00,2029
2019-01-24T23:00:00+00:00,1438
2019-01-24T22:00:00+00:00,0
2019-01-25T00:00:00+00:00,2465
2019-01-25T01:00:00+00:00,3496
2019-01-25T02:00:00+00:00,2719
2019-01-25T03:00:00+00:00,3331
2019-01-25T04:00:00+00:00,829
2019-01-25T05:00:00+00:00,1662
2019-01-25T06:00:00+00:00,2564
2019-01-25T07:00:00+00:00,4059
2019-01-25T08:00:00+00:00,4077
2019-01-24T07:00:00+00:00,3490
2019-01-25T09:00:00+00:00,3065
2019-01-25T10:00:00+00:00,1945
2019-01-25T11:00:00+00:00,2869
2019-01-25T13:00:00+00:00,6470
2019-01-25T14:00:00+00:00,10447
2019-01-25T15:00:00+00:00,11514
2019-01-25T16:00:00+00:00,4450
2019-01-25T17:00:00+00:00,4872
2019-01-25T19:00:00+00:00,3078
2019-01-25T18:00:00+00:00,4143
2019-01-25T20:00:00+00:00,2519
2019-01-25T22:00:00+00:00,0
2019-01-25T21:00:00+00:00,2666
2019-01-25T23:00:00+00:00,0
2019-01-27T00:00:00+00:00,0
2019-01-27T02:00:00+00:00,0
2019-01-27T03:00:00+00:00,0
2019-01-27T04:00:00+00:00,0
2019-01-27T05:00:00+00:00,0
2019-01-27T06:00:00+00:00,0
2019-01-24T21:00:00+00:00,465
2019-01-27T07:00:00+00:00,0
2019-01-27T08:00:00+00:00,0
2019-01-27T09:00:00+00:00,0
2019-01-27T10:00:00+00:00,0
2019-01-27T11:00:00+00:00,0
2019-01-27T12:00:00+00:00,0
2019-01-27T13:00:00+00:00,0
2019-01-27T14:00:00+00:00,0
2019-01-27T15:00:00+00:00,0
2019-01-27T16:00:00+00:00,0
2019-01-27T17:00:00+00:00,0
2019-01-27T18:00:00+00:00,0
2019-01-27T19:00:00+00:00,0
2019-01-27T21:00:00+00:00,0
2019-01-27T20:00:00+00:00,0
2019-01-25T12:00:00+00:00,2599
2019-01-27T22:00:00+00:00,0
2019-01-27T23:00:00+00:00,1711
2019-01-28T00:00:00+00:00,2653
2019-01-28T02:00:00+00:00,2629
2019-01-28T01:00:00+00:00,3744
2019-01-28T04:00:00+00:00,1141
2019-01-28T03:00:00+00:00,1836
2019-01-28T05:00:00+00:00,2275
2019-01-28T06:00:00+00:00,2569
2019-01-28T07:00:00+00:00,3261
2019-01-28T08:00:00+00:00,4065
2019-01-28T09:00:00+00:00,2636
2019-01-28T10:00:00+00:00,2389
2019-01-27T01:00:00+00:00,0
2019-01-28T11:00:00+00:00,2919
2019-01-28T12:00:00+00:00,2959
2019-01-28T13:00:00+00:00,4705
2019-01-28T14:00:00+00:00,8192
2019-01-28T16:00:00+00:00,6118
2019-01-28T15:00:00+00:00,7225
2019-01-28T17:00:00+00:00,3756
2019-01-28T18:00:00+00:00,3468
2019-01-28T19:00:00+00:00,2630
2019-01-28T20:00:00+00:00,2188
2019-01-28T21:00:00+00:00,780
2019-01-28T22:00:00+00:00,0
2019-01-28T23:00:00+00:00,1162
2019-01-29T00:00:00+00:00,2083
2019-01-29T01:00:00+00:00,2761
2019-01-29T02:00:00+00:00,2317
2019-01-29T03:00:00+00:00,1580
2019-01-29T04:00:00+00:00,1239
2019-01-29T05:00:00+00:00,1824
2019-01-29T06:00:00+00:00,3253
2019-01-29T07:00:00+00:00,4901
2019-01-29T08:00:00+00:00,4398
2019-01-29T10:00:00+00:00,3231
2019-01-29T09:00:00+00:00,4504
2019-01-29T11:00:00+00:00,3541
2019-01-29T12:00:00+00:00,5122
2019-01-29T13:00:00+00:00,7359
2019-01-29T14:00:00+00:00,7994
2019-01-29T15:00:00+00:00,9124
2019-01-29T16:00:00+00:00,6031
2019-01-29T17:00:00+00:00,3768
2019-01-29T18:00:00+00:00,3370
2019-01-29T19:00:00+00:00,2958
2019-01-29T20:00:00+00:00,4016
2019-01-29T21:00:00+00:00,1381
2019-01-29T22:00:00+00:00,0
2019-01-29T23:00:00+00:00,1248
2019-01-30T00:00:00+00:00,2087
2019-01-30T01:00:00+00:00,3643
2019-01-30T02:00:00+00:00,2324
2019-01-30T03:00:00+00:00,2143
2019-01-30T04:00:00+00:00,1779
2019-01-30T05:00:00+00:00,1889
2019-01-30T06:00:00+00:00,3022
2019-01-30T07:00:00+00:00,5073
2019-01-30T08:00:00+00:00,4624
2019-01-30T09:00:00+00:00,3193
2019-01-30T10:00:00+00:00,2794
2019-01-30T11:00:00+00:00,2747
2019-01-30T12:00:00+00:00,3070
2019-01-30T14:00:00+00:00,7812
2019-01-30T13:00:00+00:00,8164
2019-01-30T15:00:00+00:00,6189
2019-01-30T16:00:00+00:00,4077
2019-01-30T17:00:00+00:00,2427
2019-01-30T18:00:00+00:00,3251
2019-01-30T20:00:00+00:00,8055
2019-01-30T19:00:00+00:00,14720
2019-01-30T21:00:00+00:00,1301
2019-01-30T22:00:00+00:00,0
2019-01-30T23:00:00+00:00,1142
2019-01-31T00:00:00+00:00,3191
2019-01-31T01:00:00+00:00,3437
2019-01-31T02:00:00+00:00,2552
2019-01-31T03:00:00+00:00,2014
2019-01-31T04:00:00+00:00,1455
2019-01-31T05:00:00+00:00,1805
2019-01-31T07:00:00+00:00,5608
2019-01-31T08:00:00+00:00,5895
2019-01-31T06:00:00+00:00,2390
2019-01-31T09:00:00+00:00,4238
2019-01-31T10:00:00+00:00,5267
2019-01-31T11:00:00+00:00,3576
2019-01-31T12:00:00+00:00,4181
2019-01-31T13:00:00+00:00,7664
2019-01-31T14:00:00+00:00,7101
2019-01-31T15:00:00+00:00,7682
2019-01-31T16:00:00+00:00,7315
2019-01-31T17:00:00+00:00,4679
2019-01-31T18:00:00+00:00,5115
2019-01-31T19:00:00+00:00,3033
2019-01-31T20:00:00+00:00,3269
2019-01-31T21:00:00+00:00,908
2019-01-31T22:00:00+00:00,0
2019-01-31T23:00:00+00:00,1249
2019-02-01T00:00:00+00:00,1738
2019-02-01T01:00:00+00:00,4305
2019-02-01T02:00:00+00:00,2983
2019-02-01T04:00:00+00:00,1469
2019-02-01T03:00:00+00:00,1709
2019-02-01T05:00:00+00:00,2012
2019-02-01T06:00:00+00:00,2858
2019-02-01T07:00:00+00:00,4427
2019-02-01T08:00:00+00:00,3668
2019-02-01T09:00:00+00:00,2918
2019-02-01T10:00:00+00:00,2416
2019-02-01T12:00:00+00:00,2616
2019-02-01T11:00:00+00:00,2193
2019-02-01T13:00:00+00:00,10032
2019-02-01T14:00:00+00:00,8214
2019-02-01T15:00:00+00:00,9232
2019-02-01T16:00:00+00:00,5994
2019-02-01T17:00:00+00:00,3531
2019-02-01T18:00:00+00:00,4392
2019-02-01T19:00:00+00:00,2608
2019-02-01T20:00:00+00:00,2587
2019-02-01T21:00:00+00:00,874
2019-02-01T22:00:00+00:00,0
2019-02-01T23:00:00+00:00,0
2019-02-03T00:00:00+00:00,0
2019-02-03T01:00:00+00:00,0
2019-02-03T02:00:00+00:00,0
2019-02-03T03:00:00+00:00,0
2019-02-03T04:00:00+00:00,0
2019-02-03T06:00:00+00:00,0
2019-02-03T05:00:00+00:00,0
2019-02-03T07:00:00+00:00,0
2019-02-03T08:00:00+00:00,0
2019-02-03T09:00:00+00:00,0
2019-02-03T10:00:00+00:00,0
2019-02-03T11:00:00+00:00,0
2019-02-03T12:00:00+00:00,0
2019-02-03T13:00:00+00:00,0
2019-02-03T14:00:00+00:00,0
2019-02-03T15:00:00+00:00,0
2019-02-03T16:00:00+00:00,0
2019-02-03T17:00:00+00:00,0
2019-02-03T18:00:00+00:00,0
2019-02-03T19:00:00+00:00,0
2019-02-03T20:00:00+00:00,0
2019-02-03T21:00:00+00:00,0
2019-02-03T22:00:00+00:00,0
2019-02-03T23:00:00+00:00,1303
2019-02-04T00:00:00+00:00,2639
2019-02-04T01:00:00+00:00,2658
2019-02-04T02:00:00+00:00,1725
2019-02-04T03:00:00+00:00,2314
2019-02-04T04:00:00+00:00,2240
2019-02-04T05:00:00+00:00,1858
2019-02-04T06:00:00+00:00,1913
2019-02-04T07:00:00+00:00,3854
2019-02-04T08:00:00+00:00,4291
2019-02-04T09:00:00+00:00,3444
2019-02-04T11:00:00+00:00,2755
2019-02-04T10:00:00+00:00,3279
2019-02-04T12:00:00+00:00,3178
2019-02-04T13:00:00+00:00,4400
2019-02-04T14:00:00+00:00,7221
2019-02-04T15:00:00+00:00,7068
2019-02-04T16:00:00+00:00,4045
2019-02-04T17:00:00+00:00,3285
2019-02-04T18:00:00+00:00,2885
2019-02-04T19:00:00+00:00,2378
2019-02-04T20:00:00+00:00,2137
2019-02-04T22:00:00+00:00,0
2019-02-04T21:00:00+00:00,847
2019-02-04T23:00:00+00:00,1635
2019-02-05T00:00:00+00:00,2650
2019-02-05T01:00:00+00:00,1880
2019-02-05T02:00:00+00:00,1647
2019-02-05T03:00:00+00:00,2317
2019-02-05T04:00:00+00:00,1959
2019-02-05T06:00:00+00:00,1466
2019-02-05T05:00:00+00:00,1377
2019-02-05T08:00:00+00:00,4222
2019-02-05T07:00:00+00:00,2478
2019-02-05T09:00:00+00:00,3890
2019-02-05T10:00:00+00:00,4059
2019-02-05T11:00:00+00:00,3055
2019-02-05T12:00:00+00:00,4619
2019-02-05T13:00:00+00:00,6624
2019-02-05T14:00:00+00:00,5502
2019-02-05T15:00:00+00:00,6604
2019-02-05T16:00:00+00:00,4714
2019-02-05T17:00:00+00:00,3767
2019-02-05T18:00:00+00:00,3888
2019-02-05T19:00:00+00:00,2434
2019-02-05T20:00:00+00:00,2571
2019-02-05T21:00:00+00:00,612
2019-02-05T22:00:00+00:00,0
2019-02-05T23:00:00+00:00,1586
2019-02-06T00:00:00+00:00,1513
2019-02-06T01:00:00+00:00,3524
2019-02-06T02:00:00+00:00,3002
2019-02-06T03:00:00+00:00,2336
2019-02-06T04:00:00+00:00,1671
2019-02-06T05:00:00+00:00,1472
2019-02-06T06:00:00+00:00,1692
2019-02-06T08:00:00+00:00,3165
2019-02-06T10:00:00+00:00,2636
2019-02-06T09:00:00+00:00,3621
2019-02-06T07:00:00+00:00,4244
2019-02-06T11:00:00+00:00,2638
2019-02-06T12:00:00+00:00,2736
2019-02-06T13:00:00+00:00,4609
2019-02-06T17:00:00+00:00,2718
2019-02-06T15:00:00+00:00,4763
2019-02-06T16:00:00+00:00,4104
2019-02-06T14:00:00+00:00,6382
2019-02-06T18:00:00+00:00,5480
2019-02-06T19:00:00+00:00,4396
2019-02-06T20:00:00+00:00,3481
2019-02-06T22:00:00+00:00,0
2019-02-06T21:00:00+00:00,1251
2019-02-06T23:00:00+00:00,2125
2019-02-07T00:00:00+00:00,2757
2019-02-07T01:00:00+00:00,3339
2019-02-07T02:00:00+00:00,1854
2019-02-07T03:00:00+00:00,1665
2019-02-07T05:00:00+00:00,1683
2019-02-07T04:00:00+00:00,1898
2019-02-07T06:00:00+00:00,1941
2019-02-07T07:00:00+00:00,3439
2019-02-07T08:00:00+00:00,3020
2019-02-07T09:00:00+00:00,3045
2019-02-07T10:00:00+00:00,3760
2019-02-07T11:00:00+00:00,2645
2019-02-07T12:00:00+00:00,5216
2019-02-07T13:00:00+00:00,6693
2019-02-07T14:00:00+00:00,7209
2019-02-07T15:00:00+00:00,6438
2019-02-07T16:00:00+00:00,7173
2019-02-07T17:00:00+00:00,4020
2019-02-07T18:00:00+00:00,5024
2019-02-07T19:00:00+00:00,4032
2019-02-07T20:00:00+00:00,2971
2019-02-07T21:00:00+00:00,680
2019-02-07T22:00:00+00:00,0
2019-02-07T23:00:00+00:00,1616
2019-02-08T00:00:00+00:00,3371
2019-02-08T01:00:00+00:00,2372
2019-02-08T02:00:00+00:00,2152
2019-02-08T03:00:00+00:00,1892
2019-02-08T04:00:00+00:00,1874
2019-02-08T05:00:00+00:00,1664
2019-02-08T06:00:00+00:00,1803
2019-02-08T07:00:00+00:00,4113
2019-02-08T08:00:00+00:00,4130
2019-02-08T09:00:00+00:00,2907
2019-02-08T10:00:00+00:00,3059
2019-02-08T11:00:00+00:00,3337
2019-02-08T12:00:00+00:00,3244
2019-02-08T13:00:00+00:00,5779
2019-02-08T14:00:00+00:00,6339
2019-02-08T15:00:00+00:00,6192
2019-02-08T16:00:00+00:00,5239
2019-02-08T17:00:00+00:00,2551
2019-02-08T18:00:00+00:00,3267
2019-02-08T19:00:00+00:00,2848
2019-02-08T20:00:00+00:00,2431
2019-02-08T21:00:00+00:00,1034
2019-02-08T22:00:00+00:00,0
2019-02-08T23:00:00+00:00,0
2019-02-10T00:00:00+00:00,0
2019-02-10T02:00:00+00:00,0
2019-02-10T01:00:00+00:00,0
2019-02-10T03:00:00+00:00,0
2019-02-10T04:00:00+00:00,0
2019-02-10T05:00:00+00:00,0
2019-02-10T06:00:00+00:00,0
2019-02-10T07:00:00+00:00,0
2019-02-10T08:00:00+00:00,0
2019-02-10T09:00:00+00:00,0
2019-02-10T10:00:00+00:00,0
2019-02-10T11:00:00+00:00,0
2019-02-10T12:00:00+00:00,0
2019-02-10T13:00:00+00:00,0
2019-02-10T14:00:00+00:00,0
2019-02-10T15:00:00+00:00,0
2019-02-10T16:00:00+00:00,0
2019-02-10T17:00:00+00:00,0
2019-02-10T18:00:00+00:00,0
2019-02-10T19:00:00+00:00,0
2019-02-10T20:00:00+00:00,0
2019-02-10T21:00:00+00:00,0
2019-02-10T22:00:00+00:00,0
2019-02-10T23:00:00+00:00,1129
2019-02-11T01:00:00+00:00,2770
2019-02-11T00:00:00+00:00,1668
2019-02-11T02:00:00+00:00,1663
2019-02-11T03:00:00+00:00,2091
2019-02-11T04:00:00+00:00,1273
2019-02-11T05:00:00+00:00,1271
2019-02-11T06:00:00+00:00,1893
2019-02-11T07:00:00+00:00,2263
2019-02-11T08:00:00+00:00,3743
2019-02-11T09:00:00+00:00,4856
2019-02-11T10:00:00+00:00,3898
2019-02-11T11:00:00+00:00,3748
2019-02-11T12:00:00+00:00,3643
2019-02-11T13:00:00+00:00,5845
2019-02-11T14:00:00+00:00,7440
2019-02-11T15:00:00+00:00,6723
2019-02-11T16:00:00+00:00,5003
2019-02-11T17:00:00+00:00,2795
2019-02-11T18:00:00+00:00,2916
2019-02-11T19:00:00+00:00,2636
2019-02-11T20:00:00+00:00,2573
2019-02-11T21:00:00+00:00,883
2019-02-11T22:00:00+00:00,0
2019-02-11T23:00:00+00:00,838
2019-02-12T00:00:00+00:00,2419
2019-02-12T02:00:00+00:00,2906
2019-02-12T03:00:00+00:00,1885
2019-02-12T01:00:00+00:00,3568
2019-02-12T04:00:00+00:00,1116
2019-02-12T05:00:00+00:00,1732
2019-02-12T06:00:00+00:00,2194
2019-02-12T07:00:00+00:00,3823
2019-02-12T08:00:00+00:00,3655
2019-02-12T09:00:00+00:00,1696
2019-02-12T10:00:00+00:00,2147
2019-02-12T11:00:00+00:00,1676
2019-02-12T12:00:00+00:00,2696
2019-02-12T14:00:00+00:00,5208
2019-02-12T13:00:00+00:00,4823
2019-02-12T15:00:00+00:00,5316
2019-02-12T16:00:00+00:00,3875
2019-02-12T18:00:00+00:00,4309
2019-02-12T17:00:00+00:00,2854
2019-02-12T19:00:00+00:00,2214
2019-02-12T20:00:00+00:00,2133
2019-02-12T21:00:00+00:00,689
2019-02-12T22:00:00+00:00,0
2019-02-12T23:00:00+00:00,1077
2019-02-13T00:00:00+00:00,1960
2019-02-13T01:00:00+00:00,3545
2019-02-13T02:00:00+00:00,2211
2019-02-13T03:00:00+00:00,1775
2019-02-13T04:00:00+00:00,1036
2019-02-13T05:00:00+00:00,1402
2019-02-13T06:00:00+00:00,1696
2019-02-13T07:00:00+00:00,3053
2019-02-13T08:00:00+00:00,2865
2019-02-13T09:00:00+00:00,2017
2019-02-13T10:00:00+00:00,1722
2019-02-13T11:00:00+00:00,2059
2019-02-13T12:00:00+00:00,3407
2019-02-13T13:00:00+00:00,7278
2019-02-13T14:00:00+00:00,7002
2019-02-13T15:00:00+00:00,9120
2019-02-13T16:00:00+00:00,6177
2019-02-13T17:00:00+00:00,4094
2019-02-13T19:00:00+00:00,5285
2019-02-13T18:00:00+00:00,2672
2019-02-13T20:00:00+00:00,3837
2019-02-13T21:00:00+00:00,1037
2019-02-13T22:00:00+00:00,0
2019-02-13T23:00:00+00:00,1700
2019-02-14T00:00:00+00:00,2342
2019-02-14T01:00:00+00:00,3147
2019-02-14T02:00:00+00:00,1978
2019-02-14T04:00:00+00:00,1120
2019-02-14T03:00:00+00:00,2200
2019-02-14T05:00:00+00:00,1498
2019-02-14T06:00:00+00:00,2202
2019-02-14T07:00:00+00:00,3926
2019-02-14T08:00:00+00:00,5962
2019-02-14T09:00:00+00:00,3624
2019-02-14T10:00:00+00:00,3361
2019-02-14T12:00:00+00:00,4683
2019-02-14T11:00:00+00:00,2473
2019-02-14T13:00:00+00:00,12644
2019-02-14T14:00:00+00:00,10897
2019-02-14T15:00:00+00:00,10578
2019-02-14T16:00:00+00:00,6255
2019-02-14T17:00:00+00:00,4223
2019-02-14T18:00:00+00:00,4432
2019-02-14T19:00:00+00:00,3120
2019-02-14T20:00:00+00:00,3122
2019-02-14T21:00:00+00:00,737
2019-02-14T22:00:00+00:00,0
2019-02-14T23:00:00+00:00,1115
2019-02-15T02:00:00+00:00,1560
2019-02-15T01:00:00+00:00,2178
2019-02-15T03:00:00+00:00,1158
2019-02-15T04:00:00+00:00,1173
2019-02-15T05:00:00+00:00,1590
2019-02-15T06:00:00+00:00,2657
2019-02-15T08:00:00+00:00,4329
2019-02-15T07:00:00+00:00,3196
2019-02-15T09:00:00+00:00,2565
2019-02-15T10:00:00+00:00,3013
2019-02-15T11:00:00+00:00,3713
2019-02-15T12:00:00+00:00,4632
2019-02-15T13:00:00+00:00,7751
2019-02-15T14:00:00+00:00,8211
2019-02-15T15:00:00+00:00,6332
2019-02-15T16:00:00+00:00,5398
2019-02-15T17:00:00+00:00,3365
2019-02-15T18:00:00+00:00,5340
2019-02-15T19:00:00+00:00,3972
2019-02-15T20:00:00+00:00,3071
2019-02-15T21:00:00+00:00,842
2019-02-15T22:00:00+00:00,0
2019-02-15T23:00:00+00:00,0
2019-02-17T00:00:00+00:00,0
2019-02-17T01:00:00+00:00,0
2019-02-17T02:00:00+00:00,0
2019-02-15T00:00:00+00:00,2021
2019-02-17T03:00:00+00:00,0
2019-02-17T04:00:00+00:00,0
2019-02-17T05:00:00+00:00,0
2019-02-17T06:00:00+00:00,0
2019-02-17T07:00:00+00:00,0
2019-02-17T08:00:00+00:00,0
2019-02-17T09:00:00+00:00,0
2019-02-17T10:00:00+00:00,0
2019-02-17T11:00:00+00:00,0
2019-02-17T12:00:00+00:00,0
2019-02-17T13:00:00+00:00,0
2019-02-17T14:00:00+00:00,0
2019-02-17T15:00:00+00:00,0
2019-02-17T16:00:00+00:00,0
2019-02-17T17:00:00+00:00,0
2019-02-17T18:00:00+00:00,0
2019-02-17T20:00:00+00:00,0
2019-02-17T21:00:00+00:00,0
2019-02-17T19:00:00+00:00,0
2019-02-17T22:00:00+00:00,0
2019-02-17T23:00:00+00:00,1536
2019-02-18T00:00:00+00:00,1878
2019-02-18T01:00:00+00:00,3771
2019-02-18T02:00:00+00:00,2389
2019-02-18T03:00:00+00:00,1817
2019-02-18T04:00:00+00:00,1246
2019-02-18T05:00:00+00:00,1429
2019-02-18T07:00:00+00:00,3501
2019-02-18T08:00:00+00:00,3316
2019-02-18T06:00:00+00:00,2354
2019-02-18T09:00:00+00:00,2465
2019-02-18T10:00:00+00:00,2010
2019-02-18T11:00:00+00:00,1889
2019-02-18T12:00:00+00:00,2576
2019-02-18T13:00:00+00:00,3495
2019-02-18T14:00:00+00:00,2695
2019-02-18T15:00:00+00:00,2574
2019-02-18T16:00:00+00:00,1340
2019-02-18T17:00:00+00:00,1277
2019-02-18T18:00:00+00:00,0
2019-02-18T19:00:00+00:00,0
2019-02-18T20:00:00+00:00,0
2019-02-18T21:00:00+00:00,0
2019-02-18T22:00:00+00:00,0
2019-02-18T23:00:00+00:00,572
2019-02-19T00:00:00+00:00,1881
2019-02-19T02:00:00+00:00,1869
2019-02-19T03:00:00+00:00,1590
2019-02-19T01:00:00+00:00,2494
2019-02-19T04:00:00+00:00,1944
2019-02-19T05:00:00+00:00,1946
2019-02-19T06:00:00+00:00,2030
2019-02-19T07:00:00+00:00,3742
2019-02-19T08:00:00+00:00,4952
2019-02-19T09:00:00+00:00,4500
2019-02-19T10:00:00+00:00,3132
2019-02-19T11:00:00+00:00,3943
2019-02-19T12:00:00+00:00,3396
2019-02-19T13:00:00+00:00,5771
2019-02-19T14:00:00+00:00,7746
2019-02-19T15:00:00+00:00,8850
2019-02-19T16:00:00+00:00,6805
2019-02-19T17:00:00+00:00,6802
2019-02-19T18:00:00+00:00,4898
2019-02-19T19:00:00+00:00,3992
2019-02-19T20:00:00+00:00,3503
2019-02-19T21:00:00+00:00,1028
2019-02-19T22:00:00+00:00,0
2019-02-19T23:00:00+00:00,1284
2019-02-20T00:00:00+00:00,2048
2019-02-20T02:00:00+00:00,2987
2019-02-20T01:00:00+00:00,5124
2019-02-20T04:00:00+00:00,1740
2019-02-20T03:00:00+00:00,2990
2019-02-20T05:00:00+00:00,2030
2019-02-20T06:00:00+00:00,2372
2019-02-20T08:00:00+00:00,4352
2019-02-20T07:00:00+00:00,3814
2019-02-20T10:00:00+00:00,3800
2019-02-20T09:00:00+00:00,3850
2019-02-20T12:00:00+00:00,4761
2019-02-20T11:00:00+00:00,2663
2019-02-20T13:00:00+00:00,5168
2019-02-20T14:00:00+00:00,6734
2019-02-20T15:00:00+00:00,6812
2019-02-20T16:00:00+00:00,5504
2019-02-20T17:00:00+00:00,4015
2019-02-20T18:00:00+00:00,3927
2019-02-20T19:00:00+00:00,10704
2019-02-20T20:00:00+00:00,3631
2019-02-20T21:00:00+00:00,1041
2019-02-20T22:00:00+00:00,0
2019-02-20T23:00:00+00:00,1422
2019-02-21T00:00:00+00:00,3028
2019-02-21T01:00:00+00:00,5071
2019-02-21T02:00:00+00:00,2888
2019-02-21T03:00:00+00:00,2903
2019-02-21T04:00:00+00:00,1337
2019-02-21T05:00:00+00:00,4032
2019-02-21T06:00:00+00:00,3861
2019-02-21T07:00:00+00:00,9419
2019-02-21T08:00:00+00:00,11655
2019-02-21T09:00:00+00:00,10651
2019-02-21T10:00:00+00:00,8702
2019-02-21T11:00:00+00:00,7739
2019-02-21T12:00:00+00:00,9218
2019-02-21T13:00:00+00:00,13110
2019-02-21T14:00:00+00:00,15307
2019-02-21T15:00:00+00:00,12416
2019-02-21T16:00:00+00:00,9213
2019-02-21T17:00:00+00:00,8482
2019-02-21T18:00:00+00:00,8732
2019-02-21T19:00:00+00:00,7993
2019-02-21T20:00:00+00:00,5646
2019-02-21T21:00:00+00:00,1858
2019-02-21T22:00:00+00:00,0
2019-02-21T23:00:00+00:00,1535
2019-02-22T00:00:00+00:00,3248
2019-02-22T01:00:00+00:00,3546
2019-02-22T02:00:00+00:00,2338
2019-02-22T04:00:00+00:00,1356
2019-02-22T03:00:00+00:00,2042
2019-02-22T06:00:00+00:00,2546
2019-02-22T05:00:00+00:00,1521
2019-02-22T07:00:00+00:00,6378
2019-02-22T08:00:00+00:00,6874
2019-02-22T09:00:00+00:00,7325
2019-02-22T11:00:00+00:00,5481
2019-02-22T10:00:00+00:00,5518
2019-02-22T12:00:00+00:00,6256
2019-02-22T13:00:00+00:00,11867
2019-02-22T14:00:00+00:00,11102
2019-02-22T15:00:00+00:00,10655
2019-02-22T16:00:00+00:00,7526
2019-02-22T17:00:00+00:00,8148
2019-02-22T19:00:00+00:00,5979
2019-02-22T18:00:00+00:00,6859
2019-02-22T20:00:00+00:00,3343
2019-02-22T21:00:00+00:00,815
2019-02-22T22:00:00+00:00,0
2019-02-22T23:00:00+00:00,0
2019-02-24T00:00:00+00:00,0
2019-02-24T01:00:00+00:00,0
2019-02-24T02:00:00+00:00,0
2019-02-24T03:00:00+00:00,0
2019-02-24T04:00:00+00:00,0
2019-02-24T05:00:00+00:00,0
2019-02-24T06:00:00+00:00,0
2019-02-24T07:00:00+00:00,0
2019-02-24T08:00:00+00:00,0
2019-02-24T09:00:00+00:00,0
2019-02-24T10:00:00+00:00,0
2019-02-24T11:00:00+00:00,0
2019-02-24T13:00:00+00:00,0
2019-02-24T12:00:00+00:00,0
2019-02-24T14:00:00+00:00,0
2019-02-24T15:00:00+00:00,0
2019-02-24T16:00:00+00:00,0
2019-02-24T17:00:00+00:00,0
2019-02-24T18:00:00+00:00,0
2019-02-24T19:00:00+00:00,0
2019-02-24T20:00:00+00:00,0
2019-02-24T21:00:00+00:00,0
2019-02-24T22:00:00+00:00,0
2019-02-24T23:00:00+00:00,1336
2019-02-25T00:00:00+00:00,1957
2019-02-25T01:00:00+00:00,4363
2019-02-25T02:00:00+00:00,2634
2019-02-25T03:00:00+00:00,2452
2019-02-25T04:00:00+00:00,1801
2019-02-25T05:00:00+00:00,2911
2019-02-25T06:00:00+00:00,2846
2019-02-25T07:00:00+00:00,3954
2019-02-25T08:00:00+00:00,3453
2019-02-25T09:00:00+00:00,2846
2019-02-25T10:00:00+00:00,2974
2019-02-25T11:00:00+00:00,2866
2019-02-25T12:00:00+00:00,3679
2019-02-25T13:00:00+00:00,7358
2019-02-25T16:00:00+00:00,4973
2019-02-25T14:00:00+00:00,7311
2019-02-25T15:00:00+00:00,7377
2019-02-25T18:00:00+00:00,3523
2019-02-25T17:00:00+00:00,4926
2019-02-25T19:00:00+00:00,2747
2019-02-25T20:00:00+00:00,2737
2019-02-25T21:00:00+00:00,732
2019-02-25T22:00:00+00:00,0
2019-02-25T23:00:00+00:00,1020
2019-02-26T00:00:00+00:00,1812
2019-02-26T01:00:00+00:00,2907
2019-02-26T02:00:00+00:00,2545
2019-02-26T03:00:00+00:00,2336
2019-02-26T04:00:00+00:00,906
2019-02-26T05:00:00+00:00,1726
2019-02-26T06:00:00+00:00,2403
2019-02-26T07:00:00+00:00,4155
2019-02-26T08:00:00+00:00,3530
2019-02-26T09:00:00+00:00,2545
2019-02-26T10:00:00+00:00,3207
2019-02-26T11:00:00+00:00,2214
2019-02-26T12:00:00+00:00,3615
2019-02-26T13:00:00+00:00,6358
2019-02-26T14:00:00+00:00,6261
2019-02-26T16:00:00+00:00,9507
2019-02-26T15:00:00+00:00,9534
2019-02-26T17:00:00+00:00,5248
2019-02-26T18:00:00+00:00,4930
2019-02-26T19:00:00+00:00,4567
2019-02-26T20:00:00+00:00,4327
2019-02-26T21:00:00+00:00,533
2019-02-26T22:00:00+00:00,0
2019-02-27T00:00:00+00:00,1434
2019-02-27T01:00:00+00:00,634
2019-02-26T23:00:00+00:00,933
2019-02-27T02:00:00+00:00,496
2019-02-27T03:00:00+00:00,763
2019-02-27T04:00:00+00:00,1365
2019-02-27T05:00:00+00:00,1595
2019-02-27T06:00:00+00:00,2126
2019-02-27T09:00:00+00:00,4759
2019-02-27T07:00:00+00:00,6627
2019-02-27T08:00:00+00:00,6099
2019-02-27T10:00:00+00:00,4639
2019-02-27T11:00:00+00:00,4888
2019-02-27T12:00:00+00:00,7204
2019-02-27T13:00:00+00:00,9372
2019-02-27T14:00:00+00:00,9692
2019-02-27T15:00:00+00:00,12928
2019-02-27T17:00:00+00:00,7285
2019-02-27T16:00:00+00:00,10377
2019-02-27T18:00:00+00:00,5175
2019-02-27T19:00:00+00:00,4775
2019-02-27T20:00:00+00:00,3443
2019-02-27T22:00:00+00:00,0
2019-02-27T23:00:00+00:00,897
2019-02-28T00:00:00+00:00,1482
2019-02-28T01:00:00+00:00,3515
2019-02-28T02:00:00+00:00,2001
2019-02-28T03:00:00+00:00,1349
2019-02-28T04:00:00+00:00,649
2019-02-28T05:00:00+00:00,1444
2019-02-28T06:00:00+00:00,3033
2019-02-28T07:00:00+00:00,6863
2019-02-28T08:00:00+00:00,7332
2019-02-28T09:00:00+00:00,6685
2019-02-28T10:00:00+00:00,5740
2019-02-28T11:00:00+00:00,3573
2019-02-28T12:00:00+00:00,3317
2019-02-27T21:00:00+00:00,698
2019-02-28T14:00:00+00:00,10156
2019-02-28T13:00:00+00:00,11222
2019-02-28T15:00:00+00:00,13688
2019-02-28T16:00:00+00:00,6732
2019-02-28T18:00:00+00:00,5416
2019-02-28T17:00:00+00:00,5710
2019-02-28T19:00:00+00:00,3541
2019-02-28T20:00:00+00:00,2709
2019-02-28T21:00:00+00:00,1013
2019-02-28T22:00:00+00:00,0
2019-02-28T23:00:00+00:00,1301
2019-03-01T00:00:00+00:00,2163
2019-03-01T01:00:00+00:00,3564
2019-03-01T02:00:00+00:00,2788
2019-03-01T03:00:00+00:00,1530
2019-03-01T04:00:00+00:00,960
2019-03-01T05:00:00+00:00,1819
2019-03-01T06:00:00+00:00,3391
2019-03-01T07:00:00+00:00,8116
2019-03-01T08:00:00+00:00,6723
2019-03-01T09:00:00+00:00,5531
2019-03-01T10:00:00+00:00,8514
2019-03-01T11:00:00+00:00,4106
2019-03-01T12:00:00+00:00,6063
2019-03-01T13:00:00+00:00,9663
2019-03-01T14:00:00+00:00,8937
2019-03-01T15:00:00+00:00,12212
2019-03-01T16:00:00+00:00,13579
2019-03-01T17:00:00+00:00,8760
2019-03-01T18:00:00+00:00,9243
2019-03-01T19:00:00+00:00,6746
2019-03-01T20:00:00+00:00,4990
2019-03-01T21:00:00+00:00,1986
2019-03-01T22:00:00+00:00,0
2019-03-01T23:00:00+00:00,0
2019-03-03T00:00:00+00:00,0
2019-03-03T01:00:00+00:00,0
2019-03-03T02:00:00+00:00,0
2019-03-03T03:00:00+00:00,0
2019-03-03T04:00:00+00:00,0
2019-03-03T05:00:00+00:00,0
2019-03-03T06:00:00+00:00,0
2019-03-03T07:00:00+00:00,0
2019-03-03T08:00:00+00:00,0
2019-03-03T09:00:00+00:00,0
2019-03-03T10:00:00+00:00,0
2019-03-03T11:00:00+00:00,0
2019-03-03T12:00:00+00:00,0
2019-03-03T13:00:00+00:00,0
2019-03-03T15:00:00+00:00,0
2019-03-03T16:00:00+00:00,0
2019-03-03T17:00:00+00:00,0
2019-03-03T18:00:00+00:00,0
2019-03-03T20:00:00+00:00,0
2019-03-03T21:00:00+00:00,0
2019-03-03T22:00:00+00:00,0
2019-03-03T23:00:00+00:00,1770
2019-03-04T00:00:00+00:00,2296
2019-03-04T01:00:00+00:00,3316
2019-03-04T02:00:00+00:00,2151
2019-03-04T03:00:00+00:00,1931
2019-03-04T04:00:00+00:00,1229
2019-03-04T05:00:00+00:00,2499
2019-03-04T06:00:00+00:00,3534
2019-03-04T07:00:00+00:00,5120
2019-03-04T08:00:00+00:00,7184
2019-03-04T09:00:00+00:00,3847
2019-03-04T11:00:00+00:00,3321
2019-03-04T12:00:00+00:00,5677
2019-03-03T14:00:00+00:00,0
2019-03-04T13:00:00+00:00,7975
2019-03-04T14:00:00+00:00,9504
2019-03-04T15:00:00+00:00,6683
2019-03-04T16:00:00+00:00,6865
2019-03-04T17:00:00+00:00,5736
2019-03-04T18:00:00+00:00,7673
2019-03-04T19:00:00+00:00,5685
2019-03-04T20:00:00+00:00,4555
2019-03-04T22:00:00+00:00,0
2019-03-03T19:00:00+00:00,0
2019-03-04T21:00:00+00:00,828
2019-03-04T23:00:00+00:00,1098
2019-03-05T00:00:00+00:00,1958
2019-03-05T01:00:00+00:00,2953
2019-03-05T03:00:00+00:00,3185
2019-03-05T02:00:00+00:00,3004
2019-03-05T04:00:00+00:00,1969
2019-03-05T05:00:00+00:00,1880
2019-03-05T07:00:00+00:00,6392
2019-03-05T08:00:00+00:00,8924
2019-03-04T10:00:00+00:00,2494
2019-03-05T09:00:00+00:00,7664
2019-03-05T10:00:00+00:00,6311
2019-03-05T11:00:00+00:00,5986
2019-03-05T12:00:00+00:00,7163
2019-03-05T13:00:00+00:00,10364
2019-03-05T14:00:00+00:00,9751
2019-03-05T15:00:00+00:00,15266
2019-03-05T16:00:00+00:00,7284
2019-03-05T17:00:00+00:00,5423
2019-03-05T18:00:00+00:00,6685
2019-03-05T20:00:00+00:00,2206
2019-03-05T19:00:00+00:00,3770
2019-03-05T21:00:00+00:00,760
2019-03-05T22:00:00+00:00,0
2019-03-05T23:00:00+00:00,996
2019-03-06T00:00:00+00:00,2662
2019-03-06T01:00:00+00:00,2297
2019-03-06T03:00:00+00:00,2170
2019-03-06T04:00:00+00:00,1415
2019-03-05T06:00:00+00:00,3011
2019-03-06T05:00:00+00:00,1909
2019-03-06T06:00:00+00:00,3143
2019-03-06T07:00:00+00:00,6471
2019-03-06T08:00:00+00:00,5323
2019-03-06T09:00:00+00:00,5678
2019-03-06T10:00:00+00:00,4526
2019-03-06T11:00:00+00:00,2739
2019-03-06T12:00:00+00:00,7194
2019-03-06T13:00:00+00:00,11291
2019-03-06T14:00:00+00:00,10011
2019-03-06T15:00:00+00:00,10393
2019-03-06T16:00:00+00:00,7712
2019-03-06T17:00:00+00:00,5989
2019-03-06T18:00:00+00:00,6013
2019-03-06T19:00:00+00:00,4959
2019-03-06T21:00:00+00:00,846
2019-03-06T22:00:00+00:00,0
2019-03-06T02:00:00+00:00,2276
2019-03-06T23:00:00+00:00,904
2019-03-07T00:00:00+00:00,1550
2019-03-07T01:00:00+00:00,1983
2019-03-07T02:00:00+00:00,2077
2019-03-07T03:00:00+00:00,1184
2019-03-07T04:00:00+00:00,797
2019-03-07T05:00:00+00:00,1862
2019-03-07T06:00:00+00:00,2263
2019-03-07T07:00:00+00:00,5078
2019-03-07T08:00:00+00:00,8014
2019-03-07T09:00:00+00:00,4467
2019-03-07T10:00:00+00:00,4047
2019-03-07T11:00:00+00:00,3204
2019-03-07T12:00:00+00:00,5609
2019-03-07T13:00:00+00:00,12653
2019-03-07T14:00:00+00:00,12183
2019-03-07T16:00:00+00:00,9999
2019-03-07T15:00:00+00:00,13218
2019-03-07T17:00:00+00:00,8873
2019-03-07T18:00:00+00:00,5734
2019-03-07T19:00:00+00:00,7616
2019-03-07T20:00:00+00:00,4870
2019-03-06T20:00:00+00:00,3409
2019-03-07T21:00:00+00:00,1052
2019-03-07T23:00:00+00:00,940
2019-03-07T22:00:00+00:00,0
2019-03-08T00:00:00+00:00,2085
2019-03-08T01:00:00+00:00,2966
2019-03-08T02:00:00+00:00,2518
2019-03-08T03:00:00+00:00,2409
2019-03-08T04:00:00+00:00,1884
2019-03-08T05:00:00+00:00,2556
2019-03-08T07:00:00+00:00,9081
2019-03-08T06:00:00+00:00,5011
2019-03-08T08:00:00+00:00,7617
2019-03-08T09:00:00+00:00,6024
2019-03-08T10:00:00+00:00,5245
2019-03-08T11:00:00+00:00,4596
2019-03-08T12:00:00+00:00,3599
2019-03-08T13:00:00+00:00,12631
2019-03-08T14:00:00+00:00,13304
2019-03-08T15:00:00+00:00,12668
2019-03-08T16:00:00+00:00,11622
2019-03-08T17:00:00+00:00,4765
2019-03-08T18:00:00+00:00,5229
2019-03-08T19:00:00+00:00,5134
2019-03-08T20:00:00+00:00,5604
2019-03-08T21:00:00+00:00,998
2019-03-08T22:00:00+00:00,0
2019-03-08T23:00:00+00:00,0
2019-03-10T00:00:00+00:00,0
2019-03-10T01:00:00+00:00,0
2019-03-10T02:00:00+00:00,0
2019-03-10T03:00:00+00:00,0
2019-03-10T04:00:00+00:00,0
2019-03-10T05:00:00+00:00,0
2019-03-10T06:00:00+00:00,0
2019-03-10T07:00:00+00:00,0
2019-03-10T08:00:00+00:00,0
2019-03-10T09:00:00+00:00,0
2019-03-10T10:00:00+00:00,0
2019-03-10T11:00:00+00:00,0
2019-03-10T13:00:00+00:00,0
2019-03-10T12:00:00+00:00,0
2019-03-10T14:00:00+00:00,0
2019-03-10T15:00:00+00:00,0
2019-03-10T16:00:00+00:00,0
2019-03-10T17:00:00+00:00,0
2019-03-10T18:00:00+00:00,0
2019-03-10T19:00:00+00:00,0
2019-03-10T20:00:00+00:00,0
2019-03-10T21:00:00+00:00,0
2019-03-10T22:00:00+00:00,719
2019-03-10T23:00:00+00:00,1505
2019-03-11T00:00:00+00:00,2038
2019-03-11T01:00:00+00:00,3053
2019-03-11T02:00:00+00:00,2136
2019-03-11T03:00:00+00:00,1008
2019-03-11T04:00:00+00:00,1196
2019-03-11T05:00:00+00:00,1555
2019-03-11T06:00:00+00:00,2343
2019-03-11T07:00:00+00:00,5797
2019-03-11T08:00:00+00:00,6105
2019-03-11T09:00:00+00:00,5795
2019-03-11T10:00:00+00:00,5048
2019-03-11T11:00:00+00:00,4649
2019-03-11T12:00:00+00:00,7508
2019-03-11T13:00:00+00:00,11522
2019-03-11T14:00:00+00:00,8311
2019-03-11T15:00:00+00:00,4714
2019-03-11T16:00:00+00:00,6011
2019-03-11T17:00:00+00:00,4846
2019-03-11T18:00:00+00:00,2728
2019-03-11T19:00:00+00:00,2299
2019-03-11T20:00:00+00:00,862
2019-03-11T21:00:00+00:00,0
2019-03-11T22:00:00+00:00,960
2019-03-11T23:00:00+00:00,1198
2019-03-12T00:00:00+00:00,2107
2019-03-12T01:00:00+00:00,2612
2019-03-12T02:00:00+00:00,1721
2019-03-12T03:00:00+00:00,1614
2019-03-12T04:00:00+00:00,1105
2019-03-12T05:00:00+00:00,1427
2019-03-12T06:00:00+00:00,1924
2019-03-12T07:00:00+00:00,5467
2019-03-12T08:00:00+00:00,6950
2019-03-12T09:00:00+00:00,6420
2019-03-12T10:00:00+00:00,5817
2019-03-12T13:00:00+00:00,12439
2019-03-12T16:00:00+00:00,2864
2019-03-12T14:00:00+00:00,5922
2019-03-12T17:00:00+00:00,3018
2019-03-12T15:00:00+00:00,4787
2019-03-12T12:00:00+00:00,14155
2019-03-12T11:00:00+00:00,11678
2019-03-12T18:00:00+00:00,4779
2019-03-12T21:00:00+00:00,0
2019-03-12T20:00:00+00:00,1089
2019-03-12T19:00:00+00:00,6554
2019-03-12T22:00:00+00:00,495
2019-03-12T23:00:00+00:00,1393
2019-03-13T00:00:00+00:00,2284
2019-03-13T01:00:00+00:00,2561
2019-03-13T02:00:00+00:00,2029
2019-03-13T03:00:00+00:00,1033
2019-03-13T04:00:00+00:00,984
2019-03-13T05:00:00+00:00,1632
2019-03-13T06:00:00+00:00,1712
2019-03-13T07:00:00+00:00,3841
2019-03-13T08:00:00+00:00,6396
2019-03-13T09:00:00+00:00,4803
2019-03-13T10:00:00+00:00,3841
2019-03-13T11:00:00+00:00,3853
2019-03-13T12:00:00+00:00,8545
2019-03-13T13:00:00+00:00,11520
2019-03-13T14:00:00+00:00,6942
2019-03-13T15:00:00+00:00,7256
2019-03-13T16:00:00+00:00,4447
2019-03-13T17:00:00+00:00,4554
2019-03-13T18:00:00+00:00,4124
2019-03-13T19:00:00+00:00,7865
2019-03-13T20:00:00+00:00,1485
2019-03-13T21:00:00+00:00,0
2019-03-13T22:00:00+00:00,830
2019-03-13T23:00:00+00:00,824
2019-03-14T00:00:00+00:00,1353
2019-03-14T01:00:00+00:00,3226
2019-03-14T02:00:00+00:00,1820
2019-03-14T03:00:00+00:00,1972
2019-03-14T04:00:00+00:00,1751
2019-03-14T05:00:00+00:00,2485
2019-03-14T06:00:00+00:00,2603
2019-03-14T08:00:00+00:00,7994
2019-03-14T07:00:00+00:00,8000
2019-03-14T09:00:00+00:00,8917
2019-03-14T10:00:00+00:00,7497
2019-03-14T11:00:00+00:00,6318
2019-03-14T12:00:00+00:00,8324
2019-03-14T13:00:00+00:00,10991
2019-03-14T14:00:00+00:00,6998
2019-03-14T15:00:00+00:00,5862
2019-03-14T16:00:00+00:00,4775
2019-03-14T17:00:00+00:00,5161
2019-03-14T18:00:00+00:00,4582
2019-03-14T19:00:00+00:00,2830
2019-03-14T20:00:00+00:00,888
2019-03-14T21:00:00+00:00,0
2019-03-14T22:00:00+00:00,569
2019-03-14T23:00:00+00:00,764
2019-03-15T00:00:00+00:00,1541
2019-03-15T01:00:00+00:00,2263
2019-03-15T02:00:00+00:00,2991
2019-03-15T03:00:00+00:00,4141
2019-03-15T04:00:00+00:00,1371
2019-03-15T05:00:00+00:00,1291
2019-03-15T06:00:00+00:00,3949
2019-03-15T09:00:00+00:00,5574
2019-03-15T10:00:00+00:00,5619
2019-03-15T11:00:00+00:00,3589
2019-03-15T08:00:00+00:00,7810
2019-03-15T07:00:00+00:00,7923
2019-03-15T12:00:00+00:00,6697
2019-03-15T13:00:00+00:00,12272
2019-03-15T14:00:00+00:00,7836
2019-03-15T15:00:00+00:00,8321
2019-03-15T17:00:00+00:00,4396
2019-03-15T16:00:00+00:00,6299
2019-03-15T19:00:00+00:00,3986
2019-03-15T18:00:00+00:00,2995
2019-03-15T20:00:00+00:00,1091
2019-03-15T21:00:00+00:00,0
2019-03-15T22:00:00+00:00,0
2019-03-15T23:00:00+00:00,0
2019-03-17T00:00:00+00:00,0
2019-03-17T01:00:00+00:00,0
2019-03-17T02:00:00+00:00,0
2019-03-17T04:00:00+00:00,0
2019-03-17T03:00:00+00:00,0
2019-03-17T05:00:00+00:00,0
2019-03-17T07:00:00+00:00,0
2019-03-17T06:00:00+00:00,0
2019-03-17T09:00:00+00:00,0
2019-03-17T08:00:00+00:00,0
2019-03-17T13:00:00+00:00,0
2019-03-17T12:00:00+00:00,0
2019-03-17T10:00:00+00:00,0
2019-03-17T11:00:00+00:00,0
2019-03-17T14:00:00+00:00,0
2019-03-17T16:00:00+00:00,0
2019-03-17T15:00:00+00:00,0
2019-03-17T17:00:00+00:00,0
2019-03-17T19:00:00+00:00,0
2019-03-17T20:00:00+00:00,0
2019-03-17T18:00:00+00:00,0
2019-03-17T21:00:00+00:00,0
2019-03-17T22:00:00+00:00,774
2019-03-17T23:00:00+00:00,918
2019-03-18T00:00:00+00:00,2124
2019-03-18T01:00:00+00:00,2391
2019-03-18T02:00:00+00:00,1482
2019-03-18T03:00:00+00:00,1309
2019-03-18T04:00:00+00:00,761
2019-03-18T05:00:00+00:00,1296
2019-03-18T06:00:00+00:00,3465
2019-03-18T07:00:00+00:00,3882
2019-03-18T08:00:00+00:00,4693
2019-03-18T09:00:00+00:00,3383
2019-03-18T10:00:00+00:00,4102
2019-03-18T12:00:00+00:00,5474
2019-03-18T11:00:00+00:00,3768
2019-03-18T13:00:00+00:00,7254
2019-03-18T14:00:00+00:00,6060
2019-03-18T15:00:00+00:00,7598
2019-03-18T16:00:00+00:00,5740
2019-03-18T17:00:00+00:00,4474
2019-03-18T18:00:00+00:00,3178
2019-03-18T19:00:00+00:00,2053
2019-03-18T20:00:00+00:00,883
2019-03-18T21:00:00+00:00,0
2019-03-18T22:00:00+00:00,767
2019-03-18T23:00:00+00:00,962
2019-03-19T00:00:00+00:00,2147
2019-03-19T01:00:00+00:00,1873
2019-03-19T02:00:00+00:00,1456
2019-03-19T04:00:00+00:00,717
2019-03-19T03:00:00+00:00,1144
2019-03-19T05:00:00+00:00,1927
2019-03-19T06:00:00+00:00,2542
2019-03-19T07:00:00+00:00,5342
2019-03-19T08:00:00+00:00,6043
2019-03-19T09:00:00+00:00,4767
2019-03-19T10:00:00+00:00,7327
2019-03-19T11:00:00+00:00,6710
2019-03-19T12:00:00+00:00,8654
2019-03-19T14:00:00+00:00,5065
2019-03-19T13:00:00+00:00,10487
2019-03-19T15:00:00+00:00,4253
2019-03-19T17:00:00+00:00,3178
2019-03-19T16:00:00+00:00,5282
2019-03-19T18:00:00+00:00,1921
2019-03-19T19:00:00+00:00,2862
2019-03-19T20:00:00+00:00,574
2019-03-19T22:00:00+00:00,576
2019-03-19T21:00:00+00:00,0
2019-03-19T23:00:00+00:00,1720
2019-03-20T00:00:00+00:00,2124
2019-03-20T01:00:00+00:00,2684
2019-03-20T02:00:00+00:00,1658
2019-03-20T03:00:00+00:00,1141
2019-03-20T04:00:00+00:00,664
2019-03-20T05:00:00+00:00,1723
2019-03-20T06:00:00+00:00,2220
2019-03-20T07:00:00+00:00,8406
2019-03-20T08:00:00+00:00,7859
2019-03-20T09:00:00+00:00,5821
2019-03-20T10:00:00+00:00,7025
2019-03-20T11:00:00+00:00,6027
2019-03-20T12:00:00+00:00,6972
2019-03-20T13:00:00+00:00,7553
2019-03-20T14:00:00+00:00,6572
2019-03-20T17:00:00+00:00,5044
2019-03-20T15:00:00+00:00,7472
2019-03-20T16:00:00+00:00,5896
2019-03-20T18:00:00+00:00,16891
2019-03-20T19:00:00+00:00,11359
2019-03-20T20:00:00+00:00,1556
2019-03-20T21:00:00+00:00,0
2019-03-20T22:00:00+00:00,1022
2019-03-21T00:00:00+00:00,2021
2019-03-20T23:00:00+00:00,1449
2019-03-21T01:00:00+00:00,2979
2019-03-21T02:00:00+00:00,2185
2019-03-21T03:00:00+00:00,1808
2019-03-21T04:00:00+00:00,1393
2019-03-21T05:00:00+00:00,1841
2019-03-21T06:00:00+00:00,2524
2019-03-21T07:00:00+00:00,7972
2019-03-21T08:00:00+00:00,8816
2019-03-21T09:00:00+00:00,5273
2019-03-21T10:00:00+00:00,6871
2019-03-21T11:00:00+00:00,7011
2019-03-21T12:00:00+00:00,10673
2019-03-21T13:00:00+00:00,12054
2019-03-21T14:00:00+00:00,9161
2019-03-21T15:00:00+00:00,8250
2019-03-21T16:00:00+00:00,10672
2019-03-21T17:00:00+00:00,7552
2019-03-21T18:00:00+00:00,7597
2019-03-21T19:00:00+00:00,4748
2019-03-21T20:00:00+00:00,759
2019-03-21T21:00:00+00:00,0
2019-03-21T22:00:00+00:00,534
2019-03-21T23:00:00+00:00,736
2019-03-22T00:00:00+00:00,2215
2019-03-22T01:00:00+00:00,2858
2019-03-22T02:00:00+00:00,1914
2019-03-22T03:00:00+00:00,1214
2019-03-22T04:00:00+00:00,944
2019-03-22T05:00:00+00:00,1661
2019-03-22T06:00:00+00:00,2218
2019-03-22T07:00:00+00:00,6524
2019-03-22T08:00:00+00:00,14307
2019-03-22T09:00:00+00:00,12081
2019-03-22T10:00:00+00:00,7572
2019-03-22T11:00:00+00:00,6297
2019-03-22T12:00:00+00:00,11215
2019-03-22T13:00:00+00:00,13193
2019-03-22T14:00:00+00:00,13364
2019-03-22T15:00:00+00:00,9138
2019-03-22T16:00:00+00:00,8776
2019-03-22T17:00:00+00:00,6168
2019-03-22T18:00:00+00:00,4764
2019-03-22T19:00:00+00:00,4311
2019-03-22T20:00:00+00:00,1006
2019-03-22T21:00:00+00:00,0
2019-03-22T22:00:00+00:00,0
2019-03-22T23:00:00+00:00,0
2019-03-24T00:00:00+00:00,0
2019-03-24T01:00:00+00:00,0
2019-03-24T02:00:00+00:00,0
2019-03-24T03:00:00+00:00,0
2019-03-24T04:00:00+00:00,0
2019-03-24T05:00:00+00:00,0
2019-03-24T06:00:00+00:00,0
2019-03-24T07:00:00+00:00,0
2019-03-24T08:00:00+00:00,0
2019-03-24T09:00:00+00:00,0
2019-03-24T10:00:00+00:00,0
2019-03-24T11:00:00+00:00,0
2019-03-24T12:00:00+00:00,0
2019-03-24T13:00:00+00:00,0
2019-03-24T14:00:00+00:00,0
2019-03-24T15:00:00+00:00,0
2019-03-24T16:00:00+00:00,0
2019-03-24T17:00:00+00:00,0
2019-03-24T18:00:00+00:00,0
2019-03-24T19:00:00+00:00,0
2019-03-24T20:00:00+00:00,0
2019-03-24T21:00:00+00:00,0
2019-03-24T22:00:00+00:00,1226
2019-03-24T23:00:00+00:00,1123
2019-03-25T00:00:00+00:00,2949
2019-03-25T01:00:00+00:00,3259
2019-03-25T02:00:00+00:00,1921
2019-03-25T03:00:00+00:00,1130
2019-03-25T04:00:00+00:00,1406
2019-03-25T05:00:00+00:00,1823
2019-03-25T06:00:00+00:00,2119
2019-03-25T07:00:00+00:00,4489
2019-03-25T08:00:00+00:00,6314
2019-03-25T09:00:00+00:00,6309
2019-03-25T10:00:00+00:00,4883
2019-03-25T11:00:00+00:00,4749
2019-03-25T12:00:00+00:00,6762
2019-03-25T14:00:00+00:00,9888
2019-03-25T13:00:00+00:00,9113
2019-03-25T15:00:00+00:00,7032
2019-03-25T16:00:00+00:00,5123
2019-03-25T17:00:00+00:00,5108
2019-03-25T18:00:00+00:00,8959
2019-03-25T19:00:00+00:00,6160
2019-03-25T20:00:00+00:00,798
2019-03-25T21:00:00+00:00,0
2019-03-25T22:00:00+00:00,876
2019-03-25T23:00:00+00:00,1712
2019-03-26T00:00:00+00:00,2830
2019-03-26T01:00:00+00:00,3613
2019-03-26T02:00:00+00:00,2855
2019-03-26T03:00:00+00:00,1542
2019-03-26T04:00:00+00:00,1800
2019-03-26T05:00:00+00:00,3127
2019-03-26T06:00:00+00:00,3588
2019-03-26T07:00:00+00:00,6935
2019-03-26T08:00:00+00:00,7484
2019-03-26T09:00:00+00:00,8245
2019-03-26T11:00:00+00:00,6923
2019-03-26T12:00:00+00:00,10957
2019-03-26T13:00:00+00:00,10888
2019-03-26T14:00:00+00:00,8024
2019-03-26T15:00:00+00:00,6615
2019-03-26T16:00:00+00:00,5510
2019-03-26T17:00:00+00:00,7036
2019-03-26T18:00:00+00:00,5657
2019-03-26T19:00:00+00:00,3762
2019-03-26T20:00:00+00:00,884
2019-03-26T21:00:00+00:00,0
2019-03-26T22:00:00+00:00,848
2019-03-26T23:00:00+00:00,1467
2019-03-27T00:00:00+00:00,2912
2019-03-27T01:00:00+00:00,3998
2019-03-26T10:00:00+00:00,6934
2019-03-27T02:00:00+00:00,2746
2019-03-27T03:00:00+00:00,1504
2019-03-27T04:00:00+00:00,1807
2019-03-27T05:00:00+00:00,2261
2019-03-27T06:00:00+00:00,3191
2019-03-27T07:00:00+00:00,7814
2019-03-27T08:00:00+00:00,8046
2019-03-27T10:00:00+00:00,9303
2019-03-27T09:00:00+00:00,6505
2019-03-27T11:00:00+00:00,8790
2019-03-27T12:00:00+00:00,11926
2019-03-27T13:00:00+00:00,14119
2019-03-27T14:00:00+00:00,11593
2019-03-27T15:00:00+00:00,9485
2019-03-27T16:00:00+00:00,7744
2019-03-27T17:00:00+00:00,6375
2019-03-27T18:00:00+00:00,7957
2019-03-27T19:00:00+00:00,5739
2019-03-27T20:00:00+00:00,954
2019-03-27T21:00:00+00:00,0
2019-03-27T22:00:00+00:00,813
2019-03-27T23:00:00+00:00,1435
2019-03-28T00:00:00+00:00,2724
2019-03-28T01:00:00+00:00,2897
2019-03-28T02:00:00+00:00,2166
2019-03-28T03:00:00+00:00,1538
2019-03-28T04:00:00+00:00,1279
2019-03-28T05:00:00+00:00,1809
2019-03-28T06:00:00+00:00,2091
2019-03-28T07:00:00+00:00,6756
2019-03-28T08:00:00+00:00,7049
2019-03-28T09:00:00+00:00,6181
2019-03-28T10:00:00+00:00,4386
2019-03-28T11:00:00+00:00,6536
2019-03-28T12:00:00+00:00,10695
2019-03-28T13:00:00+00:00,16065
2019-03-28T14:00:00+00:00,13585
2019-03-28T15:00:00+00:00,8137
2019-03-28T16:00:00+00:00,8878
2019-03-28T17:00:00+00:00,8522
2019-03-28T18:00:00+00:00,5999
2019-03-28T19:00:00+00:00,4389
2019-03-28T21:00:00+00:00,0
2019-03-28T20:00:00+00:00,1164
2019-03-28T22:00:00+00:00,572
2019-03-28T23:00:00+00:00,1524
2019-03-29T00:00:00+00:00,2994
2019-03-29T01:00:00+00:00,3523
2019-03-29T02:00:00+00:00,1831
2019-03-29T03:00:00+00:00,1912
2019-03-29T04:00:00+00:00,1632
2019-03-29T05:00:00+00:00,1949
2019-03-29T06:00:00+00:00,3130
2019-03-29T07:00:00+00:00,4678
2019-03-29T08:00:00+00:00,5238
2019-03-29T09:00:00+00:00,5033
2019-03-29T10:00:00+00:00,5170
2019-03-29T11:00:00+00:00,4950
2019-03-29T12:00:00+00:00,10116
2019-03-29T13:00:00+00:00,9826
2019-03-29T14:00:00+00:00,15350
2019-03-29T15:00:00+00:00,13310
2019-03-29T16:00:00+00:00,8200
2019-03-29T17:00:00+00:00,5423
2019-03-29T18:00:00+00:00,4945
2019-03-29T19:00:00+00:00,4224
2019-03-29T20:00:00+00:00,1142
2019-03-29T21:00:00+00:00,0
2019-03-29T22:00:00+00:00,0
2019-03-29T23:00:00+00:00,0
2019-03-31T00:00:00+00:00,0
2019-03-31T01:00:00+00:00,0
2019-03-31T02:00:00+00:00,0
2019-03-31T03:00:00+00:00,0
2019-03-31T04:00:00+00:00,0
2019-03-31T05:00:00+00:00,0
2019-03-31T06:00:00+00:00,0
2019-03-31T07:00:00+00:00,0
2019-03-31T08:00:00+00:00,0
2019-03-31T09:00:00+00:00,0
2019-03-31T10:00:00+00:00,0
2019-03-31T11:00:00+00:00,0
2019-03-31T12:00:00+00:00,0
2019-03-31T13:00:00+00:00,0
2019-03-31T14:00:00+00:00,0
2019-03-31T15:00:00+00:00,0
2019-03-31T16:00:00+00:00,0
2019-03-31T17:00:00+00:00,0
2019-03-31T18:00:00+00:00,0
2019-03-31T19:00:00+00:00,0
2019-03-31T20:00:00+00:00,0
2019-03-31T21:00:00+00:00,0
2019-03-31T22:00:00+00:00,879
2019-03-31T23:00:00+00:00,1132
2019-04-01T00:00:00+00:00,1676
2019-04-01T01:00:00+00:00,3305
2019-04-01T02:00:00+00:00,2170
2019-04-01T03:00:00+00:00,1509
2019-04-01T04:00:00+00:00,1150
2019-04-01T05:00:00+00:00,1585
2019-04-01T06:00:00+00:00,6218
2019-04-01T07:00:00+00:00,4640
2019-04-01T08:00:00+00:00,5792
2019-04-01T09:00:00+00:00,3696
2019-04-01T10:00:00+00:00,3315
2019-04-01T11:00:00+00:00,3338
2019-04-01T12:00:00+00:00,7995
2019-04-01T13:00:00+00:00,8058
2019-04-01T14:00:00+00:00,13395
2019-04-01T15:00:00+00:00,9172
2019-04-01T16:00:00+00:00,5714
2019-04-01T18:00:00+00:00,3520
2019-04-01T17:00:00+00:00,6404
2019-04-01T20:00:00+00:00,1294
2019-04-01T19:00:00+00:00,3204
2019-04-01T21:00:00+00:00,0
2019-04-01T22:00:00+00:00,816
2019-04-01T23:00:00+00:00,899
2019-04-02T00:00:00+00:00,1596
2019-04-02T01:00:00+00:00,2074
2019-04-02T02:00:00+00:00,1294
2019-04-02T03:00:00+00:00,2089
2019-04-02T04:00:00+00:00,1439
2019-04-02T05:00:00+00:00,1974
2019-04-02T06:00:00+00:00,5375
2019-04-02T07:00:00+00:00,5950
2019-04-02T08:00:00+00:00,3559
2019-04-02T10:00:00+00:00,3609
2019-04-02T09:00:00+00:00,4005
2019-04-02T11:00:00+00:00,4353
2019-04-02T12:00:00+00:00,5967
2019-04-02T13:00:00+00:00,6975
2019-04-02T14:00:00+00:00,7735
2019-04-02T15:00:00+00:00,6219
2019-04-02T16:00:00+00:00,4173
2019-04-02T17:00:00+00:00,7079
2019-04-02T18:00:00+00:00,3785
2019-04-02T19:00:00+00:00,3030
2019-04-02T20:00:00+00:00,994
2019-04-02T21:00:00+00:00,0
2019-04-02T22:00:00+00:00,704
2019-04-02T23:00:00+00:00,884
2019-04-03T00:00:00+00:00,1953
2019-04-03T01:00:00+00:00,2144
2019-04-03T02:00:00+00:00,1374
2019-04-03T03:00:00+00:00,800
2019-04-03T04:00:00+00:00,957
2019-04-03T05:00:00+00:00,1383
2019-04-03T06:00:00+00:00,4886
2019-04-03T07:00:00+00:00,5932
2019-04-03T08:00:00+00:00,4430
2019-04-03T09:00:00+00:00,4206
2019-04-03T11:00:00+00:00,4381
2019-04-03T10:00:00+00:00,4464
2019-04-03T12:00:00+00:00,6911
2019-04-03T13:00:00+00:00,9096
2019-04-03T14:00:00+00:00,12219
2019-04-03T15:00:00+00:00,7681
2019-04-03T16:00:00+00:00,5862
2019-04-03T17:00:00+00:00,4329
2019-04-03T18:00:00+00:00,5042
2019-04-03T19:00:00+00:00,3597
2019-04-03T20:00:00+00:00,1055
2019-04-03T21:00:00+00:00,0
2019-04-03T22:00:00+00:00,841
2019-04-03T23:00:00+00:00,991
2019-04-04T00:00:00+00:00,1295
2019-04-04T01:00:00+00:00,1562
2019-04-04T02:00:00+00:00,1132
2019-04-04T03:00:00+00:00,1248
2019-04-04T04:00:00+00:00,1084
2019-04-04T05:00:00+00:00,961
2019-04-04T06:00:00+00:00,3145
2019-04-04T07:00:00+00:00,3532
2019-04-04T08:00:00+00:00,4243
2019-04-04T09:00:00+00:00,2842
2019-04-04T10:00:00+00:00,2781
2019-04-04T11:00:00+00:00,3035
2019-04-04T12:00:00+00:00,8434
2019-04-04T14:00:00+00:00,8470
2019-04-04T13:00:00+00:00,7976
2019-04-04T15:00:00+00:00,6571
2019-04-04T16:00:00+00:00,5864
2019-04-04T17:00:00+00:00,3784
2019-04-04T18:00:00+00:00,4071
2019-04-04T19:00:00+00:00,2254
2019-04-04T22:00:00+00:00,1531
2019-04-04T20:00:00+00:00,1087
2019-04-04T21:00:00+00:00,0
2019-04-04T23:00:00+00:00,729
2019-04-05T00:00:00+00:00,2236
2019-04-05T01:00:00+00:00,932
2019-04-05T02:00:00+00:00,834
2019-04-05T04:00:00+00:00,1885
2019-04-05T03:00:00+00:00,1554
2019-04-05T05:00:00+00:00,1841
2019-04-05T06:00:00+00:00,5059
2019-04-05T07:00:00+00:00,6457
2019-04-05T08:00:00+00:00,6419
2019-04-05T10:00:00+00:00,5043
2019-04-05T09:00:00+00:00,5617
2019-04-05T11:00:00+00:00,5092
2019-04-05T12:00:00+00:00,12786
2019-04-05T13:00:00+00:00,12133
2019-04-05T14:00:00+00:00,11681
2019-04-05T15:00:00+00:00,6946
2019-04-05T16:00:00+00:00,4546
2019-04-05T17:00:00+00:00,4531
2019-04-05T18:00:00+00:00,2830
2019-04-05T19:00:00+00:00,2829
2019-04-05T20:00:00+00:00,972
2019-04-05T21:00:00+00:00,0
2019-04-05T22:00:00+00:00,0
2019-04-05T23:00:00+00:00,0
2019-04-07T00:00:00+00:00,0
2019-04-07T02:00:00+00:00,0
2019-04-07T01:00:00+00:00,0
2019-04-07T03:00:00+00:00,0
2019-04-07T04:00:00+00:00,0
2019-04-07T05:00:00+00:00,0
2019-04-07T06:00:00+00:00,0
2019-04-07T08:00:00+00:00,0
2019-04-07T07:00:00+00:00,0
2019-04-07T10:00:00+00:00,0
2019-04-07T11:00:00+00:00,0
2019-04-07T13:00:00+00:00,0
2019-04-07T12:00:00+00:00,0
2019-04-07T14:00:00+00:00,0
2019-04-07T15:00:00+00:00,0
2019-04-07T16:00:00+00:00,0
2019-04-07T17:00:00+00:00,0
2019-04-07T18:00:00+00:00,0
2019-04-07T20:00:00+00:00,0
2019-04-07T19:00:00+00:00,0
2019-04-07T21:00:00+00:00,0
2019-04-07T22:00:00+00:00,1134
2019-04-07T23:00:00+00:00,999
2019-04-08T00:00:00+00:00,2134
2019-04-07T09:00:00+00:00,0
2019-04-08T01:00:00+00:00,2805
2019-04-08T02:00:00+00:00,1932
2019-04-08T03:00:00+00:00,1259
2019-04-08T04:00:00+00:00,1188
2019-04-08T05:00:00+00:00,887
2019-04-08T06:00:00+00:00,4369
2019-04-08T07:00:00+00:00,3336
2019-04-08T08:00:00+00:00,3451
2019-04-08T10:00:00+00:00,2962
2019-04-08T11:00:00+00:00,3910
2019-04-08T09:00:00+00:00,3243
2019-04-08T12:00:00+00:00,6808
2019-04-08T13:00:00+00:00,7063
2019-04-08T14:00:00+00:00,8695
2019-04-08T15:00:00+00:00,6252
2019-04-08T16:00:00+00:00,3374
2019-04-08T17:00:00+00:00,3097
2019-04-08T18:00:00+00:00,2202
2019-04-08T19:00:00+00:00,1586
2019-04-08T20:00:00+00:00,1051
2019-04-08T21:00:00+00:00,0
2019-04-08T22:00:00+00:00,639
2019-04-08T23:00:00+00:00,786
2019-04-09T00:00:00+00:00,1961
2019-04-09T01:00:00+00:00,2467
2019-04-09T02:00:00+00:00,1894
2019-04-09T03:00:00+00:00,1314
2019-04-09T04:00:00+00:00,979
2019-04-09T05:00:00+00:00,1593
2019-04-09T06:00:00+00:00,5188
2019-04-09T07:00:00+00:00,6409
2019-04-09T09:00:00+00:00,4667
2019-04-09T08:00:00+00:00,6493
2019-04-09T10:00:00+00:00,4708
2019-04-09T11:00:00+00:00,5764
2019-04-09T12:00:00+00:00,8308
2019-04-09T13:00:00+00:00,9808
2019-04-09T14:00:00+00:00,6800
2019-04-09T15:00:00+00:00,5218
2019-04-09T16:00:00+00:00,4131
2019-04-09T17:00:00+00:00,4400
2019-04-09T18:00:00+00:00,3276
2019-04-09T19:00:00+00:00,2585
2019-04-09T20:00:00+00:00,1174
2019-04-09T21:00:00+00:00,0
2019-04-09T22:00:00+00:00,653
2019-04-09T23:00:00+00:00,1196
2019-04-10T00:00:00+00:00,1839
2019-04-10T01:00:00+00:00,2784
2019-04-10T02:00:00+00:00,1951
2019-04-10T03:00:00+00:00,1896
2019-04-10T04:00:00+00:00,1298
2019-04-10T05:00:00+00:00,1738
2019-04-10T06:00:00+00:00,4547
2019-04-10T07:00:00+00:00,4004
2019-04-10T08:00:00+00:00,2923
2019-04-10T09:00:00+00:00,2332
2019-04-10T10:00:00+00:00,2230
2019-04-10T11:00:00+00:00,2896
2019-04-10T12:00:00+00:00,11180
2019-04-10T13:00:00+00:00,13244
2019-04-10T14:00:00+00:00,9849
2019-04-10T15:00:00+00:00,7709
2019-04-10T16:00:00+00:00,5128
2019-04-10T17:00:00+00:00,5658
2019-04-10T18:00:00+00:00,8500
2019-04-10T19:00:00+00:00,5026
2019-04-10T20:00:00+00:00,1055
2019-04-10T21:00:00+00:00,0
2019-04-10T22:00:00+00:00,960
2019-04-10T23:00:00+00:00,1333
2019-04-11T00:00:00+00:00,2604
2019-04-11T01:00:00+00:00,2721
2019-04-11T02:00:00+00:00,1868
2019-04-11T03:00:00+00:00,1604
2019-04-11T05:00:00+00:00,2225
2019-04-11T06:00:00+00:00,5981
2019-04-11T07:00:00+00:00,6184
2019-04-11T08:00:00+00:00,5558
2019-04-11T09:00:00+00:00,3156
2019-04-11T10:00:00+00:00,3563
2019-04-11T11:00:00+00:00,6420
2019-04-11T12:00:00+00:00,9059
2019-04-11T14:00:00+00:00,8848
2019-04-11T15:00:00+00:00,6818
2019-04-11T16:00:00+00:00,6226
2019-04-11T17:00:00+00:00,7465
2019-04-11T04:00:00+00:00,1561
2019-04-11T18:00:00+00:00,4202
2019-04-11T20:00:00+00:00,1468
2019-04-11T21:00:00+00:00,0
2019-04-11T22:00:00+00:00,766
2019-04-11T23:00:00+00:00,1092
2019-04-12T00:00:00+00:00,3381
2019-04-11T13:00:00+00:00,9705
2019-04-12T01:00:00+00:00,2586
2019-04-12T02:00:00+00:00,1995
2019-04-12T03:00:00+00:00,1930
2019-04-12T04:00:00+00:00,1367
2019-04-12T05:00:00+00:00,1336
2019-04-12T06:00:00+00:00,3902
2019-04-12T07:00:00+00:00,3998
2019-04-12T08:00:00+00:00,6276
2019-04-12T09:00:00+00:00,4221
2019-04-12T11:00:00+00:00,5006
2019-04-12T10:00:00+00:00,5139
2019-04-12T12:00:00+00:00,8108
2019-04-11T19:00:00+00:00,4258
2019-04-12T14:00:00+00:00,9492
2019-04-12T13:00:00+00:00,9677
2019-04-12T15:00:00+00:00,6293
2019-04-12T16:00:00+00:00,4084
2019-04-12T17:00:00+00:00,4160
2019-04-12T18:00:00+00:00,2938
2019-04-12T19:00:00+00:00,2789
2019-04-12T22:00:00+00:00,0
2019-04-12T20:00:00+00:00,1274
2019-04-12T21:00:00+00:00,0
2019-04-14T00:00:00+00:00,0
2019-04-12T23:00:00+00:00,0
2019-04-14T01:00:00+00:00,0
2019-04-14T03:00:00+00:00,0
2019-04-14T02:00:00+00:00,0
2019-04-14T04:00:00+00:00,0
2019-04-14T05:00:00+00:00,0
2019-04-14T06:00:00+00:00,0
2019-04-14T07:00:00+00:00,0
2019-04-14T09:00:00+00:00,0
2019-04-14T11:00:00+00:00,0
2019-04-14T12:00:00+00:00,0
2019-04-14T13:00:00+00:00,0
2019-04-14T14:00:00+00:00,0
2019-04-14T15:00:00+00:00,0
2019-04-14T16:00:00+00:00,0
2019-04-14T17:00:00+00:00,0
2019-04-14T18:00:00+00:00,0
2019-04-14T19:00:00+00:00,0
2019-04-14T20:00:00+00:00,0
2019-04-14T21:00:00+00:00,0
2019-04-14T22:00:00+00:00,1086
2019-04-15T00:00:00+00:00,3028
2019-04-14T23:00:00+00:00,1796
2019-04-15T01:00:00+00:00,4049
2019-04-15T02:00:00+00:00,2929
2019-04-14T08:00:00+00:00,0
2019-04-14T10:00:00+00:00,0
2019-04-15T03:00:00+00:00,2130
2019-04-15T06:00:00+00:00,3471
2019-04-15T07:00:00+00:00,3500
2019-04-15T04:00:00+00:00,1507
2019-04-15T05:00:00+00:00,1831
2019-04-15T09:00:00+00:00,3478
2019-04-15T08:00:00+00:00,4818
2019-04-15T10:00:00+00:00,4229
2019-04-15T11:00:00+00:00,3519
2019-04-15T12:00:00+00:00,7702
2019-04-15T13:00:00+00:00,8118
2019-04-15T14:00:00+00:00,9003
2019-04-15T15:00:00+00:00,6491
2019-04-15T16:00:00+00:00,3858
2019-04-15T18:00:00+00:00,2504
2019-04-15T17:00:00+00:00,3780
2019-04-15T20:00:00+00:00,826
2019-04-15T21:00:00+00:00,0
2019-04-15T22:00:00+00:00,740
2019-04-15T23:00:00+00:00,1622
2019-04-16T00:00:00+00:00,2690
2019-04-16T01:00:00+00:00,2959
2019-04-16T02:00:00+00:00,2373
2019-04-16T03:00:00+00:00,2246
2019-04-16T04:00:00+00:00,1057
2019-04-16T05:00:00+00:00,2204
2019-04-16T06:00:00+00:00,4836
2019-04-16T07:00:00+00:00,6052
2019-04-16T09:00:00+00:00,7556
2019-04-16T08:00:00+00:00,3818
2019-04-16T10:00:00+00:00,3623
2019-04-16T11:00:00+00:00,4975
2019-04-16T12:00:00+00:00,10897
2019-04-16T13:00:00+00:00,14915
2019-04-16T14:00:00+00:00,8817
2019-04-15T19:00:00+00:00,1915
2019-04-16T15:00:00+00:00,7779
2019-04-16T16:00:00+00:00,6160
2019-04-16T17:00:00+00:00,5102
2019-04-16T18:00:00+00:00,4269
2019-04-16T19:00:00+00:00,3102
2019-04-16T20:00:00+00:00,1320
2019-04-16T21:00:00+00:00,0
2019-04-16T22:00:00+00:00,1432
2019-04-16T23:00:00+00:00,1683
2019-04-17T00:00:00+00:00,2919
2019-04-17T01:00:00+00:00,3329
2019-04-17T02:00:00+00:00,3808
2019-04-17T03:00:00+00:00,2254
2019-04-17T04:00:00+00:00,1491
2019-04-17T05:00:00+00:00,2046
2019-04-17T06:00:00+00:00,6525
2019-04-17T08:00:00+00:00,5034
2019-04-17T07:00:00+00:00,4671
2019-04-17T09:00:00+00:00,6226
2019-04-17T10:00:00+00:00,3773
2019-04-17T11:00:00+00:00,4595
2019-04-17T12:00:00+00:00,7522
2019-04-17T13:00:00+00:00,8900
2019-04-17T14:00:00+00:00,10165
2019-04-17T15:00:00+00:00,7029
2019-04-17T16:00:00+00:00,6107
2019-04-17T17:00:00+00:00,4254
2019-04-17T18:00:00+00:00,4119
2019-04-17T19:00:00+00:00,2995
2019-04-17T20:00:00+00:00,1137
2019-04-17T21:00:00+00:00,0
2019-04-17T22:00:00+00:00,722
2019-04-17T23:00:00+00:00,1377
2019-04-18T00:00:00+00:00,1722
2019-04-18T01:00:00+00:00,4412
2019-04-18T02:00:00+00:00,2925
2019-04-18T03:00:00+00:00,1636
2019-04-18T04:00:00+00:00,1268
2019-04-18T05:00:00+00:00,1794
2019-04-18T06:00:00+00:00,3985
2019-04-18T07:00:00+00:00,7687
2019-04-18T08:00:00+00:00,5828
2019-04-18T09:00:00+00:00,4847
2019-04-18T10:00:00+00:00,3138
2019-04-18T11:00:00+00:00,3422
2019-04-18T12:00:00+00:00,8935
2019-04-18T13:00:00+00:00,12897
2019-04-18T14:00:00+00:00,8566
2019-04-18T15:00:00+00:00,6078
2019-04-18T16:00:00+00:00,5264
2019-04-18T17:00:00+00:00,5364
2019-04-18T18:00:00+00:00,3403
2019-04-18T19:00:00+00:00,3049
2019-04-18T20:00:00+00:00,941
2019-04-18T21:00:00+00:00,0
2019-04-18T22:00:00+00:00,0
2019-04-19T00:00:00+00:00,0
2019-04-18T23:00:00+00:00,0
2019-04-19T01:00:00+00:00,0
2019-04-19T02:00:00+00:00,0
2019-04-19T03:00:00+00:00,0
2019-04-19T04:00:00+00:00,0
2019-04-19T05:00:00+00:00,0
2019-04-19T06:00:00+00:00,0
2019-04-19T07:00:00+00:00,0
2019-04-19T08:00:00+00:00,0
2019-04-19T09:00:00+00:00,0
2019-04-19T10:00:00+00:00,0
2019-04-19T11:00:00+00:00,0
2019-04-19T12:00:00+00:00,0
2019-04-19T13:00:00+00:00,0
2019-04-19T14:00:00+00:00,0
2019-04-19T15:00:00+00:00,0
2019-04-19T17:00:00+00:00,0
2019-04-19T16:00:00+00:00,0
2019-04-19T18:00:00+00:00,0
2019-04-19T19:00:00+00:00,0
2019-04-19T20:00:00+00:00,0
2019-04-19T21:00:00+00:00,0
2019-04-19T22:00:00+00:00,0
2019-04-19T23:00:00+00:00,0
2019-04-21T00:00:00+00:00,0
2019-04-21T01:00:00+00:00,0
2019-04-21T02:00:00+00:00,0
2019-04-21T03:00:00+00:00,0
2019-04-21T04:00:00+00:00,0
2019-04-21T05:00:00+00:00,0
2019-04-21T06:00:00+00:00,0
2019-04-21T07:00:00+00:00,0
2019-04-21T08:00:00+00:00,0
2019-04-21T10:00:00+00:00,0
2019-04-21T09:00:00+00:00,0
2019-04-21T11:00:00+00:00,0
2019-04-21T12:00:00+00:00,0
2019-04-21T13:00:00+00:00,0
2019-04-21T14:00:00+00:00,0
2019-04-21T15:00:00+00:00,0
2019-04-21T16:00:00+00:00,0
2019-04-21T17:00:00+00:00,0
2019-04-21T18:00:00+00:00,0
2019-04-21T19:00:00+00:00,0
2019-04-21T20:00:00+00:00,0
2019-04-21T21:00:00+00:00,0
2019-04-21T22:00:00+00:00,1201
2019-04-21T23:00:00+00:00,2201
2019-04-22T00:00:00+00:00,3563
2019-04-22T01:00:00+00:00,2889
2019-04-22T02:00:00+00:00,2227
2019-04-22T03:00:00+00:00,3052
2019-04-22T04:00:00+00:00,1511
2019-04-22T05:00:00+00:00,1656
2019-04-22T06:00:00+00:00,2424
2019-04-22T07:00:00+00:00,1784
2019-04-22T08:00:00+00:00,1279
2019-04-22T09:00:00+00:00,1114
2019-04-22T10:00:00+00:00,894
2019-04-22T11:00:00+00:00,1405
2019-04-22T12:00:00+00:00,4311
2019-04-22T13:00:00+00:00,6118
2019-04-22T14:00:00+00:00,6988
2019-04-22T15:00:00+00:00,4534
2019-04-22T16:00:00+00:00,3256
2019-04-22T17:00:00+00:00,4287
2019-04-22T18:00:00+00:00,3223
2019-04-22T19:00:00+00:00,2762
2019-04-22T20:00:00+00:00,537
2019-04-22T21:00:00+00:00,0
2019-04-22T22:00:00+00:00,570
2019-04-22T23:00:00+00:00,1017
2019-04-23T00:00:00+00:00,2687
2019-04-23T01:00:00+00:00,3483
2019-04-23T02:00:00+00:00,1887
2019-04-23T03:00:00+00:00,1209
2019-04-23T04:00:00+00:00,1079
2019-04-23T05:00:00+00:00,2040
2019-04-23T06:00:00+00:00,3745
2019-04-23T07:00:00+00:00,5025
2019-04-23T08:00:00+00:00,3223
2019-04-23T09:00:00+00:00,3381
2019-04-23T10:00:00+00:00,1639
2019-04-23T11:00:00+00:00,3518
2019-04-23T12:00:00+00:00,10369
2019-04-23T13:00:00+00:00,11111
2019-04-23T14:00:00+00:00,8994
2019-04-23T15:00:00+00:00,5802
2019-04-23T16:00:00+00:00,3179
2019-04-23T17:00:00+00:00,2849
2019-04-23T18:00:00+00:00,1806
2019-04-23T19:00:00+00:00,1392
2019-04-23T20:00:00+00:00,964
2019-04-23T21:00:00+00:00,0
2019-04-23T22:00:00+00:00,951
2019-04-23T23:00:00+00:00,1555
2019-04-24T00:00:00+00:00,2158
2019-04-24T01:00:00+00:00,3679
2019-04-24T02:00:00+00:00,2172
2019-04-24T03:00:00+00:00,2928
2019-04-24T04:00:00+00:00,1716
2019-04-24T05:00:00+00:00,1901
2019-04-24T06:00:00+00:00,4595
2019-04-24T07:00:00+00:00,5175
2019-04-24T08:00:00+00:00,6269
2019-04-24T10:00:00+00:00,3070
2019-04-24T09:00:00+00:00,3227
2019-04-24T11:00:00+00:00,3038
2019-04-24T12:00:00+00:00,6405
2019-04-24T13:00:00+00:00,7827
2019-04-24T14:00:00+00:00,9194
2019-04-24T15:00:00+00:00,8606
2019-04-24T17:00:00+00:00,6631
2019-04-24T18:00:00+00:00,5500
2019-04-24T19:00:00+00:00,3927
2019-04-24T21:00:00+00:00,0
2019-04-24T16:00:00+00:00,6386
2019-04-24T20:00:00+00:00,993
2019-04-24T22:00:00+00:00,543
2019-04-24T23:00:00+00:00,1715
2019-04-25T00:00:00+00:00,3034
2019-04-25T01:00:00+00:00,3210
2019-04-25T02:00:00+00:00,2715
2019-04-25T03:00:00+00:00,1838
2019-04-25T04:00:00+00:00,1751
2019-04-25T05:00:00+00:00,2333
2019-04-25T06:00:00+00:00,4280
2019-04-25T07:00:00+00:00,5273
2019-04-25T08:00:00+00:00,4765
2019-04-25T09:00:00+00:00,3364
2019-04-25T11:00:00+00:00,3854
2019-04-25T10:00:00+00:00,2782
2019-04-25T12:00:00+00:00,10457
2019-04-25T13:00:00+00:00,13840
2019-04-25T14:00:00+00:00,11182
2019-04-25T15:00:00+00:00,6584
2019-04-25T16:00:00+00:00,4363
2019-04-25T17:00:00+00:00,4041
2019-04-25T18:00:00+00:00,2915
2019-04-25T19:00:00+00:00,1940
2019-04-25T20:00:00+00:00,770
2019-04-25T21:00:00+00:00,0
2019-04-25T22:00:00+00:00,618
2019-04-25T23:00:00+00:00,1225
2019-04-26T00:00:00+00:00,3743
2019-04-26T01:00:00+00:00,4253
2019-04-26T02:00:00+00:00,3917
2019-04-26T03:00:00+00:00,2420
2019-04-26T04:00:00+00:00,1599
2019-04-26T05:00:00+00:00,2535
2019-04-26T06:00:00+00:00,5025
2019-04-26T07:00:00+00:00,4832
2019-04-26T08:00:00+00:00,5578
2019-04-26T09:00:00+00:00,3116
2019-04-26T10:00:00+00:00,3164
2019-04-26T11:00:00+00:00,3816
2019-04-26T13:00:00+00:00,11958
2019-04-26T12:00:00+00:00,13684
2019-04-26T14:00:00+00:00,9829
2019-04-26T15:00:00+00:00,8186
2019-04-26T16:00:00+00:00,5104
2019-04-26T17:00:00+00:00,4166
2019-04-26T18:00:00+00:00,3614
2019-04-26T19:00:00+00:00,5425
2019-04-26T20:00:00+00:00,1362
2019-04-26T21:00:00+00:00,0
2019-04-26T22:00:00+00:00,0
2019-04-26T23:00:00+00:00,0
2019-04-28T00:00:00+00:00,0
2019-04-28T01:00:00+00:00,0
2019-04-28T02:00:00+00:00,0
2019-04-28T03:00:00+00:00,0
2019-04-28T04:00:00+00:00,0
2019-04-28T05:00:00+00:00,0
2019-04-28T06:00:00+00:00,0
2019-04-28T07:00:00+00:00,0
2019-04-28T08:00:00+00:00,0
2019-04-28T09:00:00+00:00,0
2019-04-28T10:00:00+00:00,0
2019-04-28T11:00:00+00:00,0
2019-04-28T12:00:00+00:00,0
2019-04-28T13:00:00+00:00,0
2019-04-28T14:00:00+00:00,0
2019-04-28T15:00:00+00:00,0
2019-04-28T16:00:00+00:00,0
2019-04-28T17:00:00+00:00,0
2019-04-28T18:00:00+00:00,0
2019-04-28T19:00:00+00:00,0
2019-04-28T20:00:00+00:00,0
2019-04-28T21:00:00+00:00,0
2019-04-28T22:00:00+00:00,615
2019-04-28T23:00:00+00:00,1298
2019-04-29T00:00:00+00:00,1663
2019-04-29T01:00:00+00:00,2442
2019-04-29T02:00:00+00:00,2129
2019-04-29T03:00:00+00:00,1372
2019-04-29T04:00:00+00:00,782
2019-04-29T05:00:00+00:00,1262
2019-04-29T06:00:00+00:00,3525
2019-04-29T07:00:00+00:00,4872
2019-04-29T09:00:00+00:00,2939
2019-04-29T08:00:00+00:00,3774
2019-04-29T10:00:00+00:00,2667
2019-04-29T11:00:00+00:00,3359
2019-04-29T12:00:00+00:00,7114
2019-04-29T13:00:00+00:00,9832
2019-04-29T14:00:00+00:00,9394
2019-04-29T15:00:00+00:00,5610
2019-04-29T16:00:00+00:00,5278
2019-04-29T17:00:00+00:00,3506
2019-04-29T18:00:00+00:00,3650
2019-04-29T19:00:00+00:00,2887
2019-04-29T20:00:00+00:00,952
2019-04-29T21:00:00+00:00,0
2019-04-29T22:00:00+00:00,594
2019-04-29T23:00:00+00:00,619
2019-04-30T00:00:00+00:00,1940
2019-04-30T01:00:00+00:00,4018
2019-04-30T02:00:00+00:00,1772
2019-04-30T03:00:00+00:00,1468
2019-04-30T04:00:00+00:00,1590
2019-04-30T05:00:00+00:00,1985
2019-04-30T06:00:00+00:00,3884
2019-04-30T08:00:00+00:00,5489
2019-04-30T07:00:00+00:00,4092
2019-04-30T09:00:00+00:00,5829
2019-04-30T10:00:00+00:00,3082
2019-04-30T11:00:00+00:00,2898
2019-04-30T13:00:00+00:00,11125
2019-04-30T12:00:00+00:00,10077
2019-04-30T14:00:00+00:00,12773
2019-04-30T15:00:00+00:00,9345
2019-04-30T16:00:00+00:00,4734
2019-04-30T17:00:00+00:00,5822
2019-04-30T18:00:00+00:00,5017
2019-04-30T19:00:00+00:00,3685
2019-04-30T20:00:00+00:00,876
2019-04-30T21:00:00+00:00,0
2019-04-30T22:00:00+00:00,947
2019-04-30T23:00:00+00:00,1167
2019-05-01T00:00:00+00:00,1583
2019-05-01T01:00:00+00:00,1852
2019-05-01T02:00:00+00:00,2115
2019-05-01T03:00:00+00:00,1340
2019-05-01T04:00:00+00:00,962
2019-05-01T05:00:00+00:00,987
2019-05-01T06:00:00+00:00,2684
2019-05-01T07:00:00+00:00,3327
2019-05-01T08:00:00+00:00,2177
2019-05-01T09:00:00+00:00,2849
2019-05-01T11:00:00+00:00,2619
2019-05-01T10:00:00+00:00,2790
2019-05-01T12:00:00+00:00,7471
2019-05-01T13:00:00+00:00,6241
2019-05-01T14:00:00+00:00,9610
2019-05-01T15:00:00+00:00,5358
2019-05-01T16:00:00+00:00,4928
2019-05-01T17:00:00+00:00,5848
2019-05-01T18:00:00+00:00,20643
2019-05-01T19:00:00+00:00,11384
2019-05-01T20:00:00+00:00,1416
2019-05-01T21:00:00+00:00,0
2019-05-01T22:00:00+00:00,1447
2019-05-01T23:00:00+00:00,1389
2019-05-02T00:00:00+00:00,1755
2019-05-02T01:00:00+00:00,2495
2019-05-02T02:00:00+00:00,2540
2019-05-02T03:00:00+00:00,2284
2019-05-02T05:00:00+00:00,1904
2019-05-02T04:00:00+00:00,1762
2019-05-02T06:00:00+00:00,4286
2019-05-02T07:00:00+00:00,8515
2019-05-02T09:00:00+00:00,3587
2019-05-02T08:00:00+00:00,5930
2019-05-02T11:00:00+00:00,4140
2019-05-02T10:00:00+00:00,2599
2019-05-02T12:00:00+00:00,8920
2019-05-02T13:00:00+00:00,10334
2019-05-02T14:00:00+00:00,12252
2019-05-02T15:00:00+00:00,11907
2019-05-02T16:00:00+00:00,6401
2019-05-02T17:00:00+00:00,6055
2019-05-02T18:00:00+00:00,3934
2019-05-02T20:00:00+00:00,788
2019-05-02T19:00:00+00:00,3604
2019-05-02T21:00:00+00:00,0
2019-05-02T22:00:00+00:00,614
2019-05-02T23:00:00+00:00,871
2019-05-03T00:00:00+00:00,2158
2019-05-03T01:00:00+00:00,1925
2019-05-03T02:00:00+00:00,1348
2019-05-03T03:00:00+00:00,908
2019-05-03T04:00:00+00:00,1197
2019-05-03T05:00:00+00:00,1246
2019-05-03T06:00:00+00:00,2724
2019-05-03T07:00:00+00:00,4727
2019-05-03T08:00:00+00:00,2603
2019-05-03T09:00:00+00:00,3079
2019-05-03T10:00:00+00:00,3045
2019-05-03T11:00:00+00:00,2354
2019-05-03T12:00:00+00:00,13897
2019-05-03T14:00:00+00:00,14439
2019-05-03T13:00:00+00:00,14789
2019-05-03T15:00:00+00:00,11252
2019-05-03T16:00:00+00:00,7172
2019-05-03T17:00:00+00:00,6756
2019-05-03T18:00:00+00:00,4378
2019-05-03T19:00:00+00:00,4267
2019-05-03T20:00:00+00:00,1017
2019-05-03T22:00:00+00:00,0
2019-05-03T23:00:00+00:00,0
2019-05-03T21:00:00+00:00,0
2019-05-05T00:00:00+00:00,0
2019-05-05T02:00:00+00:00,0
2019-05-05T03:00:00+00:00,0
2019-05-05T04:00:00+00:00,0
2019-05-05T05:00:00+00:00,0
2019-05-05T06:00:00+00:00,0
2019-05-05T07:00:00+00:00,0
2019-05-05T08:00:00+00:00,0
2019-05-05T09:00:00+00:00,0
2019-05-05T10:00:00+00:00,0
2019-05-05T11:00:00+00:00,0
2019-05-05T12:00:00+00:00,0
2019-05-05T13:00:00+00:00,0
2019-05-05T14:00:00+00:00,0
2019-05-05T15:00:00+00:00,0
2019-05-05T16:00:00+00:00,0
2019-05-05T17:00:00+00:00,0
2019-05-05T18:00:00+00:00,0
2019-05-05T19:00:00+00:00,0
2019-05-05T20:00:00+00:00,0
2019-05-05T21:00:00+00:00,0
2019-05-05T22:00:00+00:00,4909
2019-05-05T23:00:00+00:00,6835
2019-05-06T00:00:00+00:00,6828
2019-05-06T01:00:00+00:00,7401
2019-05-06T02:00:00+00:00,3967
2019-05-06T03:00:00+00:00,2248
2019-05-06T04:00:00+00:00,1831
2019-05-06T05:00:00+00:00,2320
2019-05-05T01:00:00+00:00,0
2019-05-06T06:00:00+00:00,3711
2019-05-06T07:00:00+00:00,5360
2019-05-06T08:00:00+00:00,3155
2019-05-06T09:00:00+00:00,2905
2019-05-06T10:00:00+00:00,4764
2019-05-06T11:00:00+00:00,5076
2019-05-06T12:00:00+00:00,9062
2019-05-06T13:00:00+00:00,10283
2019-05-06T14:00:00+00:00,10253
2019-05-06T15:00:00+00:00,9868
2019-05-06T16:00:00+00:00,6145
2019-05-06T18:00:00+00:00,5916
2019-05-06T17:00:00+00:00,7050
2019-05-06T19:00:00+00:00,4963
2019-05-06T20:00:00+00:00,618
2019-05-06T21:00:00+00:00,0
2019-05-06T22:00:00+00:00,856
2019-05-06T23:00:00+00:00,2030
2019-05-07T02:00:00+00:00,1687
2019-05-07T00:00:00+00:00,3141
2019-05-07T01:00:00+00:00,3729
2019-05-07T03:00:00+00:00,1695
2019-05-07T04:00:00+00:00,2372
2019-05-07T05:00:00+00:00,2214
2019-05-07T06:00:00+00:00,7119
2019-05-07T07:00:00+00:00,8049
2019-05-07T09:00:00+00:00,4705
2019-05-07T08:00:00+00:00,5624
2019-05-07T10:00:00+00:00,3236
2019-05-07T11:00:00+00:00,4812
2019-05-07T12:00:00+00:00,6658
2019-05-07T13:00:00+00:00,10043
2019-05-07T14:00:00+00:00,11413
2019-05-07T15:00:00+00:00,12858
2019-05-07T16:00:00+00:00,8968
2019-05-07T17:00:00+00:00,8919
2019-05-07T18:00:00+00:00,7712
2019-05-07T19:00:00+00:00,6966
2019-05-07T20:00:00+00:00,822
2019-05-07T21:00:00+00:00,0
2019-05-07T22:00:00+00:00,651
2019-05-08T00:00:00+00:00,2667
2019-05-07T23:00:00+00:00,919
2019-05-08T01:00:00+00:00,2707
2019-05-08T02:00:00+00:00,3369
2019-05-08T03:00:00+00:00,2484
2019-05-08T04:00:00+00:00,1037
2019-05-08T07:00:00+00:00,6331
2019-05-08T05:00:00+00:00,1468
2019-05-08T06:00:00+00:00,5211
2019-05-08T08:00:00+00:00,5871
2019-05-08T09:00:00+00:00,4768
2019-05-08T10:00:00+00:00,4747
2019-05-08T11:00:00+00:00,6292
2019-05-08T12:00:00+00:00,9975
2019-05-08T13:00:00+00:00,10452
2019-05-08T14:00:00+00:00,11225
2019-05-08T15:00:00+00:00,13963
2019-05-08T16:00:00+00:00,7309
2019-05-08T17:00:00+00:00,6739
2019-05-08T18:00:00+00:00,4397
2019-05-08T19:00:00+00:00,3830
2019-05-08T20:00:00+00:00,961
2019-05-08T21:00:00+00:00,0
2019-05-08T22:00:00+00:00,889
2019-05-08T23:00:00+00:00,1582
2019-05-09T00:00:00+00:00,5463
2019-05-09T01:00:00+00:00,3595
2019-05-09T02:00:00+00:00,3313
2019-05-09T03:00:00+00:00,2012
2019-05-09T04:00:00+00:00,1898
2019-05-09T05:00:00+00:00,3324
2019-05-09T06:00:00+00:00,6328
2019-05-09T07:00:00+00:00,8949
2019-05-09T08:00:00+00:00,6352
2019-05-09T09:00:00+00:00,5126
2019-05-09T10:00:00+00:00,5053
2019-05-09T11:00:00+00:00,4243
2019-05-09T12:00:00+00:00,7765
2019-05-09T13:00:00+00:00,12489
2019-05-09T14:00:00+00:00,16704
2019-05-09T15:00:00+00:00,10370
2019-05-09T17:00:00+00:00,11943
2019-05-09T16:00:00+00:00,15527
2019-05-09T18:00:00+00:00,7392
2019-05-09T19:00:00+00:00,5814
2019-05-09T20:00:00+00:00,1074
2019-05-09T21:00:00+00:00,0
2019-05-09T22:00:00+00:00,1004
2019-05-09T23:00:00+00:00,3408
2019-05-10T01:00:00+00:00,5304
2019-05-10T00:00:00+00:00,9126
2019-05-10T02:00:00+00:00,3036
2019-05-10T03:00:00+00:00,5101
2019-05-10T04:00:00+00:00,4949
2019-05-10T05:00:00+00:00,2995
2019-05-10T06:00:00+00:00,5320
2019-05-10T07:00:00+00:00,7304
2019-05-10T08:00:00+00:00,5710
2019-05-10T09:00:00+00:00,5497
2019-05-10T10:00:00+00:00,3685
2019-05-10T11:00:00+00:00,5110
2019-05-10T12:00:00+00:00,12396
2019-05-10T13:00:00+00:00,13138
2019-05-10T14:00:00+00:00,9401
2019-05-10T15:00:00+00:00,9974
2019-05-10T16:00:00+00:00,5209
2019-05-10T17:00:00+00:00,10939
2019-05-10T18:00:00+00:00,5773
2019-05-10T19:00:00+00:00,7069
2019-05-10T20:00:00+00:00,864
2019-05-10T21:00:00+00:00,0
2019-05-10T22:00:00+00:00,0
2019-05-10T23:00:00+00:00,0
2019-05-12T00:00:00+00:00,0
2019-05-12T01:00:00+00:00,0
2019-05-12T02:00:00+00:00,0
2019-05-12T03:00:00+00:00,0
2019-05-12T04:00:00+00:00,0
2019-05-12T05:00:00+00:00,0
2019-05-12T06:00:00+00:00,0
2019-05-12T07:00:00+00:00,0
2019-05-12T08:00:00+00:00,0
2019-05-12T09:00:00+00:00,0
2019-05-12T10:00:00+00:00,0
2019-05-12T11:00:00+00:00,0
2019-05-12T12:00:00+00:00,0
2019-05-12T13:00:00+00:00,0
2019-05-12T14:00:00+00:00,0
2019-05-12T15:00:00+00:00,0
2019-05-12T17:00:00+00:00,0
2019-05-12T16:00:00+00:00,0
2019-05-12T19:00:00+00:00,0
2019-05-12T18:00:00+00:00,0
2019-05-12T20:00:00+00:00,0
2019-05-12T21:00:00+00:00,0
2019-05-12T22:00:00+00:00,1569
2019-05-12T23:00:00+00:00,2045
2019-05-13T00:00:00+00:00,2202
2019-05-13T01:00:00+00:00,3391
2019-05-13T02:00:00+00:00,3090
2019-05-13T03:00:00+00:00,1763
2019-05-13T04:00:00+00:00,1683
2019-05-13T05:00:00+00:00,1888
2019-05-13T06:00:00+00:00,4454
2019-05-13T07:00:00+00:00,3999
2019-05-13T08:00:00+00:00,3927
2019-05-13T09:00:00+00:00,3829
2019-05-13T10:00:00+00:00,2999
2019-05-13T11:00:00+00:00,3627
2019-05-13T12:00:00+00:00,13011
2019-05-13T13:00:00+00:00,17661
2019-05-13T14:00:00+00:00,15332
2019-05-13T15:00:00+00:00,12693
2019-05-13T16:00:00+00:00,8036
2019-05-13T17:00:00+00:00,9845
2019-05-13T18:00:00+00:00,9695
2019-05-13T19:00:00+00:00,5950
2019-05-13T20:00:00+00:00,789
2019-05-13T21:00:00+00:00,0
2019-05-13T22:00:00+00:00,905
2019-05-13T23:00:00+00:00,1577
2019-05-14T00:00:00+00:00,4280
2019-05-14T01:00:00+00:00,4874
2019-05-14T02:00:00+00:00,3249
2019-05-14T03:00:00+00:00,2311
2019-05-14T04:00:00+00:00,1522
2019-05-14T05:00:00+00:00,2122
2019-05-14T06:00:00+00:00,4347
2019-05-14T07:00:00+00:00,4516
2019-05-14T08:00:00+00:00,4287
2019-05-14T09:00:00+00:00,3213
2019-05-14T10:00:00+00:00,3821
2019-05-14T11:00:00+00:00,5342
2019-05-14T12:00:00+00:00,10334
2019-05-14T13:00:00+00:00,10095
2019-05-14T14:00:00+00:00,10249
2019-05-14T15:00:00+00:00,8512
2019-05-14T16:00:00+00:00,4679
2019-05-14T17:00:00+00:00,5432
2019-05-14T18:00:00+00:00,4200
2019-05-14T19:00:00+00:00,4033
2019-05-14T20:00:00+00:00,989
2019-05-14T21:00:00+00:00,0
2019-05-14T22:00:00+00:00,999
2019-05-14T23:00:00+00:00,1225
2019-05-15T00:00:00+00:00,2140
2019-05-15T01:00:00+00:00,3476
2019-05-15T02:00:00+00:00,3933
2019-05-15T03:00:00+00:00,2068
2019-05-15T04:00:00+00:00,1318
2019-05-15T05:00:00+00:00,2359
2019-05-15T06:00:00+00:00,6580
2019-05-15T07:00:00+00:00,9174
2019-05-15T08:00:00+00:00,7474
2019-05-15T09:00:00+00:00,8723
2019-05-15T10:00:00+00:00,6458
2019-05-15T11:00:00+00:00,7551
2019-05-15T12:00:00+00:00,13957
2019-05-15T13:00:00+00:00,16617
2019-05-15T14:00:00+00:00,16590
2019-05-15T15:00:00+00:00,8396
2019-05-15T17:00:00+00:00,3944
2019-05-15T18:00:00+00:00,2898
2019-05-15T19:00:00+00:00,2393
2019-05-15T20:00:00+00:00,652
2019-05-15T21:00:00+00:00,0
2019-05-15T22:00:00+00:00,1166
2019-05-15T23:00:00+00:00,1175
2019-05-16T00:00:00+00:00,2441
2019-05-16T02:00:00+00:00,2034
2019-05-16T01:00:00+00:00,3399
2019-05-16T03:00:00+00:00,1139
2019-05-16T04:00:00+00:00,812
2019-05-16T06:00:00+00:00,3076
2019-05-16T05:00:00+00:00,1597
2019-05-16T07:00:00+00:00,5029
2019-05-16T08:00:00+00:00,5669
2019-05-16T09:00:00+00:00,4676
2019-05-16T10:00:00+00:00,4536
2019-05-16T11:00:00+00:00,3389
2019-05-16T12:00:00+00:00,9832
2019-05-16T13:00:00+00:00,9457
2019-05-16T14:00:00+00:00,10278
2019-05-16T15:00:00+00:00,8462
2019-05-16T16:00:00+00:00,6152
2019-05-15T16:00:00+00:00,5342
2019-05-16T17:00:00+00:00,5079
2019-05-16T18:00:00+00:00,4609
2019-05-16T19:00:00+00:00,4333
2019-05-16T20:00:00+00:00,801
2019-05-16T21:00:00+00:00,0
2019-05-16T23:00:00+00:00,1148
2019-05-16T22:00:00+00:00,820
2019-05-17T00:00:00+00:00,2788
2019-05-17T01:00:00+00:00,3882
2019-05-17T02:00:00+00:00,2171
2019-05-17T03:00:00+00:00,2616
2019-05-17T04:00:00+00:00,1490
2019-05-17T05:00:00+00:00,2637
2019-05-17T06:00:00+00:00,5234
2019-05-17T08:00:00+00:00,4281
2019-05-17T07:00:00+00:00,6268
2019-05-17T09:00:00+00:00,5461
2019-05-17T10:00:00+00:00,4051
2019-05-17T11:00:00+00:00,3977
2019-05-17T12:00:00+00:00,8856
2019-05-17T13:00:00+00:00,10700
2019-05-17T14:00:00+00:00,11591
2019-05-17T15:00:00+00:00,8047
2019-05-17T16:00:00+00:00,4403
2019-05-17T17:00:00+00:00,5955
2019-05-17T18:00:00+00:00,4326
2019-05-17T19:00:00+00:00,9137
2019-05-17T20:00:00+00:00,1111
2019-05-17T21:00:00+00:00,0
2019-05-17T22:00:00+00:00,0
2019-05-17T23:00:00+00:00,0
2019-05-19T00:00:00+00:00,0
2019-05-19T01:00:00+00:00,0
2019-05-19T02:00:00+00:00,0
2019-05-19T03:00:00+00:00,0
2019-05-19T04:00:00+00:00,0
2019-05-19T05:00:00+00:00,0
2019-05-19T06:00:00+00:00,0
2019-05-19T07:00:00+00:00,0
2019-05-19T10:00:00+00:00,0
2019-05-19T09:00:00+00:00,0
2019-05-19T08:00:00+00:00,0
2019-05-19T11:00:00+00:00,0
2019-05-19T12:00:00+00:00,0
2019-05-19T13:00:00+00:00,0
2019-05-19T14:00:00+00:00,0
2019-05-19T16:00:00+00:00,0
2019-05-19T17:00:00+00:00,0
2019-05-19T15:00:00+00:00,0
2019-05-19T18:00:00+00:00,0
2019-05-19T19:00:00+00:00,0
2019-05-19T20:00:00+00:00,0
2019-05-19T21:00:00+00:00,0
2019-05-19T22:00:00+00:00,1066
2019-05-19T23:00:00+00:00,2317
2019-05-20T00:00:00+00:00,3898
2019-05-20T01:00:00+00:00,3565
2019-05-20T02:00:00+00:00,2833
2019-05-20T04:00:00+00:00,998
2019-05-20T05:00:00+00:00,1786
2019-05-20T06:00:00+00:00,3951
2019-05-20T07:00:00+00:00,4577
2019-05-20T09:00:00+00:00,3832
2019-05-20T10:00:00+00:00,4719
2019-05-20T11:00:00+00:00,3776
2019-05-20T12:00:00+00:00,8135
2019-05-20T13:00:00+00:00,8919
2019-05-20T14:00:00+00:00,8616
2019-05-20T15:00:00+00:00,6888
2019-05-20T16:00:00+00:00,4340
2019-05-20T17:00:00+00:00,4089
2019-05-20T18:00:00+00:00,2741
2019-05-20T19:00:00+00:00,3173
2019-05-20T20:00:00+00:00,546
2019-05-20T21:00:00+00:00,0
2019-05-20T23:00:00+00:00,1119
2019-05-21T00:00:00+00:00,2053
2019-05-21T01:00:00+00:00,2593
2019-05-21T02:00:00+00:00,1719
2019-05-21T03:00:00+00:00,2382
2019-05-20T22:00:00+00:00,464
2019-05-20T03:00:00+00:00,1840
2019-05-20T08:00:00+00:00,4814
2019-05-21T06:00:00+00:00,2679
2019-05-21T09:00:00+00:00,3970
2019-05-21T04:00:00+00:00,1188
2019-05-21T05:00:00+00:00,1593
2019-05-21T07:00:00+00:00,3962
2019-05-21T08:00:00+00:00,3052
2019-05-21T11:00:00+00:00,4867
2019-05-21T12:00:00+00:00,7649
2019-05-21T14:00:00+00:00,9083
2019-05-21T13:00:00+00:00,9266
2019-05-21T15:00:00+00:00,8029
2019-05-21T16:00:00+00:00,3915
2019-05-21T17:00:00+00:00,3467
2019-05-21T18:00:00+00:00,3279
2019-05-21T19:00:00+00:00,2197
2019-05-21T21:00:00+00:00,0
2019-05-21T20:00:00+00:00,570
2019-05-21T22:00:00+00:00,803
2019-05-21T23:00:00+00:00,1073
2019-05-22T00:00:00+00:00,2168
2019-05-22T01:00:00+00:00,2607
2019-05-22T02:00:00+00:00,1705
2019-05-22T03:00:00+00:00,1179
2019-05-21T10:00:00+00:00,3981
2019-05-22T04:00:00+00:00,1263
2019-05-22T05:00:00+00:00,1649
2019-05-22T06:00:00+00:00,4571
2019-05-22T09:00:00+00:00,2341
2019-05-22T07:00:00+00:00,3772
2019-05-22T08:00:00+00:00,3302
2019-05-22T10:00:00+00:00,2531
2019-05-22T11:00:00+00:00,4060
2019-05-22T12:00:00+00:00,6889
2019-05-22T15:00:00+00:00,5737
2019-05-22T16:00:00+00:00,4296
2019-05-22T17:00:00+00:00,3886
2019-05-22T18:00:00+00:00,5613
2019-05-22T19:00:00+00:00,4103
2019-05-22T20:00:00+00:00,707
2019-05-22T21:00:00+00:00,0
2019-05-22T22:00:00+00:00,1083
2019-05-22T23:00:00+00:00,1520
2019-05-23T00:00:00+00:00,1897
2019-05-23T01:00:00+00:00,2552
2019-05-23T02:00:00+00:00,1588
2019-05-23T03:00:00+00:00,2473
2019-05-23T04:00:00+00:00,1166
2019-05-23T05:00:00+00:00,1734
2019-05-23T06:00:00+00:00,4182
2019-05-22T13:00:00+00:00,7449
2019-05-23T07:00:00+00:00,6112
2019-05-22T14:00:00+00:00,9088
2019-05-23T08:00:00+00:00,5460
2019-05-23T09:00:00+00:00,4351
2019-05-23T10:00:00+00:00,5017
2019-05-23T11:00:00+00:00,4784
2019-05-23T12:00:00+00:00,11878
2019-05-23T13:00:00+00:00,14980
2019-05-23T14:00:00+00:00,12636
2019-05-23T15:00:00+00:00,10168
2019-05-23T16:00:00+00:00,8031
2019-05-23T18:00:00+00:00,5100
2019-05-23T19:00:00+00:00,5920
2019-05-23T20:00:00+00:00,1174
2019-05-23T21:00:00+00:00,0
2019-05-23T22:00:00+00:00,1080
2019-05-23T23:00:00+00:00,1351
2019-05-24T00:00:00+00:00,2597
2019-05-24T01:00:00+00:00,3768
2019-05-24T02:00:00+00:00,2502
2019-05-24T03:00:00+00:00,2490
2019-05-24T04:00:00+00:00,1664
2019-05-24T05:00:00+00:00,1877
2019-05-24T07:00:00+00:00,6345
2019-05-23T17:00:00+00:00,8099
2019-05-24T06:00:00+00:00,6863
2019-05-24T08:00:00+00:00,5288
2019-05-24T09:00:00+00:00,3988
2019-05-24T10:00:00+00:00,3221
2019-05-24T11:00:00+00:00,4152
2019-05-24T12:00:00+00:00,8081
2019-05-24T13:00:00+00:00,12025
2019-05-24T14:00:00+00:00,11898
2019-05-24T15:00:00+00:00,10421
2019-05-24T16:00:00+00:00,7296
2019-05-24T17:00:00+00:00,6814
2019-05-24T18:00:00+00:00,3616
2019-05-24T19:00:00+00:00,3406
2019-05-24T20:00:00+00:00,651
2019-05-24T21:00:00+00:00,0
2019-05-24T22:00:00+00:00,0
2019-05-24T23:00:00+00:00,0
2019-05-26T02:00:00+00:00,0
2019-05-26T00:00:00+00:00,0
2019-05-26T05:00:00+00:00,0
2019-05-26T03:00:00+00:00,0
2019-05-26T01:00:00+00:00,0
2019-05-26T04:00:00+00:00,0
2019-05-26T06:00:00+00:00,0
2019-05-26T07:00:00+00:00,0
2019-05-26T10:00:00+00:00,0
2019-05-26T08:00:00+00:00,0
2019-05-26T12:00:00+00:00,0
2019-05-26T09:00:00+00:00,0
2019-05-26T11:00:00+00:00,0
2019-05-26T13:00:00+00:00,0
2019-05-26T14:00:00+00:00,0
2019-05-26T15:00:00+00:00,0
2019-05-26T16:00:00+00:00,0
2019-05-26T17:00:00+00:00,0
2019-05-26T18:00:00+00:00,0
2019-05-26T19:00:00+00:00,0
2019-05-26T20:00:00+00:00,0
2019-05-26T21:00:00+00:00,0
2019-05-26T22:00:00+00:00,1123
2019-05-26T23:00:00+00:00,1856
2019-05-27T00:00:00+00:00,3060
2019-05-27T01:00:00+00:00,4435
2019-05-27T02:00:00+00:00,2361
2019-05-27T03:00:00+00:00,1520
2019-05-27T04:00:00+00:00,1595
2019-05-27T05:00:00+00:00,2046
2019-05-27T06:00:00+00:00,3245
2019-05-27T07:00:00+00:00,3889
2019-05-27T08:00:00+00:00,4575
2019-05-27T10:00:00+00:00,2643
2019-05-27T09:00:00+00:00,3099
2019-05-27T11:00:00+00:00,2039
2019-05-27T12:00:00+00:00,3023
2019-05-27T13:00:00+00:00,4037
2019-05-27T14:00:00+00:00,4187
2019-05-27T15:00:00+00:00,2638
2019-05-27T16:00:00+00:00,1290
2019-05-27T17:00:00+00:00,0
2019-05-27T18:00:00+00:00,0
2019-05-27T19:00:00+00:00,0
2019-05-27T20:00:00+00:00,0
2019-05-27T21:00:00+00:00,0
2019-05-27T22:00:00+00:00,756
2019-05-27T23:00:00+00:00,1718
2019-05-28T00:00:00+00:00,2882
2019-05-28T01:00:00+00:00,3270
2019-05-28T02:00:00+00:00,2506
2019-05-28T03:00:00+00:00,1427
2019-05-28T04:00:00+00:00,1511
2019-05-28T05:00:00+00:00,2081
2019-05-28T06:00:00+00:00,3677
2019-05-28T07:00:00+00:00,5392
2019-05-28T08:00:00+00:00,5660
2019-05-28T09:00:00+00:00,7154
2019-05-28T10:00:00+00:00,5692
2019-05-28T11:00:00+00:00,5539
2019-05-28T12:00:00+00:00,13175
2019-05-28T13:00:00+00:00,12065
2019-05-28T14:00:00+00:00,12139
2019-05-28T15:00:00+00:00,10144
2019-05-28T16:00:00+00:00,6702
2019-05-28T17:00:00+00:00,6028
2019-05-28T18:00:00+00:00,4950
2019-05-28T19:00:00+00:00,5852
2019-05-28T20:00:00+00:00,868
2019-05-28T21:00:00+00:00,0
2019-05-28T22:00:00+00:00,499
2019-05-28T23:00:00+00:00,1394
2019-05-29T00:00:00+00:00,3422
2019-05-29T01:00:00+00:00,4206
2019-05-29T02:00:00+00:00,2678
2019-05-29T03:00:00+00:00,1452
2019-05-29T04:00:00+00:00,2140
2019-05-29T05:00:00+00:00,2453
2019-05-29T06:00:00+00:00,6510
2019-05-29T08:00:00+00:00,6866
2019-05-29T07:00:00+00:00,8783
2019-05-29T09:00:00+00:00,6044
2019-05-29T10:00:00+00:00,5321
2019-05-29T11:00:00+00:00,6549
2019-05-29T12:00:00+00:00,9930
2019-05-29T13:00:00+00:00,12015
2019-05-29T14:00:00+00:00,12717
2019-05-29T15:00:00+00:00,13659
2019-05-29T17:00:00+00:00,10575
2019-05-29T16:00:00+00:00,8618
2019-05-29T18:00:00+00:00,7173
2019-05-29T19:00:00+00:00,8194
2019-05-29T20:00:00+00:00,944
2019-05-29T21:00:00+00:00,0
2019-05-29T22:00:00+00:00,1082
2019-05-30T02:00:00+00:00,2760
2019-05-29T23:00:00+00:00,1422
2019-05-30T00:00:00+00:00,2449
2019-05-30T01:00:00+00:00,3523
2019-05-30T03:00:00+00:00,2056
2019-05-30T04:00:00+00:00,1300
2019-05-30T05:00:00+00:00,1942
2019-05-30T07:00:00+00:00,5807
2019-05-30T06:00:00+00:00,5627
2019-05-30T08:00:00+00:00,4510
2019-05-30T09:00:00+00:00,3019
2019-05-30T10:00:00+00:00,2735
2019-05-30T11:00:00+00:00,3148
2019-05-30T12:00:00+00:00,7993
2019-05-30T13:00:00+00:00,8947
2019-05-30T14:00:00+00:00,9421
2019-05-30T15:00:00+00:00,12321
2019-05-30T16:00:00+00:00,6638
2019-05-30T18:00:00+00:00,5129
2019-05-30T17:00:00+00:00,4834
2019-05-30T20:00:00+00:00,850
2019-05-30T19:00:00+00:00,6159
2019-05-30T21:00:00+00:00,0
2019-05-30T22:00:00+00:00,779
2019-05-30T23:00:00+00:00,2725
2019-05-31T00:00:00+00:00,4830
2019-05-31T01:00:00+00:00,4168
2019-05-31T02:00:00+00:00,3723
2019-05-31T03:00:00+00:00,2865
2019-05-31T04:00:00+00:00,3043
2019-05-31T05:00:00+00:00,3435
2019-05-31T06:00:00+00:00,5493
2019-05-31T07:00:00+00:00,7517
2019-05-31T08:00:00+00:00,5616
2019-05-31T09:00:00+00:00,7462
2019-05-31T10:00:00+00:00,4582
2019-05-31T11:00:00+00:00,6028
2019-05-31T12:00:00+00:00,9582
2019-05-31T13:00:00+00:00,13082
2019-05-31T14:00:00+00:00,15471
2019-05-31T15:00:00+00:00,10140
2019-05-31T16:00:00+00:00,7040
2019-05-31T17:00:00+00:00,10674
2019-05-31T18:00:00+00:00,11836
2019-05-31T19:00:00+00:00,10881
2019-05-31T20:00:00+00:00,1510
2019-05-31T21:00:00+00:00,0
2019-05-31T22:00:00+00:00,0
2019-05-31T23:00:00+00:00,0
2019-06-02T00:00:00+00:00,0
2019-06-02T01:00:00+00:00,0
2019-06-02T02:00:00+00:00,0
2019-06-02T03:00:00+00:00,0
2019-06-02T04:00:00+00:00,0
2019-06-02T05:00:00+00:00,0
2019-06-02T06:00:00+00:00,0
2019-06-02T07:00:00+00:00,0
2019-06-02T08:00:00+00:00,0
2019-06-02T10:00:00+00:00,0
2019-06-02T09:00:00+00:00,0
2019-06-02T11:00:00+00:00,0
2019-06-02T12:00:00+00:00,0
2019-06-02T13:00:00+00:00,0
2019-06-02T14:00:00+00:00,0
2019-06-02T15:00:00+00:00,0
2019-06-02T16:00:00+00:00,0
2019-06-02T18:00:00+00:00,0
2019-06-02T17:00:00+00:00,0
2019-06-02T19:00:00+00:00,0
2019-06-02T20:00:00+00:00,0
2019-06-02T21:00:00+00:00,0
2019-06-02T22:00:00+00:00,3261
2019-06-02T23:00:00+00:00,2765
2019-06-03T00:00:00+00:00,3581
2019-06-03T01:00:00+00:00,5642
2019-06-03T02:00:00+00:00,3609
2019-06-03T03:00:00+00:00,2952
2019-06-03T04:00:00+00:00,1970
2019-06-03T05:00:00+00:00,2554
2019-06-03T06:00:00+00:00,5639
2019-06-03T07:00:00+00:00,8452
2019-06-03T08:00:00+00:00,5274
2019-06-03T10:00:00+00:00,2223
2019-06-03T11:00:00+00:00,2669
2019-06-03T09:00:00+00:00,5920
2019-06-03T12:00:00+00:00,8685
2019-06-03T13:00:00+00:00,11769
2019-06-03T14:00:00+00:00,15475
2019-06-03T15:00:00+00:00,11319
2019-06-03T16:00:00+00:00,8073
2019-06-03T17:00:00+00:00,14718
2019-06-03T18:00:00+00:00,13154
2019-06-03T19:00:00+00:00,11546
2019-06-03T20:00:00+00:00,1731
2019-06-03T21:00:00+00:00,0
2019-06-03T23:00:00+00:00,2464
2019-06-03T22:00:00+00:00,1212
2019-06-04T01:00:00+00:00,3719
2019-06-04T00:00:00+00:00,2861
2019-06-04T02:00:00+00:00,3197
2019-06-04T03:00:00+00:00,3372
2019-06-04T04:00:00+00:00,2689
2019-06-04T06:00:00+00:00,7665
2019-06-04T05:00:00+00:00,3251
2019-06-04T07:00:00+00:00,6019
2019-06-04T08:00:00+00:00,6776
2019-06-04T10:00:00+00:00,5163
2019-06-04T09:00:00+00:00,6594
2019-06-04T11:00:00+00:00,6550
2019-06-04T12:00:00+00:00,11394
2019-06-04T13:00:00+00:00,13239
2019-06-04T14:00:00+00:00,20435
2019-06-04T15:00:00+00:00,11453
2019-06-04T16:00:00+00:00,6454
2019-06-04T17:00:00+00:00,8443
2019-06-04T18:00:00+00:00,9254
2019-06-04T19:00:00+00:00,5064
2019-06-04T20:00:00+00:00,1320
2019-06-04T21:00:00+00:00,0
2019-06-04T22:00:00+00:00,1095
2019-06-04T23:00:00+00:00,2054
2019-06-05T00:00:00+00:00,3345
2019-06-05T01:00:00+00:00,3840
2019-06-05T02:00:00+00:00,2911
2019-06-05T03:00:00+00:00,2170
2019-06-05T04:00:00+00:00,1781
2019-06-05T05:00:00+00:00,2309
2019-06-05T06:00:00+00:00,9953
2019-06-05T07:00:00+00:00,10183
2019-06-05T08:00:00+00:00,6691
2019-06-05T09:00:00+00:00,8973
2019-06-05T11:00:00+00:00,11654
2019-06-05T10:00:00+00:00,8996
2019-06-05T12:00:00+00:00,21050
2019-06-05T13:00:00+00:00,17249
2019-06-05T14:00:00+00:00,22003
2019-06-05T15:00:00+00:00,15934
2019-06-05T16:00:00+00:00,9994
2019-06-05T17:00:00+00:00,7696
2019-06-05T18:00:00+00:00,6481
2019-06-05T19:00:00+00:00,6061
2019-06-05T20:00:00+00:00,1538
2019-06-05T21:00:00+00:00,0
2019-06-05T22:00:00+00:00,1882
2019-06-05T23:00:00+00:00,2032
2019-06-06T00:00:00+00:00,3765
2019-06-06T02:00:00+00:00,3082
2019-06-06T03:00:00+00:00,2940
2019-06-06T01:00:00+00:00,5039
2019-06-06T04:00:00+00:00,1960
2019-06-06T05:00:00+00:00,2576
2019-06-06T06:00:00+00:00,6939
2019-06-06T07:00:00+00:00,6303
2019-06-06T08:00:00+00:00,4720
2019-06-06T09:00:00+00:00,6917
2019-06-06T10:00:00+00:00,4272
2019-06-06T11:00:00+00:00,7980
2019-06-06T12:00:00+00:00,17083
2019-06-06T13:00:00+00:00,17821
2019-06-06T14:00:00+00:00,12723
2019-06-06T15:00:00+00:00,10364
2019-06-06T16:00:00+00:00,8326
2019-06-06T17:00:00+00:00,7785
2019-06-06T19:00:00+00:00,8613
2019-06-06T18:00:00+00:00,12266
2019-06-06T20:00:00+00:00,1730
2019-06-06T21:00:00+00:00,0
2019-06-06T22:00:00+00:00,776
2019-06-06T23:00:00+00:00,2450
2019-06-07T00:00:00+00:00,4769
2019-06-07T01:00:00+00:00,3409
2019-06-07T02:00:00+00:00,3080
2019-06-07T03:00:00+00:00,2577
2019-06-07T04:00:00+00:00,2376
2019-06-07T05:00:00+00:00,1925
2019-06-07T06:00:00+00:00,5394
2019-06-07T07:00:00+00:00,5579
2019-06-07T08:00:00+00:00,4621
2019-06-07T09:00:00+00:00,5312
2019-06-07T10:00:00+00:00,3642
2019-06-07T11:00:00+00:00,5314
2019-06-07T12:00:00+00:00,17256
2019-06-07T13:00:00+00:00,20061
2019-06-07T14:00:00+00:00,16928
2019-06-07T15:00:00+00:00,12099
2019-06-07T16:00:00+00:00,8167
2019-06-07T17:00:00+00:00,8864
2019-06-07T18:00:00+00:00,7963
2019-06-07T19:00:00+00:00,6679
2019-06-07T20:00:00+00:00,1059
2019-06-07T21:00:00+00:00,0
2019-06-07T22:00:00+00:00,0
2019-06-07T23:00:00+00:00,0
2019-06-09T00:00:00+00:00,0
2019-06-09T01:00:00+00:00,0
2019-06-09T02:00:00+00:00,0
2019-06-09T03:00:00+00:00,0
2019-06-09T04:00:00+00:00,0
2019-06-09T05:00:00+00:00,0
2019-06-09T06:00:00+00:00,0
2019-06-09T07:00:00+00:00,0
2019-06-09T08:00:00+00:00,0
2019-06-09T09:00:00+00:00,0
2019-06-09T10:00:00+00:00,0
2019-06-09T11:00:00+00:00,0
2019-06-09T12:00:00+00:00,0
2019-06-09T13:00:00+00:00,0
2019-06-09T14:00:00+00:00,0
2019-06-09T15:00:00+00:00,0
2019-06-09T16:00:00+00:00,0
2019-06-09T17:00:00+00:00,0
2019-06-09T18:00:00+00:00,0
2019-06-09T19:00:00+00:00,0
2019-06-09T20:00:00+00:00,0
2019-06-09T21:00:00+00:00,0
2019-06-09T22:00:00+00:00,3471
2019-06-10T00:00:00+00:00,4628
2019-06-09T23:00:00+00:00,2879
2019-06-10T01:00:00+00:00,7168
2019-06-10T02:00:00+00:00,4370
2019-06-10T03:00:00+00:00,2249
2019-06-10T04:00:00+00:00,2494
2019-06-10T05:00:00+00:00,2644
2019-06-10T06:00:00+00:00,6402
2019-06-10T07:00:00+00:00,5312
2019-06-10T08:00:00+00:00,6681
2019-06-10T09:00:00+00:00,5477
2019-06-10T10:00:00+00:00,3857
2019-06-10T11:00:00+00:00,4696
2019-06-10T12:00:00+00:00,10593
2019-06-10T13:00:00+00:00,10944
2019-06-10T14:00:00+00:00,9628
2019-06-10T15:00:00+00:00,7004
2019-06-10T16:00:00+00:00,5416
2019-06-10T18:00:00+00:00,10261
2019-06-10T17:00:00+00:00,6331
2019-06-10T19:00:00+00:00,5749
2019-06-10T20:00:00+00:00,889
2019-06-10T21:00:00+00:00,0
2019-06-10T22:00:00+00:00,704
2019-06-10T23:00:00+00:00,1316
2019-06-11T00:00:00+00:00,3119
2019-06-11T01:00:00+00:00,5254
2019-06-11T02:00:00+00:00,2589
2019-06-11T03:00:00+00:00,2509
2019-06-11T04:00:00+00:00,1053
2019-06-11T05:00:00+00:00,1923
2019-06-11T06:00:00+00:00,6411
2019-06-11T07:00:00+00:00,7743
2019-06-11T08:00:00+00:00,6743
2019-06-11T09:00:00+00:00,5765
2019-06-11T10:00:00+00:00,4848
2019-06-11T11:00:00+00:00,4998
2019-06-11T12:00:00+00:00,11531
2019-06-11T13:00:00+00:00,11519
2019-06-11T14:00:00+00:00,9476
2019-06-11T15:00:00+00:00,8360
2019-06-11T17:00:00+00:00,7538
2019-06-11T16:00:00+00:00,6545
2019-06-11T18:00:00+00:00,5424
2019-06-11T19:00:00+00:00,4170
2019-06-11T20:00:00+00:00,651
2019-06-11T21:00:00+00:00,0
2019-06-11T22:00:00+00:00,617
2019-06-11T23:00:00+00:00,1784
2019-06-12T00:00:00+00:00,3120
2019-06-12T01:00:00+00:00,4490
2019-06-12T02:00:00+00:00,4174
2019-06-12T03:00:00+00:00,2880
2019-06-12T04:00:00+00:00,1932
2019-06-12T05:00:00+00:00,3560
2019-06-12T07:00:00+00:00,5086
2019-06-12T08:00:00+00:00,7456
2019-06-12T09:00:00+00:00,6203
2019-06-12T10:00:00+00:00,6093
2019-06-12T11:00:00+00:00,5435
2019-06-12T12:00:00+00:00,13559
2019-06-12T06:00:00+00:00,8166
2019-06-12T13:00:00+00:00,13139
2019-06-12T14:00:00+00:00,8890
2019-06-12T15:00:00+00:00,7101
2019-06-12T16:00:00+00:00,7644
2019-06-12T17:00:00+00:00,7867
2019-06-12T18:00:00+00:00,4772
2019-06-12T19:00:00+00:00,2758
2019-06-12T20:00:00+00:00,834
2019-06-12T21:00:00+00:00,0
2019-06-12T22:00:00+00:00,901
2019-06-12T23:00:00+00:00,1318
2019-06-13T00:00:00+00:00,2724
2019-06-13T01:00:00+00:00,4847
2019-06-13T03:00:00+00:00,3773
2019-06-13T02:00:00+00:00,4702
2019-06-13T04:00:00+00:00,2202
2019-06-13T06:00:00+00:00,8402
2019-06-13T05:00:00+00:00,3419
2019-06-13T07:00:00+00:00,8052
2019-06-13T08:00:00+00:00,5655
2019-06-13T09:00:00+00:00,4960
2019-06-13T10:00:00+00:00,2904
2019-06-13T11:00:00+00:00,4277
2019-06-13T12:00:00+00:00,7259
2019-06-13T14:00:00+00:00,10514
2019-06-13T13:00:00+00:00,9189
2019-06-13T15:00:00+00:00,9517
2019-06-13T16:00:00+00:00,5747
2019-06-13T17:00:00+00:00,6633
2019-06-13T18:00:00+00:00,8162
2019-06-13T19:00:00+00:00,4476
2019-06-13T20:00:00+00:00,1230
2019-06-13T21:00:00+00:00,0
2019-06-13T22:00:00+00:00,1741
2019-06-13T23:00:00+00:00,2114
2019-06-14T00:00:00+00:00,2787
2019-06-14T01:00:00+00:00,4714
2019-06-14T02:00:00+00:00,5312
2019-06-14T03:00:00+00:00,3157
2019-06-14T04:00:00+00:00,1902
2019-06-14T05:00:00+00:00,2421
2019-06-14T06:00:00+00:00,11510
2019-06-14T07:00:00+00:00,13356
2019-06-14T08:00:00+00:00,7840
2019-06-14T09:00:00+00:00,9410
2019-06-14T10:00:00+00:00,6703
2019-06-14T11:00:00+00:00,7230
2019-06-14T12:00:00+00:00,16309
2019-06-14T13:00:00+00:00,19299
2019-06-14T14:00:00+00:00,14720
2019-06-14T15:00:00+00:00,9835
2019-06-14T16:00:00+00:00,7601
2019-06-14T18:00:00+00:00,6622
2019-06-14T17:00:00+00:00,13114
2019-06-14T19:00:00+00:00,5076
2019-06-14T20:00:00+00:00,1207
2019-06-14T22:00:00+00:00,0
2019-06-14T21:00:00+00:00,0
2019-06-14T23:00:00+00:00,0
2019-06-16T00:00:00+00:00,0
2019-06-16T01:00:00+00:00,0
2019-06-16T02:00:00+00:00,0
2019-06-16T03:00:00+00:00,0
2019-06-16T06:00:00+00:00,0
2019-06-16T05:00:00+00:00,0
2019-06-16T04:00:00+00:00,0
2019-06-16T07:00:00+00:00,0
2019-06-16T08:00:00+00:00,0
2019-06-16T09:00:00+00:00,0
2019-06-16T10:00:00+00:00,0
2019-06-16T11:00:00+00:00,0
2019-06-16T12:00:00+00:00,0
2019-06-16T13:00:00+00:00,0
2019-06-16T15:00:00+00:00,0
2019-06-16T14:00:00+00:00,0
2019-06-16T16:00:00+00:00,0
2019-06-16T17:00:00+00:00,0
2019-06-16T18:00:00+00:00,0
2019-06-16T19:00:00+00:00,0
2019-06-16T20:00:00+00:00,0
2019-06-16T21:00:00+00:00,0
2019-06-16T23:00:00+00:00,1778
2019-06-16T22:00:00+00:00,1347
2019-06-17T00:00:00+00:00,3107
2019-06-17T01:00:00+00:00,7299
2019-06-17T02:00:00+00:00,3278
2019-06-17T03:00:00+00:00,2917
2019-06-17T04:00:00+00:00,1573
2019-06-17T05:00:00+00:00,4211
2019-06-17T06:00:00+00:00,5332
2019-06-17T07:00:00+00:00,6334
2019-06-17T08:00:00+00:00,7188
2019-06-17T09:00:00+00:00,6195
2019-06-17T10:00:00+00:00,4933
2019-06-17T11:00:00+00:00,7587
2019-06-17T12:00:00+00:00,11179
2019-06-17T14:00:00+00:00,11295
2019-06-17T13:00:00+00:00,11973
2019-06-17T15:00:00+00:00,6772
2019-06-17T16:00:00+00:00,4005
2019-06-17T17:00:00+00:00,5489
2019-06-17T18:00:00+00:00,4298
2019-06-17T19:00:00+00:00,3690
2019-06-17T20:00:00+00:00,943
2019-06-17T21:00:00+00:00,0
2019-06-17T22:00:00+00:00,645
2019-06-17T23:00:00+00:00,1368
2019-06-18T01:00:00+00:00,4066
2019-06-18T00:00:00+00:00,2423
2019-06-18T02:00:00+00:00,2852
2019-06-18T03:00:00+00:00,2045
2019-06-18T04:00:00+00:00,1547
2019-06-18T05:00:00+00:00,4185
2019-06-18T06:00:00+00:00,7413
2019-06-18T07:00:00+00:00,6450
2019-06-18T09:00:00+00:00,9478
2019-06-18T08:00:00+00:00,16120
2019-06-18T10:00:00+00:00,6344
2019-06-18T11:00:00+00:00,10046
2019-06-18T12:00:00+00:00,14366
2019-06-18T13:00:00+00:00,21097
2019-06-18T14:00:00+00:00,19616
2019-06-18T15:00:00+00:00,16085
2019-06-18T16:00:00+00:00,10049
2019-06-18T17:00:00+00:00,10705
2019-06-18T18:00:00+00:00,4394
2019-06-18T19:00:00+00:00,4253
2019-06-18T20:00:00+00:00,848
2019-06-18T21:00:00+00:00,0
2019-06-18T22:00:00+00:00,974
2019-06-18T23:00:00+00:00,1931
2019-06-19T00:00:00+00:00,3971
2019-06-19T01:00:00+00:00,6531
2019-06-19T02:00:00+00:00,4463
2019-06-19T03:00:00+00:00,3289
2019-06-19T04:00:00+00:00,1796
2019-06-19T05:00:00+00:00,4498
2019-06-19T06:00:00+00:00,7836
2019-06-19T07:00:00+00:00,9032
2019-06-19T08:00:00+00:00,7482
2019-06-19T09:00:00+00:00,5804
2019-06-19T10:00:00+00:00,4708
2019-06-19T11:00:00+00:00,3752
2019-06-19T12:00:00+00:00,9665
2019-06-19T13:00:00+00:00,10947
2019-06-19T14:00:00+00:00,11515
2019-06-19T15:00:00+00:00,8090
2019-06-19T16:00:00+00:00,5340
2019-06-19T17:00:00+00:00,7382
2019-06-19T21:00:00+00:00,0
2019-06-19T20:00:00+00:00,6763
2019-06-19T19:00:00+00:00,16671
2019-06-19T22:00:00+00:00,2604
2019-06-19T18:00:00+00:00,32596
2019-06-19T23:00:00+00:00,2646
2019-06-20T00:00:00+00:00,10736
2019-06-20T01:00:00+00:00,17724
2019-06-20T02:00:00+00:00,6946
2019-06-20T04:00:00+00:00,3562
2019-06-20T03:00:00+00:00,7195
2019-06-20T06:00:00+00:00,16337
2019-06-20T05:00:00+00:00,6929
2019-06-20T07:00:00+00:00,17085
2019-06-20T08:00:00+00:00,12458
2019-06-20T09:00:00+00:00,10945
2019-06-20T10:00:00+00:00,10283
2019-06-20T11:00:00+00:00,11558
2019-06-20T12:00:00+00:00,19595
2019-06-20T14:00:00+00:00,17745
2019-06-20T13:00:00+00:00,19336
2019-06-20T15:00:00+00:00,14529
2019-06-20T16:00:00+00:00,17715
2019-06-20T17:00:00+00:00,14480
2019-06-20T18:00:00+00:00,12326
2019-06-20T19:00:00+00:00,7441
2019-06-20T20:00:00+00:00,2770
2019-06-20T21:00:00+00:00,0
2019-06-20T22:00:00+00:00,1764
2019-06-20T23:00:00+00:00,3153
2019-06-21T00:00:00+00:00,8802
2019-06-21T01:00:00+00:00,11734
2019-06-21T03:00:00+00:00,5323
2019-06-21T02:00:00+00:00,14625
2019-06-21T04:00:00+00:00,4145
2019-06-21T05:00:00+00:00,7746
2019-06-21T06:00:00+00:00,16995
2019-06-21T07:00:00+00:00,19631
2019-06-21T08:00:00+00:00,13002
2019-06-21T09:00:00+00:00,9213
2019-06-21T10:00:00+00:00,13717
2019-06-21T12:00:00+00:00,16529
2019-06-21T11:00:00+00:00,13467
2019-06-21T13:00:00+00:00,17753
2019-06-21T14:00:00+00:00,21561
2019-06-21T15:00:00+00:00,16794
2019-06-21T16:00:00+00:00,14195
2019-06-21T17:00:00+00:00,12911
2019-06-21T18:00:00+00:00,6592
2019-06-21T19:00:00+00:00,7158
2019-06-21T20:00:00+00:00,1783
2019-06-21T21:00:00+00:00,0
2019-06-21T22:00:00+00:00,0
2019-06-21T23:00:00+00:00,0
2019-06-23T00:00:00+00:00,0
2019-06-23T01:00:00+00:00,0
2019-06-23T02:00:00+00:00,0
2019-06-23T03:00:00+00:00,0
2019-06-23T04:00:00+00:00,0
2019-06-23T06:00:00+00:00,0
2019-06-23T05:00:00+00:00,0
2019-06-23T07:00:00+00:00,0
2019-06-23T08:00:00+00:00,0
2019-06-23T09:00:00+00:00,0
2019-06-23T10:00:00+00:00,0
2019-06-23T12:00:00+00:00,0
2019-06-23T11:00:00+00:00,0
2019-06-23T14:00:00+00:00,0
2019-06-23T13:00:00+00:00,0
2019-06-23T15:00:00+00:00,0
2019-06-23T16:00:00+00:00,0
2019-06-23T17:00:00+00:00,0
2019-06-23T18:00:00+00:00,0
2019-06-23T19:00:00+00:00,0
2019-06-23T20:00:00+00:00,0
2019-06-23T21:00:00+00:00,0
2019-06-23T22:00:00+00:00,5150
2019-06-23T23:00:00+00:00,5833
2019-06-24T00:00:00+00:00,7709
2019-06-24T01:00:00+00:00,11145
2019-06-24T02:00:00+00:00,6107
2019-06-24T03:00:00+00:00,4486
2019-06-24T04:00:00+00:00,3931
2019-06-24T05:00:00+00:00,5163
2019-06-24T07:00:00+00:00,10297
2019-06-24T09:00:00+00:00,7484
2019-06-24T08:00:00+00:00,8738
2019-06-24T10:00:00+00:00,7276
2019-06-24T11:00:00+00:00,9379
2019-06-24T12:00:00+00:00,13465
2019-06-24T13:00:00+00:00,12833
2019-06-24T14:00:00+00:00,12545
2019-06-24T15:00:00+00:00,15429
2019-06-24T16:00:00+00:00,7452
2019-06-24T17:00:00+00:00,5126
2019-06-24T18:00:00+00:00,7024
2019-06-24T19:00:00+00:00,5651
2019-06-24T20:00:00+00:00,2650
2019-06-24T21:00:00+00:00,0
2019-06-24T06:00:00+00:00,11904
2019-06-24T22:00:00+00:00,3817
2019-06-24T23:00:00+00:00,5341
2019-06-25T00:00:00+00:00,9559
2019-06-25T01:00:00+00:00,11987
2019-06-25T02:00:00+00:00,6056
2019-06-25T03:00:00+00:00,13600
2019-06-25T04:00:00+00:00,10341
2019-06-25T06:00:00+00:00,14813
2019-06-25T05:00:00+00:00,13758
2019-06-25T07:00:00+00:00,11090
2019-06-25T08:00:00+00:00,14283
2019-06-25T10:00:00+00:00,6390
2019-06-25T11:00:00+00:00,8234
2019-06-25T09:00:00+00:00,10195
2019-06-25T12:00:00+00:00,12682
2019-06-25T13:00:00+00:00,14412
2019-06-25T14:00:00+00:00,20089
2019-06-25T15:00:00+00:00,14591
2019-06-25T16:00:00+00:00,14973
2019-06-25T17:00:00+00:00,26693
2019-06-25T18:00:00+00:00,10886
2019-06-25T19:00:00+00:00,7528
2019-06-25T20:00:00+00:00,2027
2019-06-25T21:00:00+00:00,0
2019-06-25T22:00:00+00:00,5859
2019-06-25T23:00:00+00:00,6472
2019-06-26T00:00:00+00:00,8802
2019-06-26T01:00:00+00:00,9990
2019-06-26T02:00:00+00:00,10167
2019-06-26T03:00:00+00:00,8376
2019-06-26T05:00:00+00:00,6211
2019-06-26T04:00:00+00:00,6282
2019-06-26T06:00:00+00:00,12107
2019-06-26T07:00:00+00:00,12324
2019-06-26T08:00:00+00:00,9836
2019-06-26T09:00:00+00:00,15163
2019-06-26T10:00:00+00:00,10766
2019-06-26T11:00:00+00:00,12054
2019-06-26T12:00:00+00:00,18030
2019-06-26T13:00:00+00:00,17694
2019-06-26T14:00:00+00:00,13241
2019-06-26T15:00:00+00:00,13317
2019-06-26T16:00:00+00:00,8081
2019-06-26T18:00:00+00:00,7689
2019-06-26T19:00:00+00:00,6647
2019-06-26T17:00:00+00:00,8372
2019-06-26T20:00:00+00:00,1582
2019-06-26T21:00:00+00:00,0
2019-06-26T22:00:00+00:00,2390
2019-06-26T23:00:00+00:00,2744
2019-06-27T00:00:00+00:00,7336
2019-06-27T01:00:00+00:00,10228
2019-06-27T02:00:00+00:00,8083
2019-06-27T03:00:00+00:00,3019
2019-06-27T04:00:00+00:00,4090
2019-06-27T05:00:00+00:00,4429
2019-06-27T06:00:00+00:00,12213
2019-06-27T07:00:00+00:00,11325
2019-06-27T08:00:00+00:00,9881
2019-06-27T09:00:00+00:00,8323
2019-06-27T11:00:00+00:00,7906
2019-06-27T10:00:00+00:00,10164
2019-06-27T12:00:00+00:00,16081
2019-06-27T13:00:00+00:00,12976
2019-06-27T14:00:00+00:00,11069
2019-06-27T15:00:00+00:00,10891
2019-06-27T16:00:00+00:00,6715
2019-06-27T17:00:00+00:00,6539
2019-06-27T18:00:00+00:00,5022
2019-06-27T19:00:00+00:00,5323
2019-06-27T20:00:00+00:00,2212
2019-06-27T21:00:00+00:00,0
2019-06-27T22:00:00+00:00,1926
2019-06-28T00:00:00+00:00,6761
2019-06-28T02:00:00+00:00,7391
2019-06-28T03:00:00+00:00,4276
2019-06-28T04:00:00+00:00,3999
2019-06-28T05:00:00+00:00,7219
2019-06-28T06:00:00+00:00,12995
2019-06-28T07:00:00+00:00,9362
2019-06-28T08:00:00+00:00,8319
2019-06-28T10:00:00+00:00,4477
2019-06-28T09:00:00+00:00,7015
2019-06-28T11:00:00+00:00,5256
2019-06-27T23:00:00+00:00,2770
2019-06-28T12:00:00+00:00,13304
2019-06-28T01:00:00+00:00,11091
2019-06-28T13:00:00+00:00,19125
2019-06-28T14:00:00+00:00,13547
2019-06-28T15:00:00+00:00,9466
2019-06-28T16:00:00+00:00,5945
2019-06-28T17:00:00+00:00,7359
2019-06-28T18:00:00+00:00,5846
2019-06-28T19:00:00+00:00,4728
2019-06-28T20:00:00+00:00,1228
2019-06-28T21:00:00+00:00,0
2019-06-28T23:00:00+00:00,0
2019-06-30T00:00:00+00:00,0
2019-06-30T01:00:00+00:00,0
2019-06-30T02:00:00+00:00,0
2019-06-30T03:00:00+00:00,0
2019-06-30T04:00:00+00:00,0
2019-06-30T05:00:00+00:00,0
2019-06-30T06:00:00+00:00,0
2019-06-30T07:00:00+00:00,0
2019-06-28T22:00:00+00:00,0
2019-06-30T08:00:00+00:00,0
2019-06-30T09:00:00+00:00,0
2019-06-30T10:00:00+00:00,0
2019-06-30T11:00:00+00:00,0
2019-06-30T12:00:00+00:00,0
2019-06-30T13:00:00+00:00,0
2019-06-30T14:00:00+00:00,0
2019-06-30T15:00:00+00:00,0
2019-06-30T16:00:00+00:00,0
2019-06-30T17:00:00+00:00,0
2019-06-30T18:00:00+00:00,0
2019-06-30T19:00:00+00:00,0
2019-06-30T20:00:00+00:00,0
2019-06-30T23:00:00+00:00,8957
2019-07-01T00:00:00+00:00,7182
2019-07-01T02:00:00+00:00,6071
2019-07-01T03:00:00+00:00,3060
2019-07-01T01:00:00+00:00,10978
2019-07-01T04:00:00+00:00,3275
2019-07-01T05:00:00+00:00,9553
2019-07-01T06:00:00+00:00,12649
2019-07-01T07:00:00+00:00,14309
2019-07-01T08:00:00+00:00,9692
2019-07-01T09:00:00+00:00,8824
2019-06-30T21:00:00+00:00,0
2019-07-01T10:00:00+00:00,6253
2019-07-01T11:00:00+00:00,9387
2019-06-30T22:00:00+00:00,7372
2019-07-01T12:00:00+00:00,12143
2019-07-01T13:00:00+00:00,14026
2019-07-01T14:00:00+00:00,17813
2019-07-01T15:00:00+00:00,12401
2019-07-01T16:00:00+00:00,8085
2019-07-01T18:00:00+00:00,6410
2019-07-01T19:00:00+00:00,5401
2019-07-01T17:00:00+00:00,9180
2019-07-01T20:00:00+00:00,2176
2019-07-01T21:00:00+00:00,0
2019-07-01T22:00:00+00:00,3858
2019-07-01T23:00:00+00:00,4598
2019-07-02T01:00:00+00:00,9138
2019-07-02T02:00:00+00:00,6094
2019-07-02T00:00:00+00:00,4338
2019-07-02T03:00:00+00:00,2787
2019-07-02T04:00:00+00:00,3056
2019-07-02T05:00:00+00:00,5931
2019-07-02T06:00:00+00:00,8110
2019-07-02T07:00:00+00:00,9236
2019-07-02T08:00:00+00:00,8254
2019-07-02T09:00:00+00:00,6609
2019-07-02T10:00:00+00:00,6277
2019-07-02T12:00:00+00:00,13281
2019-07-02T13:00:00+00:00,12741
2019-07-02T14:00:00+00:00,11561
2019-07-02T15:00:00+00:00,18965
2019-07-02T16:00:00+00:00,15422
2019-07-02T17:00:00+00:00,8652
2019-07-02T18:00:00+00:00,8956
2019-07-02T19:00:00+00:00,9205
2019-07-02T20:00:00+00:00,4300
2019-07-02T21:00:00+00:00,0
2019-07-02T22:00:00+00:00,10276
2019-07-02T23:00:00+00:00,8161
2019-07-03T00:00:00+00:00,11046
2019-07-03T01:00:00+00:00,15334
2019-07-03T02:00:00+00:00,13228
2019-07-03T03:00:00+00:00,7473
2019-07-03T04:00:00+00:00,4881
2019-07-02T11:00:00+00:00,6949
2019-07-03T05:00:00+00:00,7891
2019-07-03T06:00:00+00:00,12057
2019-07-03T07:00:00+00:00,8996
2019-07-03T08:00:00+00:00,9620
2019-07-03T09:00:00+00:00,5875
2019-07-03T10:00:00+00:00,4072
2019-07-03T11:00:00+00:00,10600
2019-07-03T12:00:00+00:00,19513
2019-07-03T13:00:00+00:00,18620
2019-07-03T15:00:00+00:00,13664
2019-07-03T16:00:00+00:00,7835
2019-07-03T14:00:00+00:00,19557
2019-07-03T17:00:00+00:00,4051
2019-07-03T18:00:00+00:00,2449
2019-07-03T19:00:00+00:00,1458
2019-07-03T20:00:00+00:00,1063
2019-07-03T21:00:00+00:00,0
2019-07-03T22:00:00+00:00,2769
2019-07-03T23:00:00+00:00,3604
2019-07-04T00:00:00+00:00,4518
2019-07-04T01:00:00+00:00,5932
2019-07-04T02:00:00+00:00,4371
2019-07-04T03:00:00+00:00,2881
2019-07-04T04:00:00+00:00,2019
2019-07-04T05:00:00+00:00,5774
2019-07-04T06:00:00+00:00,9019
2019-07-04T07:00:00+00:00,5981
2019-07-04T08:00:00+00:00,7401
2019-07-04T09:00:00+00:00,5165
2019-07-04T10:00:00+00:00,4486
2019-07-04T11:00:00+00:00,3343
2019-07-04T12:00:00+00:00,4127
2019-07-04T13:00:00+00:00,5599
2019-07-04T15:00:00+00:00,4072
2019-07-04T14:00:00+00:00,6152
2019-07-04T16:00:00+00:00,1806
2019-07-04T17:00:00+00:00,15
2019-07-04T18:00:00+00:00,0
2019-07-04T19:00:00+00:00,2
2019-07-04T20:00:00+00:00,3
2019-07-04T21:00:00+00:00,0
2019-07-05T01:00:00+00:00,7683
2019-07-04T22:00:00+00:00,5201
2019-07-04T23:00:00+00:00,4143
2019-07-05T00:00:00+00:00,6811
2019-07-05T02:00:00+00:00,4152
2019-07-05T03:00:00+00:00,2753
2019-07-05T04:00:00+00:00,2891
2019-07-05T09:00:00+00:00,4544
2019-07-05T10:00:00+00:00,4409
2019-07-05T07:00:00+00:00,8248
2019-07-05T05:00:00+00:00,4286
2019-07-05T06:00:00+00:00,9778
2019-07-05T08:00:00+00:00,8015
2019-07-05T11:00:00+00:00,7207
2019-07-05T12:00:00+00:00,21148
2019-07-05T14:00:00+00:00,19748
2019-07-05T16:00:00+00:00,12227
2019-07-05T18:00:00+00:00,5689
2019-07-05T17:00:00+00:00,9786
2019-07-05T20:00:00+00:00,1606
2019-07-05T19:00:00+00:00,7116
2019-07-05T13:00:00+00:00,24481
2019-07-05T15:00:00+00:00,19639
2019-07-05T21:00:00+00:00,0
2019-07-05T22:00:00+00:00,0
2019-07-07T00:00:00+00:00,0
2019-07-05T23:00:00+00:00,0
2019-07-07T02:00:00+00:00,0
2019-07-07T04:00:00+00:00,0
2019-07-07T01:00:00+00:00,0
2019-07-07T05:00:00+00:00,0
2019-07-07T03:00:00+00:00,0
2019-07-07T06:00:00+00:00,0
2019-07-07T07:00:00+00:00,0
2019-07-07T08:00:00+00:00,0
2019-07-07T09:00:00+00:00,0
2019-07-07T10:00:00+00:00,0
2019-07-07T11:00:00+00:00,0
2019-07-07T13:00:00+00:00,0
2019-07-07T12:00:00+00:00,0
2019-07-07T14:00:00+00:00,0
2019-07-07T15:00:00+00:00,0
2019-07-07T16:00:00+00:00,0
2019-07-07T17:00:00+00:00,0
2019-07-07T18:00:00+00:00,0
2019-07-07T19:00:00+00:00,0
2019-07-07T20:00:00+00:00,0
2019-07-07T21:00:00+00:00,0
2019-07-07T22:00:00+00:00,5969
2019-07-07T23:00:00+00:00,4454
2019-07-08T00:00:00+00:00,5430
2019-07-08T01:00:00+00:00,6501
2019-07-08T02:00:00+00:00,3814
2019-07-08T03:00:00+00:00,2382
2019-07-08T04:00:00+00:00,1974
2019-07-08T05:00:00+00:00,6717
2019-07-08T06:00:00+00:00,7324
2019-07-08T07:00:00+00:00,8644
2019-07-08T08:00:00+00:00,5533
2019-07-08T09:00:00+00:00,4697
2019-07-08T10:00:00+00:00,4088
2019-07-08T11:00:00+00:00,3671
2019-07-08T12:00:00+00:00,11625
2019-07-08T13:00:00+00:00,11545
2019-07-08T16:00:00+00:00,5681
2019-07-08T15:00:00+00:00,10094
2019-07-08T17:00:00+00:00,5516
2019-07-08T14:00:00+00:00,12017
2019-07-08T19:00:00+00:00,5039
2019-07-08T18:00:00+00:00,3581
2019-07-08T20:00:00+00:00,2370
2019-07-08T21:00:00+00:00,0
2019-07-09T00:00:00+00:00,3807
2019-07-08T23:00:00+00:00,3596
2019-07-08T22:00:00+00:00,1981
2019-07-09T02:00:00+00:00,3025
2019-07-09T01:00:00+00:00,5774
2019-07-09T03:00:00+00:00,2940
2019-07-09T04:00:00+00:00,2144
2019-07-09T05:00:00+00:00,3138
2019-07-09T06:00:00+00:00,6875
2019-07-09T07:00:00+00:00,6225
2019-07-09T08:00:00+00:00,9392
2019-07-09T09:00:00+00:00,7173
2019-07-09T10:00:00+00:00,6733
2019-07-09T11:00:00+00:00,7195
2019-07-09T12:00:00+00:00,11108
2019-07-09T13:00:00+00:00,11412
2019-07-09T14:00:00+00:00,8850
2019-07-09T15:00:00+00:00,11033
2019-07-09T16:00:00+00:00,5379
2019-07-09T17:00:00+00:00,6925
2019-07-09T18:00:00+00:00,3473
2019-07-09T19:00:00+00:00,6181
2019-07-09T20:00:00+00:00,1682
2019-07-09T21:00:00+00:00,0
2019-07-09T22:00:00+00:00,1701
2019-07-09T23:00:00+00:00,3731
2019-07-10T00:00:00+00:00,4357
2019-07-10T01:00:00+00:00,4888
2019-07-10T02:00:00+00:00,3580
2019-07-10T03:00:00+00:00,2371
2019-07-10T04:00:00+00:00,2588
2019-07-10T05:00:00+00:00,3087
2019-07-10T06:00:00+00:00,7889
2019-07-10T07:00:00+00:00,7833
2019-07-10T08:00:00+00:00,8724
2019-07-10T09:00:00+00:00,6844
2019-07-10T10:00:00+00:00,4138
2019-07-10T11:00:00+00:00,4221
2019-07-10T13:00:00+00:00,17290
2019-07-10T12:00:00+00:00,20444
2019-07-10T14:00:00+00:00,18740
2019-07-10T15:00:00+00:00,14765
2019-07-10T16:00:00+00:00,7660
2019-07-10T17:00:00+00:00,9218
2019-07-10T18:00:00+00:00,10209
2019-07-10T19:00:00+00:00,6450
2019-07-10T20:00:00+00:00,2058
2019-07-10T21:00:00+00:00,0
2019-07-10T22:00:00+00:00,3953
2019-07-10T23:00:00+00:00,4338
2019-07-11T01:00:00+00:00,7999
2019-07-11T00:00:00+00:00,9227
2019-07-11T02:00:00+00:00,5342
2019-07-11T03:00:00+00:00,3799
2019-07-11T04:00:00+00:00,2271
2019-07-11T05:00:00+00:00,5046
2019-07-11T06:00:00+00:00,8535
2019-07-11T07:00:00+00:00,8143
2019-07-11T09:00:00+00:00,5675
2019-07-11T08:00:00+00:00,5982
2019-07-11T11:00:00+00:00,8975
2019-07-11T10:00:00+00:00,5942
2019-07-11T12:00:00+00:00,22189
2019-07-11T13:00:00+00:00,14374
2019-07-11T14:00:00+00:00,14668
2019-07-11T15:00:00+00:00,11268
2019-07-11T16:00:00+00:00,8043
2019-07-11T17:00:00+00:00,16547
2019-07-11T19:00:00+00:00,4967
2019-07-11T18:00:00+00:00,7573
2019-07-11T20:00:00+00:00,2573
2019-07-11T21:00:00+00:00,0
2019-07-11T22:00:00+00:00,2379
2019-07-11T23:00:00+00:00,2792
2019-07-12T00:00:00+00:00,6358
2019-07-12T02:00:00+00:00,4841
2019-07-12T01:00:00+00:00,8422
2019-07-12T03:00:00+00:00,4211
2019-07-12T04:00:00+00:00,2416
2019-07-12T05:00:00+00:00,5104
2019-07-12T06:00:00+00:00,7603
2019-07-12T07:00:00+00:00,9059
2019-07-12T08:00:00+00:00,6403
2019-07-12T09:00:00+00:00,9073
2019-07-12T10:00:00+00:00,5833
2019-07-12T11:00:00+00:00,7124
2019-07-12T12:00:00+00:00,14527
2019-07-12T13:00:00+00:00,14565
2019-07-12T14:00:00+00:00,12143
2019-07-12T15:00:00+00:00,8486
2019-07-12T16:00:00+00:00,7465
2019-07-12T18:00:00+00:00,7162
2019-07-12T17:00:00+00:00,7100
2019-07-12T19:00:00+00:00,6008
2019-07-12T20:00:00+00:00,1965
2019-07-12T21:00:00+00:00,0
2019-07-12T22:00:00+00:00,0
2019-07-12T23:00:00+00:00,0
2019-07-14T00:00:00+00:00,0
2019-07-14T01:00:00+00:00,0
2019-07-14T02:00:00+00:00,0
2019-07-14T03:00:00+00:00,0
2019-07-14T04:00:00+00:00,0
2019-07-14T05:00:00+00:00,0
2019-07-14T06:00:00+00:00,0
2019-07-14T07:00:00+00:00,0
2019-07-14T08:00:00+00:00,0
2019-07-14T09:00:00+00:00,0
2019-07-14T10:00:00+00:00,0
2019-07-14T12:00:00+00:00,0
2019-07-14T11:00:00+00:00,0
2019-07-14T13:00:00+00:00,0
2019-07-14T14:00:00+00:00,0
2019-07-14T15:00:00+00:00,0
2019-07-14T16:00:00+00:00,0
2019-07-14T17:00:00+00:00,0
2019-07-14T18:00:00+00:00,0
2019-07-14T19:00:00+00:00,0
2019-07-14T20:00:00+00:00,0
2019-07-14T21:00:00+00:00,0
2019-07-14T22:00:00+00:00,4342
2019-07-14T23:00:00+00:00,4641
2019-07-15T00:00:00+00:00,4524
2019-07-15T03:00:00+00:00,2677
2019-07-15T02:00:00+00:00,5652
2019-07-15T01:00:00+00:00,8024
2019-07-15T04:00:00+00:00,2459
2019-07-15T06:00:00+00:00,6368
2019-07-15T05:00:00+00:00,2789
2019-07-15T07:00:00+00:00,5232
2019-07-15T08:00:00+00:00,5212
2019-07-15T10:00:00+00:00,2553
2019-07-15T09:00:00+00:00,3374
2019-07-15T11:00:00+00:00,3694
2019-07-15T12:00:00+00:00,11000
2019-07-15T13:00:00+00:00,11700
2019-07-15T14:00:00+00:00,10915
2019-07-15T15:00:00+00:00,7266
2019-07-15T16:00:00+00:00,5312
2019-07-15T17:00:00+00:00,4462
2019-07-15T18:00:00+00:00,4098
2019-07-15T19:00:00+00:00,4150
2019-07-15T20:00:00+00:00,1899
2019-07-15T21:00:00+00:00,0
2019-07-15T22:00:00+00:00,4156
2019-07-15T23:00:00+00:00,2740
2019-07-16T00:00:00+00:00,3264
2019-07-16T01:00:00+00:00,6446
2019-07-16T02:00:00+00:00,2622
2019-07-16T03:00:00+00:00,1678
2019-07-16T04:00:00+00:00,1187
2019-07-16T05:00:00+00:00,3275
2019-07-16T06:00:00+00:00,4832
2019-07-16T07:00:00+00:00,4124
2019-07-16T08:00:00+00:00,5204
2019-07-16T09:00:00+00:00,3948
2019-07-16T10:00:00+00:00,4501
2019-07-16T11:00:00+00:00,4355
2019-07-16T12:00:00+00:00,15116
2019-07-16T13:00:00+00:00,18595
2019-07-16T14:00:00+00:00,12680
2019-07-16T15:00:00+00:00,8463
2019-07-16T16:00:00+00:00,11594
2019-07-16T17:00:00+00:00,11842
2019-07-16T18:00:00+00:00,10253
2019-07-16T19:00:00+00:00,5244
2019-07-16T20:00:00+00:00,1808
2019-07-16T21:00:00+00:00,0
2019-07-16T22:00:00+00:00,2138
2019-07-16T23:00:00+00:00,1786
2019-07-17T00:00:00+00:00,3003
2019-07-17T01:00:00+00:00,4970
2019-07-17T03:00:00+00:00,3100
2019-07-17T02:00:00+00:00,3498
2019-07-17T04:00:00+00:00,1718
2019-07-17T05:00:00+00:00,3371
2019-07-17T06:00:00+00:00,6000
2019-07-17T07:00:00+00:00,6246
2019-07-17T08:00:00+00:00,6047
2019-07-17T09:00:00+00:00,4961
2019-07-17T10:00:00+00:00,4973
2019-07-17T11:00:00+00:00,5209
2019-07-17T12:00:00+00:00,9733
2019-07-17T13:00:00+00:00,13505
2019-07-17T14:00:00+00:00,16826
2019-07-17T15:00:00+00:00,16093
2019-07-17T16:00:00+00:00,8467
2019-07-17T17:00:00+00:00,7209
2019-07-17T18:00:00+00:00,6525
2019-07-17T19:00:00+00:00,7233
2019-07-17T20:00:00+00:00,2839
2019-07-17T21:00:00+00:00,0
2019-07-17T22:00:00+00:00,4899
2019-07-18T00:00:00+00:00,5564
2019-07-17T23:00:00+00:00,3048
2019-07-18T02:00:00+00:00,7454
2019-07-18T01:00:00+00:00,14503
2019-07-18T03:00:00+00:00,3524
2019-07-18T05:00:00+00:00,6900
2019-07-18T04:00:00+00:00,3504
2019-07-18T06:00:00+00:00,9258
2019-07-18T07:00:00+00:00,6872
2019-07-18T08:00:00+00:00,6284
2019-07-18T09:00:00+00:00,3429
2019-07-18T10:00:00+00:00,6214
2019-07-18T11:00:00+00:00,7215
2019-07-18T12:00:00+00:00,16743
2019-07-18T13:00:00+00:00,15465
2019-07-18T14:00:00+00:00,14162
2019-07-18T15:00:00+00:00,13333
2019-07-18T16:00:00+00:00,9272
2019-07-18T17:00:00+00:00,8634
2019-07-18T18:00:00+00:00,17583
2019-07-18T20:00:00+00:00,3479
2019-07-18T19:00:00+00:00,17884
2019-07-18T21:00:00+00:00,0
2019-07-18T22:00:00+00:00,12017
2019-07-18T23:00:00+00:00,6302
2019-07-19T00:00:00+00:00,8615
2019-07-19T01:00:00+00:00,12545
2019-07-19T02:00:00+00:00,5027
2019-07-19T03:00:00+00:00,3203
2019-07-19T04:00:00+00:00,1825
2019-07-19T05:00:00+00:00,5442
2019-07-19T06:00:00+00:00,10400
2019-07-19T07:00:00+00:00,7828
2019-07-19T08:00:00+00:00,5232
2019-07-19T09:00:00+00:00,7831
2019-07-19T11:00:00+00:00,7252
2019-07-19T10:00:00+00:00,6189
2019-07-19T12:00:00+00:00,11496
2019-07-19T13:00:00+00:00,17564
2019-07-19T14:00:00+00:00,25445
2019-07-19T15:00:00+00:00,17783
2019-07-19T16:00:00+00:00,14152
2019-07-19T17:00:00+00:00,10316
2019-07-19T19:00:00+00:00,9390
2019-07-19T20:00:00+00:00,2420
2019-07-19T18:00:00+00:00,17723
2019-07-19T21:00:00+00:00,0
2019-07-19T22:00:00+00:00,0
2019-07-19T23:00:00+00:00,0
2019-07-21T00:00:00+00:00,0
2019-07-21T01:00:00+00:00,0
2019-07-21T02:00:00+00:00,0
2019-07-21T03:00:00+00:00,0
2019-07-21T04:00:00+00:00,0
2019-07-21T05:00:00+00:00,0
2019-07-21T06:00:00+00:00,0
2019-07-21T09:00:00+00:00,0
2019-07-21T08:00:00+00:00,0
2019-07-21T10:00:00+00:00,0
2019-07-21T11:00:00+00:00,0
2019-07-21T12:00:00+00:00,0
2019-07-21T14:00:00+00:00,0
2019-07-21T15:00:00+00:00,0
2019-07-21T13:00:00+00:00,0
2019-07-21T16:00:00+00:00,0
2019-07-21T17:00:00+00:00,0
2019-07-21T18:00:00+00:00,0
2019-07-21T19:00:00+00:00,0
2019-07-21T20:00:00+00:00,0
2019-07-21T21:00:00+00:00,0
2019-07-21T23:00:00+00:00,2985
2019-07-21T22:00:00+00:00,3280
2019-07-22T01:00:00+00:00,9030
2019-07-22T00:00:00+00:00,5607
2019-07-21T07:00:00+00:00,0
2019-07-22T02:00:00+00:00,6664
2019-07-22T05:00:00+00:00,4032
2019-07-22T04:00:00+00:00,1354
2019-07-22T03:00:00+00:00,4085
2019-07-22T06:00:00+00:00,9405
2019-07-22T07:00:00+00:00,6744
2019-07-22T08:00:00+00:00,3771
2019-07-22T09:00:00+00:00,3837
2019-07-22T10:00:00+00:00,4688
2019-07-22T11:00:00+00:00,4742
2019-07-22T12:00:00+00:00,12143
2019-07-22T13:00:00+00:00,15070
2019-07-22T14:00:00+00:00,12516
2019-07-22T15:00:00+00:00,7256
2019-07-22T16:00:00+00:00,5402
2019-07-22T17:00:00+00:00,5774
2019-07-22T18:00:00+00:00,4155
2019-07-22T19:00:00+00:00,6140
2019-07-22T20:00:00+00:00,2013
2019-07-22T21:00:00+00:00,0
2019-07-22T23:00:00+00:00,1457
2019-07-22T22:00:00+00:00,1831
2019-07-23T00:00:00+00:00,4947
2019-07-23T01:00:00+00:00,11089
2019-07-23T02:00:00+00:00,4055
2019-07-23T04:00:00+00:00,3170
2019-07-23T03:00:00+00:00,3087
2019-07-23T05:00:00+00:00,5211
2019-07-23T06:00:00+00:00,7230
2019-07-23T07:00:00+00:00,4422
2019-07-23T08:00:00+00:00,3498
2019-07-23T09:00:00+00:00,3565
2019-07-23T10:00:00+00:00,3220
2019-07-23T12:00:00+00:00,11929
2019-07-23T11:00:00+00:00,9216
2019-07-23T13:00:00+00:00,15170
2019-07-23T14:00:00+00:00,17239
2019-07-23T15:00:00+00:00,12741
2019-07-23T16:00:00+00:00,9426
2019-07-23T17:00:00+00:00,9075
2019-07-23T18:00:00+00:00,6907
2019-07-23T19:00:00+00:00,5013
2019-07-23T20:00:00+00:00,2105
2019-07-23T21:00:00+00:00,0
2019-07-23T22:00:00+00:00,2631
2019-07-23T23:00:00+00:00,1579
2019-07-24T00:00:00+00:00,4581
2019-07-24T01:00:00+00:00,4805
2019-07-24T02:00:00+00:00,2613
2019-07-24T03:00:00+00:00,2514
2019-07-24T04:00:00+00:00,1772
2019-07-24T05:00:00+00:00,3098
2019-07-24T06:00:00+00:00,5583
2019-07-24T07:00:00+00:00,9755
2019-07-24T08:00:00+00:00,3780
2019-07-24T09:00:00+00:00,4585
2019-07-24T10:00:00+00:00,3901
2019-07-24T11:00:00+00:00,5653
2019-07-24T12:00:00+00:00,8524
2019-07-24T13:00:00+00:00,12425
2019-07-24T14:00:00+00:00,12062
2019-07-24T15:00:00+00:00,7152
2019-07-24T16:00:00+00:00,4791
2019-07-24T17:00:00+00:00,6797
2019-07-24T18:00:00+00:00,4291
2019-07-24T19:00:00+00:00,3551
2019-07-24T20:00:00+00:00,1894
2019-07-24T21:00:00+00:00,0
2019-07-24T22:00:00+00:00,1535
2019-07-24T23:00:00+00:00,1122
2019-07-25T00:00:00+00:00,3018
2019-07-25T01:00:00+00:00,3827
2019-07-25T02:00:00+00:00,1787
2019-07-25T03:00:00+00:00,2552
2019-07-25T04:00:00+00:00,932
2019-07-25T05:00:00+00:00,1909
2019-07-25T06:00:00+00:00,3170
2019-07-25T07:00:00+00:00,3913
2019-07-25T08:00:00+00:00,3189
2019-07-25T09:00:00+00:00,3152
2019-07-25T10:00:00+00:00,2768
2019-07-25T11:00:00+00:00,7739
2019-07-25T12:00:00+00:00,19439
2019-07-25T13:00:00+00:00,22956
2019-07-25T14:00:00+00:00,15841
2019-07-25T15:00:00+00:00,9563
2019-07-25T16:00:00+00:00,11242
2019-07-25T17:00:00+00:00,11565
2019-07-25T18:00:00+00:00,6246
2019-07-25T19:00:00+00:00,4768
2019-07-25T20:00:00+00:00,1504
2019-07-25T21:00:00+00:00,0
2019-07-25T22:00:00+00:00,1472
2019-07-25T23:00:00+00:00,1001
2019-07-26T00:00:00+00:00,2844
2019-07-26T03:00:00+00:00,1861
2019-07-26T02:00:00+00:00,2348
2019-07-26T01:00:00+00:00,3971
2019-07-26T04:00:00+00:00,1257
2019-07-26T05:00:00+00:00,2684
2019-07-26T07:00:00+00:00,5040
2019-07-26T06:00:00+00:00,5582
2019-07-26T08:00:00+00:00,3759
2019-07-26T09:00:00+00:00,2523
2019-07-26T10:00:00+00:00,2301
2019-07-26T11:00:00+00:00,2805
2019-07-26T12:00:00+00:00,12953
2019-07-26T13:00:00+00:00,14557
2019-07-26T14:00:00+00:00,13497
2019-07-26T15:00:00+00:00,9808
2019-07-26T16:00:00+00:00,6543
2019-07-26T17:00:00+00:00,4442
2019-07-26T18:00:00+00:00,3387
2019-07-26T19:00:00+00:00,4557
2019-07-26T21:00:00+00:00,0
2019-07-26T20:00:00+00:00,1440
2019-07-26T22:00:00+00:00,0
2019-07-26T23:00:00+00:00,0
2019-07-28T00:00:00+00:00,0
2019-07-28T01:00:00+00:00,0
2019-07-28T02:00:00+00:00,0
2019-07-28T03:00:00+00:00,0
2019-07-28T04:00:00+00:00,0
2019-07-28T05:00:00+00:00,0
2019-07-28T06:00:00+00:00,0
2019-07-28T07:00:00+00:00,0
2019-07-28T08:00:00+00:00,0
2019-07-28T09:00:00+00:00,0
2019-07-28T10:00:00+00:00,0
2019-07-28T11:00:00+00:00,0
2019-07-28T12:00:00+00:00,0
2019-07-28T13:00:00+00:00,0
2019-07-28T14:00:00+00:00,0
2019-07-28T16:00:00+00:00,0
2019-07-28T15:00:00+00:00,0
2019-07-28T17:00:00+00:00,0
2019-07-28T18:00:00+00:00,0
2019-07-28T19:00:00+00:00,0
2019-07-28T20:00:00+00:00,0
2019-07-28T21:00:00+00:00,0
2019-07-28T22:00:00+00:00,1546
2019-07-28T23:00:00+00:00,1248
2019-07-29T00:00:00+00:00,3110
2019-07-29T01:00:00+00:00,6507
2019-07-29T02:00:00+00:00,3114
2019-07-29T03:00:00+00:00,2599
2019-07-29T04:00:00+00:00,2164
2019-07-29T05:00:00+00:00,2980
2019-07-29T06:00:00+00:00,6320
2019-07-29T07:00:00+00:00,5204
2019-07-29T09:00:00+00:00,3325
2019-07-29T08:00:00+00:00,4627
2019-07-29T10:00:00+00:00,4398
2019-07-29T11:00:00+00:00,5684
2019-07-29T12:00:00+00:00,8197
2019-07-29T13:00:00+00:00,11959
2019-07-29T14:00:00+00:00,9030
2019-07-29T15:00:00+00:00,7224
2019-07-29T16:00:00+00:00,4200
2019-07-29T17:00:00+00:00,3736
2019-07-29T18:00:00+00:00,5136
2019-07-29T19:00:00+00:00,5435
2019-07-29T20:00:00+00:00,1688
2019-07-29T21:00:00+00:00,0
2019-07-29T22:00:00+00:00,1994
2019-07-29T23:00:00+00:00,1382
2019-07-30T00:00:00+00:00,2493
2019-07-30T01:00:00+00:00,4275
2019-07-30T02:00:00+00:00,2266
2019-07-30T03:00:00+00:00,1906
2019-07-30T04:00:00+00:00,1545
2019-07-30T05:00:00+00:00,2124
2019-07-30T06:00:00+00:00,4639
2019-07-30T07:00:00+00:00,4000
2019-07-30T08:00:00+00:00,3743
2019-07-30T09:00:00+00:00,5180
2019-07-30T10:00:00+00:00,3321
2019-07-30T11:00:00+00:00,5578
2019-07-30T12:00:00+00:00,15145
2019-07-30T13:00:00+00:00,12742
2019-07-30T14:00:00+00:00,12404
2019-07-30T15:00:00+00:00,7802
2019-07-30T16:00:00+00:00,6208
2019-07-30T17:00:00+00:00,4618
2019-07-30T18:00:00+00:00,8347
2019-07-30T19:00:00+00:00,3228
2019-07-30T20:00:00+00:00,932
2019-07-30T21:00:00+00:00,0
2019-07-30T22:00:00+00:00,1077
2019-07-30T23:00:00+00:00,920
2019-07-31T00:00:00+00:00,2814
2019-07-31T01:00:00+00:00,4888
2019-07-31T02:00:00+00:00,2585
2019-07-31T03:00:00+00:00,1987
2019-07-31T04:00:00+00:00,1664
2019-07-31T05:00:00+00:00,3120
2019-07-31T06:00:00+00:00,5948
2019-07-31T07:00:00+00:00,6006
2019-07-31T08:00:00+00:00,3569
2019-07-31T09:00:00+00:00,3679
2019-07-31T10:00:00+00:00,2696
2019-07-31T11:00:00+00:00,3877
2019-07-31T12:00:00+00:00,9972
2019-07-31T13:00:00+00:00,10769
2019-07-31T14:00:00+00:00,10480
2019-07-31T15:00:00+00:00,8001
2019-07-31T16:00:00+00:00,8965
2019-07-31T17:00:00+00:00,8960
2019-07-31T20:00:00+00:00,3527
2019-07-31T19:00:00+00:00,17491
2019-07-31T21:00:00+00:00,0
2019-07-31T18:00:00+00:00,33756
2019-07-31T22:00:00+00:00,3558
2019-07-31T23:00:00+00:00,3200
2019-08-01T00:00:00+00:00,10006
2019-08-01T01:00:00+00:00,10478
2019-08-01T04:00:00+00:00,2631
2019-08-01T03:00:00+00:00,4155
2019-08-01T02:00:00+00:00,5800
2019-08-01T05:00:00+00:00,3318
2019-08-01T06:00:00+00:00,8241
2019-08-01T08:00:00+00:00,7599
2019-08-01T09:00:00+00:00,4418
2019-08-01T10:00:00+00:00,5315
2019-08-01T11:00:00+00:00,7164
2019-08-01T12:00:00+00:00,11505
2019-08-01T13:00:00+00:00,16629
2019-08-01T14:00:00+00:00,21160
2019-08-01T15:00:00+00:00,15912
2019-08-01T16:00:00+00:00,9154
2019-08-01T17:00:00+00:00,22857
2019-08-01T18:00:00+00:00,18418
2019-08-01T19:00:00+00:00,11264
2019-08-01T20:00:00+00:00,4688
2019-08-01T21:00:00+00:00,0
2019-08-01T22:00:00+00:00,6262
2019-08-01T23:00:00+00:00,5762
2019-08-02T00:00:00+00:00,10863
2019-08-02T01:00:00+00:00,17059
2019-08-02T02:00:00+00:00,7490
2019-08-02T03:00:00+00:00,4331
2019-08-02T04:00:00+00:00,3609
2019-08-02T05:00:00+00:00,4706
2019-08-02T06:00:00+00:00,11739
2019-08-01T07:00:00+00:00,7319
2019-08-02T07:00:00+00:00,17021
2019-08-02T08:00:00+00:00,12061
2019-08-02T09:00:00+00:00,10717
2019-08-02T10:00:00+00:00,8721
2019-08-02T11:00:00+00:00,6536
2019-08-02T12:00:00+00:00,22212
2019-08-02T13:00:00+00:00,23199
2019-08-02T14:00:00+00:00,22358
2019-08-02T15:00:00+00:00,13439
2019-08-02T16:00:00+00:00,9730
2019-08-02T17:00:00+00:00,10012
2019-08-02T18:00:00+00:00,9908
2019-08-02T19:00:00+00:00,8696
2019-08-02T20:00:00+00:00,1861
2019-08-02T21:00:00+00:00,0
2019-08-02T22:00:00+00:00,0
2019-08-02T23:00:00+00:00,0
2019-08-04T00:00:00+00:00,0
2019-08-04T01:00:00+00:00,0
2019-08-04T02:00:00+00:00,0
2019-08-04T03:00:00+00:00,0
2019-08-04T04:00:00+00:00,0
2019-08-04T05:00:00+00:00,0
2019-08-04T06:00:00+00:00,0
2019-08-04T07:00:00+00:00,0
2019-08-04T08:00:00+00:00,0
2019-08-04T09:00:00+00:00,0
2019-08-04T10:00:00+00:00,0
2019-08-04T11:00:00+00:00,0
2019-08-04T12:00:00+00:00,0
2019-08-04T13:00:00+00:00,0
2019-08-04T14:00:00+00:00,0
2019-08-04T15:00:00+00:00,0
2019-08-04T16:00:00+00:00,0
2019-08-04T17:00:00+00:00,0
2019-08-04T18:00:00+00:00,0
2019-08-04T19:00:00+00:00,0
2019-08-04T20:00:00+00:00,0
2019-08-04T21:00:00+00:00,0
2019-08-04T22:00:00+00:00,3168
2019-08-04T23:00:00+00:00,2700
2019-08-05T00:00:00+00:00,7580
2019-08-05T01:00:00+00:00,22025
2019-08-05T02:00:00+00:00,21378
2019-08-05T04:00:00+00:00,6374
2019-08-05T03:00:00+00:00,15214
2019-08-05T05:00:00+00:00,8890
2019-08-05T06:00:00+00:00,14282
2019-08-05T07:00:00+00:00,11900
2019-08-05T08:00:00+00:00,12352
2019-08-05T09:00:00+00:00,12008
2019-08-05T10:00:00+00:00,10324
2019-08-05T11:00:00+00:00,13052
2019-08-05T12:00:00+00:00,14630
2019-08-05T13:00:00+00:00,13840
2019-08-05T14:00:00+00:00,15776
2019-08-05T15:00:00+00:00,22138
2019-08-05T16:00:00+00:00,15457
2019-08-05T17:00:00+00:00,10941
2019-08-05T18:00:00+00:00,11024
2019-08-05T20:00:00+00:00,2743
2019-08-05T19:00:00+00:00,18183
2019-08-05T21:00:00+00:00,0
2019-08-05T22:00:00+00:00,6384
2019-08-05T23:00:00+00:00,5154
2019-08-06T00:00:00+00:00,11907
2019-08-06T01:00:00+00:00,24198
2019-08-06T02:00:00+00:00,13699
2019-08-06T03:00:00+00:00,10788
2019-08-06T05:00:00+00:00,9955
2019-08-06T04:00:00+00:00,14250
2019-08-06T06:00:00+00:00,14641
2019-08-06T07:00:00+00:00,14706
2019-08-06T09:00:00+00:00,5385
2019-08-06T11:00:00+00:00,9477
2019-08-06T13:00:00+00:00,18339
2019-08-06T14:00:00+00:00,17949
2019-08-06T12:00:00+00:00,13472
2019-08-06T15:00:00+00:00,13494
2019-08-06T16:00:00+00:00,8258
2019-08-06T18:00:00+00:00,11334
2019-08-06T19:00:00+00:00,7398
2019-08-06T20:00:00+00:00,2598
2019-08-06T21:00:00+00:00,0
2019-08-06T22:00:00+00:00,2862
2019-08-06T23:00:00+00:00,3794
2019-08-07T00:00:00+00:00,9426
2019-08-07T02:00:00+00:00,14092
2019-08-07T01:00:00+00:00,24371
2019-08-07T03:00:00+00:00,9394
2019-08-07T04:00:00+00:00,6134
2019-08-07T05:00:00+00:00,9371
2019-08-07T06:00:00+00:00,11555
2019-08-07T07:00:00+00:00,13609
2019-08-07T08:00:00+00:00,7462
2019-08-07T09:00:00+00:00,9745
2019-08-06T08:00:00+00:00,8216
2019-08-06T10:00:00+00:00,5517
2019-08-07T10:00:00+00:00,6826
2019-08-07T11:00:00+00:00,12356
2019-08-07T12:00:00+00:00,22744
2019-08-07T14:00:00+00:00,28583
2019-08-07T13:00:00+00:00,25319
2019-08-07T15:00:00+00:00,20861
2019-08-07T16:00:00+00:00,19397
2019-08-07T17:00:00+00:00,19681
2019-08-07T18:00:00+00:00,15159
2019-08-06T17:00:00+00:00,7803
2019-08-07T19:00:00+00:00,13471
2019-08-07T20:00:00+00:00,4651
2019-08-07T22:00:00+00:00,3035
2019-08-07T23:00:00+00:00,4231
2019-08-08T00:00:00+00:00,9040
2019-08-08T02:00:00+00:00,10580
2019-08-08T01:00:00+00:00,18747
2019-08-08T03:00:00+00:00,7323
2019-08-08T05:00:00+00:00,6136
2019-08-08T06:00:00+00:00,14847
2019-08-08T07:00:00+00:00,11147
2019-08-08T08:00:00+00:00,7964
2019-08-08T09:00:00+00:00,7834
2019-08-08T10:00:00+00:00,6199
2019-08-08T11:00:00+00:00,9676
2019-08-08T12:00:00+00:00,15711
2019-08-08T13:00:00+00:00,22175
2019-08-08T14:00:00+00:00,16168
2019-08-08T15:00:00+00:00,12425
2019-08-08T16:00:00+00:00,8570
2019-08-08T17:00:00+00:00,9635
2019-08-08T18:00:00+00:00,13373
2019-08-08T19:00:00+00:00,7235
2019-08-08T20:00:00+00:00,2592
2019-08-08T21:00:00+00:00,0
2019-08-08T22:00:00+00:00,6810
2019-08-07T21:00:00+00:00,0
2019-08-08T23:00:00+00:00,4881
2019-08-09T00:00:00+00:00,5633
2019-08-09T01:00:00+00:00,8975
2019-08-09T02:00:00+00:00,3985
2019-08-09T03:00:00+00:00,4955
2019-08-09T04:00:00+00:00,1991
2019-08-09T05:00:00+00:00,4110
2019-08-09T06:00:00+00:00,12382
2019-08-08T04:00:00+00:00,4141
2019-08-09T07:00:00+00:00,9648
2019-08-09T08:00:00+00:00,5950
2019-08-09T09:00:00+00:00,5254
2019-08-09T10:00:00+00:00,5157
2019-08-09T12:00:00+00:00,13808
2019-08-09T13:00:00+00:00,16266
2019-08-09T15:00:00+00:00,16922
2019-08-09T14:00:00+00:00,24331
2019-08-09T16:00:00+00:00,15530
2019-08-09T17:00:00+00:00,14740
2019-08-09T18:00:00+00:00,6769
2019-08-09T19:00:00+00:00,7810
2019-08-09T20:00:00+00:00,1480
2019-08-09T22:00:00+00:00,0
2019-08-09T21:00:00+00:00,0
2019-08-09T23:00:00+00:00,0
2019-08-11T00:00:00+00:00,0
2019-08-11T01:00:00+00:00,0
2019-08-11T02:00:00+00:00,0
2019-08-11T03:00:00+00:00,0
2019-08-11T04:00:00+00:00,0
2019-08-11T05:00:00+00:00,0
2019-08-11T06:00:00+00:00,0
2019-08-11T07:00:00+00:00,0
2019-08-11T08:00:00+00:00,0
2019-08-11T09:00:00+00:00,0
2019-08-11T11:00:00+00:00,0
2019-08-11T10:00:00+00:00,0
2019-08-11T12:00:00+00:00,0
2019-08-09T11:00:00+00:00,5749
2019-08-11T13:00:00+00:00,0
2019-08-11T14:00:00+00:00,0
2019-08-11T19:00:00+00:00,0
2019-08-11T15:00:00+00:00,0
2019-08-11T16:00:00+00:00,0
2019-08-11T18:00:00+00:00,0
2019-08-11T17:00:00+00:00,0
2019-08-11T20:00:00+00:00,0
2019-08-11T21:00:00+00:00,0
2019-08-11T22:00:00+00:00,2481
2019-08-11T23:00:00+00:00,3658
2019-08-12T00:00:00+00:00,4449
2019-08-12T01:00:00+00:00,8161
2019-08-12T02:00:00+00:00,3014
2019-08-12T03:00:00+00:00,2256
2019-08-12T04:00:00+00:00,1392
2019-08-12T05:00:00+00:00,2336
2019-08-12T06:00:00+00:00,9230
2019-08-12T07:00:00+00:00,11756
2019-08-12T08:00:00+00:00,16017
2019-08-12T09:00:00+00:00,9261
2019-08-12T10:00:00+00:00,9418
2019-08-12T11:00:00+00:00,9693
2019-08-12T12:00:00+00:00,10594
2019-08-12T13:00:00+00:00,14064
2019-08-12T14:00:00+00:00,11989
2019-08-12T15:00:00+00:00,8789
2019-08-12T16:00:00+00:00,6120
2019-08-12T17:00:00+00:00,4963
2019-08-12T18:00:00+00:00,8284
2019-08-12T19:00:00+00:00,9161
2019-08-12T20:00:00+00:00,2825
2019-08-12T21:00:00+00:00,0
2019-08-12T22:00:00+00:00,2188
2019-08-12T23:00:00+00:00,2769
2019-08-13T00:00:00+00:00,4213
2019-08-13T01:00:00+00:00,13658
2019-08-13T02:00:00+00:00,7072
2019-08-13T03:00:00+00:00,5741
2019-08-13T04:00:00+00:00,2379
2019-08-13T05:00:00+00:00,6485
2019-08-13T06:00:00+00:00,16018
2019-08-13T07:00:00+00:00,14446
2019-08-13T08:00:00+00:00,10356
2019-08-13T09:00:00+00:00,11670
2019-08-13T10:00:00+00:00,13499
2019-08-13T11:00:00+00:00,10743
2019-08-13T12:00:00+00:00,18597
2019-08-13T13:00:00+00:00,25647
2019-08-13T14:00:00+00:00,29860
2019-08-13T15:00:00+00:00,20663
2019-08-13T16:00:00+00:00,11700
2019-08-13T17:00:00+00:00,13685
2019-08-13T18:00:00+00:00,7567
2019-08-13T19:00:00+00:00,5684
2019-08-13T20:00:00+00:00,2403
2019-08-13T21:00:00+00:00,0
2019-08-13T22:00:00+00:00,2002
2019-08-13T23:00:00+00:00,2484
2019-08-14T00:00:00+00:00,6144
2019-08-14T01:00:00+00:00,13764
2019-08-14T02:00:00+00:00,9892
2019-08-14T03:00:00+00:00,4106
2019-08-14T04:00:00+00:00,5549
2019-08-14T05:00:00+00:00,6522
2019-08-14T06:00:00+00:00,12106
2019-08-14T07:00:00+00:00,9453
2019-08-14T08:00:00+00:00,8408
2019-08-14T09:00:00+00:00,6788
2019-08-14T10:00:00+00:00,13430
2019-08-14T11:00:00+00:00,18387
2019-08-14T12:00:00+00:00,21457
2019-08-14T13:00:00+00:00,23141
2019-08-14T14:00:00+00:00,20479
2019-08-14T15:00:00+00:00,18494
2019-08-14T16:00:00+00:00,16580
2019-08-14T17:00:00+00:00,19428
2019-08-14T18:00:00+00:00,15590
2019-08-14T19:00:00+00:00,15829
2019-08-14T20:00:00+00:00,3476
2019-08-14T21:00:00+00:00,0
2019-08-14T23:00:00+00:00,3847
2019-08-14T22:00:00+00:00,3304
2019-08-15T00:00:00+00:00,6499
2019-08-15T01:00:00+00:00,14322
2019-08-15T02:00:00+00:00,6512
2019-08-15T03:00:00+00:00,5950
2019-08-15T04:00:00+00:00,3907
2019-08-15T05:00:00+00:00,5297
2019-08-15T06:00:00+00:00,17070
2019-08-15T07:00:00+00:00,12767
2019-08-15T08:00:00+00:00,8879
2019-08-15T09:00:00+00:00,14358
2019-08-15T10:00:00+00:00,13493
2019-08-15T11:00:00+00:00,18720
2019-08-15T12:00:00+00:00,22490
2019-08-15T13:00:00+00:00,27797
2019-08-15T14:00:00+00:00,21644
2019-08-15T15:00:00+00:00,13033
2019-08-15T17:00:00+00:00,12110
2019-08-15T16:00:00+00:00,8860
2019-08-15T18:00:00+00:00,17766
2019-08-15T19:00:00+00:00,10309
2019-08-15T20:00:00+00:00,2166
2019-08-15T21:00:00+00:00,0
2019-08-15T22:00:00+00:00,2049
2019-08-15T23:00:00+00:00,2336
2019-08-16T00:00:00+00:00,6242
2019-08-16T01:00:00+00:00,9023
2019-08-16T02:00:00+00:00,7700
2019-08-16T03:00:00+00:00,5526
2019-08-16T04:00:00+00:00,2229
2019-08-16T05:00:00+00:00,5611
2019-08-16T06:00:00+00:00,9508
2019-08-16T07:00:00+00:00,8697
2019-08-16T08:00:00+00:00,8764
2019-08-16T10:00:00+00:00,7290
2019-08-16T09:00:00+00:00,10764
2019-08-16T11:00:00+00:00,6965
2019-08-16T12:00:00+00:00,13076
2019-08-16T13:00:00+00:00,12663
2019-08-16T14:00:00+00:00,20190
2019-08-16T15:00:00+00:00,13857
2019-08-16T16:00:00+00:00,8488
2019-08-16T18:00:00+00:00,6064
2019-08-16T17:00:00+00:00,7219
2019-08-16T19:00:00+00:00,5995
2019-08-16T20:00:00+00:00,2210
2019-08-16T21:00:00+00:00,0
2019-08-16T22:00:00+00:00,0
2019-08-16T23:00:00+00:00,0
2019-08-18T00:00:00+00:00,0
2019-08-18T01:00:00+00:00,0
2019-08-18T02:00:00+00:00,0
2019-08-18T03:00:00+00:00,0
2019-08-18T04:00:00+00:00,0
2019-08-18T05:00:00+00:00,0
2019-08-18T06:00:00+00:00,0
2019-08-18T07:00:00+00:00,0
2019-08-18T08:00:00+00:00,0
2019-08-18T09:00:00+00:00,0
2019-08-18T10:00:00+00:00,0
2019-08-18T11:00:00+00:00,0
2019-08-18T12:00:00+00:00,0
2019-08-18T13:00:00+00:00,0
2019-08-18T14:00:00+00:00,0
2019-08-18T15:00:00+00:00,0
2019-08-18T16:00:00+00:00,0
2019-08-18T17:00:00+00:00,0
2019-08-18T19:00:00+00:00,0
2019-08-18T18:00:00+00:00,0
2019-08-18T20:00:00+00:00,0
2019-08-18T21:00:00+00:00,0
2019-08-18T22:00:00+00:00,3301
2019-08-18T23:00:00+00:00,2141
2019-08-19T01:00:00+00:00,13183
2019-08-19T00:00:00+00:00,5483
2019-08-19T02:00:00+00:00,9155
2019-08-19T03:00:00+00:00,3842
2019-08-19T04:00:00+00:00,2353
2019-08-19T05:00:00+00:00,6576
2019-08-19T06:00:00+00:00,8513
2019-08-19T07:00:00+00:00,8598
2019-08-19T09:00:00+00:00,7678
2019-08-19T08:00:00+00:00,10250
2019-08-19T10:00:00+00:00,6486
2019-08-19T11:00:00+00:00,10424
2019-08-19T12:00:00+00:00,9317
2019-08-19T13:00:00+00:00,11165
2019-08-19T14:00:00+00:00,12051
2019-08-19T15:00:00+00:00,8350
2019-08-19T16:00:00+00:00,5310
2019-08-19T17:00:00+00:00,6047
2019-08-19T18:00:00+00:00,8259
2019-08-19T19:00:00+00:00,8116
2019-08-19T20:00:00+00:00,1770
2019-08-19T21:00:00+00:00,0
2019-08-19T22:00:00+00:00,2037
2019-08-19T23:00:00+00:00,2417
2019-08-20T00:00:00+00:00,5909
2019-08-20T01:00:00+00:00,8082
2019-08-20T02:00:00+00:00,5463
2019-08-20T03:00:00+00:00,3082
2019-08-20T04:00:00+00:00,2072
2019-08-20T05:00:00+00:00,3182
2019-08-20T06:00:00+00:00,7508
2019-08-20T07:00:00+00:00,6947
2019-08-20T08:00:00+00:00,5831
2019-08-20T09:00:00+00:00,7231
2019-08-20T10:00:00+00:00,4496
2019-08-20T11:00:00+00:00,7517
2019-08-20T12:00:00+00:00,9839
2019-08-20T13:00:00+00:00,16710
2019-08-20T14:00:00+00:00,14686
2019-08-20T15:00:00+00:00,7812
2019-08-20T16:00:00+00:00,5370
2019-08-20T18:00:00+00:00,4209
2019-08-20T17:00:00+00:00,5195
2019-08-20T20:00:00+00:00,1463
2019-08-20T19:00:00+00:00,3256
2019-08-20T21:00:00+00:00,0
2019-08-20T22:00:00+00:00,1462
2019-08-20T23:00:00+00:00,1661
2019-08-21T00:00:00+00:00,2471
2019-08-21T01:00:00+00:00,5713
2019-08-21T02:00:00+00:00,4357
2019-08-21T03:00:00+00:00,4027
2019-08-21T04:00:00+00:00,1713
2019-08-21T05:00:00+00:00,4347
2019-08-21T06:00:00+00:00,7627
2019-08-21T08:00:00+00:00,6062
2019-08-21T07:00:00+00:00,9498
2019-08-21T09:00:00+00:00,5253
2019-08-21T10:00:00+00:00,4781
2019-08-21T11:00:00+00:00,4588
2019-08-21T12:00:00+00:00,8024
2019-08-21T13:00:00+00:00,10271
2019-08-21T14:00:00+00:00,9001
2019-08-21T15:00:00+00:00,7787
2019-08-21T17:00:00+00:00,4495
2019-08-21T16:00:00+00:00,7000
2019-08-21T18:00:00+00:00,12882
2019-08-21T19:00:00+00:00,8729
2019-08-21T20:00:00+00:00,1166
2019-08-21T21:00:00+00:00,0
2019-08-21T22:00:00+00:00,2035
2019-08-21T23:00:00+00:00,728
2019-08-22T00:00:00+00:00,2742
2019-08-22T01:00:00+00:00,6541
2019-08-22T02:00:00+00:00,4259
2019-08-22T03:00:00+00:00,2491
2019-08-22T04:00:00+00:00,2239
2019-08-22T05:00:00+00:00,4148
2019-08-22T06:00:00+00:00,5575
2019-08-22T08:00:00+00:00,6515
2019-08-22T07:00:00+00:00,11301
2019-08-22T09:00:00+00:00,7449
2019-08-22T10:00:00+00:00,4690
2019-08-22T11:00:00+00:00,8715
2019-08-22T12:00:00+00:00,10130
2019-08-22T13:00:00+00:00,15197
2019-08-22T14:00:00+00:00,14955
2019-08-22T15:00:00+00:00,8095
2019-08-22T16:00:00+00:00,6680
2019-08-22T17:00:00+00:00,5534
2019-08-22T18:00:00+00:00,3183
2019-08-22T19:00:00+00:00,3055
2019-08-22T20:00:00+00:00,1127
2019-08-22T21:00:00+00:00,0
2019-08-22T22:00:00+00:00,1131
2019-08-22T23:00:00+00:00,1608
2019-08-23T00:00:00+00:00,2643
2019-08-23T01:00:00+00:00,6610
2019-08-23T02:00:00+00:00,3217
2019-08-23T03:00:00+00:00,2318
2019-08-23T04:00:00+00:00,1613
2019-08-23T05:00:00+00:00,2775
2019-08-23T06:00:00+00:00,4568
2019-08-23T07:00:00+00:00,5975
2019-08-23T09:00:00+00:00,3572
2019-08-23T08:00:00+00:00,3928
2019-08-23T11:00:00+00:00,3273
2019-08-23T10:00:00+00:00,4053
2019-08-23T12:00:00+00:00,22345
2019-08-23T13:00:00+00:00,15867
2019-08-23T15:00:00+00:00,25811
2019-08-23T16:00:00+00:00,17223
2019-08-23T14:00:00+00:00,27762
2019-08-23T17:00:00+00:00,14974
2019-08-23T18:00:00+00:00,8625
2019-08-23T19:00:00+00:00,8083
2019-08-23T20:00:00+00:00,3672
2019-08-23T21:00:00+00:00,0
2019-08-23T22:00:00+00:00,0
2019-08-23T23:00:00+00:00,0
2019-08-25T00:00:00+00:00,0
2019-08-25T01:00:00+00:00,0
2019-08-25T02:00:00+00:00,0
2019-08-25T03:00:00+00:00,0
2019-08-25T04:00:00+00:00,0
2019-08-25T05:00:00+00:00,0
2019-08-25T06:00:00+00:00,0
2019-08-25T07:00:00+00:00,0
2019-08-25T08:00:00+00:00,0
2019-08-25T09:00:00+00:00,0
2019-08-25T10:00:00+00:00,0
2019-08-25T12:00:00+00:00,0
2019-08-25T11:00:00+00:00,0
2019-08-25T13:00:00+00:00,0
2019-08-25T14:00:00+00:00,0
2019-08-25T15:00:00+00:00,0
2019-08-25T16:00:00+00:00,0
2019-08-25T17:00:00+00:00,0
2019-08-25T18:00:00+00:00,0
2019-08-25T19:00:00+00:00,0
2019-08-25T20:00:00+00:00,0
2019-08-25T21:00:00+00:00,0
2019-08-25T22:00:00+00:00,12564
2019-08-25T23:00:00+00:00,7820
2019-08-26T00:00:00+00:00,12066
2019-08-26T01:00:00+00:00,16117
2019-08-26T02:00:00+00:00,11030
2019-08-26T03:00:00+00:00,10981
2019-08-26T04:00:00+00:00,8317
2019-08-26T05:00:00+00:00,11959
2019-08-26T06:00:00+00:00,9869
2019-08-26T07:00:00+00:00,23878
2019-08-26T08:00:00+00:00,13179
2019-08-26T09:00:00+00:00,13919
2019-08-26T10:00:00+00:00,10297
2019-08-26T11:00:00+00:00,9474
2019-08-26T12:00:00+00:00,11871
2019-08-26T14:00:00+00:00,19467
2019-08-26T16:00:00+00:00,9308
2019-08-26T13:00:00+00:00,22711
2019-08-26T15:00:00+00:00,16310
2019-08-26T17:00:00+00:00,8341
2019-08-26T18:00:00+00:00,6944
2019-08-26T19:00:00+00:00,5751
2019-08-26T20:00:00+00:00,1444
2019-08-26T21:00:00+00:00,0
2019-08-26T22:00:00+00:00,1928
2019-08-26T23:00:00+00:00,1875
2019-08-27T01:00:00+00:00,9528
2019-08-27T00:00:00+00:00,3597
2019-08-27T02:00:00+00:00,4302
2019-08-27T03:00:00+00:00,2643
2019-08-27T04:00:00+00:00,1688
2019-08-27T10:00:00+00:00,4061
2019-08-27T08:00:00+00:00,5265
2019-08-27T11:00:00+00:00,5516
2019-08-27T09:00:00+00:00,7064
2019-08-27T13:00:00+00:00,17613
2019-08-27T14:00:00+00:00,13997
2019-08-27T15:00:00+00:00,15652
2019-08-27T16:00:00+00:00,13083
2019-08-27T17:00:00+00:00,8665
2019-08-27T18:00:00+00:00,5906
2019-08-27T19:00:00+00:00,8108
2019-08-27T12:00:00+00:00,10305
2019-08-27T20:00:00+00:00,1951
2019-08-27T21:00:00+00:00,0
2019-08-27T22:00:00+00:00,2266
2019-08-27T23:00:00+00:00,2037
2019-08-28T00:00:00+00:00,5845
2019-08-28T02:00:00+00:00,16716
2019-08-28T03:00:00+00:00,6884
2019-08-28T04:00:00+00:00,3036
2019-08-28T05:00:00+00:00,6059
2019-08-28T06:00:00+00:00,8099
2019-08-27T07:00:00+00:00,8948
2019-08-28T07:00:00+00:00,9737
2019-08-28T08:00:00+00:00,11469
2019-08-28T09:00:00+00:00,7498
2019-08-28T10:00:00+00:00,6244
2019-08-28T12:00:00+00:00,12228
2019-08-28T11:00:00+00:00,9140
2019-08-28T13:00:00+00:00,19635
2019-08-28T14:00:00+00:00,15826
2019-08-28T15:00:00+00:00,11187
2019-08-28T16:00:00+00:00,5523
2019-08-28T17:00:00+00:00,9750
2019-08-28T18:00:00+00:00,4623
2019-08-28T20:00:00+00:00,2101
2019-08-27T05:00:00+00:00,5908
2019-08-27T06:00:00+00:00,9502
2019-08-28T19:00:00+00:00,4862
2019-08-28T21:00:00+00:00,0
2019-08-28T23:00:00+00:00,2252
2019-08-28T22:00:00+00:00,1599
2019-08-29T00:00:00+00:00,3067
2019-08-29T01:00:00+00:00,9319
2019-08-29T02:00:00+00:00,4335
2019-08-29T03:00:00+00:00,2783
2019-08-29T04:00:00+00:00,2989
2019-08-29T06:00:00+00:00,13121
2019-08-29T05:00:00+00:00,6006
2019-08-29T07:00:00+00:00,18855
2019-08-29T08:00:00+00:00,13782
2019-08-29T09:00:00+00:00,13724
2019-08-29T10:00:00+00:00,8505
2019-08-29T12:00:00+00:00,13563
2019-08-29T11:00:00+00:00,9383
2019-08-29T13:00:00+00:00,22900
2019-08-29T14:00:00+00:00,17193
2019-08-29T15:00:00+00:00,12458
2019-08-29T16:00:00+00:00,16723
2019-08-29T18:00:00+00:00,13227
2019-08-29T20:00:00+00:00,2523
2019-08-29T19:00:00+00:00,8385
2019-08-29T21:00:00+00:00,0
2019-08-29T23:00:00+00:00,2285
2019-08-29T17:00:00+00:00,14270
2019-08-30T00:00:00+00:00,7370
2019-08-30T01:00:00+00:00,10235
2019-08-30T02:00:00+00:00,6067
2019-08-30T03:00:00+00:00,3924
2019-08-30T04:00:00+00:00,1621
2019-08-30T05:00:00+00:00,5857
2019-08-30T07:00:00+00:00,13785
2019-08-30T06:00:00+00:00,15347
2019-08-30T09:00:00+00:00,7323
2019-08-30T08:00:00+00:00,10132
2019-08-30T10:00:00+00:00,5008
2019-08-30T11:00:00+00:00,6943
2019-08-30T13:00:00+00:00,17366
2019-08-30T12:00:00+00:00,12942
2019-08-30T15:00:00+00:00,16942
2019-08-30T14:00:00+00:00,17410
2019-08-30T16:00:00+00:00,10531
2019-08-30T17:00:00+00:00,14082
2019-08-30T18:00:00+00:00,8918
2019-08-30T19:00:00+00:00,7808
2019-08-30T20:00:00+00:00,1579
2019-08-30T21:00:00+00:00,0
2019-08-30T22:00:00+00:00,0
2019-08-30T23:00:00+00:00,0
2019-09-01T00:00:00+00:00,0
2019-09-01T01:00:00+00:00,0
2019-09-01T02:00:00+00:00,0
2019-09-01T03:00:00+00:00,0
2019-09-01T04:00:00+00:00,0
2019-09-01T05:00:00+00:00,0
2019-09-01T06:00:00+00:00,0
2019-09-01T08:00:00+00:00,0
2019-09-01T07:00:00+00:00,0
2019-09-01T09:00:00+00:00,0
2019-09-01T10:00:00+00:00,0
2019-09-01T11:00:00+00:00,0
2019-09-01T12:00:00+00:00,0
2019-09-01T13:00:00+00:00,0
2019-09-01T14:00:00+00:00,0
2019-09-01T15:00:00+00:00,0
2019-09-01T16:00:00+00:00,0
2019-09-01T17:00:00+00:00,0
2019-09-01T18:00:00+00:00,0
2019-09-01T19:00:00+00:00,0
2019-09-01T21:00:00+00:00,0
2019-09-01T20:00:00+00:00,0
2019-09-01T23:00:00+00:00,2587
2019-09-02T00:00:00+00:00,3809
2019-09-02T03:00:00+00:00,2992
2019-09-01T22:00:00+00:00,5780
2019-09-02T01:00:00+00:00,10985
2019-09-02T04:00:00+00:00,1545
2019-09-02T02:00:00+00:00,5135
2019-09-02T05:00:00+00:00,3117
2019-09-02T08:00:00+00:00,4266
2019-09-02T07:00:00+00:00,6868
2019-09-02T06:00:00+00:00,5692
2019-09-02T09:00:00+00:00,5559
2019-09-02T10:00:00+00:00,4696
2019-09-02T11:00:00+00:00,2873
2019-09-02T12:00:00+00:00,2671
2019-09-02T14:00:00+00:00,5527
2019-09-02T13:00:00+00:00,8574
2019-09-02T17:00:00+00:00,5
2019-09-02T15:00:00+00:00,7600
2019-09-02T16:00:00+00:00,6546
2019-09-02T18:00:00+00:00,5
2019-09-02T20:00:00+00:00,0
2019-09-02T19:00:00+00:00,0
2019-09-02T21:00:00+00:00,0
2019-09-02T22:00:00+00:00,2753
2019-09-02T23:00:00+00:00,1879
2019-09-03T00:00:00+00:00,4669
2019-09-03T02:00:00+00:00,4084
2019-09-03T03:00:00+00:00,4148
2019-09-03T04:00:00+00:00,2371
2019-09-03T05:00:00+00:00,4422
2019-09-03T06:00:00+00:00,11197
2019-09-03T09:00:00+00:00,7080
2019-09-03T07:00:00+00:00,14663
2019-09-03T10:00:00+00:00,5723
2019-09-03T08:00:00+00:00,12678
2019-09-03T11:00:00+00:00,6431
2019-09-03T01:00:00+00:00,9978
2019-09-03T12:00:00+00:00,11658
2019-09-03T13:00:00+00:00,20998
2019-09-03T14:00:00+00:00,24464
2019-09-03T15:00:00+00:00,19677
2019-09-03T16:00:00+00:00,11203
2019-09-03T17:00:00+00:00,7241
2019-09-03T18:00:00+00:00,5547
2019-09-03T19:00:00+00:00,6595
2019-09-03T20:00:00+00:00,2526
2019-09-03T21:00:00+00:00,0
2019-09-03T23:00:00+00:00,3901
2019-09-03T22:00:00+00:00,2538
2019-09-04T00:00:00+00:00,7431
2019-09-04T01:00:00+00:00,16148
2019-09-04T02:00:00+00:00,11188
2019-09-04T03:00:00+00:00,5144
2019-09-04T04:00:00+00:00,3088
2019-09-04T05:00:00+00:00,5366
2019-09-04T06:00:00+00:00,15965
2019-09-04T08:00:00+00:00,7911
2019-09-04T09:00:00+00:00,8108
2019-09-04T07:00:00+00:00,11762
2019-09-04T10:00:00+00:00,6360
2019-09-04T11:00:00+00:00,8173
2019-09-04T12:00:00+00:00,12803
2019-09-04T13:00:00+00:00,20536
2019-09-04T14:00:00+00:00,15425
2019-09-04T15:00:00+00:00,11376
2019-09-04T16:00:00+00:00,8093
2019-09-04T17:00:00+00:00,13352
2019-09-04T18:00:00+00:00,9416
2019-09-04T19:00:00+00:00,6380
2019-09-04T20:00:00+00:00,2610
2019-09-04T21:00:00+00:00,0
2019-09-04T22:00:00+00:00,2378
2019-09-04T23:00:00+00:00,2203
2019-09-05T00:00:00+00:00,6276
2019-09-05T01:00:00+00:00,15254
2019-09-05T02:00:00+00:00,10761
2019-09-05T03:00:00+00:00,6316
2019-09-05T04:00:00+00:00,4002
2019-09-05T05:00:00+00:00,6876
2019-09-05T06:00:00+00:00,10853
2019-09-05T07:00:00+00:00,14489
2019-09-05T08:00:00+00:00,9415
2019-09-05T09:00:00+00:00,7327
2019-09-05T10:00:00+00:00,11482
2019-09-05T11:00:00+00:00,8055
2019-09-05T12:00:00+00:00,16725
2019-09-05T13:00:00+00:00,20184
2019-09-05T14:00:00+00:00,31202
2019-09-05T15:00:00+00:00,19536
2019-09-05T16:00:00+00:00,12689
2019-09-05T17:00:00+00:00,11824
2019-09-05T18:00:00+00:00,6991
2019-09-05T19:00:00+00:00,5471
2019-09-05T20:00:00+00:00,2189
2019-09-05T21:00:00+00:00,0
2019-09-05T22:00:00+00:00,1812
2019-09-05T23:00:00+00:00,2063
2019-09-06T00:00:00+00:00,5928
2019-09-06T01:00:00+00:00,11805
2019-09-06T02:00:00+00:00,10366
2019-09-06T03:00:00+00:00,9358
2019-09-06T04:00:00+00:00,5448
2019-09-06T05:00:00+00:00,7847
2019-09-06T07:00:00+00:00,16298
2019-09-06T06:00:00+00:00,16458
2019-09-06T08:00:00+00:00,11559
2019-09-06T09:00:00+00:00,15896
2019-09-06T10:00:00+00:00,9375
2019-09-06T11:00:00+00:00,9923
2019-09-06T12:00:00+00:00,23571
2019-09-06T13:00:00+00:00,27415
2019-09-06T14:00:00+00:00,19024
2019-09-06T15:00:00+00:00,12080
2019-09-06T17:00:00+00:00,25933
2019-09-06T16:00:00+00:00,14750
2019-09-06T18:00:00+00:00,12046
2019-09-06T19:00:00+00:00,9482
2019-09-06T20:00:00+00:00,2246
2019-09-06T21:00:00+00:00,0
2019-09-06T22:00:00+00:00,0
2019-09-06T23:00:00+00:00,0
2019-09-08T01:00:00+00:00,0
2019-09-08T02:00:00+00:00,0
2019-09-08T03:00:00+00:00,0
2019-09-08T04:00:00+00:00,0
2019-09-08T05:00:00+00:00,0
2019-09-08T06:00:00+00:00,0
2019-09-08T08:00:00+00:00,0
2019-09-08T07:00:00+00:00,0
2019-09-08T09:00:00+00:00,0
2019-09-08T10:00:00+00:00,0
2019-09-08T11:00:00+00:00,0
2019-09-08T00:00:00+00:00,ERROR
2019-08-28T01:00:00+00:00,ERROR
2019-09-08T12:00:00+00:00,ERROR
2019-09-08T13:00:00+00:00,ERROR
2019-09-08T14:00:00+00:00,ERROR
2019-09-08T15:00:00+00:00,ERROR
2019-09-08T16:00:00+00:00,ERROR
2019-08-29T22:00:00+00:00,ERROR
2019-09-08T17:00:00+00:00,ERROR
2019-09-08T18:00:00+00:00,ERROR
2019-09-08T19:00:00+00:00,ERROR
2019-09-08T21:00:00+00:00,ERROR
2019-09-08T20:00:00+00:00,ERROR
2019-09-08T22:00:00+00:00,ERROR
2019-09-08T23:00:00+00:00,ERROR
2019-09-09T00:00:00+00:00,ERROR
2019-09-09T02:00:00+00:00,ERROR
2019-09-09T08:00:00+00:00,ERROR
2019-09-09T01:00:00+00:00,ERROR
2019-09-09T03:00:00+00:00,ERROR
2019-09-09T04:00:00+00:00,ERROR
2019-09-09T05:00:00+00:00,ERROR
2019-09-09T07:00:00+00:00,ERROR
2019-09-09T06:00:00+00:00,ERROR
2019-09-09T15:00:00+00:00,ERROR
2019-09-09T14:00:00+00:00,18385
2019-09-09T16:00:00+00:00,11186
2019-09-09T17:00:00+00:00,8352
2019-09-09T18:00:00+00:00,7246
2019-09-09T12:00:00+00:00,11213
2019-09-09T13:00:00+00:00,17120
2019-09-09T19:00:00+00:00,6808
2019-09-09T20:00:00+00:00,2529
2019-09-09T21:00:00+00:00,0
2019-09-09T23:00:00+00:00,3183
2019-09-09T22:00:00+00:00,2542
2019-09-10T00:00:00+00:00,8326
2019-09-10T01:00:00+00:00,18420
2019-09-10T02:00:00+00:00,8899
2019-09-10T03:00:00+00:00,4067
2019-09-10T04:00:00+00:00,2575
2019-09-10T05:00:00+00:00,5475
2019-09-10T06:00:00+00:00,8360
2019-09-10T07:00:00+00:00,9126
2019-09-10T08:00:00+00:00,7752
2019-09-10T09:00:00+00:00,6923
2019-09-10T10:00:00+00:00,5444
2019-09-10T11:00:00+00:00,8415
2019-09-10T12:00:00+00:00,12501
2019-09-10T13:00:00+00:00,19725
2019-09-10T14:00:00+00:00,19908
2019-09-10T15:00:00+00:00,13551
2019-09-10T16:00:00+00:00,11588
2019-09-10T17:00:00+00:00,8195
2019-09-10T18:00:00+00:00,7192
2019-09-10T19:00:00+00:00,9501
2019-09-10T20:00:00+00:00,3029
2019-09-10T21:00:00+00:00,0
2019-09-10T22:00:00+00:00,2148
2019-09-10T23:00:00+00:00,2318
2019-09-11T00:00:00+00:00,4562
2019-09-09T09:00:00+00:00,ERROR
2019-09-11T01:00:00+00:00,10795
2019-09-11T02:00:00+00:00,3987
2019-09-11T03:00:00+00:00,2743
2019-09-11T04:00:00+00:00,4309
2019-09-11T06:00:00+00:00,10866
2019-09-11T08:00:00+00:00,6365
2019-09-11T07:00:00+00:00,11788
2019-09-11T09:00:00+00:00,8397
2019-09-11T10:00:00+00:00,4989
2019-09-11T11:00:00+00:00,5708
2019-09-11T12:00:00+00:00,9459
2019-09-11T13:00:00+00:00,18074
2019-09-11T14:00:00+00:00,14681
2019-09-11T15:00:00+00:00,10627
2019-09-11T16:00:00+00:00,6081
2019-09-11T17:00:00+00:00,6888
2019-09-09T11:00:00+00:00,ERROR
2019-09-11T18:00:00+00:00,3650
2019-09-11T19:00:00+00:00,3502
2019-09-11T22:00:00+00:00,2245
2019-09-11T20:00:00+00:00,1334
2019-09-11T21:00:00+00:00,0
2019-09-12T01:00:00+00:00,8596
2019-09-12T00:00:00+00:00,7534
2019-09-12T02:00:00+00:00,3398
2019-09-12T03:00:00+00:00,5105
2019-09-12T04:00:00+00:00,3346
2019-09-12T05:00:00+00:00,6328
2019-09-12T06:00:00+00:00,9914
2019-09-12T07:00:00+00:00,10014
2019-09-11T05:00:00+00:00,8917
2019-09-12T08:00:00+00:00,8331
2019-09-12T09:00:00+00:00,5110
2019-09-12T10:00:00+00:00,4939
2019-09-12T11:00:00+00:00,10503
2019-09-12T12:00:00+00:00,27801
2019-09-12T13:00:00+00:00,22824
2019-09-12T14:00:00+00:00,23882
2019-09-12T15:00:00+00:00,18985
2019-09-12T16:00:00+00:00,12242
2019-09-12T17:00:00+00:00,11179
2019-09-12T18:00:00+00:00,9021
2019-09-12T19:00:00+00:00,4971
2019-09-12T20:00:00+00:00,1920
2019-09-12T21:00:00+00:00,0
2019-09-12T22:00:00+00:00,2751
2019-09-11T23:00:00+00:00,6089
2019-09-12T23:00:00+00:00,2337
2019-09-13T02:00:00+00:00,2711
2019-09-13T03:00:00+00:00,1543
2019-09-13T01:00:00+00:00,4652
2019-09-13T00:00:00+00:00,5966
2019-09-13T04:00:00+00:00,1891
2019-09-13T05:00:00+00:00,1515
2019-09-13T10:00:00+00:00,5972
2019-09-13T06:00:00+00:00,9943
2019-09-13T09:00:00+00:00,8459
2019-09-13T07:00:00+00:00,11360
2019-09-13T08:00:00+00:00,9343
2019-09-13T12:00:00+00:00,16125
2019-09-13T11:00:00+00:00,6157
2019-09-13T14:00:00+00:00,21021
2019-09-13T15:00:00+00:00,15521
2019-09-13T17:00:00+00:00,11691
2019-09-13T13:00:00+00:00,14790
2019-09-13T16:00:00+00:00,11187
2019-09-13T18:00:00+00:00,7663
2019-09-13T21:00:00+00:00,0
2019-09-13T19:00:00+00:00,8426
2019-09-13T20:00:00+00:00,2330
2019-09-13T22:00:00+00:00,0
2019-09-15T00:00:00+00:00,0
2019-09-13T23:00:00+00:00,0
2019-09-15T01:00:00+00:00,0
2019-09-15T02:00:00+00:00,0
2019-09-15T03:00:00+00:00,0
2019-09-15T04:00:00+00:00,0
2019-09-15T05:00:00+00:00,0
2019-09-15T06:00:00+00:00,0
2019-09-09T10:00:00+00:00,ERROR
2019-09-15T14:00:00+00:00,ERROR
2019-09-15T07:00:00+00:00,0
2019-09-15T08:00:00+00:00,0
2019-09-15T09:00:00+00:00,0
2019-09-15T10:00:00+00:00,0
2019-09-15T11:00:00+00:00,0
2019-09-15T12:00:00+00:00,0
2019-09-15T13:00:00+00:00,0
2019-09-15T15:00:00+00:00,0
2019-09-15T18:00:00+00:00,0
2019-09-15T17:00:00+00:00,0
2019-09-15T19:00:00+00:00,0
2019-09-15T20:00:00+00:00,0
2019-09-15T21:00:00+00:00,0
2019-09-15T22:00:00+00:00,9147
2019-09-15T23:00:00+00:00,6295
2019-09-16T01:00:00+00:00,13812
2019-09-16T00:00:00+00:00,10980
2019-09-16T03:00:00+00:00,5175
2019-09-16T02:00:00+00:00,8166
2019-09-16T04:00:00+00:00,2826
2019-09-16T05:00:00+00:00,6523
2019-09-16T06:00:00+00:00,11710
2019-09-16T08:00:00+00:00,11688
2019-09-16T07:00:00+00:00,10710
2019-09-16T10:00:00+00:00,7976
2019-09-16T09:00:00+00:00,12408
2019-09-16T11:00:00+00:00,8566
2019-09-16T12:00:00+00:00,10863
2019-09-16T13:00:00+00:00,18179
2019-09-16T14:00:00+00:00,15038
2019-09-16T15:00:00+00:00,15989
2019-09-16T16:00:00+00:00,8194
2019-09-16T17:00:00+00:00,5852
2019-09-16T18:00:00+00:00,6380
2019-09-15T16:00:00+00:00,0
2019-09-16T19:00:00+00:00,8780
2019-09-16T20:00:00+00:00,1856
2019-09-16T21:00:00+00:00,0
2019-09-16T22:00:00+00:00,2095
2019-09-16T23:00:00+00:00,1781
2019-09-17T00:00:00+00:00,5759
2019-09-17T01:00:00+00:00,11405
2019-09-17T02:00:00+00:00,5396
2019-09-17T04:00:00+00:00,3019
2019-09-17T03:00:00+00:00,3992
2019-09-17T05:00:00+00:00,5276
2019-09-17T06:00:00+00:00,8771
2019-09-17T07:00:00+00:00,7949
2019-09-17T08:00:00+00:00,4073
2019-09-17T09:00:00+00:00,5230
2019-09-17T10:00:00+00:00,4750
2019-09-17T11:00:00+00:00,6324
2019-09-17T12:00:00+00:00,11774
2019-09-17T13:00:00+00:00,22219
2019-09-17T14:00:00+00:00,14023
2019-09-17T15:00:00+00:00,12921
2019-09-17T16:00:00+00:00,7217
2019-09-17T17:00:00+00:00,6831
2019-09-17T18:00:00+00:00,6524
2019-09-17T19:00:00+00:00,3251
2019-09-17T20:00:00+00:00,1931
2019-09-17T21:00:00+00:00,0
2019-09-17T22:00:00+00:00,1837
2019-09-17T23:00:00+00:00,1755
2019-09-18T00:00:00+00:00,2922
2019-09-18T01:00:00+00:00,6625
2019-09-18T02:00:00+00:00,2965
2019-09-18T03:00:00+00:00,2373
2019-09-18T04:00:00+00:00,1582
2019-09-18T05:00:00+00:00,2401
2019-09-18T06:00:00+00:00,4386
2019-09-18T07:00:00+00:00,3442
2019-09-18T08:00:00+00:00,3081
2019-09-18T09:00:00+00:00,3628
2019-09-18T10:00:00+00:00,4093
2019-09-18T11:00:00+00:00,3092
2019-09-18T12:00:00+00:00,8219
2019-09-18T13:00:00+00:00,9626
2019-09-18T14:00:00+00:00,9397
2019-09-18T15:00:00+00:00,9433
2019-09-18T16:00:00+00:00,8326
2019-09-18T17:00:00+00:00,11163
2019-09-18T18:00:00+00:00,32802
2019-09-18T19:00:00+00:00,19160
2019-09-18T20:00:00+00:00,2930
2019-09-18T21:00:00+00:00,0
2019-09-18T22:00:00+00:00,1880
2019-09-18T23:00:00+00:00,3065
2019-09-19T01:00:00+00:00,11656
2019-09-19T00:00:00+00:00,5779
2019-09-19T02:00:00+00:00,7142
2019-09-19T03:00:00+00:00,7442
2019-09-19T04:00:00+00:00,3816
2019-09-19T05:00:00+00:00,6670
2019-09-19T09:00:00+00:00,5500
2019-09-19T06:00:00+00:00,7069
2019-09-19T07:00:00+00:00,11589
2019-09-19T10:00:00+00:00,5063
2019-09-19T08:00:00+00:00,6912
2019-09-19T11:00:00+00:00,8353
2019-09-19T12:00:00+00:00,14050
2019-09-19T13:00:00+00:00,13725
2019-09-19T15:00:00+00:00,10531
2019-09-19T16:00:00+00:00,5565
2019-09-19T14:00:00+00:00,11959
2019-09-19T17:00:00+00:00,11285
2019-09-19T18:00:00+00:00,7701
2019-09-19T19:00:00+00:00,6900
2019-09-19T20:00:00+00:00,1504
2019-09-19T21:00:00+00:00,0
2019-09-19T22:00:00+00:00,1270
2019-09-19T23:00:00+00:00,1453
2019-09-20T01:00:00+00:00,5555
2019-09-20T00:00:00+00:00,2914
2019-09-20T02:00:00+00:00,4134
2019-09-20T03:00:00+00:00,2917
2019-09-20T04:00:00+00:00,2497
2019-09-20T05:00:00+00:00,4437
2019-09-20T06:00:00+00:00,6199
2019-09-20T07:00:00+00:00,7196
2019-09-20T08:00:00+00:00,4792
2019-09-20T09:00:00+00:00,3971
2019-09-20T10:00:00+00:00,4469
2019-09-20T11:00:00+00:00,ERROR
2019-09-20T12:00:00+00:00,ERROR
2019-09-20T13:00:00+00:00,ERROR
2019-09-20T14:00:00+00:00,ERROR
2019-09-20T15:00:00+00:00,ERROR
2019-09-20T16:00:00+00:00,ERROR
2019-09-20T17:00:00+00:00,ERROR
2019-09-20T18:00:00+00:00,ERROR
2019-09-20T20:00:00+00:00,2206
2019-09-20T19:00:00+00:00,8599
2019-09-20T21:00:00+00:00,0
2019-09-22T04:00:00+00:00,0
2019-09-22T03:00:00+00:00,0
2019-09-22T07:00:00+00:00,0
2019-09-20T22:00:00+00:00,0
2019-09-22T05:00:00+00:00,0
2019-09-22T06:00:00+00:00,0
2019-09-22T00:00:00+00:00,0
2019-09-20T23:00:00+00:00,0
2019-09-22T08:00:00+00:00,0
2019-09-22T01:00:00+00:00,0
2019-09-22T10:00:00+00:00,0
2019-09-22T02:00:00+00:00,0
2019-09-22T09:00:00+00:00,0
2019-09-22T11:00:00+00:00,0
2019-09-22T12:00:00+00:00,0
2019-09-22T15:00:00+00:00,0
2019-09-22T13:00:00+00:00,0
2019-09-22T14:00:00+00:00,0
2019-09-22T16:00:00+00:00,0
2019-09-22T17:00:00+00:00,0
2019-09-22T18:00:00+00:00,0
2019-09-22T19:00:00+00:00,0
2019-09-22T20:00:00+00:00,0
2019-09-22T21:00:00+00:00,0
2019-09-22T23:00:00+00:00,2571
2019-09-22T22:00:00+00:00,3771
2019-09-23T00:00:00+00:00,2518
2019-09-23T03:00:00+00:00,2776
2019-09-23T01:00:00+00:00,10925
2019-09-23T04:00:00+00:00,1749
2019-09-23T02:00:00+00:00,8829
2019-09-23T05:00:00+00:00,4361
2019-09-23T06:00:00+00:00,8250
2019-09-23T07:00:00+00:00,13605
2019-09-23T08:00:00+00:00,13412
2019-09-23T09:00:00+00:00,7735
2019-09-23T10:00:00+00:00,5082
2019-09-23T11:00:00+00:00,6001
2019-09-23T12:00:00+00:00,9834
2019-09-23T13:00:00+00:00,17786
2019-09-23T14:00:00+00:00,13680
2019-09-23T15:00:00+00:00,10835
2019-09-23T16:00:00+00:00,6920
2019-09-23T17:00:00+00:00,7229
2019-09-23T18:00:00+00:00,6640
2019-09-23T19:00:00+00:00,4803
2019-09-23T20:00:00+00:00,1850
2019-09-23T21:00:00+00:00,0
2019-09-23T22:00:00+00:00,1427
2019-09-23T23:00:00+00:00,3577
2019-09-24T00:00:00+00:00,4864
2019-09-24T01:00:00+00:00,7012
2019-09-24T02:00:00+00:00,2961
2019-09-24T03:00:00+00:00,2041
2019-09-24T04:00:00+00:00,2714
2019-09-24T05:00:00+00:00,4503
2019-09-24T06:00:00+00:00,6600
2019-09-24T07:00:00+00:00,7605
2019-09-24T08:00:00+00:00,7118
2019-09-24T09:00:00+00:00,5717
2019-09-24T10:00:00+00:00,3645
2019-09-24T11:00:00+00:00,3841
2019-09-24T12:00:00+00:00,6588
2019-09-24T13:00:00+00:00,15920
2019-09-24T14:00:00+00:00,21131
2019-09-24T15:00:00+00:00,13622
2019-09-24T16:00:00+00:00,18724
2019-09-24T17:00:00+00:00,14309
2019-09-24T18:00:00+00:00,22479
2019-09-24T19:00:00+00:00,11690
2019-09-24T20:00:00+00:00,2219
2019-09-24T21:00:00+00:00,0
2019-09-24T22:00:00+00:00,2313
2019-09-24T23:00:00+00:00,1991
2019-09-25T01:00:00+00:00,10532
2019-09-25T00:00:00+00:00,7971
2019-09-25T02:00:00+00:00,8265
2019-09-25T03:00:00+00:00,4049
2019-09-25T04:00:00+00:00,2454
2019-09-25T05:00:00+00:00,5438
2019-09-25T06:00:00+00:00,8916
2019-09-25T07:00:00+00:00,10266
2019-09-25T09:00:00+00:00,6749
2019-09-25T08:00:00+00:00,6312
2019-09-25T10:00:00+00:00,5200
2019-09-25T11:00:00+00:00,5914
2019-09-25T12:00:00+00:00,11137
2019-09-25T13:00:00+00:00,15506
2019-09-25T14:00:00+00:00,25818
2019-09-25T15:00:00+00:00,19889
2019-09-25T16:00:00+00:00,21828
2019-09-25T17:00:00+00:00,10826
2019-09-25T18:00:00+00:00,12933
2019-09-25T19:00:00+00:00,8759
2019-09-25T20:00:00+00:00,2218
2019-09-25T21:00:00+00:00,0
2019-09-25T22:00:00+00:00,2372
2019-09-25T23:00:00+00:00,3165
2019-09-26T00:00:00+00:00,5742
2019-09-26T01:00:00+00:00,6567
2019-09-26T02:00:00+00:00,4293
2019-09-26T03:00:00+00:00,2794
2019-09-26T04:00:00+00:00,1984
2019-09-26T05:00:00+00:00,4586
2019-09-26T06:00:00+00:00,6715
2019-09-26T07:00:00+00:00,9115
2019-09-26T08:00:00+00:00,8242
2019-09-26T09:00:00+00:00,5226
2019-09-26T10:00:00+00:00,5649
2019-09-26T11:00:00+00:00,6614
2019-09-26T12:00:00+00:00,17153
2019-09-26T13:00:00+00:00,18685
2019-09-26T14:00:00+00:00,18815
2019-09-26T15:00:00+00:00,15709
2019-09-26T16:00:00+00:00,10956
2019-09-26T17:00:00+00:00,12642
2019-09-26T18:00:00+00:00,8994
2019-09-26T19:00:00+00:00,11179
2019-09-26T20:00:00+00:00,1693
2019-09-26T21:00:00+00:00,0
2019-09-26T22:00:00+00:00,1616
2019-09-26T23:00:00+00:00,1449
2019-09-27T00:00:00+00:00,4543
2019-09-27T01:00:00+00:00,8335
2019-09-27T02:00:00+00:00,4154
2019-09-27T03:00:00+00:00,2876
2019-09-27T04:00:00+00:00,1795
2019-09-27T05:00:00+00:00,4447
2019-09-27T06:00:00+00:00,15939
2019-09-27T07:00:00+00:00,10157
2019-09-27T08:00:00+00:00,6001
2019-09-27T09:00:00+00:00,6705
2019-09-27T10:00:00+00:00,9192
2019-09-27T11:00:00+00:00,6856
2019-09-27T12:00:00+00:00,14387
2019-09-27T13:00:00+00:00,23016
2019-09-27T14:00:00+00:00,18208
2019-09-27T15:00:00+00:00,19564
2019-09-27T16:00:00+00:00,19303
2019-09-27T17:00:00+00:00,17401
2019-09-27T18:00:00+00:00,12759
2019-09-27T19:00:00+00:00,10651
2019-09-27T20:00:00+00:00,1989
2019-09-27T21:00:00+00:00,0
2019-09-27T22:00:00+00:00,0
2019-09-27T23:00:00+00:00,0
2019-09-29T00:00:00+00:00,0
2019-09-29T01:00:00+00:00,0
2019-09-29T02:00:00+00:00,0
2019-09-29T03:00:00+00:00,0
2019-09-29T04:00:00+00:00,0
2019-09-29T05:00:00+00:00,0
2019-09-29T06:00:00+00:00,0
2019-09-29T07:00:00+00:00,0
2019-09-29T08:00:00+00:00,0
2019-09-29T09:00:00+00:00,0
2019-09-29T10:00:00+00:00,0
2019-09-29T11:00:00+00:00,0
2019-09-29T12:00:00+00:00,0
2019-09-29T14:00:00+00:00,0
2019-09-29T13:00:00+00:00,0
2019-09-29T15:00:00+00:00,0
2019-09-29T17:00:00+00:00,0
2019-09-29T16:00:00+00:00,0
2019-09-29T18:00:00+00:00,0
2019-09-29T19:00:00+00:00,0
2019-09-29T20:00:00+00:00,0
2019-09-29T21:00:00+00:00,0
2019-09-29T22:00:00+00:00,3636
2019-09-29T23:00:00+00:00,2432
2019-09-30T01:00:00+00:00,11246
2019-09-30T00:00:00+00:00,4941
2019-09-30T02:00:00+00:00,6152
2019-09-30T03:00:00+00:00,3629
2019-09-30T04:00:00+00:00,3242
2019-09-30T05:00:00+00:00,5221
2019-09-30T06:00:00+00:00,12352
2019-09-30T07:00:00+00:00,10471
2019-09-30T08:00:00+00:00,11421
2019-09-30T09:00:00+00:00,9211
2019-09-30T10:00:00+00:00,5186
2019-09-30T11:00:00+00:00,10638
2019-09-30T12:00:00+00:00,15311
2019-09-30T13:00:00+00:00,16759
2019-09-30T14:00:00+00:00,15148
2019-09-30T15:00:00+00:00,20150
2019-09-30T16:00:00+00:00,11322
2019-09-30T17:00:00+00:00,11603
2019-09-30T18:00:00+00:00,8151
2019-09-30T19:00:00+00:00,6634
2019-09-30T20:00:00+00:00,1650
2019-09-30T21:00:00+00:00,0
2019-09-30T22:00:00+00:00,1513
2019-09-30T23:00:00+00:00,1202
2019-10-01T00:00:00+00:00,4646
2019-10-01T01:00:00+00:00,5843
2019-10-01T02:00:00+00:00,5156
2019-10-01T03:00:00+00:00,6223
2019-10-01T04:00:00+00:00,6558
2019-10-01T06:00:00+00:00,8588
2019-10-01T05:00:00+00:00,6057
2019-10-01T07:00:00+00:00,11932
2019-10-01T08:00:00+00:00,11576
2019-10-01T09:00:00+00:00,10921
2019-10-01T10:00:00+00:00,8496
2019-10-01T11:00:00+00:00,7955
2019-10-01T12:00:00+00:00,11962
2019-10-01T13:00:00+00:00,16723
2019-10-01T14:00:00+00:00,30898
2019-10-01T15:00:00+00:00,19834
2019-10-01T16:00:00+00:00,15625
2019-10-01T17:00:00+00:00,11803
2019-10-01T18:00:00+00:00,10712
2019-10-01T19:00:00+00:00,9504
2019-10-01T21:00:00+00:00,0
2019-10-01T20:00:00+00:00,2060
2019-10-01T22:00:00+00:00,2113
2019-10-01T23:00:00+00:00,2608
2019-10-02T00:00:00+00:00,4615
2019-10-02T01:00:00+00:00,4379
2019-10-02T02:00:00+00:00,3016
2019-10-02T03:00:00+00:00,2470
2019-10-02T05:00:00+00:00,2637
2019-10-02T04:00:00+00:00,2366
2019-10-02T06:00:00+00:00,6303
2019-10-02T07:00:00+00:00,11817
2019-10-02T08:00:00+00:00,9464
2019-10-02T09:00:00+00:00,9216
2019-10-02T10:00:00+00:00,8321
2019-10-02T11:00:00+00:00,8913
2019-10-02T12:00:00+00:00,16017
2019-10-02T13:00:00+00:00,23273
2019-10-02T14:00:00+00:00,24078
2019-10-02T15:00:00+00:00,19755
2019-10-02T16:00:00+00:00,12656
2019-10-02T17:00:00+00:00,14892
2019-10-02T18:00:00+00:00,13160
2019-10-02T19:00:00+00:00,11688
2019-10-02T20:00:00+00:00,2630
2019-10-02T21:00:00+00:00,0
2019-10-02T22:00:00+00:00,1702
2019-10-02T23:00:00+00:00,1864
2019-10-03T01:00:00+00:00,4953
2019-10-03T00:00:00+00:00,7149
2019-10-03T02:00:00+00:00,4111
2019-10-03T03:00:00+00:00,3411
2019-10-03T04:00:00+00:00,2338
2019-10-03T05:00:00+00:00,2054
2019-10-03T06:00:00+00:00,12854
2019-10-03T07:00:00+00:00,12743
2019-10-03T08:00:00+00:00,11998
2019-10-03T09:00:00+00:00,10526
2019-10-03T10:00:00+00:00,8098
2019-10-03T11:00:00+00:00,8331
2019-10-03T12:00:00+00:00,15020
2019-10-03T13:00:00+00:00,19004
2019-10-03T14:00:00+00:00,33615
2019-10-03T15:00:00+00:00,23600
2019-10-03T16:00:00+00:00,12777
2019-10-03T17:00:00+00:00,14375
2019-10-03T19:00:00+00:00,6410
2019-10-03T18:00:00+00:00,10554
2019-10-03T20:00:00+00:00,1794
2019-10-03T21:00:00+00:00,0
2019-10-03T22:00:00+00:00,1521
2019-10-03T23:00:00+00:00,2684
2019-10-04T00:00:00+00:00,4879
2019-10-04T01:00:00+00:00,5228
2019-10-04T02:00:00+00:00,3252
2019-10-04T03:00:00+00:00,2618
2019-10-04T04:00:00+00:00,2271
2019-10-04T05:00:00+00:00,4025
2019-10-04T06:00:00+00:00,12463
2019-10-04T07:00:00+00:00,15752
2019-10-04T08:00:00+00:00,9958
2019-10-04T09:00:00+00:00,7835
2019-10-04T10:00:00+00:00,6238
2019-10-04T11:00:00+00:00,7366
2019-10-04T12:00:00+00:00,26697
2019-10-04T13:00:00+00:00,31736
2019-10-04T14:00:00+00:00,29343
2019-10-04T15:00:00+00:00,18874
2019-10-04T16:00:00+00:00,13393
2019-10-04T17:00:00+00:00,9456
2019-10-04T18:00:00+00:00,14013
2019-10-04T19:00:00+00:00,9498
2019-10-04T20:00:00+00:00,2142
2019-10-04T21:00:00+00:00,0
2019-10-04T22:00:00+00:00,0
2019-10-04T23:00:00+00:00,0
2019-10-06T00:00:00+00:00,0
2019-10-06T01:00:00+00:00,0
2019-10-06T02:00:00+00:00,0
2019-10-06T03:00:00+00:00,0
2019-10-06T04:00:00+00:00,0
2019-10-06T05:00:00+00:00,0
2019-10-06T06:00:00+00:00,0
2019-10-06T07:00:00+00:00,0
2019-10-06T08:00:00+00:00,0
2019-10-06T09:00:00+00:00,0
2019-10-06T10:00:00+00:00,0
2019-10-06T11:00:00+00:00,0
2019-10-06T12:00:00+00:00,0
2019-10-06T13:00:00+00:00,0
2019-10-06T14:00:00+00:00,0
2019-10-06T15:00:00+00:00,0
2019-10-06T16:00:00+00:00,0
2019-10-06T18:00:00+00:00,0
2019-10-06T17:00:00+00:00,0
2019-10-06T19:00:00+00:00,0
2019-10-06T20:00:00+00:00,0
2019-10-06T21:00:00+00:00,0
2019-10-06T22:00:00+00:00,3592
2019-10-06T23:00:00+00:00,2506
2019-10-07T00:00:00+00:00,3513
2019-10-07T02:00:00+00:00,5946
2019-10-07T01:00:00+00:00,4670
2019-10-07T03:00:00+00:00,4507
2019-10-07T04:00:00+00:00,5092
2019-10-07T05:00:00+00:00,5298
2019-10-07T06:00:00+00:00,5674
2019-10-07T07:00:00+00:00,15962
2019-10-07T08:00:00+00:00,12331
2019-10-07T09:00:00+00:00,6280
2019-10-07T11:00:00+00:00,9154
2019-10-07T12:00:00+00:00,10710
2019-10-07T13:00:00+00:00,14694
2019-10-07T10:00:00+00:00,7142
2019-10-07T14:00:00+00:00,13489
2019-10-07T15:00:00+00:00,13855
2019-10-07T16:00:00+00:00,8155
2019-10-07T17:00:00+00:00,19296
2019-10-07T18:00:00+00:00,13125
2019-10-07T19:00:00+00:00,11273
2019-10-07T20:00:00+00:00,1618
2019-10-07T21:00:00+00:00,0
2019-10-07T22:00:00+00:00,1362
2019-10-07T23:00:00+00:00,1897
2019-10-08T00:00:00+00:00,6922
2019-10-08T01:00:00+00:00,15548
2019-10-08T02:00:00+00:00,6866
2019-10-08T03:00:00+00:00,4446
2019-10-08T04:00:00+00:00,3497
2019-10-08T05:00:00+00:00,6007
2019-10-08T06:00:00+00:00,11476
2019-10-08T07:00:00+00:00,15759
2019-10-08T09:00:00+00:00,12625
2019-10-08T08:00:00+00:00,16657
2019-10-08T10:00:00+00:00,13895
2019-10-08T11:00:00+00:00,19073
2019-10-08T12:00:00+00:00,18828
2019-10-08T13:00:00+00:00,24464
2019-10-08T14:00:00+00:00,22191
2019-10-08T15:00:00+00:00,21002
2019-10-08T16:00:00+00:00,13817
2019-10-08T17:00:00+00:00,13255
2019-10-08T18:00:00+00:00,19201
2019-10-08T19:00:00+00:00,17162
2019-10-08T21:00:00+00:00,0
2019-10-08T20:00:00+00:00,1949
2019-10-08T22:00:00+00:00,1543
2019-10-08T23:00:00+00:00,2058
2019-10-09T00:00:00+00:00,3979
2019-10-09T01:00:00+00:00,6884
2019-10-09T02:00:00+00:00,2750
2019-10-09T03:00:00+00:00,3295
2019-10-09T04:00:00+00:00,1837
2019-10-09T05:00:00+00:00,4495
2019-10-09T06:00:00+00:00,8988
2019-10-09T07:00:00+00:00,16694
2019-10-09T08:00:00+00:00,11529
2019-10-09T09:00:00+00:00,18258
2019-10-09T10:00:00+00:00,11746
2019-10-09T11:00:00+00:00,8350
2019-10-09T12:00:00+00:00,12905
2019-10-09T13:00:00+00:00,17170
2019-10-09T14:00:00+00:00,12838
2019-10-09T15:00:00+00:00,15863
2019-10-09T16:00:00+00:00,10541
2019-10-09T17:00:00+00:00,15377
2019-10-09T18:00:00+00:00,15619
2019-10-09T19:00:00+00:00,9861
2019-10-09T20:00:00+00:00,2443
2019-10-09T21:00:00+00:00,0
2019-10-09T22:00:00+00:00,8350
2019-10-09T23:00:00+00:00,5816
2019-10-10T00:00:00+00:00,15882
2019-10-10T01:00:00+00:00,15268
2019-10-10T02:00:00+00:00,5500
2019-10-10T03:00:00+00:00,2509
2019-10-10T04:00:00+00:00,1786
2019-10-10T05:00:00+00:00,4972
2019-10-10T06:00:00+00:00,14590
2019-10-10T07:00:00+00:00,17550
2019-10-10T08:00:00+00:00,13256
2019-10-10T09:00:00+00:00,10632
2019-10-10T10:00:00+00:00,9123
2019-10-10T11:00:00+00:00,11447
2019-10-10T12:00:00+00:00,18786
2019-10-10T13:00:00+00:00,24448
2019-10-10T14:00:00+00:00,23725
2019-10-10T15:00:00+00:00,17750
2019-10-10T16:00:00+00:00,13874
2019-10-10T17:00:00+00:00,15997
2019-10-10T18:00:00+00:00,18862
2019-10-10T19:00:00+00:00,10732
2019-10-10T20:00:00+00:00,2723
2019-10-10T21:00:00+00:00,0
2019-10-10T22:00:00+00:00,3137
2019-10-10T23:00:00+00:00,2496
2019-10-11T00:00:00+00:00,6550
2019-10-11T01:00:00+00:00,9209
2019-10-11T02:00:00+00:00,3220
2019-10-11T03:00:00+00:00,2340
2019-10-11T04:00:00+00:00,1791
2019-10-11T05:00:00+00:00,3761
2019-10-11T06:00:00+00:00,12122
2019-10-11T07:00:00+00:00,12998
2019-10-11T08:00:00+00:00,12656
2019-10-11T09:00:00+00:00,11816
2019-10-11T10:00:00+00:00,12955
2019-10-11T11:00:00+00:00,21949
2019-10-11T12:00:00+00:00,18374
2019-10-11T13:00:00+00:00,20897
2019-10-11T14:00:00+00:00,24977
2019-10-11T15:00:00+00:00,21416
2019-10-11T16:00:00+00:00,19123
2019-10-11T17:00:00+00:00,18339
2019-10-11T18:00:00+00:00,9757
2019-10-11T19:00:00+00:00,15005
2019-10-11T20:00:00+00:00,3518
2019-10-11T21:00:00+00:00,0
2019-10-11T22:00:00+00:00,0
2019-10-11T23:00:00+00:00,0
2019-10-13T00:00:00+00:00,0
2019-10-13T01:00:00+00:00,0
2019-10-13T02:00:00+00:00,0
2019-10-13T03:00:00+00:00,0
2019-10-13T04:00:00+00:00,0
2019-10-13T05:00:00+00:00,0
2019-10-13T06:00:00+00:00,0
2019-10-13T07:00:00+00:00,0
2019-10-13T08:00:00+00:00,0
2019-10-13T09:00:00+00:00,0
2019-10-13T10:00:00+00:00,0
2019-10-13T11:00:00+00:00,0
2019-10-13T12:00:00+00:00,0
2019-10-13T13:00:00+00:00,0
2019-10-13T15:00:00+00:00,0
2019-10-13T14:00:00+00:00,0
2019-10-13T16:00:00+00:00,0
2019-10-13T17:00:00+00:00,0
2019-10-13T18:00:00+00:00,0
2019-10-13T19:00:00+00:00,0
2019-10-13T20:00:00+00:00,0
2019-10-13T21:00:00+00:00,0
2019-10-13T22:00:00+00:00,4296
2019-10-13T23:00:00+00:00,2417
2019-10-14T00:00:00+00:00,7454
2019-10-14T01:00:00+00:00,10389
2019-10-14T02:00:00+00:00,5191
2019-10-14T03:00:00+00:00,3455
2019-10-14T04:00:00+00:00,1441
2019-10-14T05:00:00+00:00,3523
2019-10-14T06:00:00+00:00,9334
2019-10-14T07:00:00+00:00,11800
2019-10-14T08:00:00+00:00,5541
2019-10-14T09:00:00+00:00,14897
2019-10-14T10:00:00+00:00,8890
2019-10-14T11:00:00+00:00,7417
2019-10-14T12:00:00+00:00,11241
2019-10-14T13:00:00+00:00,18101
2019-10-14T14:00:00+00:00,14233
2019-10-14T15:00:00+00:00,10943
2019-10-14T16:00:00+00:00,7995
2019-10-14T17:00:00+00:00,4755
2019-10-14T18:00:00+00:00,4399
2019-10-14T19:00:00+00:00,5300
2019-10-14T20:00:00+00:00,1024
2019-10-14T21:00:00+00:00,0
2019-10-15T01:00:00+00:00,9306
2019-10-14T22:00:00+00:00,1000
2019-10-15T02:00:00+00:00,4157
2019-10-14T23:00:00+00:00,1850
2019-10-15T00:00:00+00:00,4174
2019-10-15T03:00:00+00:00,3507
2019-10-15T04:00:00+00:00,1736
2019-10-15T05:00:00+00:00,4272
2019-10-15T06:00:00+00:00,11619
2019-10-15T08:00:00+00:00,11480
2019-10-15T07:00:00+00:00,12302
2019-10-15T09:00:00+00:00,11052
2019-10-15T11:00:00+00:00,11042
2019-10-15T12:00:00+00:00,11660
2019-10-15T10:00:00+00:00,10479
2019-10-15T13:00:00+00:00,16404
2019-10-15T14:00:00+00:00,24674
2019-10-15T15:00:00+00:00,19920
2019-10-15T16:00:00+00:00,12299
2019-10-15T17:00:00+00:00,8249
2019-10-15T18:00:00+00:00,6718
2019-10-15T19:00:00+00:00,6713
2019-10-15T20:00:00+00:00,1330
2019-10-15T21:00:00+00:00,0
2019-10-15T22:00:00+00:00,1302
2019-10-16T00:00:00+00:00,6205
2019-10-15T23:00:00+00:00,1489
2019-10-16T01:00:00+00:00,7831
2019-10-16T02:00:00+00:00,2859
2019-10-16T03:00:00+00:00,2780
2019-10-16T04:00:00+00:00,2046
2019-10-16T05:00:00+00:00,3022
2019-10-16T06:00:00+00:00,12301
2019-10-16T07:00:00+00:00,16812
2019-10-16T08:00:00+00:00,9172
2019-10-16T09:00:00+00:00,11022
2019-10-16T10:00:00+00:00,12231
2019-10-16T11:00:00+00:00,10501
2019-10-16T13:00:00+00:00,22948
2019-10-16T12:00:00+00:00,23723
2019-10-16T14:00:00+00:00,22403
2019-10-16T15:00:00+00:00,16635
2019-10-16T16:00:00+00:00,11241
2019-10-16T17:00:00+00:00,11153
2019-10-16T18:00:00+00:00,10911
2019-10-16T19:00:00+00:00,7580
2019-10-16T20:00:00+00:00,1032
2019-10-16T21:00:00+00:00,0
2019-10-16T22:00:00+00:00,1727
2019-10-16T23:00:00+00:00,1343
2019-10-17T00:00:00+00:00,5164
2019-10-17T01:00:00+00:00,8660
2019-10-17T02:00:00+00:00,4560
2019-10-17T03:00:00+00:00,1941
2019-10-17T04:00:00+00:00,1480
2019-10-17T05:00:00+00:00,5693
2019-10-17T06:00:00+00:00,8231
2019-10-17T07:00:00+00:00,9975
2019-10-17T08:00:00+00:00,10809
2019-10-17T09:00:00+00:00,17606
2019-10-17T10:00:00+00:00,12157
2019-10-17T11:00:00+00:00,11392
2019-10-17T12:00:00+00:00,15123
2019-10-17T13:00:00+00:00,25143
2019-10-17T14:00:00+00:00,20532
2019-10-17T15:00:00+00:00,16837
2019-10-17T16:00:00+00:00,11537
2019-10-17T17:00:00+00:00,9364
2019-10-17T18:00:00+00:00,11605
2019-10-17T19:00:00+00:00,6820
2019-10-17T20:00:00+00:00,1325
2019-10-17T21:00:00+00:00,0
2019-10-17T22:00:00+00:00,1479
2019-10-17T23:00:00+00:00,1586
2019-10-18T00:00:00+00:00,3184
2019-10-18T02:00:00+00:00,4599
2019-10-18T01:00:00+00:00,6091
2019-10-18T03:00:00+00:00,3924
2019-10-18T04:00:00+00:00,2819
2019-10-18T05:00:00+00:00,4124
2019-10-18T06:00:00+00:00,8060
2019-10-18T07:00:00+00:00,10460
2019-10-18T08:00:00+00:00,8162
2019-10-18T09:00:00+00:00,7364
2019-10-18T10:00:00+00:00,6387
2019-10-18T11:00:00+00:00,12019
2019-10-18T12:00:00+00:00,12456
2019-10-18T13:00:00+00:00,18586
2019-10-18T14:00:00+00:00,15815
2019-10-18T15:00:00+00:00,14731
2019-10-18T16:00:00+00:00,11299
2019-10-18T17:00:00+00:00,7535
2019-10-18T18:00:00+00:00,5558
2019-10-18T19:00:00+00:00,7785
2019-10-18T20:00:00+00:00,1096
2019-10-18T21:00:00+00:00,0
2019-10-18T22:00:00+00:00,0
2019-10-18T23:00:00+00:00,0
2019-10-20T00:00:00+00:00,0
2019-10-20T01:00:00+00:00,0
2019-10-20T02:00:00+00:00,0
2019-10-20T05:00:00+00:00,0
2019-10-20T03:00:00+00:00,0
2019-10-20T04:00:00+00:00,0
2019-10-20T06:00:00+00:00,0
2019-10-20T07:00:00+00:00,0
2019-10-20T08:00:00+00:00,0
2019-10-20T09:00:00+00:00,0
2019-10-20T11:00:00+00:00,0
2019-10-20T10:00:00+00:00,0
2019-10-20T12:00:00+00:00,0
2019-10-20T13:00:00+00:00,0
2019-10-20T14:00:00+00:00,0
2019-10-20T15:00:00+00:00,0
2019-10-20T16:00:00+00:00,0
2019-10-20T17:00:00+00:00,0
2019-10-20T18:00:00+00:00,0
2019-10-20T19:00:00+00:00,0
2019-10-20T20:00:00+00:00,0
2019-10-20T21:00:00+00:00,0
2019-10-20T22:00:00+00:00,2490
2019-10-20T23:00:00+00:00,1291
2019-10-21T00:00:00+00:00,2982
2019-10-21T01:00:00+00:00,6562
2019-10-21T02:00:00+00:00,3259
2019-10-21T03:00:00+00:00,1937
2019-10-21T04:00:00+00:00,1293
2019-10-21T05:00:00+00:00,4219
2019-10-21T06:00:00+00:00,11322
2019-10-21T07:00:00+00:00,11073
2019-10-21T08:00:00+00:00,8051
2019-10-21T09:00:00+00:00,5742
2019-10-21T10:00:00+00:00,4671
2019-10-21T11:00:00+00:00,5564
2019-10-21T12:00:00+00:00,8921
2019-10-21T13:00:00+00:00,15646
2019-10-21T14:00:00+00:00,13557
2019-10-21T15:00:00+00:00,13687
2019-10-21T16:00:00+00:00,7782
2019-10-21T17:00:00+00:00,6948
2019-10-21T19:00:00+00:00,5230
2019-10-21T18:00:00+00:00,6459
2019-10-21T20:00:00+00:00,1606
2019-10-21T21:00:00+00:00,0
2019-10-21T22:00:00+00:00,1060
2019-10-21T23:00:00+00:00,1006
2019-10-22T00:00:00+00:00,4883
2019-10-22T01:00:00+00:00,9830
2019-10-22T02:00:00+00:00,4071
2019-10-22T03:00:00+00:00,1788
2019-10-22T04:00:00+00:00,2150
2019-10-22T05:00:00+00:00,3360
2019-10-22T06:00:00+00:00,6881
2019-10-22T07:00:00+00:00,9459
2019-10-22T09:00:00+00:00,6888
2019-10-22T08:00:00+00:00,9734
2019-10-22T10:00:00+00:00,4071
2019-10-22T11:00:00+00:00,6431
2019-10-22T12:00:00+00:00,10416
2019-10-22T13:00:00+00:00,14030
2019-10-22T14:00:00+00:00,11892
2019-10-22T15:00:00+00:00,9061
2019-10-22T17:00:00+00:00,6026
2019-10-22T16:00:00+00:00,4726
2019-10-22T18:00:00+00:00,14641
2019-10-22T19:00:00+00:00,9509
2019-10-22T20:00:00+00:00,1550
2019-10-22T21:00:00+00:00,0
2019-10-22T22:00:00+00:00,1396
2019-10-22T23:00:00+00:00,1361
2019-10-23T00:00:00+00:00,4672
2019-10-23T01:00:00+00:00,10379
2019-10-23T02:00:00+00:00,4136
2019-10-23T03:00:00+00:00,2207
2019-10-23T04:00:00+00:00,2724
2019-10-23T05:00:00+00:00,3975
2019-10-23T06:00:00+00:00,8339
2019-10-23T07:00:00+00:00,10262
2019-10-23T08:00:00+00:00,7615
2019-10-23T09:00:00+00:00,6234
2019-10-23T10:00:00+00:00,10341
2019-10-23T11:00:00+00:00,8168
2019-10-23T12:00:00+00:00,8474
2019-10-23T13:00:00+00:00,16707
2019-10-23T14:00:00+00:00,14504
2019-10-23T16:00:00+00:00,7051
2019-10-23T15:00:00+00:00,12430
2019-10-23T18:00:00+00:00,6417
2019-10-23T17:00:00+00:00,8438
2019-10-23T19:00:00+00:00,4609
2019-10-23T20:00:00+00:00,1015
2019-10-23T21:00:00+00:00,0
2019-10-23T22:00:00+00:00,1106
2019-10-23T23:00:00+00:00,1101
2019-10-24T00:00:00+00:00,1931
2019-10-24T01:00:00+00:00,4046
2019-10-24T02:00:00+00:00,2271
2019-10-24T03:00:00+00:00,1712
2019-10-24T04:00:00+00:00,1187
2019-10-24T05:00:00+00:00,2163
2019-10-24T06:00:00+00:00,6201
2019-10-24T07:00:00+00:00,14588
2019-10-24T09:00:00+00:00,5146
2019-10-24T08:00:00+00:00,7541
2019-10-24T10:00:00+00:00,3108
2019-10-24T11:00:00+00:00,4462
2019-10-24T12:00:00+00:00,13023
2019-10-24T13:00:00+00:00,21696
2019-10-24T14:00:00+00:00,20842
2019-10-24T15:00:00+00:00,14587
2019-10-24T16:00:00+00:00,10897
2019-10-24T17:00:00+00:00,4755
2019-10-24T18:00:00+00:00,6271
2019-10-24T19:00:00+00:00,4590
2019-10-24T20:00:00+00:00,1824
2019-10-24T21:00:00+00:00,0
2019-10-24T22:00:00+00:00,1020
2019-10-24T23:00:00+00:00,1632
2019-10-25T00:00:00+00:00,3784
2019-10-25T01:00:00+00:00,7529
2019-10-25T02:00:00+00:00,4397
2019-10-25T03:00:00+00:00,2414
2019-10-25T04:00:00+00:00,1599
2019-10-25T05:00:00+00:00,5347
2019-10-25T06:00:00+00:00,9632
2019-10-25T07:00:00+00:00,9555
2019-10-25T09:00:00+00:00,7923
2019-10-25T08:00:00+00:00,10267
2019-10-25T10:00:00+00:00,5988
2019-10-25T11:00:00+00:00,9253
2019-10-25T12:00:00+00:00,13283
2019-10-25T13:00:00+00:00,15536
2019-10-25T14:00:00+00:00,13281
2019-10-25T15:00:00+00:00,18332
2019-10-25T16:00:00+00:00,14700
2019-10-25T17:00:00+00:00,9899
2019-10-25T18:00:00+00:00,7738
2019-10-25T19:00:00+00:00,5361
2019-10-25T20:00:00+00:00,1239
2019-10-25T21:00:00+00:00,0
2019-10-25T22:00:00+00:00,0
2019-10-25T23:00:00+00:00,0
2019-10-27T00:00:00+00:00,0
2019-10-27T01:00:00+00:00,0
2019-10-27T02:00:00+00:00,0
2019-10-27T03:00:00+00:00,0
2019-10-27T04:00:00+00:00,0
2019-10-27T05:00:00+00:00,0
2019-10-27T06:00:00+00:00,0
2019-10-27T07:00:00+00:00,0
2019-10-27T08:00:00+00:00,0
2019-10-27T09:00:00+00:00,0
2019-10-27T10:00:00+00:00,0
2019-10-27T11:00:00+00:00,0
2019-10-27T13:00:00+00:00,0
2019-10-27T12:00:00+00:00,0
2019-10-27T14:00:00+00:00,0
2019-10-27T15:00:00+00:00,0
2019-10-27T16:00:00+00:00,0
2019-10-27T17:00:00+00:00,0
2019-10-27T18:00:00+00:00,0
2019-10-27T19:00:00+00:00,0
2019-10-27T21:00:00+00:00,0
2019-10-27T20:00:00+00:00,0
2019-10-27T22:00:00+00:00,1574
2019-10-27T23:00:00+00:00,1434
2019-10-28T00:00:00+00:00,2736
2019-10-28T01:00:00+00:00,9309
2019-10-28T02:00:00+00:00,3857
2019-10-28T03:00:00+00:00,2511
2019-10-28T04:00:00+00:00,1922
2019-10-28T05:00:00+00:00,4219
2019-10-28T06:00:00+00:00,4717
2019-10-28T07:00:00+00:00,7816
2019-10-28T08:00:00+00:00,11734
2019-10-28T09:00:00+00:00,6366
2019-10-28T10:00:00+00:00,4774
2019-10-28T11:00:00+00:00,7463
2019-10-28T12:00:00+00:00,12982
2019-10-28T13:00:00+00:00,19346
2019-10-28T14:00:00+00:00,14980
2019-10-28T15:00:00+00:00,10653
2019-10-28T16:00:00+00:00,7330
2019-10-28T17:00:00+00:00,7480
2019-10-28T18:00:00+00:00,6022
2019-10-28T20:00:00+00:00,1790
2019-10-28T19:00:00+00:00,7055
2019-10-28T21:00:00+00:00,0
2019-10-28T22:00:00+00:00,869
2019-10-28T23:00:00+00:00,1480
2019-10-29T00:00:00+00:00,4476
2019-10-29T01:00:00+00:00,6562
2019-10-29T02:00:00+00:00,2829
2019-10-29T03:00:00+00:00,2269
2019-10-29T04:00:00+00:00,1742
2019-10-29T05:00:00+00:00,3083
2019-10-29T07:00:00+00:00,6286
2019-10-29T06:00:00+00:00,4520
2019-10-29T08:00:00+00:00,5416
2019-10-29T09:00:00+00:00,5213
2019-10-29T10:00:00+00:00,9837
2019-10-29T11:00:00+00:00,8519
2019-10-29T12:00:00+00:00,12250
2019-10-29T13:00:00+00:00,15168
2019-10-29T14:00:00+00:00,14114
2019-10-29T15:00:00+00:00,13004
2019-10-29T19:00:00+00:00,3009
2019-10-29T16:00:00+00:00,12904
2019-10-29T20:00:00+00:00,1015
2019-10-29T21:00:00+00:00,0
2019-10-29T22:00:00+00:00,1025
2019-10-29T23:00:00+00:00,1325
2019-10-30T00:00:00+00:00,3774
2019-10-30T01:00:00+00:00,3577
2019-10-30T03:00:00+00:00,1400
2019-10-30T07:00:00+00:00,3590
2019-10-30T08:00:00+00:00,5687
2019-10-29T17:00:00+00:00,5248
2019-10-30T11:00:00+00:00,5344
2019-10-29T18:00:00+00:00,4111
2019-10-30T12:00:00+00:00,14323
2019-10-30T13:00:00+00:00,12414
2019-10-30T14:00:00+00:00,14155
2019-10-30T02:00:00+00:00,3235
2019-10-30T15:00:00+00:00,9670
2019-10-30T16:00:00+00:00,7533
2019-10-30T04:00:00+00:00,1195
2019-10-30T17:00:00+00:00,4708
2019-10-30T05:00:00+00:00,4498
2019-10-30T20:00:00+00:00,2512
2019-10-30T19:00:00+00:00,16482
2019-10-30T18:00:00+00:00,26721
2019-10-30T06:00:00+00:00,5966
2019-10-30T21:00:00+00:00,0
2019-10-30T22:00:00+00:00,2109
2019-10-30T23:00:00+00:00,1219
2019-10-31T01:00:00+00:00,10297
2019-10-31T03:00:00+00:00,4119
2019-10-31T00:00:00+00:00,3502
2019-10-31T02:00:00+00:00,3998
2019-10-30T09:00:00+00:00,6302
2019-10-31T04:00:00+00:00,3436
2019-10-31T05:00:00+00:00,3590
2019-10-30T10:00:00+00:00,7030
2019-10-31T06:00:00+00:00,4026
2019-10-31T07:00:00+00:00,4827
2019-10-31T08:00:00+00:00,6229
2019-10-31T09:00:00+00:00,13618
2019-10-31T10:00:00+00:00,7120
2019-10-31T11:00:00+00:00,8334
2019-10-31T12:00:00+00:00,14173
2019-10-31T13:00:00+00:00,16927
2019-10-31T14:00:00+00:00,17545
2019-10-31T15:00:00+00:00,15739
2019-10-31T16:00:00+00:00,11403
2019-10-31T17:00:00+00:00,8164
2019-10-31T18:00:00+00:00,7789
2019-10-31T19:00:00+00:00,6518
2019-10-31T20:00:00+00:00,1737
2019-10-31T22:00:00+00:00,1183
2019-10-31T21:00:00+00:00,0
2019-10-31T23:00:00+00:00,1130
2019-11-01T00:00:00+00:00,2803
2019-11-01T01:00:00+00:00,6194
2019-11-01T02:00:00+00:00,4551
2019-11-01T03:00:00+00:00,2147
2019-11-01T04:00:00+00:00,1164
2019-11-01T05:00:00+00:00,2609
2019-11-01T06:00:00+00:00,4951
2019-11-01T07:00:00+00:00,4930
2019-11-01T08:00:00+00:00,7500
2019-11-01T09:00:00+00:00,6511
2019-11-01T10:00:00+00:00,4781
2019-11-01T11:00:00+00:00,4469
2019-11-01T12:00:00+00:00,18460
2019-11-01T13:00:00+00:00,18306
2019-11-01T14:00:00+00:00,20396
2019-11-01T15:00:00+00:00,11031
2019-11-01T16:00:00+00:00,10756
2019-11-01T17:00:00+00:00,9757
2019-11-01T18:00:00+00:00,6031
2019-11-01T19:00:00+00:00,5759
2019-11-01T20:00:00+00:00,1657
2019-11-01T21:00:00+00:00,0
2019-11-01T22:00:00+00:00,0
2019-11-01T23:00:00+00:00,0
2019-11-03T00:00:00+00:00,0
2019-11-03T01:00:00+00:00,0
2019-11-03T02:00:00+00:00,0
2019-11-03T03:00:00+00:00,0
2019-11-03T04:00:00+00:00,0
2019-11-03T05:00:00+00:00,0
2019-11-03T06:00:00+00:00,0
2019-11-03T07:00:00+00:00,0
2019-11-03T08:00:00+00:00,0
2019-11-03T09:00:00+00:00,0
2019-11-03T10:00:00+00:00,0
2019-11-03T11:00:00+00:00,0
2019-11-03T12:00:00+00:00,0
2019-11-03T13:00:00+00:00,0
2019-11-03T14:00:00+00:00,0
2019-11-03T15:00:00+00:00,0
2019-11-03T16:00:00+00:00,0
2019-11-03T17:00:00+00:00,0
2019-11-03T18:00:00+00:00,0
2019-11-03T19:00:00+00:00,0
2019-11-03T20:00:00+00:00,0
2019-11-03T21:00:00+00:00,0
2019-11-03T22:00:00+00:00,0
2019-11-03T23:00:00+00:00,1971
2019-11-04T00:00:00+00:00,1919
2019-11-04T01:00:00+00:00,3570
2019-11-04T02:00:00+00:00,2220
2019-11-04T03:00:00+00:00,1468
2019-11-04T04:00:00+00:00,806
2019-11-04T05:00:00+00:00,1979
2019-11-04T06:00:00+00:00,2282
2019-11-04T07:00:00+00:00,4856
2019-11-04T08:00:00+00:00,7934
2019-11-04T09:00:00+00:00,4650
2019-11-04T10:00:00+00:00,5439
2019-11-04T11:00:00+00:00,5083
2019-11-04T12:00:00+00:00,5585
2019-11-04T13:00:00+00:00,15231
2019-11-04T14:00:00+00:00,16165
2019-11-04T15:00:00+00:00,13012
2019-11-04T16:00:00+00:00,11723
2019-11-04T17:00:00+00:00,5599
2019-11-04T18:00:00+00:00,4800
2019-11-04T19:00:00+00:00,6060
2019-11-04T20:00:00+00:00,3569
2019-11-04T21:00:00+00:00,1428
2019-11-04T22:00:00+00:00,0
2019-11-04T23:00:00+00:00,3310
2019-11-05T00:00:00+00:00,2477
2019-11-05T01:00:00+00:00,3754
2019-11-05T02:00:00+00:00,3210
2019-11-05T03:00:00+00:00,2367
2019-11-05T04:00:00+00:00,1396
2019-11-05T05:00:00+00:00,2218
2019-11-05T06:00:00+00:00,4676
2019-11-05T07:00:00+00:00,8844
2019-11-05T08:00:00+00:00,7987
2019-11-05T09:00:00+00:00,5351
2019-11-05T10:00:00+00:00,3910
2019-11-05T11:00:00+00:00,9797
2019-11-05T12:00:00+00:00,11538
2019-11-05T13:00:00+00:00,18420
2019-11-05T14:00:00+00:00,13960
2019-11-05T15:00:00+00:00,22464
2019-11-05T16:00:00+00:00,15071
2019-11-05T17:00:00+00:00,10236
2019-11-05T19:00:00+00:00,4914
2019-11-05T18:00:00+00:00,8867
2019-11-05T20:00:00+00:00,6477
2019-11-05T21:00:00+00:00,1298
2019-11-05T22:00:00+00:00,0
2019-11-05T23:00:00+00:00,2153
2019-11-06T00:00:00+00:00,2862
2019-11-06T01:00:00+00:00,5840
2019-11-06T02:00:00+00:00,2567
2019-11-06T03:00:00+00:00,2025
2019-11-06T04:00:00+00:00,1480
2019-11-06T05:00:00+00:00,3646
2019-11-06T06:00:00+00:00,4436
2019-11-06T07:00:00+00:00,4071
2019-11-06T08:00:00+00:00,7988
2019-11-06T10:00:00+00:00,6178
2019-11-06T09:00:00+00:00,5526
2019-11-06T11:00:00+00:00,6445
2019-11-06T12:00:00+00:00,8766
2019-11-06T13:00:00+00:00,11616
2019-11-06T14:00:00+00:00,10767
2019-11-06T15:00:00+00:00,9293
2019-11-06T16:00:00+00:00,12401
2019-11-06T17:00:00+00:00,7736
2019-11-06T18:00:00+00:00,6765
2019-11-06T19:00:00+00:00,4523
2019-11-06T20:00:00+00:00,3115
2019-11-06T21:00:00+00:00,1014
2019-11-06T22:00:00+00:00,0
2019-11-06T23:00:00+00:00,2092
2019-11-07T00:00:00+00:00,1879
2019-11-07T02:00:00+00:00,3950
2019-11-07T01:00:00+00:00,5277
2019-11-07T03:00:00+00:00,2652
2019-11-07T04:00:00+00:00,1135
2019-11-07T05:00:00+00:00,1573
2019-11-07T06:00:00+00:00,2734
2019-11-07T07:00:00+00:00,16422
2019-11-07T08:00:00+00:00,9147
2019-11-07T09:00:00+00:00,7623
2019-11-07T10:00:00+00:00,10816
2019-11-07T11:00:00+00:00,12601
2019-11-07T12:00:00+00:00,12227
2019-11-07T13:00:00+00:00,17161
2019-11-07T14:00:00+00:00,12691
2019-11-07T15:00:00+00:00,19635
2019-11-07T16:00:00+00:00,20007
2019-11-07T17:00:00+00:00,14072
2019-11-07T18:00:00+00:00,9088
2019-11-07T19:00:00+00:00,10550
2019-11-07T20:00:00+00:00,12077
2019-11-07T21:00:00+00:00,1769
2019-11-07T22:00:00+00:00,0
2019-11-07T23:00:00+00:00,1688
2019-11-08T00:00:00+00:00,5692
2019-11-08T01:00:00+00:00,7782
2019-11-08T02:00:00+00:00,4051
2019-11-08T03:00:00+00:00,1916
2019-11-08T04:00:00+00:00,1323
2019-11-08T05:00:00+00:00,2446
2019-11-08T06:00:00+00:00,3755
2019-11-08T07:00:00+00:00,9663
2019-11-08T08:00:00+00:00,8828
2019-11-08T09:00:00+00:00,9611
2019-11-08T10:00:00+00:00,5908
2019-11-08T11:00:00+00:00,9174
2019-11-08T12:00:00+00:00,19864
2019-11-08T13:00:00+00:00,18950
2019-11-08T14:00:00+00:00,16046
2019-11-08T15:00:00+00:00,18424
2019-11-08T16:00:00+00:00,10292
2019-11-08T17:00:00+00:00,6512
2019-11-08T18:00:00+00:00,5061
2019-11-08T19:00:00+00:00,5245
2019-11-08T20:00:00+00:00,5503
2019-11-08T21:00:00+00:00,2119
2019-11-08T22:00:00+00:00,0
2019-11-08T23:00:00+00:00,0
2019-11-10T00:00:00+00:00,0
2019-11-10T01:00:00+00:00,0
2019-11-10T02:00:00+00:00,0
2019-11-10T03:00:00+00:00,0
2019-11-10T04:00:00+00:00,0
2019-11-10T05:00:00+00:00,0
2019-11-10T06:00:00+00:00,0
2019-11-10T07:00:00+00:00,0
2019-11-10T08:00:00+00:00,0
2019-11-10T09:00:00+00:00,0
2019-11-10T10:00:00+00:00,0
2019-11-10T11:00:00+00:00,0
2019-11-10T12:00:00+00:00,0
2019-11-10T13:00:00+00:00,0
2019-11-10T14:00:00+00:00,0
2019-11-10T15:00:00+00:00,0
2019-11-10T16:00:00+00:00,0
2019-11-10T17:00:00+00:00,0
2019-11-10T18:00:00+00:00,0
2019-11-10T19:00:00+00:00,0
2019-11-10T20:00:00+00:00,0
2019-11-10T21:00:00+00:00,0
2019-11-10T23:00:00+00:00,1966
2019-11-10T22:00:00+00:00,0
2019-11-11T00:00:00+00:00,1652
2019-11-11T01:00:00+00:00,4307
2019-11-11T02:00:00+00:00,3807
2019-11-11T03:00:00+00:00,1916
2019-11-11T04:00:00+00:00,967
2019-11-11T05:00:00+00:00,2123
2019-11-11T06:00:00+00:00,4584
2019-11-11T07:00:00+00:00,5425
2019-11-11T08:00:00+00:00,6480
2019-11-11T09:00:00+00:00,5852
2019-11-11T10:00:00+00:00,2860
2019-11-11T11:00:00+00:00,4412
2019-11-11T12:00:00+00:00,4859
2019-11-11T13:00:00+00:00,7054
2019-11-11T14:00:00+00:00,11602
2019-11-11T15:00:00+00:00,18097
2019-11-11T16:00:00+00:00,10930
2019-11-11T17:00:00+00:00,5741
2019-11-11T18:00:00+00:00,4662
2019-11-11T19:00:00+00:00,2507
2019-11-11T20:00:00+00:00,2372
2019-11-11T21:00:00+00:00,781
2019-11-11T22:00:00+00:00,0
2019-11-11T23:00:00+00:00,1221
2019-11-12T00:00:00+00:00,2723
2019-11-12T01:00:00+00:00,4137
2019-11-12T02:00:00+00:00,2403
2019-11-12T03:00:00+00:00,2059
2019-11-12T04:00:00+00:00,1002
2019-11-12T05:00:00+00:00,4498
2019-11-12T06:00:00+00:00,7630
2019-11-12T07:00:00+00:00,8652
2019-11-12T08:00:00+00:00,12464
2019-11-12T10:00:00+00:00,9242
2019-11-12T09:00:00+00:00,8366
2019-11-12T11:00:00+00:00,10117
2019-11-12T12:00:00+00:00,6741
2019-11-12T13:00:00+00:00,15060
2019-11-12T14:00:00+00:00,14882
2019-11-12T17:00:00+00:00,10885
2019-11-12T15:00:00+00:00,15497
2019-11-12T16:00:00+00:00,12498
2019-11-12T19:00:00+00:00,14147
2019-11-12T18:00:00+00:00,12390
2019-11-12T20:00:00+00:00,9665
2019-11-12T21:00:00+00:00,2208
2019-11-12T22:00:00+00:00,0
2019-11-12T23:00:00+00:00,1423
2019-11-13T00:00:00+00:00,2713
2019-11-13T01:00:00+00:00,6200
2019-11-13T02:00:00+00:00,2713
2019-11-13T03:00:00+00:00,1622
2019-11-13T04:00:00+00:00,2461
2019-11-13T05:00:00+00:00,4221
2019-11-13T06:00:00+00:00,4696
2019-11-13T07:00:00+00:00,5624
2019-11-13T08:00:00+00:00,9193
2019-11-13T10:00:00+00:00,10440
2019-11-13T09:00:00+00:00,13275
2019-11-13T11:00:00+00:00,7624
2019-11-13T12:00:00+00:00,9995
2019-11-13T13:00:00+00:00,15578
2019-11-13T14:00:00+00:00,18364
2019-11-13T15:00:00+00:00,12799
2019-11-13T16:00:00+00:00,10349
2019-11-13T18:00:00+00:00,6584
2019-11-13T17:00:00+00:00,6118
2019-11-13T19:00:00+00:00,12618
2019-11-13T20:00:00+00:00,7172
2019-11-13T21:00:00+00:00,1317
2019-11-13T22:00:00+00:00,0
2019-11-13T23:00:00+00:00,1067
2019-11-14T00:00:00+00:00,2381
2019-11-14T01:00:00+00:00,5175
2019-11-14T02:00:00+00:00,3927
2019-11-14T03:00:00+00:00,2626
2019-11-14T04:00:00+00:00,1527
2019-11-14T05:00:00+00:00,2662
2019-11-14T06:00:00+00:00,2983
2019-11-14T08:00:00+00:00,10701
2019-11-14T07:00:00+00:00,11017
2019-11-14T10:00:00+00:00,8680
2019-11-14T09:00:00+00:00,11603
2019-11-14T11:00:00+00:00,6080
2019-11-14T12:00:00+00:00,7330
2019-11-14T13:00:00+00:00,12957
2019-11-14T14:00:00+00:00,15760
2019-11-14T15:00:00+00:00,18280
2019-11-14T16:00:00+00:00,15370
2019-11-14T17:00:00+00:00,6575
2019-11-14T18:00:00+00:00,6080
2019-11-14T19:00:00+00:00,6410
2019-11-14T20:00:00+00:00,4574
2019-11-14T21:00:00+00:00,1085
2019-11-14T22:00:00+00:00,0
2019-11-14T23:00:00+00:00,1754
2019-11-15T00:00:00+00:00,3474
2019-11-15T01:00:00+00:00,5118
2019-11-15T02:00:00+00:00,2627
2019-11-15T03:00:00+00:00,2407
2019-11-15T04:00:00+00:00,1306
2019-11-15T05:00:00+00:00,3487
2019-11-15T06:00:00+00:00,3622
2019-11-15T07:00:00+00:00,3853
2019-11-15T08:00:00+00:00,7117
2019-11-15T09:00:00+00:00,6429
2019-11-15T10:00:00+00:00,4315
2019-11-15T11:00:00+00:00,5402
2019-11-15T12:00:00+00:00,7405
2019-11-15T13:00:00+00:00,9787
2019-11-15T15:00:00+00:00,9528
2019-11-15T14:00:00+00:00,14702
2019-11-15T16:00:00+00:00,8922
2019-11-15T17:00:00+00:00,4965
2019-11-15T18:00:00+00:00,2565
2019-11-15T19:00:00+00:00,2908
2019-11-15T20:00:00+00:00,3563
2019-11-15T21:00:00+00:00,1050
2019-11-15T22:00:00+00:00,0
2019-11-15T23:00:00+00:00,0
2019-11-17T00:00:00+00:00,0
2019-11-17T01:00:00+00:00,0
2019-11-17T02:00:00+00:00,0
2019-11-17T03:00:00+00:00,0
2019-11-17T04:00:00+00:00,0
2019-11-17T05:00:00+00:00,0
2019-11-17T06:00:00+00:00,0
2019-11-17T07:00:00+00:00,0
2019-11-17T08:00:00+00:00,0
2019-11-17T09:00:00+00:00,0
2019-11-17T10:00:00+00:00,0
2019-11-17T11:00:00+00:00,0
2019-11-17T12:00:00+00:00,0
2019-11-17T13:00:00+00:00,0
2019-11-17T14:00:00+00:00,0
2019-11-17T15:00:00+00:00,0
2019-11-17T16:00:00+00:00,0
2019-11-17T17:00:00+00:00,0
2019-11-17T18:00:00+00:00,0
2019-11-17T19:00:00+00:00,0
2019-11-17T20:00:00+00:00,0
2019-11-17T21:00:00+00:00,0
2019-11-18T00:00:00+00:00,2180
2019-11-17T22:00:00+00:00,0
2019-11-17T23:00:00+00:00,1308
2019-11-18T02:00:00+00:00,2153
2019-11-18T01:00:00+00:00,3737
2019-11-18T04:00:00+00:00,1377
2019-11-18T03:00:00+00:00,1877
2019-11-18T05:00:00+00:00,2384
2019-11-18T06:00:00+00:00,3739
2019-11-18T07:00:00+00:00,9099
2019-11-18T08:00:00+00:00,10901
2019-11-18T09:00:00+00:00,5312
2019-11-18T10:00:00+00:00,4887
2019-11-18T11:00:00+00:00,3926
2019-11-18T12:00:00+00:00,5593
2019-11-18T13:00:00+00:00,16215
2019-11-18T15:00:00+00:00,14102
2019-11-18T14:00:00+00:00,17257
2019-11-18T16:00:00+00:00,11125
2019-11-18T17:00:00+00:00,5168
2019-11-18T18:00:00+00:00,3515
2019-11-18T19:00:00+00:00,3704
2019-11-18T21:00:00+00:00,1055
2019-11-18T20:00:00+00:00,3493
2019-11-18T22:00:00+00:00,0
2019-11-18T23:00:00+00:00,1079
2019-11-19T00:00:00+00:00,3863
2019-11-19T01:00:00+00:00,6201
2019-11-19T02:00:00+00:00,4150
2019-11-19T03:00:00+00:00,2418
2019-11-19T04:00:00+00:00,1110
2019-11-19T05:00:00+00:00,4919
2019-11-19T06:00:00+00:00,4557
2019-11-19T07:00:00+00:00,5847
2019-11-19T08:00:00+00:00,10169
2019-11-19T09:00:00+00:00,7267
2019-11-19T10:00:00+00:00,4290
2019-11-19T11:00:00+00:00,5475
2019-11-19T12:00:00+00:00,4635
2019-11-19T13:00:00+00:00,10262
2019-11-19T14:00:00+00:00,13969
2019-11-19T15:00:00+00:00,13263
2019-11-19T16:00:00+00:00,12838
2019-11-19T17:00:00+00:00,8352
2019-11-19T18:00:00+00:00,6284
2019-11-19T19:00:00+00:00,4087
2019-11-19T20:00:00+00:00,3328
2019-11-19T21:00:00+00:00,714
2019-11-19T22:00:00+00:00,0
2019-11-19T23:00:00+00:00,2641
2019-11-20T00:00:00+00:00,3925
2019-11-20T02:00:00+00:00,3382
2019-11-20T01:00:00+00:00,8539
2019-11-20T03:00:00+00:00,2161
2019-11-20T04:00:00+00:00,1343
2019-11-20T05:00:00+00:00,3360
2019-11-20T06:00:00+00:00,3421
2019-11-20T07:00:00+00:00,8577
2019-11-20T08:00:00+00:00,12877
2019-11-20T09:00:00+00:00,7395
2019-11-20T10:00:00+00:00,5248
2019-11-20T11:00:00+00:00,5590
2019-11-20T12:00:00+00:00,7422
2019-11-20T13:00:00+00:00,11016
2019-11-20T14:00:00+00:00,13445
2019-11-20T15:00:00+00:00,13753
2019-11-20T16:00:00+00:00,10954
2019-11-20T17:00:00+00:00,9513
2019-11-20T18:00:00+00:00,19441
2019-11-20T20:00:00+00:00,10148
2019-11-20T21:00:00+00:00,1772
2019-11-20T19:00:00+00:00,15700
2019-11-20T23:00:00+00:00,2704
2019-11-20T22:00:00+00:00,0
2019-11-21T00:00:00+00:00,4320
2019-11-21T01:00:00+00:00,6808
2019-11-21T02:00:00+00:00,8329
2019-11-21T03:00:00+00:00,2909
2019-11-21T04:00:00+00:00,2131
2019-11-21T05:00:00+00:00,3003
2019-11-21T06:00:00+00:00,3230
2019-11-21T07:00:00+00:00,10354
2019-11-21T08:00:00+00:00,10463
2019-11-21T09:00:00+00:00,7001
2019-11-21T10:00:00+00:00,9813
2019-11-21T11:00:00+00:00,3895
2019-11-21T12:00:00+00:00,5212
2019-11-21T13:00:00+00:00,15640
2019-11-21T14:00:00+00:00,15009
2019-11-21T15:00:00+00:00,21002
2019-11-21T16:00:00+00:00,10109
2019-11-21T17:00:00+00:00,6476
2019-11-21T18:00:00+00:00,8579
2019-11-21T19:00:00+00:00,5553
2019-11-21T21:00:00+00:00,1074
2019-11-21T22:00:00+00:00,0
2019-11-21T20:00:00+00:00,4365
2019-11-21T23:00:00+00:00,936
2019-11-22T00:00:00+00:00,3180
2019-11-22T01:00:00+00:00,3799
2019-11-22T02:00:00+00:00,3274
2019-11-22T03:00:00+00:00,1557
2019-11-22T05:00:00+00:00,3509
2019-11-22T04:00:00+00:00,966
2019-11-22T06:00:00+00:00,3626
2019-11-22T07:00:00+00:00,7234
2019-11-22T08:00:00+00:00,13508
2019-11-22T09:00:00+00:00,13023
2019-11-22T10:00:00+00:00,5841
2019-11-22T11:00:00+00:00,4519
2019-11-22T12:00:00+00:00,4503
2019-11-22T13:00:00+00:00,10238
2019-11-22T20:00:00+00:00,2474
2019-11-22T19:00:00+00:00,3051
2019-11-22T18:00:00+00:00,4224
2019-11-22T16:00:00+00:00,10769
2019-11-22T17:00:00+00:00,6340
2019-11-22T14:00:00+00:00,12314
2019-11-22T15:00:00+00:00,15357
2019-11-22T22:00:00+00:00,0
2019-11-22T23:00:00+00:00,0
2019-11-24T04:00:00+00:00,0
2019-11-22T21:00:00+00:00,1233
2019-11-24T00:00:00+00:00,0
2019-11-24T02:00:00+00:00,0
2019-11-24T03:00:00+00:00,0
2019-11-24T01:00:00+00:00,0
2019-11-24T06:00:00+00:00,0
2019-11-24T07:00:00+00:00,0
2019-11-24T05:00:00+00:00,0
2019-11-24T08:00:00+00:00,0
2019-11-24T09:00:00+00:00,0
2019-11-24T10:00:00+00:00,0
2019-11-24T11:00:00+00:00,0
2019-11-24T12:00:00+00:00,0
2019-11-24T15:00:00+00:00,0
2019-11-24T14:00:00+00:00,0
2019-11-24T13:00:00+00:00,0
2019-11-24T16:00:00+00:00,0
2019-11-24T17:00:00+00:00,0
2019-11-24T18:00:00+00:00,0
2019-11-24T19:00:00+00:00,0
2019-11-24T20:00:00+00:00,0
2019-11-24T21:00:00+00:00,0
2019-11-24T22:00:00+00:00,0
2019-11-24T23:00:00+00:00,1961
2019-11-25T00:00:00+00:00,2357
2019-11-25T01:00:00+00:00,5189
2019-11-25T02:00:00+00:00,3691
2019-11-25T03:00:00+00:00,1842
2019-11-25T04:00:00+00:00,1023
2019-11-25T06:00:00+00:00,4388
2019-11-25T05:00:00+00:00,3933
2019-11-25T07:00:00+00:00,4154
2019-11-25T08:00:00+00:00,7712
2019-11-25T09:00:00+00:00,4558
2019-11-25T10:00:00+00:00,3583
2019-11-25T11:00:00+00:00,3274
2019-11-25T12:00:00+00:00,4041
2019-11-25T14:00:00+00:00,11999
2019-11-25T13:00:00+00:00,11215
2019-11-25T15:00:00+00:00,9267
2019-11-25T16:00:00+00:00,6435
2019-11-25T17:00:00+00:00,5016
2019-11-25T18:00:00+00:00,4318
2019-11-25T19:00:00+00:00,2820
2019-11-25T20:00:00+00:00,3488
2019-11-25T21:00:00+00:00,964
2019-11-25T22:00:00+00:00,0
2019-11-26T00:00:00+00:00,2042
2019-11-25T23:00:00+00:00,1592
2019-11-26T01:00:00+00:00,6616
2019-11-26T02:00:00+00:00,6029
2019-11-26T03:00:00+00:00,2795
2019-11-26T04:00:00+00:00,2204
2019-11-26T05:00:00+00:00,2920
2019-11-26T07:00:00+00:00,4049
2019-11-26T06:00:00+00:00,3855
2019-11-26T09:00:00+00:00,5978
2019-11-26T08:00:00+00:00,7676
2019-11-26T10:00:00+00:00,3763
2019-11-26T11:00:00+00:00,4180
2019-11-26T12:00:00+00:00,4740
2019-11-26T13:00:00+00:00,8783
2019-11-26T14:00:00+00:00,13115
2019-11-26T15:00:00+00:00,10878
2019-11-26T17:00:00+00:00,4993
2019-11-26T16:00:00+00:00,8740
2019-11-26T18:00:00+00:00,4341
2019-11-26T19:00:00+00:00,2492
2019-11-26T20:00:00+00:00,1834
2019-11-26T21:00:00+00:00,903
2019-11-26T22:00:00+00:00,0
2019-11-26T23:00:00+00:00,826
2019-11-27T01:00:00+00:00,3647
2019-11-27T00:00:00+00:00,2462
2019-11-27T02:00:00+00:00,2137
2019-11-27T03:00:00+00:00,1930
2019-11-27T04:00:00+00:00,1135
2019-11-27T05:00:00+00:00,2716
2019-11-27T06:00:00+00:00,2278
2019-11-27T07:00:00+00:00,2850
2019-11-27T08:00:00+00:00,4607
2019-11-27T09:00:00+00:00,4075
2019-11-27T10:00:00+00:00,3546
2019-11-27T11:00:00+00:00,4708
2019-11-27T12:00:00+00:00,4073
2019-11-27T14:00:00+00:00,10541
2019-11-27T13:00:00+00:00,11514
2019-11-27T15:00:00+00:00,12342
2019-11-27T16:00:00+00:00,7841
2019-11-27T18:00:00+00:00,5250
2019-11-27T17:00:00+00:00,4560
2019-11-27T19:00:00+00:00,3310
2019-11-27T20:00:00+00:00,3545
2019-11-27T22:00:00+00:00,0
2019-11-27T21:00:00+00:00,1131
2019-11-27T23:00:00+00:00,2922
2019-11-28T00:00:00+00:00,3238
2019-11-28T01:00:00+00:00,3854
2019-11-28T03:00:00+00:00,2022
2019-11-28T02:00:00+00:00,2766
2019-11-28T04:00:00+00:00,703
2019-11-28T06:00:00+00:00,4003
2019-11-28T05:00:00+00:00,2124
2019-11-28T07:00:00+00:00,3862
2019-11-28T08:00:00+00:00,5902
2019-11-28T09:00:00+00:00,2967
2019-11-28T10:00:00+00:00,2915
2019-11-28T11:00:00+00:00,3124
2019-11-28T12:00:00+00:00,3673
2019-11-28T13:00:00+00:00,3196
2019-11-28T14:00:00+00:00,2966
2019-11-28T16:00:00+00:00,2075
2019-11-28T15:00:00+00:00,4098
2019-11-28T17:00:00+00:00,1260
2019-11-28T18:00:00+00:00,2
2019-11-28T19:00:00+00:00,0
2019-11-28T20:00:00+00:00,0
2019-11-28T21:00:00+00:00,0
2019-11-28T22:00:00+00:00,0
2019-11-28T23:00:00+00:00,1101
2019-11-29T00:00:00+00:00,1708
2019-11-29T01:00:00+00:00,3073
2019-11-29T02:00:00+00:00,2007
2019-11-29T03:00:00+00:00,2477
2019-11-29T04:00:00+00:00,1041
2019-11-29T05:00:00+00:00,2100
2019-11-29T06:00:00+00:00,2240
2019-11-29T07:00:00+00:00,4242
2019-11-29T08:00:00+00:00,6007
2019-11-29T09:00:00+00:00,4575
2019-11-29T10:00:00+00:00,3282
2019-11-29T11:00:00+00:00,2655
2019-11-29T12:00:00+00:00,3585
2019-11-29T13:00:00+00:00,8913
2019-11-29T14:00:00+00:00,10485
2019-11-29T15:00:00+00:00,15896
2019-11-29T16:00:00+00:00,12932
2019-11-29T17:00:00+00:00,9791
2019-11-29T18:00:00+00:00,2666
2019-11-29T19:00:00+00:00,20
2019-11-29T20:00:00+00:00,0
2019-11-29T21:00:00+00:00,0
2019-11-29T22:00:00+00:00,0
2019-11-29T23:00:00+00:00,0
2019-12-01T01:00:00+00:00,0
2019-12-01T00:00:00+00:00,0
2019-12-01T02:00:00+00:00,0
2019-12-01T03:00:00+00:00,0
2019-12-01T04:00:00+00:00,0
2019-12-01T06:00:00+00:00,0
2019-12-01T05:00:00+00:00,0
2019-12-01T07:00:00+00:00,0
2019-12-01T08:00:00+00:00,0
2019-12-01T10:00:00+00:00,0
2019-12-01T09:00:00+00:00,0
2019-12-01T11:00:00+00:00,0
2019-12-01T12:00:00+00:00,0
2019-12-01T13:00:00+00:00,0
2019-12-01T14:00:00+00:00,0
2019-12-01T15:00:00+00:00,0
2019-12-01T16:00:00+00:00,0
2019-12-01T17:00:00+00:00,0
2019-12-01T18:00:00+00:00,0
2019-12-01T19:00:00+00:00,0
2019-12-01T20:00:00+00:00,0
2019-12-01T21:00:00+00:00,0
2019-12-01T22:00:00+00:00,0
2019-12-01T23:00:00+00:00,2301
2019-12-02T00:00:00+00:00,3027
2019-12-02T01:00:00+00:00,3338
2019-12-02T02:00:00+00:00,2282
2019-12-02T04:00:00+00:00,841
2019-12-02T03:00:00+00:00,2091
2019-12-02T05:00:00+00:00,2016
2019-12-02T06:00:00+00:00,3839
2019-12-02T07:00:00+00:00,7905
2019-12-02T08:00:00+00:00,11017
2019-12-02T09:00:00+00:00,5748
2019-12-02T11:00:00+00:00,6886
2019-12-02T10:00:00+00:00,4081
2019-12-02T12:00:00+00:00,5611
2019-12-02T13:00:00+00:00,11847
2019-12-02T14:00:00+00:00,10019
2019-12-02T15:00:00+00:00,24401
2019-12-02T16:00:00+00:00,16341
2019-12-02T17:00:00+00:00,9976
2019-12-02T18:00:00+00:00,6346
2019-12-02T19:00:00+00:00,5375
2019-12-02T20:00:00+00:00,5478
2019-12-02T21:00:00+00:00,1008
2019-12-02T22:00:00+00:00,0
2019-12-02T23:00:00+00:00,1780
2019-12-03T00:00:00+00:00,3434
2019-12-03T01:00:00+00:00,4839
2019-12-03T02:00:00+00:00,2591
2019-12-03T03:00:00+00:00,3313
2019-12-03T04:00:00+00:00,2012
2019-12-03T05:00:00+00:00,2116
2019-12-03T06:00:00+00:00,3507
2019-12-03T07:00:00+00:00,4906
2019-12-03T08:00:00+00:00,8392
2019-12-03T09:00:00+00:00,7503
2019-12-03T10:00:00+00:00,14932
2019-12-03T11:00:00+00:00,5582
2019-12-03T12:00:00+00:00,7647
2019-12-03T13:00:00+00:00,14754
2019-12-03T14:00:00+00:00,22130
2019-12-03T15:00:00+00:00,21152
2019-12-03T16:00:00+00:00,12331
2019-12-03T17:00:00+00:00,6085
2019-12-03T18:00:00+00:00,5115
2019-12-03T19:00:00+00:00,4562
2019-12-03T21:00:00+00:00,1349
2019-12-03T20:00:00+00:00,4881
2019-12-03T22:00:00+00:00,0
2019-12-03T23:00:00+00:00,1961
2019-12-04T00:00:00+00:00,5206
2019-12-04T01:00:00+00:00,5222
2019-12-04T02:00:00+00:00,3240
2019-12-04T03:00:00+00:00,4521
2019-12-04T04:00:00+00:00,1225
2019-12-04T05:00:00+00:00,5204
2019-12-04T07:00:00+00:00,8466
2019-12-04T06:00:00+00:00,3950
2019-12-04T08:00:00+00:00,7539
2019-12-04T09:00:00+00:00,12539
2019-12-04T11:00:00+00:00,6202
2019-12-04T10:00:00+00:00,9100
2019-12-04T12:00:00+00:00,8753
2019-12-04T13:00:00+00:00,16222
2019-12-04T15:00:00+00:00,21590
2019-12-04T14:00:00+00:00,15039
2019-12-04T16:00:00+00:00,13049
2019-12-04T17:00:00+00:00,5845
2019-12-04T19:00:00+00:00,5156
2019-12-04T20:00:00+00:00,5122
2019-12-04T18:00:00+00:00,3485
2019-12-04T21:00:00+00:00,1600
2019-12-04T22:00:00+00:00,0
2019-12-04T23:00:00+00:00,1699
2019-12-05T00:00:00+00:00,2141
2019-12-05T02:00:00+00:00,2499
2019-12-05T01:00:00+00:00,5345
2019-12-05T03:00:00+00:00,1715
2019-12-05T04:00:00+00:00,1234
2019-12-05T05:00:00+00:00,2962
2019-12-05T06:00:00+00:00,2358
2019-12-05T09:00:00+00:00,4756
2019-12-05T07:00:00+00:00,9659
2019-12-05T08:00:00+00:00,9303
2019-12-05T10:00:00+00:00,5028
2019-12-05T11:00:00+00:00,4379
2019-12-05T12:00:00+00:00,5468
2019-12-05T13:00:00+00:00,14530
2019-12-05T14:00:00+00:00,12301
2019-12-05T16:00:00+00:00,12141
2019-12-05T15:00:00+00:00,14633
2019-12-05T17:00:00+00:00,5963
2019-12-05T19:00:00+00:00,5102
2019-12-05T18:00:00+00:00,5729
2019-12-05T20:00:00+00:00,8567
2019-12-05T21:00:00+00:00,1100
2019-12-05T22:00:00+00:00,0
2019-12-05T23:00:00+00:00,848
2019-12-06T00:00:00+00:00,2387
2019-12-06T02:00:00+00:00,1565
2019-12-06T01:00:00+00:00,2372
2019-12-06T03:00:00+00:00,1238
2019-12-06T04:00:00+00:00,681
2019-12-06T05:00:00+00:00,793
2019-12-06T06:00:00+00:00,6213
2019-12-06T07:00:00+00:00,3663
2019-12-06T08:00:00+00:00,6171
2019-12-06T09:00:00+00:00,4762
2019-12-06T10:00:00+00:00,3087
2019-12-06T11:00:00+00:00,3320
2019-12-06T12:00:00+00:00,4734
2019-12-06T13:00:00+00:00,16472
2019-12-06T14:00:00+00:00,20074
2019-12-06T15:00:00+00:00,16830
2019-12-06T16:00:00+00:00,8966
2019-12-06T17:00:00+00:00,6030
2019-12-06T18:00:00+00:00,4372
2019-12-06T19:00:00+00:00,2665
2019-12-06T20:00:00+00:00,2520
2019-12-06T23:00:00+00:00,0
2019-12-08T00:00:00+00:00,0
2019-12-08T02:00:00+00:00,0
2019-12-08T03:00:00+00:00,0
2019-12-08T04:00:00+00:00,0
2019-12-08T05:00:00+00:00,0
2019-12-08T07:00:00+00:00,0
2019-12-08T08:00:00+00:00,0
2019-12-08T09:00:00+00:00,0
2019-12-08T10:00:00+00:00,0
2019-12-08T11:00:00+00:00,0
2019-12-08T14:00:00+00:00,0
2019-12-08T15:00:00+00:00,0
2019-12-08T17:00:00+00:00,0
2019-12-06T21:00:00+00:00,1717
2019-12-08T19:00:00+00:00,0
2019-12-08T20:00:00+00:00,0
2019-12-08T21:00:00+00:00,0
2019-12-06T22:00:00+00:00,0
2019-12-08T22:00:00+00:00,0
2019-12-08T01:00:00+00:00,0
2019-12-08T06:00:00+00:00,0
2019-12-08T23:00:00+00:00,1862
2019-12-09T00:00:00+00:00,2525
2019-12-09T01:00:00+00:00,4457
2019-12-09T02:00:00+00:00,2951
2019-12-09T03:00:00+00:00,1319
2019-12-08T13:00:00+00:00,0
2019-12-09T04:00:00+00:00,864
2019-12-09T05:00:00+00:00,1432
2019-12-09T06:00:00+00:00,2696
2019-12-08T12:00:00+00:00,0
2019-12-09T07:00:00+00:00,4615
2019-12-08T16:00:00+00:00,0
2019-12-09T08:00:00+00:00,5481
2019-12-09T09:00:00+00:00,3618
2019-12-09T10:00:00+00:00,3691
2019-12-09T11:00:00+00:00,2711
2019-12-09T12:00:00+00:00,4753
2019-12-09T13:00:00+00:00,8015
2019-12-09T15:00:00+00:00,7146
2019-12-09T14:00:00+00:00,8143
2019-12-09T16:00:00+00:00,6161
2019-12-09T17:00:00+00:00,3732
2019-12-09T18:00:00+00:00,3913
2019-12-09T19:00:00+00:00,5312
2019-12-09T20:00:00+00:00,2056
2019-12-09T22:00:00+00:00,0
2019-12-09T21:00:00+00:00,990
2019-12-09T23:00:00+00:00,1117
2019-12-10T00:00:00+00:00,1865
2019-12-10T01:00:00+00:00,2216
2019-12-10T02:00:00+00:00,1389
2019-12-10T03:00:00+00:00,1099
2019-12-10T04:00:00+00:00,716
2019-12-08T18:00:00+00:00,0
2019-12-10T05:00:00+00:00,1767
2019-12-10T06:00:00+00:00,3234
2019-12-10T07:00:00+00:00,3535
2019-12-10T08:00:00+00:00,9223
2019-12-10T09:00:00+00:00,8423
2019-12-10T11:00:00+00:00,6256
2019-12-10T10:00:00+00:00,5285
2019-12-10T12:00:00+00:00,5306
2019-12-10T13:00:00+00:00,15158
2019-12-10T15:00:00+00:00,11029
2019-12-10T14:00:00+00:00,15320
2019-12-10T16:00:00+00:00,11936
2019-12-10T17:00:00+00:00,5707
2019-12-10T18:00:00+00:00,4044
2019-12-10T19:00:00+00:00,2782
2019-12-10T20:00:00+00:00,5708
2019-12-10T21:00:00+00:00,754
2019-12-10T22:00:00+00:00,0
2019-12-10T23:00:00+00:00,1200
2019-12-11T00:00:00+00:00,2372
2019-12-11T01:00:00+00:00,1762
2019-12-11T02:00:00+00:00,1317
2019-12-11T03:00:00+00:00,842
2019-12-11T04:00:00+00:00,853
2019-12-11T05:00:00+00:00,1272
2019-12-11T06:00:00+00:00,2474
2019-12-11T07:00:00+00:00,4183
2019-12-11T08:00:00+00:00,9455
2019-12-11T09:00:00+00:00,6817
2019-12-11T10:00:00+00:00,5588
2019-12-11T11:00:00+00:00,3316
2019-12-11T12:00:00+00:00,5511
2019-12-11T13:00:00+00:00,9655
2019-12-11T14:00:00+00:00,11860
2019-12-11T15:00:00+00:00,10787
2019-12-11T16:00:00+00:00,9777
2019-12-11T17:00:00+00:00,4924
2019-12-11T18:00:00+00:00,4218
2019-12-11T19:00:00+00:00,19379
2019-12-11T20:00:00+00:00,10476
2019-12-11T21:00:00+00:00,1349
2019-12-11T22:00:00+00:00,0
2019-12-11T23:00:00+00:00,1297
2019-12-12T00:00:00+00:00,2361
2019-12-12T01:00:00+00:00,3174
2019-12-12T02:00:00+00:00,2009
2019-12-12T03:00:00+00:00,1252
2019-12-12T04:00:00+00:00,926
2019-12-12T05:00:00+00:00,1546
2019-12-12T06:00:00+00:00,2208
2019-12-12T07:00:00+00:00,2497
2019-12-12T10:00:00+00:00,4355
2019-12-12T08:00:00+00:00,5199
2019-12-12T09:00:00+00:00,3709
2019-12-12T11:00:00+00:00,3228
2019-12-12T12:00:00+00:00,4144
2019-12-12T13:00:00+00:00,17236
2019-12-12T14:00:00+00:00,24205
2019-12-12T16:00:00+00:00,11166
2019-12-12T15:00:00+00:00,24485
2019-12-12T17:00:00+00:00,14014
2019-12-12T18:00:00+00:00,8667
2019-12-12T19:00:00+00:00,16115
2019-12-12T20:00:00+00:00,12362
2019-12-12T21:00:00+00:00,2125
2019-12-12T22:00:00+00:00,0
2019-12-12T23:00:00+00:00,6855
2019-12-13T00:00:00+00:00,6324
2019-12-13T01:00:00+00:00,7120
2019-12-13T02:00:00+00:00,3547
2019-12-13T03:00:00+00:00,3895
2019-12-13T04:00:00+00:00,1604
2019-12-13T05:00:00+00:00,1797
2019-12-13T06:00:00+00:00,3739
2019-12-13T07:00:00+00:00,11168
2019-12-13T08:00:00+00:00,14319
2019-12-13T09:00:00+00:00,11052
2019-12-13T11:00:00+00:00,3645
2019-12-13T10:00:00+00:00,6740
2019-12-13T12:00:00+00:00,7103
2019-12-13T13:00:00+00:00,18465
2019-12-13T14:00:00+00:00,31212
2019-12-13T15:00:00+00:00,32953
2019-12-13T16:00:00+00:00,17109
2019-12-13T17:00:00+00:00,8327
2019-12-13T18:00:00+00:00,5496
2019-12-13T19:00:00+00:00,4187
2019-12-13T20:00:00+00:00,4072
2019-12-13T21:00:00+00:00,1438
2019-12-13T22:00:00+00:00,0
2019-12-13T23:00:00+00:00,0
2019-12-15T00:00:00+00:00,0
2019-12-15T01:00:00+00:00,0
2019-12-15T02:00:00+00:00,0
2019-12-15T03:00:00+00:00,0
2019-12-15T04:00:00+00:00,0
2019-12-15T05:00:00+00:00,0
2019-12-15T06:00:00+00:00,0
2019-12-15T07:00:00+00:00,0
2019-12-15T08:00:00+00:00,0
2019-12-15T09:00:00+00:00,0
2019-12-15T10:00:00+00:00,0
2019-12-15T11:00:00+00:00,0
2019-12-15T12:00:00+00:00,0
2019-12-15T13:00:00+00:00,0
2019-12-15T14:00:00+00:00,0
2019-12-15T15:00:00+00:00,0
2019-12-15T16:00:00+00:00,0
2019-12-15T17:00:00+00:00,0
2019-12-15T19:00:00+00:00,0
2019-12-15T18:00:00+00:00,0
2019-12-15T21:00:00+00:00,0
2019-12-15T20:00:00+00:00,0
2019-12-15T22:00:00+00:00,0
2019-12-15T23:00:00+00:00,2107
2019-12-16T00:00:00+00:00,2122
2019-12-16T01:00:00+00:00,2541
2019-12-16T02:00:00+00:00,1902
2019-12-16T03:00:00+00:00,3287
2019-12-16T04:00:00+00:00,1144
2019-12-16T05:00:00+00:00,1982
2019-12-16T07:00:00+00:00,5207
2019-12-16T06:00:00+00:00,3100
2019-12-16T08:00:00+00:00,9692
2019-12-16T09:00:00+00:00,4427
2019-12-16T11:00:00+00:00,2590
2019-12-16T10:00:00+00:00,4657
2019-12-16T12:00:00+00:00,3923
2019-12-16T13:00:00+00:00,7037
2019-12-16T14:00:00+00:00,9876
2019-12-16T15:00:00+00:00,9816
2019-12-16T16:00:00+00:00,7804
2019-12-16T17:00:00+00:00,3945
2019-12-16T18:00:00+00:00,4320
2019-12-16T19:00:00+00:00,3841
2019-12-16T20:00:00+00:00,3256
2019-12-16T21:00:00+00:00,988
2019-12-16T22:00:00+00:00,0
2019-12-16T23:00:00+00:00,1427
2019-12-17T00:00:00+00:00,1681
2019-12-17T02:00:00+00:00,2666
2019-12-17T01:00:00+00:00,3384
2019-12-17T03:00:00+00:00,1912
2019-12-17T04:00:00+00:00,1335
2019-12-17T05:00:00+00:00,2332
2019-12-17T06:00:00+00:00,3671
2019-12-17T07:00:00+00:00,3191
2019-12-17T08:00:00+00:00,7131
2019-12-17T09:00:00+00:00,3559
2019-12-17T10:00:00+00:00,4707
2019-12-17T11:00:00+00:00,3604
2019-12-17T12:00:00+00:00,3966
2019-12-17T13:00:00+00:00,10587
2019-12-17T14:00:00+00:00,10569
2019-12-17T15:00:00+00:00,8923
2019-12-17T16:00:00+00:00,6301
2019-12-17T17:00:00+00:00,4983
2019-12-17T18:00:00+00:00,5647
2019-12-17T19:00:00+00:00,3956
2019-12-17T20:00:00+00:00,2284
2019-12-17T21:00:00+00:00,856
2019-12-17T22:00:00+00:00,0
2019-12-18T00:00:00+00:00,929
2019-12-17T23:00:00+00:00,697
2019-12-18T01:00:00+00:00,1438
2019-12-18T02:00:00+00:00,1035
2019-12-18T03:00:00+00:00,1121
2019-12-18T04:00:00+00:00,844
2019-12-18T05:00:00+00:00,1316
2019-12-18T06:00:00+00:00,1661
2019-12-18T07:00:00+00:00,2368
2019-12-18T08:00:00+00:00,6488
2019-12-18T09:00:00+00:00,6652
2019-12-18T10:00:00+00:00,2310
2019-12-18T11:00:00+00:00,6018
2019-12-18T12:00:00+00:00,6546
2019-12-18T13:00:00+00:00,13498
2019-12-18T14:00:00+00:00,11832
2019-12-18T15:00:00+00:00,11895
2019-12-18T16:00:00+00:00,9065
2019-12-18T17:00:00+00:00,4403
2019-12-18T18:00:00+00:00,3078
2019-12-18T19:00:00+00:00,2658
2019-12-18T20:00:00+00:00,3291
2019-12-18T21:00:00+00:00,1233
2019-12-18T22:00:00+00:00,0
2019-12-19T00:00:00+00:00,1423
2019-12-18T23:00:00+00:00,931
2019-12-19T02:00:00+00:00,1822
2019-12-19T01:00:00+00:00,3225
2019-12-19T03:00:00+00:00,2163
2019-12-19T04:00:00+00:00,871
2019-12-19T05:00:00+00:00,1709
2019-12-19T06:00:00+00:00,2546
2019-12-19T07:00:00+00:00,4153
2019-12-19T08:00:00+00:00,6320
2019-12-19T09:00:00+00:00,5840
2019-12-19T10:00:00+00:00,3365
2019-12-19T11:00:00+00:00,3316
2019-12-19T12:00:00+00:00,6117
2019-12-19T13:00:00+00:00,8493
2019-12-19T14:00:00+00:00,9012
2019-12-19T15:00:00+00:00,8719
2019-12-19T16:00:00+00:00,7827
2019-12-19T17:00:00+00:00,5637
2019-12-19T18:00:00+00:00,7322
2019-12-19T19:00:00+00:00,3210
2019-12-19T20:00:00+00:00,2324
2019-12-19T21:00:00+00:00,988
2019-12-19T22:00:00+00:00,0
2019-12-19T23:00:00+00:00,984
2019-12-20T00:00:00+00:00,1843
2019-12-20T01:00:00+00:00,3029
2019-12-20T02:00:00+00:00,1200
2019-12-20T03:00:00+00:00,888
2019-12-20T04:00:00+00:00,738
2019-12-20T05:00:00+00:00,1050
2019-12-20T06:00:00+00:00,1714
2019-12-20T07:00:00+00:00,3208
2019-12-20T09:00:00+00:00,2870
2019-12-20T11:00:00+00:00,3624
2019-12-20T08:00:00+00:00,4282
2019-12-20T10:00:00+00:00,2885
2019-12-20T12:00:00+00:00,4142
2019-12-20T13:00:00+00:00,8376
2019-12-20T15:00:00+00:00,7334
2019-12-20T14:00:00+00:00,10327
2019-12-20T16:00:00+00:00,6120
2019-12-20T17:00:00+00:00,2405
2019-12-20T18:00:00+00:00,2029
2019-12-20T19:00:00+00:00,1992
2019-12-20T20:00:00+00:00,2057
2019-12-20T21:00:00+00:00,893
2019-12-22T00:00:00+00:00,0
2019-12-20T22:00:00+00:00,0
2019-12-20T23:00:00+00:00,0
2019-12-22T01:00:00+00:00,0
2019-12-22T02:00:00+00:00,0
2019-12-22T03:00:00+00:00,0
2019-12-22T04:00:00+00:00,0
2019-12-22T05:00:00+00:00,0
2019-12-22T06:00:00+00:00,0
2019-12-22T07:00:00+00:00,0
2019-12-22T08:00:00+00:00,0
2019-12-22T09:00:00+00:00,0
2019-12-22T10:00:00+00:00,0
2019-12-22T11:00:00+00:00,0
2019-12-22T12:00:00+00:00,0
2019-12-22T13:00:00+00:00,0
2019-12-22T14:00:00+00:00,0
2019-12-22T15:00:00+00:00,0
2019-12-22T17:00:00+00:00,0
2019-12-22T16:00:00+00:00,0
2019-12-22T18:00:00+00:00,0
2019-12-22T19:00:00+00:00,0
2019-12-22T20:00:00+00:00,0
2019-12-22T22:00:00+00:00,0
2019-12-22T21:00:00+00:00,0
2019-12-23T00:00:00+00:00,1619
2019-12-22T23:00:00+00:00,1543
2019-12-23T02:00:00+00:00,1256
2019-12-23T01:00:00+00:00,1521
2019-12-23T03:00:00+00:00,1913
2019-12-23T04:00:00+00:00,825
2019-12-23T07:00:00+00:00,5238
2019-12-23T05:00:00+00:00,1362
2019-12-23T06:00:00+00:00,2636
2019-12-23T09:00:00+00:00,4341
2019-12-23T08:00:00+00:00,5065
2019-12-23T10:00:00+00:00,3696
2019-12-23T11:00:00+00:00,3634
2019-12-23T12:00:00+00:00,5289
2019-12-23T14:00:00+00:00,6917
2019-12-23T13:00:00+00:00,9628
2019-12-23T15:00:00+00:00,7404
2019-12-23T16:00:00+00:00,4954
2019-12-23T17:00:00+00:00,3355
2019-12-23T18:00:00+00:00,4647
2019-12-23T19:00:00+00:00,2209
2019-12-23T20:00:00+00:00,1770
2019-12-23T22:00:00+00:00,0
2019-12-23T21:00:00+00:00,1156
2019-12-23T23:00:00+00:00,1176
2019-12-24T00:00:00+00:00,857
2019-12-24T01:00:00+00:00,3553
2019-12-24T02:00:00+00:00,4978
2019-12-24T03:00:00+00:00,2702
2019-12-24T04:00:00+00:00,789
2019-12-24T06:00:00+00:00,3909
2019-12-24T05:00:00+00:00,3820
2019-12-24T07:00:00+00:00,3581
2019-12-24T08:00:00+00:00,3723
2019-12-24T09:00:00+00:00,3676
2019-12-24T10:00:00+00:00,5237
2019-12-24T11:00:00+00:00,4311
2019-12-24T12:00:00+00:00,3493
2019-12-24T13:00:00+00:00,5565
2019-12-24T14:00:00+00:00,6934
2019-12-24T15:00:00+00:00,13376
2019-12-24T16:00:00+00:00,8527
2019-12-24T17:00:00+00:00,5861
2019-12-24T18:00:00+00:00,1810
2019-12-24T19:00:00+00:00,0
2019-12-24T20:00:00+00:00,0
2019-12-24T21:00:00+00:00,0
2019-12-24T22:00:00+00:00,0
2019-12-24T23:00:00+00:00,0
2019-12-25T00:00:00+00:00,0
2019-12-25T02:00:00+00:00,0
2019-12-25T01:00:00+00:00,0
2019-12-25T04:00:00+00:00,0
2019-12-25T05:00:00+00:00,0
2019-12-25T03:00:00+00:00,0
2019-12-25T06:00:00+00:00,0
2019-12-25T07:00:00+00:00,0
2019-12-25T08:00:00+00:00,0
2019-12-25T09:00:00+00:00,0
2019-12-25T10:00:00+00:00,0
2019-12-25T11:00:00+00:00,0
2019-12-25T14:00:00+00:00,0
2019-12-25T13:00:00+00:00,0
2019-12-25T12:00:00+00:00,0
2019-12-25T15:00:00+00:00,0
2019-12-25T16:00:00+00:00,0
2019-12-25T17:00:00+00:00,0
2019-12-25T18:00:00+00:00,0
2019-12-25T19:00:00+00:00,0
2019-12-25T22:00:00+00:00,0
2019-12-25T21:00:00+00:00,0
2019-12-25T20:00:00+00:00,0
2019-12-25T23:00:00+00:00,2396
2019-12-26T00:00:00+00:00,2742
2019-12-26T01:00:00+00:00,4333
2019-12-26T02:00:00+00:00,6806
2019-12-26T03:00:00+00:00,3111
2019-12-26T04:00:00+00:00,1608
2019-12-26T05:00:00+00:00,4178
2019-12-26T06:00:00+00:00,4693
2019-12-26T07:00:00+00:00,2839
2019-12-26T08:00:00+00:00,2521
2019-12-26T09:00:00+00:00,2927
2019-12-26T10:00:00+00:00,4473
2019-12-26T11:00:00+00:00,2183
2019-12-26T12:00:00+00:00,6419
2019-12-26T13:00:00+00:00,8547
2019-12-26T14:00:00+00:00,11167
2019-12-26T15:00:00+00:00,7156
2019-12-26T16:00:00+00:00,9207
2019-12-26T17:00:00+00:00,5548
2019-12-26T18:00:00+00:00,5899
2019-12-26T19:00:00+00:00,4235
2019-12-26T20:00:00+00:00,4550
2019-12-26T21:00:00+00:00,1473
2019-12-26T23:00:00+00:00,1938
2019-12-26T22:00:00+00:00,0
2019-12-27T00:00:00+00:00,3238
2019-12-27T01:00:00+00:00,3372
2019-12-27T02:00:00+00:00,4714
2019-12-27T03:00:00+00:00,3060
2019-12-27T04:00:00+00:00,2117
2019-12-27T07:00:00+00:00,5792
2019-12-27T05:00:00+00:00,3969
2019-12-27T06:00:00+00:00,6045
2019-12-27T08:00:00+00:00,8560
2019-12-27T09:00:00+00:00,5182
2019-12-27T10:00:00+00:00,4412
2019-12-27T11:00:00+00:00,5513
2019-12-27T12:00:00+00:00,4653
2019-12-27T13:00:00+00:00,9420
2019-12-27T14:00:00+00:00,8003
2019-12-27T15:00:00+00:00,10319
2019-12-27T16:00:00+00:00,8451
2019-12-27T17:00:00+00:00,7096
2019-12-27T18:00:00+00:00,4763
2019-12-27T19:00:00+00:00,4000
2019-12-27T20:00:00+00:00,5745
2019-12-27T21:00:00+00:00,1317
2019-12-27T22:00:00+00:00,0
2019-12-27T23:00:00+00:00,0
2019-12-29T00:00:00+00:00,0
2019-12-29T03:00:00+00:00,0
2019-12-29T01:00:00+00:00,0
2019-12-29T02:00:00+00:00,0
2019-12-29T04:00:00+00:00,0
2019-12-29T05:00:00+00:00,0
2019-12-29T06:00:00+00:00,0
2019-12-29T07:00:00+00:00,0
2019-12-29T08:00:00+00:00,0
2019-12-29T10:00:00+00:00,0
2019-12-29T09:00:00+00:00,0
2019-12-29T11:00:00+00:00,0
2019-12-29T12:00:00+00:00,0
2019-12-29T13:00:00+00:00,0
2019-12-29T14:00:00+00:00,0
2019-12-29T15:00:00+00:00,0
2019-12-29T16:00:00+00:00,0
2019-12-29T17:00:00+00:00,0
2019-12-29T18:00:00+00:00,0
2019-12-29T19:00:00+00:00,0
2019-12-29T20:00:00+00:00,0
2019-12-29T21:00:00+00:00,0
2019-12-29T22:00:00+00:00,0
2019-12-29T23:00:00+00:00,2894
2019-12-30T00:00:00+00:00,2539
2019-12-30T01:00:00+00:00,4350
2019-12-30T02:00:00+00:00,3794
2019-12-30T03:00:00+00:00,2734
2019-12-30T04:00:00+00:00,2110
2019-12-30T05:00:00+00:00,2197
2019-12-30T06:00:00+00:00,3311
2019-12-30T08:00:00+00:00,6975
2019-12-30T07:00:00+00:00,5473
2019-12-30T09:00:00+00:00,3280
2019-12-30T10:00:00+00:00,4047
2019-12-30T11:00:00+00:00,3879
2019-12-30T12:00:00+00:00,4355
2019-12-30T13:00:00+00:00,7505
2019-12-30T14:00:00+00:00,9406
2019-12-30T16:00:00+00:00,8088
2019-12-30T15:00:00+00:00,14449
2019-12-30T17:00:00+00:00,5007
2019-12-30T18:00:00+00:00,4440
2019-12-30T19:00:00+00:00,2694
2019-12-30T20:00:00+00:00,2584
2019-12-30T22:00:00+00:00,0
2019-12-30T21:00:00+00:00,814
2019-12-30T23:00:00+00:00,825
2019-12-31T00:00:00+00:00,825
2019-12-31T01:00:00+00:00,8150
2019-12-31T02:00:00+00:00,3086
2019-12-31T03:00:00+00:00,1808
2019-12-31T04:00:00+00:00,2617
2019-12-31T05:00:00+00:00,2751
2019-12-31T06:00:00+00:00,2568
2019-12-31T07:00:00+00:00,4455
2019-12-31T08:00:00+00:00,4633
2019-12-31T09:00:00+00:00,3762
2019-12-31T10:00:00+00:00,4048
2019-12-31T11:00:00+00:00,4803
2019-12-31T12:00:00+00:00,7335
2019-12-31T13:00:00+00:00,10086
2019-12-31T14:00:00+00:00,16226
2019-12-31T15:00:00+00:00,13448
2019-12-31T16:00:00+00:00,10747
2019-12-31T17:00:00+00:00,8838
2019-12-31T18:00:00+00:00,5913
2019-12-31T19:00:00+00:00,2130
2019-12-31T20:00:00+00:00,2870
2019-12-31T21:00:00+00:00,1051
2019-12-31T22:00:00+00:00,0
2019-12-31T23:00:00+00:00,0
2020-01-01T01:00:00+00:00,0
2020-01-01T00:00:00+00:00,0
2020-01-01T02:00:00+00:00,0
2020-01-01T03:00:00+00:00,0
2020-01-01T04:00:00+00:00,0
2020-01-01T05:00:00+00:00,0
2020-01-01T06:00:00+00:00,0
2020-01-01T07:00:00+00:00,0
2020-01-01T08:00:00+00:00,0
2020-01-01T09:00:00+00:00,0
2020-01-01T10:00:00+00:00,0
2020-01-01T11:00:00+00:00,0
2020-01-01T12:00:00+00:00,0
2020-01-01T13:00:00+00:00,0
2020-01-01T14:00:00+00:00,0
2020-01-01T15:00:00+00:00,0
2020-01-01T16:00:00+00:00,0
2020-01-01T17:00:00+00:00,0
2020-01-01T18:00:00+00:00,0
2020-01-01T19:00:00+00:00,0
2020-01-01T20:00:00+00:00,0
2020-01-01T21:00:00+00:00,0
2020-01-01T22:00:00+00:00,0
2020-01-01T23:00:00+00:00,2798
2020-01-02T00:00:00+00:00,2058
2020-01-02T01:00:00+00:00,4467
2020-01-02T03:00:00+00:00,1599
2020-01-02T05:00:00+00:00,2070
2020-01-02T02:00:00+00:00,2722
2020-01-02T04:00:00+00:00,819
2020-01-02T06:00:00+00:00,3587
2020-01-02T07:00:00+00:00,5198
2020-01-02T08:00:00+00:00,8907
2020-01-02T09:00:00+00:00,4783
2020-01-02T10:00:00+00:00,4159
2020-01-02T11:00:00+00:00,3583
2020-01-02T12:00:00+00:00,4521
2020-01-02T13:00:00+00:00,11369
2020-01-02T14:00:00+00:00,14969
2020-01-02T15:00:00+00:00,12262
2020-01-02T16:00:00+00:00,10482
2020-01-02T17:00:00+00:00,8740
2020-01-02T18:00:00+00:00,4523
2020-01-02T19:00:00+00:00,3124
2020-01-02T20:00:00+00:00,3615
2020-01-02T21:00:00+00:00,1031
2020-01-02T22:00:00+00:00,0
2020-01-02T23:00:00+00:00,1188
2020-01-03T00:00:00+00:00,2198
2020-01-03T01:00:00+00:00,5584
2020-01-03T02:00:00+00:00,12619
2020-01-03T03:00:00+00:00,6343
2020-01-03T04:00:00+00:00,5902
2020-01-03T05:00:00+00:00,12066
2020-01-03T06:00:00+00:00,6452
2020-01-03T07:00:00+00:00,11886
2020-01-03T08:00:00+00:00,11790
2020-01-03T09:00:00+00:00,13120
2020-01-03T10:00:00+00:00,10304
2020-01-03T11:00:00+00:00,9310
2020-01-03T12:00:00+00:00,11178
2020-01-03T13:00:00+00:00,15864
2020-01-03T14:00:00+00:00,15250
2020-01-03T15:00:00+00:00,21426
2020-01-03T16:00:00+00:00,10543
2020-01-03T17:00:00+00:00,5988
2020-01-03T18:00:00+00:00,10377
2020-01-03T20:00:00+00:00,8407
2020-01-03T19:00:00+00:00,9535
2020-01-03T21:00:00+00:00,2430
2020-01-03T22:00:00+00:00,0
2020-01-03T23:00:00+00:00,0
2020-01-05T00:00:00+00:00,0
2020-01-05T01:00:00+00:00,0
2020-01-05T02:00:00+00:00,0
2020-01-05T03:00:00+00:00,0
2020-01-05T04:00:00+00:00,0
2020-01-05T05:00:00+00:00,0
2020-01-05T06:00:00+00:00,0
2020-01-05T07:00:00+00:00,0
2020-01-05T08:00:00+00:00,0
2020-01-05T09:00:00+00:00,0
2020-01-05T10:00:00+00:00,0
2020-01-05T11:00:00+00:00,0
2020-01-05T12:00:00+00:00,0
2020-01-05T13:00:00+00:00,0
2020-01-05T14:00:00+00:00,0
2020-01-05T15:00:00+00:00,0
2020-01-05T16:00:00+00:00,0
2020-01-05T17:00:00+00:00,0
2020-01-05T19:00:00+00:00,0
2020-01-05T18:00:00+00:00,0
2020-01-05T20:00:00+00:00,0
2020-01-05T21:00:00+00:00,0
2020-01-05T22:00:00+00:00,0
2020-01-05T23:00:00+00:00,14464
2020-01-06T00:00:00+00:00,9353
2020-01-06T02:00:00+00:00,7479
2020-01-06T01:00:00+00:00,19207
2020-01-06T03:00:00+00:00,6334
2020-01-06T04:00:00+00:00,5759
2020-01-06T05:00:00+00:00,6585
2020-01-06T06:00:00+00:00,8856
2020-01-06T07:00:00+00:00,12127
2020-01-06T08:00:00+00:00,15548
2020-01-06T09:00:00+00:00,10121
2020-01-06T10:00:00+00:00,6163
2020-01-06T11:00:00+00:00,6970
2020-01-06T12:00:00+00:00,8240
2020-01-06T13:00:00+00:00,13559
2020-01-06T14:00:00+00:00,16755
2020-01-06T15:00:00+00:00,22489
2020-01-06T16:00:00+00:00,16007
2020-01-06T17:00:00+00:00,8408
2020-01-06T18:00:00+00:00,9599
2020-01-06T19:00:00+00:00,8071
2020-01-06T20:00:00+00:00,8194
2020-01-06T21:00:00+00:00,1718
2020-01-06T22:00:00+00:00,0
2020-01-06T23:00:00+00:00,2107
2020-01-07T01:00:00+00:00,7480
2020-01-07T00:00:00+00:00,3696
2020-01-07T02:00:00+00:00,8987
2020-01-07T03:00:00+00:00,5389
2020-01-07T04:00:00+00:00,2916
2020-01-07T05:00:00+00:00,6865
2020-01-07T06:00:00+00:00,14424
2020-01-07T07:00:00+00:00,12415
2020-01-07T08:00:00+00:00,14302
2020-01-07T09:00:00+00:00,8666
2020-01-07T10:00:00+00:00,8347
2020-01-07T11:00:00+00:00,5702
2020-01-07T12:00:00+00:00,8510
2020-01-07T13:00:00+00:00,12707
2020-01-07T14:00:00+00:00,16964
2020-01-07T15:00:00+00:00,23981
2020-01-07T16:00:00+00:00,11538
2020-01-07T17:00:00+00:00,8220
2020-01-07T18:00:00+00:00,6074
2020-01-07T19:00:00+00:00,7745
2020-01-07T20:00:00+00:00,4691
2020-01-07T21:00:00+00:00,4649
2020-01-07T22:00:00+00:00,0
2020-01-07T23:00:00+00:00,17647
2020-01-08T00:00:00+00:00,25314
2020-01-08T01:00:00+00:00,22781
2020-01-08T02:00:00+00:00,23392
2020-01-08T03:00:00+00:00,19547
2020-01-08T04:00:00+00:00,9947
2020-01-08T05:00:00+00:00,12391
2020-01-08T06:00:00+00:00,10522
2020-01-08T07:00:00+00:00,17009
2020-01-08T08:00:00+00:00,19569
2020-01-08T09:00:00+00:00,13382
2020-01-08T10:00:00+00:00,11026
2020-01-08T11:00:00+00:00,12556
2020-01-08T12:00:00+00:00,13606
2020-01-08T13:00:00+00:00,20789
2020-01-08T14:00:00+00:00,20349
2020-01-08T15:00:00+00:00,17367
2020-01-08T16:00:00+00:00,26343
2020-01-08T17:00:00+00:00,15035
2020-01-08T18:00:00+00:00,13931
2020-01-08T19:00:00+00:00,9784
2020-01-08T20:00:00+00:00,9704
2020-01-08T21:00:00+00:00,3963
2020-01-08T22:00:00+00:00,0
2020-01-08T23:00:00+00:00,3832
2020-01-09T00:00:00+00:00,5193
2020-01-09T01:00:00+00:00,7583
2020-01-09T02:00:00+00:00,3880
2020-01-09T04:00:00+00:00,1950
2020-01-09T03:00:00+00:00,4088
2020-01-09T05:00:00+00:00,5863
2020-01-09T06:00:00+00:00,12390
2020-01-09T07:00:00+00:00,13100
2020-01-09T08:00:00+00:00,16593
2020-01-09T10:00:00+00:00,7303
2020-01-09T11:00:00+00:00,4107
2020-01-09T09:00:00+00:00,12278
2020-01-09T12:00:00+00:00,13629
2020-01-09T13:00:00+00:00,14883
2020-01-09T14:00:00+00:00,14723
2020-01-09T15:00:00+00:00,14429
2020-01-09T16:00:00+00:00,7724
2020-01-09T17:00:00+00:00,5771
2020-01-09T18:00:00+00:00,7966
2020-01-09T19:00:00+00:00,4578
2020-01-09T22:00:00+00:00,0
2020-01-09T21:00:00+00:00,1633
2020-01-09T20:00:00+00:00,4159
2020-01-09T23:00:00+00:00,1579
2020-01-10T00:00:00+00:00,3445
2020-01-10T01:00:00+00:00,5565
2020-01-10T02:00:00+00:00,3471
2020-01-10T03:00:00+00:00,2924
2020-01-10T05:00:00+00:00,2632
2020-01-10T04:00:00+00:00,1712
2020-01-10T06:00:00+00:00,4030
2020-01-10T07:00:00+00:00,6880
2020-01-10T08:00:00+00:00,6686
2020-01-10T09:00:00+00:00,4801
2020-01-10T10:00:00+00:00,2945
2020-01-10T11:00:00+00:00,2574
2020-01-10T12:00:00+00:00,3085
2020-01-10T13:00:00+00:00,21584
2020-01-10T14:00:00+00:00,19340
2020-01-10T15:00:00+00:00,14707
2020-01-10T16:00:00+00:00,13576
2020-01-10T17:00:00+00:00,8018
2020-01-10T18:00:00+00:00,5412
2020-01-10T19:00:00+00:00,5126
2020-01-10T20:00:00+00:00,4828
2020-01-10T21:00:00+00:00,1834
2020-01-10T23:00:00+00:00,0
2020-01-10T22:00:00+00:00,0
2020-01-12T00:00:00+00:00,0
2020-01-12T01:00:00+00:00,0
2020-01-12T02:00:00+00:00,0
2020-01-12T03:00:00+00:00,0
2020-01-12T04:00:00+00:00,0
2020-01-12T05:00:00+00:00,0
2020-01-12T07:00:00+00:00,0
2020-01-12T06:00:00+00:00,0
2020-01-12T08:00:00+00:00,0
2020-01-12T09:00:00+00:00,0
2020-01-12T10:00:00+00:00,0
2020-01-12T11:00:00+00:00,0
2020-01-12T12:00:00+00:00,0
2020-01-12T13:00:00+00:00,0
2020-01-12T14:00:00+00:00,0
2020-01-12T16:00:00+00:00,0
2020-01-12T15:00:00+00:00,0
2020-01-12T17:00:00+00:00,0
2020-01-12T18:00:00+00:00,0
2020-01-12T19:00:00+00:00,0
2020-01-12T20:00:00+00:00,0
2020-01-12T21:00:00+00:00,0
2020-01-12T22:00:00+00:00,0
2020-01-12T23:00:00+00:00,2758
2020-01-13T00:00:00+00:00,2125
2020-01-13T01:00:00+00:00,5891
2020-01-13T02:00:00+00:00,3743
2020-01-13T03:00:00+00:00,3598
2020-01-13T04:00:00+00:00,1014
2020-01-13T06:00:00+00:00,4875
2020-01-13T05:00:00+00:00,2243
2020-01-13T08:00:00+00:00,7745
2020-01-13T07:00:00+00:00,6949
2020-01-13T09:00:00+00:00,10612
2020-01-13T11:00:00+00:00,4352
2020-01-13T10:00:00+00:00,5354
2020-01-13T12:00:00+00:00,5674
2020-01-13T13:00:00+00:00,9485
2020-01-13T14:00:00+00:00,16532
2020-01-13T15:00:00+00:00,12923
2020-01-13T16:00:00+00:00,10227
2020-01-13T17:00:00+00:00,6760
2020-01-13T18:00:00+00:00,4504
2020-01-13T19:00:00+00:00,3612
2020-01-13T20:00:00+00:00,3326
2020-01-13T21:00:00+00:00,1507
2020-01-13T22:00:00+00:00,0
2020-01-13T23:00:00+00:00,2613
2020-01-14T00:00:00+00:00,4880
2020-01-14T01:00:00+00:00,14993
2020-01-14T02:00:00+00:00,6435
2020-01-14T03:00:00+00:00,5456
2020-01-14T04:00:00+00:00,2536
2020-01-14T05:00:00+00:00,6599
2020-01-14T06:00:00+00:00,7562
2020-01-14T07:00:00+00:00,7190
2020-01-14T08:00:00+00:00,10376
2020-01-14T09:00:00+00:00,6194
2020-01-14T10:00:00+00:00,5535
2020-01-14T12:00:00+00:00,7153
2020-01-14T13:00:00+00:00,14600
2020-01-14T14:00:00+00:00,16573
2020-01-14T15:00:00+00:00,13372
2020-01-14T16:00:00+00:00,8995
2020-01-14T17:00:00+00:00,6051
2020-01-14T18:00:00+00:00,13670
2020-01-14T19:00:00+00:00,13836
2020-01-14T20:00:00+00:00,6952
2020-01-14T21:00:00+00:00,977
2020-01-14T22:00:00+00:00,0
2020-01-14T23:00:00+00:00,2900
2020-01-15T00:00:00+00:00,3178
2020-01-15T01:00:00+00:00,6266
2020-01-15T02:00:00+00:00,8057
2020-01-15T03:00:00+00:00,2968
2020-01-15T04:00:00+00:00,2238
2020-01-15T05:00:00+00:00,3081
2020-01-15T07:00:00+00:00,5618
2020-01-15T08:00:00+00:00,6534
2020-01-15T11:00:00+00:00,4297
2020-01-15T12:00:00+00:00,6342
2020-01-15T13:00:00+00:00,15521
2020-01-15T14:00:00+00:00,17271
2020-01-15T15:00:00+00:00,14063
2020-01-15T16:00:00+00:00,10386
2020-01-15T17:00:00+00:00,9153
2020-01-15T19:00:00+00:00,7479
2020-01-15T20:00:00+00:00,9625
2020-01-15T21:00:00+00:00,1554
2020-01-16T00:00:00+00:00,3294
2020-01-16T01:00:00+00:00,4549
2020-01-14T11:00:00+00:00,ERROR
2020-01-15T06:00:00+00:00,ERROR
2020-01-15T09:00:00+00:00,ERROR
2020-01-15T10:00:00+00:00,ERROR
2020-01-15T18:00:00+00:00,ERROR
2020-01-15T22:00:00+00:00,ERROR
2020-01-15T23:00:00+00:00,ERROR
2020-01-16T02:00:00+00:00,ERROR
2020-01-16T03:00:00+00:00,ERROR
2020-01-16T04:00:00+00:00,ERROR
2020-01-16T05:00:00+00:00,ERROR
2020-01-16T06:00:00+00:00,ERROR
2020-01-16T07:00:00+00:00,ERROR
2020-01-16T08:00:00+00:00,ERROR
2020-01-16T09:00:00+00:00,ERROR
2020-01-16T10:00:00+00:00,ERROR
2020-01-16T11:00:00+00:00,ERROR
2020-01-16T12:00:00+00:00,ERROR
2020-01-16T13:00:00+00:00,ERROR
2020-01-16T14:00:00+00:00,ERROR
2020-01-16T15:00:00+00:00,ERROR
2020-01-16T16:00:00+00:00,ERROR
2020-01-16T17:00:00+00:00,ERROR
2020-01-16T18:00:00+00:00,ERROR
2020-01-16T19:00:00+00:00,ERROR
2020-01-17T03:00:00+00:00,ERROR
2020-01-17T04:00:00+00:00,1453
2020-01-16T20:00:00+00:00,ERROR
2020-01-17T05:00:00+00:00,3070
2020-01-17T06:00:00+00:00,ERROR
2020-01-16T21:00:00+00:00,ERROR
2020-01-16T22:00:00+00:00,ERROR
2020-01-17T07:00:00+00:00,3513
2020-01-17T11:00:00+00:00,3255
2020-01-17T12:00:00+00:00,6054
2020-01-17T13:00:00+00:00,14270
2020-01-17T14:00:00+00:00,14067
2020-01-17T15:00:00+00:00,12412
2020-01-16T23:00:00+00:00,ERROR
2020-01-17T16:00:00+00:00,7629
2020-01-17T18:00:00+00:00,4865
2020-01-17T19:00:00+00:00,2656
2020-01-17T20:00:00+00:00,4455
2020-01-17T01:00:00+00:00,ERROR
2020-01-17T00:00:00+00:00,ERROR
2020-01-17T21:00:00+00:00,1516
2020-01-19T00:00:00+00:00,0
2020-01-19T01:00:00+00:00,0
2020-01-17T02:00:00+00:00,ERROR
2020-01-19T02:00:00+00:00,0
2020-01-19T04:00:00+00:00,0
2020-01-19T05:00:00+00:00,0
2020-01-19T06:00:00+00:00,0
2020-01-17T10:00:00+00:00,3857
2020-01-19T07:00:00+00:00,0
2020-01-19T08:00:00+00:00,0
2020-01-19T10:00:00+00:00,0
2020-01-17T08:00:00+00:00,4071
2020-01-19T12:00:00+00:00,0
2020-01-19T11:00:00+00:00,0
2020-01-19T09:00:00+00:00,0
2020-01-19T13:00:00+00:00,0
2020-01-19T14:00:00+00:00,0
2020-01-19T15:00:00+00:00,0
2020-01-19T16:00:00+00:00,0
2020-01-19T17:00:00+00:00,0
2020-01-17T17:00:00+00:00,5614
2020-01-19T18:00:00+00:00,0
2020-01-19T19:00:00+00:00,0
2020-01-17T09:00:00+00:00,4815
2020-01-19T20:00:00+00:00,0
2020-01-19T21:00:00+00:00,0
2020-01-19T23:00:00+00:00,2630
2020-01-19T22:00:00+00:00,0
2020-01-20T00:00:00+00:00,1648
2020-01-20T03:00:00+00:00,1567
2020-01-17T22:00:00+00:00,0
2020-01-20T01:00:00+00:00,3376
2020-01-20T02:00:00+00:00,2088
2020-01-20T04:00:00+00:00,1111
2020-01-17T23:00:00+00:00,0
2020-01-20T05:00:00+00:00,2445
2020-01-20T06:00:00+00:00,3643
2020-01-20T07:00:00+00:00,3447
2020-01-20T09:00:00+00:00,2288
2020-01-20T08:00:00+00:00,3872
2020-01-20T10:00:00+00:00,2293
2020-01-20T11:00:00+00:00,1985
2020-01-20T12:00:00+00:00,2026
2020-01-20T13:00:00+00:00,5467
2020-01-20T14:00:00+00:00,3497
2020-01-20T15:00:00+00:00,3163
2020-01-20T16:00:00+00:00,3248
2020-01-19T03:00:00+00:00,0
2020-01-20T17:00:00+00:00,1889
2020-01-20T18:00:00+00:00,0
2020-01-20T19:00:00+00:00,0
2020-01-20T20:00:00+00:00,0
2020-01-20T21:00:00+00:00,0
2020-01-20T22:00:00+00:00,0
2020-01-20T23:00:00+00:00,1346
2020-01-21T00:00:00+00:00,1340
2020-01-21T01:00:00+00:00,10598
2020-01-21T02:00:00+00:00,8441
2020-01-21T03:00:00+00:00,3910
2020-01-21T04:00:00+00:00,2359
2020-01-21T05:00:00+00:00,3372
2020-01-21T06:00:00+00:00,4062
2020-01-21T07:00:00+00:00,10065
2020-01-21T08:00:00+00:00,14750
2020-01-21T09:00:00+00:00,8489
2020-01-21T10:00:00+00:00,7186
2020-01-21T11:00:00+00:00,9937
2020-01-21T12:00:00+00:00,7194
2020-01-21T13:00:00+00:00,20225
2020-01-21T14:00:00+00:00,21507
2020-01-21T16:00:00+00:00,8390
2020-01-21T15:00:00+00:00,15191
2020-01-21T17:00:00+00:00,4493
2020-01-21T18:00:00+00:00,11686
2020-01-21T19:00:00+00:00,8280
2020-01-21T20:00:00+00:00,7163
2020-01-21T21:00:00+00:00,1644
2020-01-21T22:00:00+00:00,0
2020-01-21T23:00:00+00:00,1927
2020-01-22T00:00:00+00:00,2716
2020-01-22T01:00:00+00:00,9030
2020-01-22T02:00:00+00:00,7383
2020-01-22T03:00:00+00:00,4204
2020-01-22T04:00:00+00:00,2325
2020-01-22T05:00:00+00:00,2807
2020-01-22T06:00:00+00:00,2996
2020-01-22T10:00:00+00:00,4335
2020-01-22T07:00:00+00:00,4159
2020-01-22T08:00:00+00:00,6607
2020-01-22T11:00:00+00:00,5983
2020-01-22T09:00:00+00:00,6965
2020-01-22T12:00:00+00:00,4427
2020-01-22T13:00:00+00:00,11005
2020-01-22T14:00:00+00:00,12524
2020-01-22T16:00:00+00:00,8058
2020-01-22T17:00:00+00:00,6470
2020-01-22T15:00:00+00:00,11151
2020-01-22T18:00:00+00:00,4554
2020-01-22T19:00:00+00:00,5114
2020-01-22T20:00:00+00:00,6601
2020-01-22T21:00:00+00:00,1136
2020-01-22T22:00:00+00:00,0
2020-01-22T23:00:00+00:00,3718
2020-01-23T00:00:00+00:00,4154
2020-01-23T01:00:00+00:00,7796
2020-01-23T02:00:00+00:00,5849
2020-01-23T03:00:00+00:00,3291
2020-01-23T04:00:00+00:00,1884
2020-01-23T05:00:00+00:00,4715
2020-01-23T06:00:00+00:00,5033
2020-01-23T07:00:00+00:00,5818
2020-01-23T08:00:00+00:00,8989
2020-01-23T09:00:00+00:00,4916
2020-01-23T10:00:00+00:00,2849
2020-01-23T11:00:00+00:00,2987
2020-01-23T12:00:00+00:00,5388
2020-01-23T13:00:00+00:00,11657
2020-01-23T14:00:00+00:00,19147
2020-01-23T15:00:00+00:00,16300
2020-01-23T16:00:00+00:00,14076
2020-01-23T17:00:00+00:00,7108
2020-01-23T18:00:00+00:00,10037
2020-01-23T19:00:00+00:00,9823
2020-01-23T20:00:00+00:00,8337
2020-01-23T21:00:00+00:00,1610
2020-01-23T22:00:00+00:00,0
2020-01-23T23:00:00+00:00,1694
2020-01-24T00:00:00+00:00,2722
2020-01-24T01:00:00+00:00,4582
2020-01-24T02:00:00+00:00,1727
2020-01-24T03:00:00+00:00,1214
2020-01-24T04:00:00+00:00,1757
2020-01-24T05:00:00+00:00,1557
2020-01-24T06:00:00+00:00,1711
2020-01-24T07:00:00+00:00,2834
2020-01-24T08:00:00+00:00,9722
2020-01-24T09:00:00+00:00,7767
2020-01-24T10:00:00+00:00,4158
2020-01-24T11:00:00+00:00,5188
2020-01-24T12:00:00+00:00,5376
2020-01-24T13:00:00+00:00,10099
2020-01-24T14:00:00+00:00,14595
2020-01-24T15:00:00+00:00,20659
2020-01-24T16:00:00+00:00,20128
2020-01-24T17:00:00+00:00,14943
2020-01-24T18:00:00+00:00,13119
2020-01-24T19:00:00+00:00,11939
2020-01-24T20:00:00+00:00,15078
2020-01-24T21:00:00+00:00,2047
2020-01-24T22:00:00+00:00,0
2020-01-24T23:00:00+00:00,0
2020-01-26T00:00:00+00:00,0
2020-01-26T01:00:00+00:00,0
2020-01-26T02:00:00+00:00,0
2020-01-26T03:00:00+00:00,0
2020-01-26T04:00:00+00:00,0
2020-01-26T05:00:00+00:00,0
2020-01-26T06:00:00+00:00,0
2020-01-26T07:00:00+00:00,0
2020-01-26T09:00:00+00:00,0
2020-01-26T08:00:00+00:00,0
2020-01-26T10:00:00+00:00,0
2020-01-26T11:00:00+00:00,0
2020-01-26T12:00:00+00:00,0
2020-01-26T13:00:00+00:00,0
2020-01-26T14:00:00+00:00,0
2020-01-26T16:00:00+00:00,0
2020-01-26T15:00:00+00:00,0
2020-01-26T17:00:00+00:00,0
2020-01-26T18:00:00+00:00,0
2020-01-26T19:00:00+00:00,0
2020-01-26T20:00:00+00:00,0
2020-01-26T21:00:00+00:00,0
2020-01-26T22:00:00+00:00,0
2020-01-26T23:00:00+00:00,9478
2020-01-27T00:00:00+00:00,8971
2020-01-27T01:00:00+00:00,5145
2020-01-27T02:00:00+00:00,4323
2020-01-27T03:00:00+00:00,3112
2020-01-27T04:00:00+00:00,3474
2020-01-27T05:00:00+00:00,6090
2020-01-27T06:00:00+00:00,5434
2020-01-27T07:00:00+00:00,9438
2020-01-27T08:00:00+00:00,12713
2020-01-27T09:00:00+00:00,14276
2020-01-27T10:00:00+00:00,9828
2020-01-27T11:00:00+00:00,11248
2020-01-27T12:00:00+00:00,12739
2020-01-27T13:00:00+00:00,14337
2020-01-27T15:00:00+00:00,23537
2020-01-27T14:00:00+00:00,22390
2020-01-27T16:00:00+00:00,16539
2020-01-27T17:00:00+00:00,11177
2020-01-27T18:00:00+00:00,11574
2020-01-27T19:00:00+00:00,8926
2020-01-27T20:00:00+00:00,9613
2020-01-27T21:00:00+00:00,1960
2020-01-27T22:00:00+00:00,0
2020-01-27T23:00:00+00:00,1666
2020-01-28T00:00:00+00:00,3097
2020-01-28T01:00:00+00:00,5192
2020-01-28T02:00:00+00:00,4385
2020-01-28T03:00:00+00:00,3134
2020-01-28T04:00:00+00:00,3300
2020-01-28T05:00:00+00:00,3816
2020-01-28T06:00:00+00:00,5053
2020-01-28T07:00:00+00:00,7293
2020-01-28T08:00:00+00:00,11452
2020-01-28T09:00:00+00:00,13162
2020-01-28T10:00:00+00:00,5834
2020-01-28T11:00:00+00:00,6656
2020-01-28T12:00:00+00:00,13741
2020-01-28T13:00:00+00:00,13269
2020-01-28T14:00:00+00:00,18563
2020-01-28T15:00:00+00:00,20133
2020-01-28T16:00:00+00:00,14315
2020-01-28T17:00:00+00:00,8357
2020-01-28T18:00:00+00:00,6488
2020-01-28T19:00:00+00:00,6296
2020-01-28T20:00:00+00:00,7481
2020-01-28T21:00:00+00:00,2802
2020-01-28T22:00:00+00:00,0
2020-01-28T23:00:00+00:00,3546
2020-01-29T00:00:00+00:00,3467
2020-01-29T01:00:00+00:00,7343
2020-01-29T02:00:00+00:00,5815
2020-01-29T03:00:00+00:00,5094
2020-01-29T04:00:00+00:00,3239
2020-01-29T05:00:00+00:00,4205
2020-01-29T06:00:00+00:00,3826
2020-01-29T07:00:00+00:00,6014
2020-01-29T08:00:00+00:00,10561
2020-01-29T09:00:00+00:00,9238
2020-01-29T10:00:00+00:00,5880
2020-01-29T11:00:00+00:00,6299
2020-01-29T12:00:00+00:00,8716
2020-01-29T13:00:00+00:00,12444
2020-01-29T14:00:00+00:00,16774
2020-01-29T15:00:00+00:00,20549
2020-01-29T16:00:00+00:00,11721
2020-01-29T17:00:00+00:00,6465
2020-01-29T18:00:00+00:00,4577
2020-01-29T19:00:00+00:00,15944
2020-01-29T20:00:00+00:00,13309
2020-01-29T21:00:00+00:00,2427
2020-01-29T22:00:00+00:00,0
2020-01-29T23:00:00+00:00,2735
2020-01-30T00:00:00+00:00,3426
2020-01-30T01:00:00+00:00,6199
2020-01-30T02:00:00+00:00,6295
2020-01-30T03:00:00+00:00,6334
2020-01-30T04:00:00+00:00,3464
2020-01-30T05:00:00+00:00,4416
2020-01-30T06:00:00+00:00,4930
2020-01-30T07:00:00+00:00,13613
2020-01-30T08:00:00+00:00,15127
2020-01-30T09:00:00+00:00,9354
2020-01-30T10:00:00+00:00,6756
2020-01-30T11:00:00+00:00,6506
2020-01-30T12:00:00+00:00,12279
2020-01-30T13:00:00+00:00,16526
2020-01-30T14:00:00+00:00,20597
2020-01-30T15:00:00+00:00,23436
2020-01-30T16:00:00+00:00,14666
2020-01-30T18:00:00+00:00,10022
2020-01-30T17:00:00+00:00,14204
2020-01-30T19:00:00+00:00,13806
2020-01-30T20:00:00+00:00,11805
2020-01-30T21:00:00+00:00,3728
2020-01-30T22:00:00+00:00,0
2020-01-30T23:00:00+00:00,2342
2020-01-31T00:00:00+00:00,3741
2020-01-31T01:00:00+00:00,8982
2020-01-31T02:00:00+00:00,6890
2020-01-31T03:00:00+00:00,4298
2020-01-31T04:00:00+00:00,1957
2020-01-31T05:00:00+00:00,2892
2020-01-31T06:00:00+00:00,5015
2020-01-31T07:00:00+00:00,7585
2020-01-31T08:00:00+00:00,8301
2020-01-31T09:00:00+00:00,6600
2020-01-31T10:00:00+00:00,7850
2020-01-31T11:00:00+00:00,6128
2020-01-31T12:00:00+00:00,5358
2020-01-31T13:00:00+00:00,11870
2020-01-31T14:00:00+00:00,19940
2020-01-31T15:00:00+00:00,25919
2020-01-31T16:00:00+00:00,25206
2020-01-31T17:00:00+00:00,21351
2020-01-31T18:00:00+00:00,20923
2020-01-31T19:00:00+00:00,11617
2020-01-31T20:00:00+00:00,18911
2020-01-31T21:00:00+00:00,3309
2020-01-31T22:00:00+00:00,0
2020-01-31T23:00:00+00:00,0
2020-02-02T00:00:00+00:00,0
2020-02-02T01:00:00+00:00,0
2020-02-02T02:00:00+00:00,0
2020-02-02T03:00:00+00:00,0
2020-02-02T04:00:00+00:00,0
2020-02-02T05:00:00+00:00,0
2020-02-02T06:00:00+00:00,0
2020-02-02T07:00:00+00:00,0
2020-02-02T08:00:00+00:00,0
2020-02-02T09:00:00+00:00,0
2020-02-02T10:00:00+00:00,0
2020-02-02T11:00:00+00:00,0
2020-02-02T12:00:00+00:00,0
2020-02-02T13:00:00+00:00,0
2020-02-02T14:00:00+00:00,0
2020-02-02T15:00:00+00:00,0
2020-02-02T16:00:00+00:00,ERROR
2020-02-02T17:00:00+00:00,ERROR
2020-02-02T18:00:00+00:00,ERROR
2020-02-02T19:00:00+00:00,ERROR
2020-02-02T20:00:00+00:00,ERROR
2020-02-02T21:00:00+00:00,ERROR
2020-02-02T22:00:00+00:00,ERROR
2020-02-02T23:00:00+00:00,ERROR
2020-02-03T00:00:00+00:00,ERROR
2020-02-03T01:00:00+00:00,ERROR
2020-02-03T02:00:00+00:00,ERROR
2020-02-03T03:00:00+00:00,ERROR
2020-02-03T04:00:00+00:00,ERROR
2020-02-03T05:00:00+00:00,ERROR
2020-02-03T06:00:00+00:00,ERROR
2020-02-03T07:00:00+00:00,ERROR
2020-02-03T08:00:00+00:00,ERROR
2020-02-03T09:00:00+00:00,ERROR
2020-02-03T17:00:00+00:00,ERROR
2020-02-03T16:00:00+00:00,ERROR
2020-02-03T18:00:00+00:00,8056
2020-02-03T19:00:00+00:00,4974
2020-02-03T20:00:00+00:00,4186
2020-02-03T21:00:00+00:00,1593
2020-02-03T22:00:00+00:00,0
2020-02-03T23:00:00+00:00,2293
2020-02-04T00:00:00+00:00,2634
2020-02-04T01:00:00+00:00,10651
2020-02-04T02:00:00+00:00,5772
2020-02-04T03:00:00+00:00,4661
2020-02-04T04:00:00+00:00,3555
2020-02-04T05:00:00+00:00,5581
2020-02-04T06:00:00+00:00,6047
2020-02-04T07:00:00+00:00,5556
2020-02-04T09:00:00+00:00,7340
2020-02-04T08:00:00+00:00,10717
2020-02-04T11:00:00+00:00,3674
2020-02-04T10:00:00+00:00,5019
2020-02-04T12:00:00+00:00,6398
2020-02-04T13:00:00+00:00,12121
2020-02-04T14:00:00+00:00,19046
2020-02-03T10:00:00+00:00,ERROR
2020-02-03T11:00:00+00:00,ERROR
2020-02-04T15:00:00+00:00,17879
2020-02-04T16:00:00+00:00,11225
2020-02-04T19:00:00+00:00,5945
2020-02-03T13:00:00+00:00,ERROR
2020-02-03T15:00:00+00:00,ERROR
2020-02-04T20:00:00+00:00,5958
2020-02-04T23:00:00+00:00,1914
2020-02-05T01:00:00+00:00,9647
2020-02-05T00:00:00+00:00,4638
2020-02-05T03:00:00+00:00,3967
2020-02-05T02:00:00+00:00,4422
2020-02-04T18:00:00+00:00,6284
2020-02-05T04:00:00+00:00,1954
2020-02-04T17:00:00+00:00,9127
2020-02-05T05:00:00+00:00,5198
2020-02-03T12:00:00+00:00,4138
2020-02-04T22:00:00+00:00,0
2020-02-05T06:00:00+00:00,3730
2020-02-05T07:00:00+00:00,4666
2020-02-04T21:00:00+00:00,2027
2020-02-05T08:00:00+00:00,14800
2020-02-03T14:00:00+00:00,12555
2020-02-05T09:00:00+00:00,13072
2020-02-05T10:00:00+00:00,5845
2020-02-05T11:00:00+00:00,7832
2020-02-05T12:00:00+00:00,6466
2020-02-05T13:00:00+00:00,13385
2020-02-05T14:00:00+00:00,14012
2020-02-05T15:00:00+00:00,19844
2020-02-05T16:00:00+00:00,10332
2020-02-05T17:00:00+00:00,5094
2020-02-05T18:00:00+00:00,4197
2020-02-05T19:00:00+00:00,4423
2020-02-05T20:00:00+00:00,4425
2020-02-05T21:00:00+00:00,1384
2020-02-05T22:00:00+00:00,0
2020-02-05T23:00:00+00:00,1813
2020-02-06T00:00:00+00:00,3068
2020-02-06T01:00:00+00:00,8457
2020-02-06T02:00:00+00:00,4884
2020-02-06T04:00:00+00:00,4324
2020-02-06T05:00:00+00:00,5288
2020-02-06T03:00:00+00:00,2907
2020-02-06T06:00:00+00:00,5647
2020-02-06T07:00:00+00:00,6640
2020-02-06T08:00:00+00:00,6571
2020-02-06T09:00:00+00:00,8111
2020-02-06T10:00:00+00:00,7213
2020-02-06T11:00:00+00:00,6239
2020-02-06T12:00:00+00:00,5219
2020-02-06T13:00:00+00:00,9381
2020-02-06T14:00:00+00:00,16152
2020-02-06T15:00:00+00:00,14211
2020-02-06T16:00:00+00:00,8946
2020-02-06T17:00:00+00:00,5036
2020-02-06T19:00:00+00:00,2852
2020-02-06T18:00:00+00:00,3639
2020-02-06T20:00:00+00:00,2759
2020-02-06T22:00:00+00:00,0
2020-02-06T21:00:00+00:00,1088
2020-02-06T23:00:00+00:00,1164
2020-02-07T00:00:00+00:00,4071
2020-02-07T01:00:00+00:00,19327
2020-02-07T02:00:00+00:00,12379
2020-02-07T04:00:00+00:00,4761
2020-02-07T03:00:00+00:00,8028
2020-02-07T05:00:00+00:00,8753
2020-02-07T06:00:00+00:00,12304
2020-02-07T07:00:00+00:00,16688
2020-02-07T08:00:00+00:00,15205
2020-02-07T09:00:00+00:00,5347
2020-02-07T10:00:00+00:00,7300
2020-02-07T11:00:00+00:00,8250
2020-02-07T12:00:00+00:00,6345
2020-02-07T13:00:00+00:00,16939
2020-02-07T14:00:00+00:00,21410
2020-02-07T15:00:00+00:00,19162
2020-02-07T17:00:00+00:00,6802
2020-02-07T22:00:00+00:00,0
2020-02-07T20:00:00+00:00,3813
2020-02-09T00:00:00+00:00,0
2020-02-07T23:00:00+00:00,0
2020-02-07T18:00:00+00:00,8647
2020-02-07T19:00:00+00:00,9083
2020-02-07T21:00:00+00:00,955
2020-02-09T01:00:00+00:00,0
2020-02-09T02:00:00+00:00,0
2020-02-07T16:00:00+00:00,13710
2020-02-09T05:00:00+00:00,0
2020-02-09T07:00:00+00:00,0
2020-02-09T03:00:00+00:00,0
2020-02-09T04:00:00+00:00,0
2020-02-09T06:00:00+00:00,0
2020-02-09T08:00:00+00:00,0
2020-02-09T09:00:00+00:00,0
2020-02-09T11:00:00+00:00,0
2020-02-09T10:00:00+00:00,0
2020-02-09T12:00:00+00:00,0
2020-02-09T13:00:00+00:00,0
2020-02-09T14:00:00+00:00,0
2020-02-09T15:00:00+00:00,0
2020-02-09T16:00:00+00:00,0
2020-02-09T17:00:00+00:00,0
2020-02-09T18:00:00+00:00,0
2020-02-09T19:00:00+00:00,0
2020-02-09T20:00:00+00:00,0
2020-02-09T21:00:00+00:00,0
2020-02-09T22:00:00+00:00,0
2020-02-09T23:00:00+00:00,7147
2020-02-10T00:00:00+00:00,5560
2020-02-10T02:00:00+00:00,8552
2020-02-10T01:00:00+00:00,11584
2020-02-10T03:00:00+00:00,4528
2020-02-10T04:00:00+00:00,3040
2020-02-10T05:00:00+00:00,4643
2020-02-10T06:00:00+00:00,5383
2020-02-10T07:00:00+00:00,9110
2020-02-10T08:00:00+00:00,12385
2020-02-10T09:00:00+00:00,5609
2020-02-10T10:00:00+00:00,5211
2020-02-10T11:00:00+00:00,3151
2020-02-10T12:00:00+00:00,6566
2020-02-10T13:00:00+00:00,7795
2020-02-10T14:00:00+00:00,13356
2020-02-10T15:00:00+00:00,10247
2020-02-10T16:00:00+00:00,6540
2020-02-10T17:00:00+00:00,5988
2020-02-10T18:00:00+00:00,4996
2020-02-10T19:00:00+00:00,3416
2020-02-10T20:00:00+00:00,6935
2020-02-10T21:00:00+00:00,1414
2020-02-10T22:00:00+00:00,0
2020-02-10T23:00:00+00:00,1381
2020-02-11T00:00:00+00:00,2479
2020-02-11T01:00:00+00:00,5457
2020-02-11T02:00:00+00:00,5328
2020-02-11T03:00:00+00:00,2438
2020-02-11T04:00:00+00:00,1016
2020-02-11T05:00:00+00:00,2627
2020-02-11T06:00:00+00:00,4727
2020-02-11T07:00:00+00:00,8945
2020-02-11T08:00:00+00:00,11081
2020-02-11T09:00:00+00:00,7824
2020-02-11T10:00:00+00:00,4737
2020-02-11T11:00:00+00:00,3817
2020-02-11T12:00:00+00:00,5546
2020-02-11T13:00:00+00:00,12777
2020-02-11T14:00:00+00:00,16367
2020-02-11T15:00:00+00:00,16990
2020-02-11T16:00:00+00:00,15772
2020-02-11T17:00:00+00:00,9680
2020-02-11T18:00:00+00:00,5583
2020-02-11T19:00:00+00:00,6988
2020-02-11T20:00:00+00:00,9233
2020-02-11T21:00:00+00:00,775
2020-02-11T22:00:00+00:00,0
2020-02-11T23:00:00+00:00,1610
2020-02-12T00:00:00+00:00,3636
2020-02-12T01:00:00+00:00,8024
2020-02-12T02:00:00+00:00,3840
2020-02-12T03:00:00+00:00,1804
2020-02-12T04:00:00+00:00,1964
2020-02-12T05:00:00+00:00,5165
2020-02-12T06:00:00+00:00,5119
2020-02-12T07:00:00+00:00,6441
2020-02-12T08:00:00+00:00,10307
2020-02-12T09:00:00+00:00,7420
2020-02-12T10:00:00+00:00,4794
2020-02-12T11:00:00+00:00,3923
2020-02-12T12:00:00+00:00,3168
2020-02-12T13:00:00+00:00,6942
2020-02-12T14:00:00+00:00,12943
2020-02-12T15:00:00+00:00,14479
2020-02-12T16:00:00+00:00,7627
2020-02-12T17:00:00+00:00,5511
2020-02-12T18:00:00+00:00,4785
2020-02-12T19:00:00+00:00,5855
2020-02-12T20:00:00+00:00,6132
2020-02-12T21:00:00+00:00,1152
2020-02-12T22:00:00+00:00,0
2020-02-12T23:00:00+00:00,4916
2020-02-13T00:00:00+00:00,7443
2020-02-13T01:00:00+00:00,7294
2020-02-13T02:00:00+00:00,4047
2020-02-13T03:00:00+00:00,4415
2020-02-13T04:00:00+00:00,2379
2020-02-13T05:00:00+00:00,3672
2020-02-13T06:00:00+00:00,5947
2020-02-13T07:00:00+00:00,7918
2020-02-13T08:00:00+00:00,8784
2020-02-13T09:00:00+00:00,6730
2020-02-13T10:00:00+00:00,9486
2020-02-13T11:00:00+00:00,9506
2020-02-13T12:00:00+00:00,8541
2020-02-13T13:00:00+00:00,9574
2020-02-13T14:00:00+00:00,15580
2020-02-13T15:00:00+00:00,17563
2020-02-13T16:00:00+00:00,11583
2020-02-13T17:00:00+00:00,7074
2020-02-13T18:00:00+00:00,8323
2020-02-13T19:00:00+00:00,4942
2020-02-13T20:00:00+00:00,7034
2020-02-13T21:00:00+00:00,1293
2020-02-13T22:00:00+00:00,0
2020-02-13T23:00:00+00:00,1946
2020-02-14T00:00:00+00:00,2843
2020-02-14T01:00:00+00:00,6977
2020-02-14T02:00:00+00:00,3542
2020-02-14T03:00:00+00:00,4062
2020-02-14T05:00:00+00:00,2425
2020-02-14T04:00:00+00:00,1518
2020-02-14T06:00:00+00:00,3389
2020-02-14T07:00:00+00:00,6069
2020-02-14T09:00:00+00:00,4553
2020-02-14T16:00:00+00:00,8056
2020-02-14T11:00:00+00:00,3213
2020-02-14T12:00:00+00:00,4716
2020-02-14T17:00:00+00:00,5649
2020-02-14T08:00:00+00:00,7574
2020-02-14T18:00:00+00:00,6193
2020-02-14T19:00:00+00:00,3349
2020-02-14T14:00:00+00:00,13316
2020-02-14T10:00:00+00:00,3843
2020-02-14T20:00:00+00:00,3183
2020-02-14T21:00:00+00:00,1629
2020-02-14T15:00:00+00:00,11373
2020-02-14T22:00:00+00:00,0
2020-02-14T23:00:00+00:00,0
2020-02-16T00:00:00+00:00,0
2020-02-16T01:00:00+00:00,0
2020-02-16T02:00:00+00:00,0
2020-02-14T13:00:00+00:00,10057
2020-02-16T03:00:00+00:00,0
2020-02-16T04:00:00+00:00,0
2020-02-16T05:00:00+00:00,0
2020-02-16T06:00:00+00:00,0
2020-02-16T07:00:00+00:00,0
2020-02-16T08:00:00+00:00,0
2020-02-16T09:00:00+00:00,0
2020-02-16T10:00:00+00:00,0
2020-02-16T11:00:00+00:00,0
2020-02-16T12:00:00+00:00,0
2020-02-16T13:00:00+00:00,0
2020-02-16T14:00:00+00:00,0
2020-02-16T15:00:00+00:00,0
2020-02-16T16:00:00+00:00,0
2020-02-16T17:00:00+00:00,0
2020-02-16T18:00:00+00:00,0
2020-02-16T19:00:00+00:00,0
2020-02-16T20:00:00+00:00,0
2020-02-16T21:00:00+00:00,0
2020-02-16T22:00:00+00:00,0
2020-02-16T23:00:00+00:00,3052
2020-02-17T00:00:00+00:00,3450
2020-02-17T01:00:00+00:00,5624
2020-02-17T03:00:00+00:00,1461
2020-02-17T02:00:00+00:00,3063
2020-02-17T04:00:00+00:00,820
2020-02-17T05:00:00+00:00,1758
2020-02-17T06:00:00+00:00,2591
2020-02-17T07:00:00+00:00,3662
2020-02-17T08:00:00+00:00,5547
2020-02-17T09:00:00+00:00,2633
2020-02-17T11:00:00+00:00,1994
2020-02-17T10:00:00+00:00,2026
2020-02-17T12:00:00+00:00,2771
2020-02-17T13:00:00+00:00,2202
2020-02-17T14:00:00+00:00,3038
2020-02-17T15:00:00+00:00,2730
2020-02-17T16:00:00+00:00,2775
2020-02-17T17:00:00+00:00,2407
2020-02-17T18:00:00+00:00,0
2020-02-17T19:00:00+00:00,0
2020-02-17T20:00:00+00:00,0
2020-02-17T21:00:00+00:00,0
2020-02-17T22:00:00+00:00,0
2020-02-17T23:00:00+00:00,3560
2020-02-18T00:00:00+00:00,3894
2020-02-18T01:00:00+00:00,6452
2020-02-18T02:00:00+00:00,6566
2020-02-18T03:00:00+00:00,2613
2020-02-18T04:00:00+00:00,2282
2020-02-18T05:00:00+00:00,2973
2020-02-18T06:00:00+00:00,4251
2020-02-18T07:00:00+00:00,6850
2020-02-18T08:00:00+00:00,9949
2020-02-18T09:00:00+00:00,5822
2020-02-18T10:00:00+00:00,6434
2020-02-18T11:00:00+00:00,4645
2020-02-18T12:00:00+00:00,4475
2020-02-18T13:00:00+00:00,9942
2020-02-18T14:00:00+00:00,15392
2020-02-18T15:00:00+00:00,15739
2020-02-18T16:00:00+00:00,15532
2020-02-18T17:00:00+00:00,8077
2020-02-18T18:00:00+00:00,8245
2020-02-18T19:00:00+00:00,7566
2020-02-18T20:00:00+00:00,5093
2020-02-18T21:00:00+00:00,1271
2020-02-18T22:00:00+00:00,0
2020-02-18T23:00:00+00:00,1488
2020-02-19T00:00:00+00:00,3104
2020-02-19T01:00:00+00:00,10304
2020-02-19T02:00:00+00:00,5744
2020-02-19T03:00:00+00:00,3985
2020-02-19T04:00:00+00:00,1824
2020-02-19T05:00:00+00:00,3609
2020-02-19T06:00:00+00:00,4737
2020-02-19T07:00:00+00:00,8565
2020-02-19T08:00:00+00:00,9988
2020-02-19T09:00:00+00:00,6854
2020-02-19T10:00:00+00:00,6922
2020-02-19T11:00:00+00:00,6065
2020-02-19T12:00:00+00:00,7322
2020-02-19T13:00:00+00:00,12313
2020-02-19T14:00:00+00:00,16511
2020-02-19T15:00:00+00:00,11728
2020-02-19T16:00:00+00:00,10207
2020-02-19T17:00:00+00:00,7633
2020-02-19T18:00:00+00:00,5020
2020-02-19T19:00:00+00:00,8371
2020-02-19T20:00:00+00:00,8044
2020-02-19T21:00:00+00:00,2595
2020-02-19T22:00:00+00:00,0
2020-02-19T23:00:00+00:00,4115
2020-02-20T00:00:00+00:00,6728
2020-02-20T01:00:00+00:00,9330
2020-02-20T02:00:00+00:00,8160
2020-02-20T03:00:00+00:00,6082
2020-02-20T04:00:00+00:00,3197
2020-02-20T05:00:00+00:00,3291
2020-02-20T06:00:00+00:00,4770
2020-02-20T07:00:00+00:00,8684
2020-02-20T08:00:00+00:00,8209
2020-02-20T09:00:00+00:00,5779
2020-02-20T10:00:00+00:00,5719
2020-02-20T11:00:00+00:00,7178
2020-02-20T12:00:00+00:00,8740
2020-02-20T13:00:00+00:00,11512
2020-02-20T14:00:00+00:00,13150
2020-02-20T15:00:00+00:00,17102
2020-02-20T16:00:00+00:00,25995
2020-02-20T18:00:00+00:00,9206
2020-02-20T22:00:00+00:00,0
2020-02-20T21:00:00+00:00,1152
2020-02-20T17:00:00+00:00,15844
2020-02-20T19:00:00+00:00,5798
2020-02-20T23:00:00+00:00,4123
2020-02-21T00:00:00+00:00,6862
2020-02-21T04:00:00+00:00,3808
2020-02-21T02:00:00+00:00,8329
2020-02-21T01:00:00+00:00,9930
2020-02-20T20:00:00+00:00,4235
2020-02-21T03:00:00+00:00,4279
2020-02-21T05:00:00+00:00,6936
2020-02-21T07:00:00+00:00,13314
2020-02-21T06:00:00+00:00,8184
2020-02-21T11:00:00+00:00,8200
2020-02-21T08:00:00+00:00,17547
2020-02-21T10:00:00+00:00,8620
2020-02-21T12:00:00+00:00,8711
2020-02-21T09:00:00+00:00,11280
2020-02-21T13:00:00+00:00,15487
2020-02-21T14:00:00+00:00,22237
2020-02-21T17:00:00+00:00,14006
2020-02-21T18:00:00+00:00,14071
2020-02-21T20:00:00+00:00,11957
2020-02-21T21:00:00+00:00,2090
2020-02-21T15:00:00+00:00,26148
2020-02-21T16:00:00+00:00,22097
2020-02-21T22:00:00+00:00,0
2020-02-21T19:00:00+00:00,14946
2020-02-21T23:00:00+00:00,0
2020-02-23T00:00:00+00:00,0
2020-02-23T01:00:00+00:00,0
2020-02-23T04:00:00+00:00,0
2020-02-23T02:00:00+00:00,0
2020-02-23T03:00:00+00:00,0
2020-02-23T05:00:00+00:00,0
2020-02-23T06:00:00+00:00,0
2020-02-23T07:00:00+00:00,0
2020-02-23T08:00:00+00:00,0
2020-02-23T09:00:00+00:00,0
2020-02-23T10:00:00+00:00,0
2020-02-23T11:00:00+00:00,0
2020-02-23T12:00:00+00:00,0
2020-02-23T13:00:00+00:00,0
2020-02-23T14:00:00+00:00,0
2020-02-23T16:00:00+00:00,0
2020-02-23T15:00:00+00:00,0
2020-02-23T17:00:00+00:00,0
2020-02-23T18:00:00+00:00,0
2020-02-23T19:00:00+00:00,0
2020-02-23T20:00:00+00:00,0
2020-02-23T22:00:00+00:00,0
2020-02-23T23:00:00+00:00,14948
2020-02-23T21:00:00+00:00,0
2020-02-24T00:00:00+00:00,11454
2020-02-24T01:00:00+00:00,13266
2020-02-24T02:00:00+00:00,12864
2020-02-24T03:00:00+00:00,9277
2020-02-24T04:00:00+00:00,5191
2020-02-24T05:00:00+00:00,6455
2020-02-24T06:00:00+00:00,9844
2020-02-24T07:00:00+00:00,18036
2020-02-24T08:00:00+00:00,26132
2020-02-24T09:00:00+00:00,21003
2020-02-24T10:00:00+00:00,16231
2020-02-24T11:00:00+00:00,16358
2020-02-24T12:00:00+00:00,17349
2020-02-24T13:00:00+00:00,23813
2020-02-24T14:00:00+00:00,29648
2020-02-24T15:00:00+00:00,29047
2020-02-24T16:00:00+00:00,23886
2020-02-24T17:00:00+00:00,19549
2020-02-24T18:00:00+00:00,21342
2020-02-24T19:00:00+00:00,25696
2020-02-24T21:00:00+00:00,4442
2020-02-24T20:00:00+00:00,23694
2020-02-24T22:00:00+00:00,0
2020-02-24T23:00:00+00:00,9112
2020-02-25T00:00:00+00:00,12639
2020-02-25T01:00:00+00:00,21217
2020-02-25T02:00:00+00:00,16198
2020-02-25T03:00:00+00:00,11178
2020-02-25T04:00:00+00:00,6447
2020-02-25T05:00:00+00:00,14402
2020-02-25T06:00:00+00:00,20215
2020-02-25T07:00:00+00:00,12870
2020-02-25T08:00:00+00:00,24835
2020-02-25T09:00:00+00:00,22855
2020-02-25T10:00:00+00:00,20217
2020-02-25T11:00:00+00:00,20486
2020-02-25T12:00:00+00:00,17732
2020-02-25T13:00:00+00:00,17317
2020-02-25T14:00:00+00:00,25669
2020-02-25T15:00:00+00:00,35910
2020-02-25T16:00:00+00:00,33852
2020-02-25T17:00:00+00:00,27739
2020-02-25T18:00:00+00:00,25591
2020-02-25T19:00:00+00:00,28924
2020-02-25T21:00:00+00:00,5828
2020-02-25T20:00:00+00:00,26094
2020-02-25T22:00:00+00:00,0
2020-02-25T23:00:00+00:00,6493
2020-02-26T00:00:00+00:00,10327
2020-02-26T01:00:00+00:00,20964
2020-02-26T02:00:00+00:00,21197
2020-02-26T03:00:00+00:00,12624
2020-02-26T04:00:00+00:00,7882
2020-02-26T05:00:00+00:00,12374
2020-02-26T06:00:00+00:00,13278
2020-02-26T07:00:00+00:00,18035
2020-02-26T08:00:00+00:00,23709
2020-02-26T09:00:00+00:00,26602
2020-02-26T10:00:00+00:00,18537
2020-02-26T12:00:00+00:00,20115
2020-02-26T11:00:00+00:00,14086
2020-02-26T13:00:00+00:00,20888
2020-02-26T15:00:00+00:00,23615
2020-02-26T14:00:00+00:00,23529
2020-02-26T16:00:00+00:00,17000
2020-02-26T17:00:00+00:00,20420
2020-02-26T18:00:00+00:00,21389
2020-02-26T19:00:00+00:00,22126
2020-02-26T20:00:00+00:00,19035
2020-02-26T21:00:00+00:00,4410
2020-02-26T22:00:00+00:00,0
2020-02-26T23:00:00+00:00,8702
2020-02-27T00:00:00+00:00,17529
2020-02-27T01:00:00+00:00,21997
2020-02-27T02:00:00+00:00,13859
2020-02-27T03:00:00+00:00,11519
2020-02-27T04:00:00+00:00,8658
2020-02-27T07:00:00+00:00,23958
2020-02-27T06:00:00+00:00,13348
2020-02-27T13:00:00+00:00,24589
2020-02-27T14:00:00+00:00,32465
2020-02-27T15:00:00+00:00,33540
2020-02-27T09:00:00+00:00,18518
2020-02-27T08:00:00+00:00,24444
2020-02-27T16:00:00+00:00,32910
2020-02-27T17:00:00+00:00,29766
2020-02-27T10:00:00+00:00,16294
2020-02-27T12:00:00+00:00,19388
2020-02-27T18:00:00+00:00,27436
2020-02-27T19:00:00+00:00,22327
2020-02-27T21:00:00+00:00,6844
2020-02-27T20:00:00+00:00,21849
2020-02-27T22:00:00+00:00,0
2020-02-27T23:00:00+00:00,10412
2020-02-28T00:00:00+00:00,13879
2020-02-28T03:00:00+00:00,19778
2020-02-28T01:00:00+00:00,25161
2020-02-28T02:00:00+00:00,17157
2020-02-28T04:00:00+00:00,17473
2020-02-28T05:00:00+00:00,22868
2020-02-28T06:00:00+00:00,22723
2020-02-28T08:00:00+00:00,32705
2020-02-28T07:00:00+00:00,26621
2020-02-28T09:00:00+00:00,26507
2020-02-28T10:00:00+00:00,22663
2020-02-28T11:00:00+00:00,20647
2020-02-28T12:00:00+00:00,21041
2020-02-28T13:00:00+00:00,26001
2020-02-28T14:00:00+00:00,32852
2020-02-28T15:00:00+00:00,34368
2020-02-27T05:00:00+00:00,11532
2020-02-28T16:00:00+00:00,22929
2020-02-28T17:00:00+00:00,14337
2020-02-28T18:00:00+00:00,18098
2020-02-28T19:00:00+00:00,17630
2020-02-28T20:00:00+00:00,10771
2020-02-28T21:00:00+00:00,4809
2020-02-28T23:00:00+00:00,0
2020-03-01T00:00:00+00:00,0
2020-03-01T01:00:00+00:00,0
2020-03-01T02:00:00+00:00,0
2020-03-01T03:00:00+00:00,0
2020-03-01T04:00:00+00:00,0
2020-03-01T05:00:00+00:00,0
2020-03-01T06:00:00+00:00,0
2020-03-01T07:00:00+00:00,0
2020-03-01T08:00:00+00:00,0
2020-03-01T09:00:00+00:00,0
2020-03-01T10:00:00+00:00,0
2020-03-01T12:00:00+00:00,0
2020-03-01T11:00:00+00:00,0
2020-03-01T13:00:00+00:00,0
2020-03-01T14:00:00+00:00,0
2020-03-01T15:00:00+00:00,0
2020-02-27T11:00:00+00:00,15574
2020-03-01T16:00:00+00:00,0
2020-03-01T18:00:00+00:00,0
2020-03-01T17:00:00+00:00,0
2020-03-01T19:00:00+00:00,0
2020-03-01T20:00:00+00:00,0
2020-03-01T21:00:00+00:00,0
2020-03-01T23:00:00+00:00,11741
2020-03-02T00:00:00+00:00,15763
2020-03-02T02:00:00+00:00,20692
2020-03-02T01:00:00+00:00,27791
2020-03-02T03:00:00+00:00,21683
2020-03-02T04:00:00+00:00,16169
2020-03-02T05:00:00+00:00,15809
2020-03-02T06:00:00+00:00,16816
2020-03-02T07:00:00+00:00,24504
2020-03-02T08:00:00+00:00,30594
2020-03-02T09:00:00+00:00,26835
2020-03-02T10:00:00+00:00,21209
2020-02-28T22:00:00+00:00,0
2020-03-02T11:00:00+00:00,25230
2020-03-01T22:00:00+00:00,0
2020-03-02T14:00:00+00:00,32222
2020-03-02T15:00:00+00:00,33622
2020-03-02T16:00:00+00:00,28550
2020-03-02T17:00:00+00:00,21017
2020-03-02T18:00:00+00:00,19798
2020-03-02T19:00:00+00:00,18990
2020-03-02T20:00:00+00:00,19153
2020-03-02T22:00:00+00:00,0
2020-03-02T21:00:00+00:00,4864
2020-03-02T23:00:00+00:00,5005
2020-03-03T00:00:00+00:00,8765
2020-03-03T01:00:00+00:00,20267
2020-03-03T02:00:00+00:00,13293
2020-03-03T04:00:00+00:00,11106
2020-03-03T03:00:00+00:00,10858
2020-03-03T05:00:00+00:00,10981
2020-03-03T07:00:00+00:00,16381
2020-03-03T08:00:00+00:00,18715
2020-03-03T09:00:00+00:00,16465
2020-03-03T10:00:00+00:00,13490
2020-03-03T12:00:00+00:00,21855
2020-03-03T11:00:00+00:00,15391
2020-03-03T13:00:00+00:00,24562
2020-03-03T14:00:00+00:00,25165
2020-03-03T16:00:00+00:00,31505
2020-03-02T12:00:00+00:00,28489
2020-03-03T15:00:00+00:00,41615
2020-03-03T17:00:00+00:00,26310
2020-03-03T22:00:00+00:00,0
2020-03-03T19:00:00+00:00,29917
2020-03-03T18:00:00+00:00,27522
2020-03-03T21:00:00+00:00,3256
2020-03-03T23:00:00+00:00,8527
2020-03-03T20:00:00+00:00,23038
2020-03-04T00:00:00+00:00,16074
2020-03-04T03:00:00+00:00,14047
2020-03-04T02:00:00+00:00,15660
2020-03-04T04:00:00+00:00,6937
2020-03-04T01:00:00+00:00,22350
2020-03-04T06:00:00+00:00,11592
2020-03-04T05:00:00+00:00,11076
2020-03-04T07:00:00+00:00,20078
2020-03-04T09:00:00+00:00,16958
2020-03-04T08:00:00+00:00,21148
2020-03-03T06:00:00+00:00,15548
2020-03-04T11:00:00+00:00,13888
2020-03-04T12:00:00+00:00,20352
2020-03-04T13:00:00+00:00,24730
2020-03-04T14:00:00+00:00,26376
2020-03-04T15:00:00+00:00,30173
2020-03-04T16:00:00+00:00,26457
2020-03-04T17:00:00+00:00,17450
2020-03-04T18:00:00+00:00,16531
2020-03-04T19:00:00+00:00,15533
2020-03-04T20:00:00+00:00,15232
2020-03-04T21:00:00+00:00,3387
2020-03-05T00:00:00+00:00,9481
2020-03-05T01:00:00+00:00,11703
2020-03-05T02:00:00+00:00,8873
2020-03-05T03:00:00+00:00,5778
2020-03-05T04:00:00+00:00,4585
2020-03-05T05:00:00+00:00,6337
2020-03-05T06:00:00+00:00,7838
2020-03-05T07:00:00+00:00,12020
2020-03-05T08:00:00+00:00,15900
2020-03-05T09:00:00+00:00,17715
2020-03-05T10:00:00+00:00,17528
2020-03-05T12:00:00+00:00,19199
2020-03-05T11:00:00+00:00,16335
2020-03-05T13:00:00+00:00,23368
2020-03-05T14:00:00+00:00,29834
2020-03-05T15:00:00+00:00,29917
2020-03-05T16:00:00+00:00,24683
2020-03-05T17:00:00+00:00,19228
2020-03-05T18:00:00+00:00,19108
2020-03-05T19:00:00+00:00,18185
2020-03-05T20:00:00+00:00,21689
2020-03-05T21:00:00+00:00,6532
2020-03-05T22:00:00+00:00,0
2020-03-05T23:00:00+00:00,6039
2020-03-06T01:00:00+00:00,18767
2020-03-06T02:00:00+00:00,15433
2020-03-06T03:00:00+00:00,10305
2020-03-06T04:00:00+00:00,10917
2020-03-06T05:00:00+00:00,11288
2020-03-06T07:00:00+00:00,17354
2020-03-06T08:00:00+00:00,24350
2020-03-06T09:00:00+00:00,22680
2020-03-06T10:00:00+00:00,29638
2020-03-06T12:00:00+00:00,22855
2020-03-06T13:00:00+00:00,28002
2020-03-06T14:00:00+00:00,37930
2020-03-06T00:00:00+00:00,10687
2020-03-06T15:00:00+00:00,38977
2020-03-06T16:00:00+00:00,32040
2020-03-06T17:00:00+00:00,20792
2020-03-06T18:00:00+00:00,23323
2020-03-06T19:00:00+00:00,20508
2020-03-06T20:00:00+00:00,21424
2020-03-06T21:00:00+00:00,4031
2020-03-06T22:00:00+00:00,0
2020-03-06T23:00:00+00:00,0
2020-03-08T00:00:00+00:00,0
2020-03-08T01:00:00+00:00,0
2020-03-08T02:00:00+00:00,0
2020-03-08T04:00:00+00:00,0
2020-03-08T03:00:00+00:00,0
2020-03-08T05:00:00+00:00,0
2020-03-08T06:00:00+00:00,0
2020-03-08T07:00:00+00:00,0
2020-03-08T08:00:00+00:00,0
2020-03-08T10:00:00+00:00,0
2020-03-06T06:00:00+00:00,ERROR
2020-03-06T11:00:00+00:00,ERROR
2020-03-08T09:00:00+00:00,ERROR
2020-03-02T13:00:00+00:00,ERROR
2020-03-04T10:00:00+00:00,ERROR
2020-03-04T22:00:00+00:00,ERROR
2020-03-04T23:00:00+00:00,ERROR
2020-03-08T11:00:00+00:00,ERROR
2020-03-08T12:00:00+00:00,ERROR
2020-03-08T14:00:00+00:00,ERROR
2020-03-08T13:00:00+00:00,ERROR
2020-03-08T15:00:00+00:00,ERROR
2020-03-08T16:00:00+00:00,ERROR
2020-03-09T00:00:00+00:00,ERROR
2020-03-08T17:00:00+00:00,ERROR
2020-03-08T18:00:00+00:00,ERROR
2020-03-08T19:00:00+00:00,ERROR
2020-03-08T20:00:00+00:00,ERROR
2020-03-08T21:00:00+00:00,ERROR
2020-03-08T22:00:00+00:00,ERROR
2020-03-08T23:00:00+00:00,ERROR
2020-03-09T01:00:00+00:00,ERROR
2020-03-09T02:00:00+00:00,ERROR
2020-03-09T03:00:00+00:00,ERROR
2020-03-09T04:00:00+00:00,ERROR
2020-03-09T05:00:00+00:00,ERROR
2020-03-09T06:00:00+00:00,ERROR
2020-03-09T07:00:00+00:00,ERROR
2020-03-09T08:00:00+00:00,ERROR
2020-03-09T09:00:00+00:00,ERROR
2020-03-09T10:00:00+00:00,ERROR
2020-03-09T11:00:00+00:00,ERROR
2020-03-09T12:00:00+00:00,ERROR
2020-03-09T13:00:00+00:00,ERROR
2020-03-09T21:00:00+00:00,ERROR
2020-03-09T14:00:00+00:00,ERROR
2020-03-09T15:00:00+00:00,ERROR
2020-03-09T16:00:00+00:00,ERROR
2020-03-09T17:00:00+00:00,ERROR
2020-03-09T18:00:00+00:00,ERROR
2020-03-09T19:00:00+00:00,ERROR
2020-03-09T20:00:00+00:00,ERROR
2020-03-10T05:00:00+00:00,ERROR
2020-03-09T22:00:00+00:00,ERROR
2020-03-09T23:00:00+00:00,ERROR
2020-03-10T00:00:00+00:00,ERROR
2020-03-10T01:00:00+00:00,ERROR
2020-03-10T02:00:00+00:00,ERROR
2020-03-10T03:00:00+00:00,ERROR
2020-03-10T04:00:00+00:00,ERROR
2020-03-10T06:00:00+00:00,ERROR
2020-03-10T07:00:00+00:00,ERROR
2020-03-10T09:00:00+00:00,ERROR
2020-03-10T08:00:00+00:00,ERROR
2020-03-10T10:00:00+00:00,ERROR
2020-03-10T11:00:00+00:00,ERROR
2020-03-10T12:00:00+00:00,ERROR
2020-03-10T13:00:00+00:00,ERROR
2020-03-10T14:00:00+00:00,ERROR
2020-03-10T15:00:00+00:00,ERROR
2020-03-10T16:00:00+00:00,ERROR
2020-03-10T17:00:00+00:00,ERROR
2020-03-11T00:00:00+00:00,ERROR
2020-03-10T18:00:00+00:00,ERROR
2020-03-10T19:00:00+00:00,ERROR
2020-03-10T20:00:00+00:00,ERROR
2020-03-10T21:00:00+00:00,ERROR
2020-03-10T22:00:00+00:00,ERROR
2020-03-10T23:00:00+00:00,ERROR
2020-03-11T01:00:00+00:00,ERROR
2020-03-11T02:00:00+00:00,ERROR
2020-03-11T06:00:00+00:00,ERROR
2020-03-11T03:00:00+00:00,ERROR
2020-03-11T04:00:00+00:00,ERROR
2020-03-11T05:00:00+00:00,ERROR
2020-03-11T07:00:00+00:00,ERROR
2020-03-11T08:00:00+00:00,ERROR
2020-03-11T09:00:00+00:00,ERROR
2020-03-11T10:00:00+00:00,ERROR
2020-03-11T11:00:00+00:00,ERROR
2020-03-11T12:00:00+00:00,ERROR
2020-03-11T13:00:00+00:00,ERROR
2020-03-11T14:00:00+00:00,ERROR
2020-03-11T15:00:00+00:00,ERROR
2020-03-11T16:00:00+00:00,ERROR
2020-03-11T17:00:00+00:00,ERROR
2020-03-11T18:00:00+00:00,ERROR
2020-03-11T19:00:00+00:00,ERROR
2020-03-11T20:00:00+00:00,ERROR
2020-03-11T21:00:00+00:00,ERROR
2020-03-11T22:00:00+00:00,ERROR
2020-03-11T23:00:00+00:00,ERROR
2020-03-12T00:00:00+00:00,ERROR
2020-03-12T01:00:00+00:00,ERROR
2020-03-12T02:00:00+00:00,ERROR
2020-03-12T03:00:00+00:00,ERROR
2020-03-12T04:00:00+00:00,ERROR
2020-03-12T05:00:00+00:00,ERROR
2020-03-12T06:00:00+00:00,ERROR
2020-03-12T07:00:00+00:00,ERROR
2020-03-12T08:00:00+00:00,ERROR
2020-03-12T09:00:00+00:00,ERROR
2020-03-12T10:00:00+00:00,ERROR
2020-03-12T11:00:00+00:00,ERROR
2020-03-12T12:00:00+00:00,ERROR
2020-03-12T13:00:00+00:00,ERROR
2020-03-12T14:00:00+00:00,ERROR
2020-03-12T15:00:00+00:00,ERROR
2020-03-12T16:00:00+00:00,ERROR
2020-03-12T17:00:00+00:00,ERROR
2020-03-12T18:00:00+00:00,ERROR
2020-03-12T19:00:00+00:00,ERROR
2020-03-12T20:00:00+00:00,ERROR
2020-03-12T21:00:00+00:00,ERROR
2020-03-12T22:00:00+00:00,ERROR
2020-03-12T23:00:00+00:00,ERROR
2020-03-13T00:00:00+00:00,ERROR
2020-03-13T01:00:00+00:00,ERROR
2020-03-13T02:00:00+00:00,ERROR
2020-03-13T03:00:00+00:00,ERROR
2020-03-13T04:00:00+00:00,ERROR
2020-03-13T05:00:00+00:00,ERROR
2020-03-13T06:00:00+00:00,ERROR
2020-03-13T07:00:00+00:00,ERROR
2020-03-13T08:00:00+00:00,ERROR
2020-03-13T09:00:00+00:00,ERROR
2020-03-13T10:00:00+00:00,ERROR
2020-03-13T11:00:00+00:00,ERROR
2020-03-13T12:00:00+00:00,ERROR
2020-03-13T13:00:00+00:00,ERROR
2020-03-13T14:00:00+00:00,ERROR
2020-03-13T15:00:00+00:00,ERROR
2020-03-13T16:00:00+00:00,ERROR
2020-03-13T17:00:00+00:00,ERROR
2020-03-13T18:00:00+00:00,ERROR
2020-03-13T19:00:00+00:00,ERROR
2020-03-13T20:00:00+00:00,ERROR
2020-03-13T21:00:00+00:00,ERROR
2020-03-13T22:00:00+00:00,ERROR
2020-03-13T23:00:00+00:00,ERROR
2020-03-15T00:00:00+00:00,ERROR
2020-03-15T01:00:00+00:00,ERROR
2020-03-15T02:00:00+00:00,ERROR
2020-03-15T10:00:00+00:00,0
2020-03-15T11:00:00+00:00,0
2020-03-15T12:00:00+00:00,0
2020-03-15T13:00:00+00:00,0
2020-03-15T14:00:00+00:00,0
2020-03-15T15:00:00+00:00,0
2020-03-15T03:00:00+00:00,ERROR
2020-03-15T16:00:00+00:00,0
2020-03-15T18:00:00+00:00,0
2020-03-15T19:00:00+00:00,0
2020-03-15T20:00:00+00:00,0
2020-03-15T21:00:00+00:00,0
2020-03-15T22:00:00+00:00,15987
2020-03-15T23:00:00+00:00,12322
2020-03-16T00:00:00+00:00,11771
2020-03-16T01:00:00+00:00,17571
2020-03-16T02:00:00+00:00,14554
2020-03-16T03:00:00+00:00,10118
2020-03-16T04:00:00+00:00,10404
2020-03-16T05:00:00+00:00,11634
2020-03-16T06:00:00+00:00,10605
2020-03-15T04:00:00+00:00,ERROR
2020-03-15T05:00:00+00:00,ERROR
2020-03-15T06:00:00+00:00,ERROR
2020-03-15T07:00:00+00:00,ERROR
2020-03-15T08:00:00+00:00,ERROR
2020-03-15T09:00:00+00:00,ERROR
2020-03-16T11:00:00+00:00,23872
2020-03-16T14:00:00+00:00,29103
2020-03-15T17:00:00+00:00,ERROR
2020-03-16T07:00:00+00:00,ERROR
2020-03-16T08:00:00+00:00,ERROR
2020-03-16T09:00:00+00:00,ERROR
2020-03-16T10:00:00+00:00,ERROR
2020-03-16T12:00:00+00:00,ERROR
2020-03-16T13:00:00+00:00,ERROR
2020-03-16T15:00:00+00:00,ERROR
2020-03-16T23:00:00+00:00,6261
2020-03-17T00:00:00+00:00,9421
2020-03-17T01:00:00+00:00,15638
2020-03-17T02:00:00+00:00,12778
2020-03-17T03:00:00+00:00,8952
2020-03-17T04:00:00+00:00,6680
2020-03-17T05:00:00+00:00,9344
2020-03-17T06:00:00+00:00,13248
2020-03-17T07:00:00+00:00,13457
2020-03-16T16:00:00+00:00,ERROR
2020-03-16T17:00:00+00:00,ERROR
2020-03-16T18:00:00+00:00,ERROR
2020-03-16T19:00:00+00:00,ERROR
2020-03-16T20:00:00+00:00,ERROR
2020-03-16T21:00:00+00:00,ERROR
2020-03-16T22:00:00+00:00,ERROR
2020-03-17T08:00:00+00:00,ERROR
2020-03-17T09:00:00+00:00,ERROR
2020-03-17T10:00:00+00:00,ERROR
2020-03-17T11:00:00+00:00,ERROR
2020-03-17T12:00:00+00:00,ERROR
2020-03-17T13:00:00+00:00,ERROR
2020-03-17T14:00:00+00:00,ERROR
2020-03-17T15:00:00+00:00,ERROR
2020-03-17T16:00:00+00:00,ERROR
2020-03-17T17:00:00+00:00,ERROR
2020-03-17T18:00:00+00:00,ERROR
2020-03-17T19:00:00+00:00,ERROR
2020-03-17T20:00:00+00:00,ERROR
2020-03-17T21:00:00+00:00,ERROR
2020-03-17T22:00:00+00:00,ERROR
2020-03-17T23:00:00+00:00,ERROR
2020-03-18T00:00:00+00:00,ERROR
2020-03-18T01:00:00+00:00,ERROR
2020-03-18T02:00:00+00:00,ERROR
2020-03-18T03:00:00+00:00,ERROR
2020-03-18T04:00:00+00:00,ERROR
2020-03-18T05:00:00+00:00,ERROR
2020-03-18T06:00:00+00:00,ERROR
2020-03-18T07:00:00+00:00,ERROR
2020-03-18T08:00:00+00:00,ERROR
2020-03-18T09:00:00+00:00,ERROR
2020-03-18T10:00:00+00:00,ERROR
2020-03-18T18:00:00+00:00,22723
2020-03-18T17:00:00+00:00,28511
2020-03-18T20:00:00+00:00,6184
2020-03-18T21:00:00+00:00,0
2020-03-18T22:00:00+00:00,5048
2020-03-18T23:00:00+00:00,7027
2020-03-19T00:00:00+00:00,6912
2020-03-19T01:00:00+00:00,11226
2020-03-19T02:00:00+00:00,11208
2020-03-19T03:00:00+00:00,9863
2020-03-19T04:00:00+00:00,7053
2020-03-19T05:00:00+00:00,7953
2020-03-19T06:00:00+00:00,12165
2020-03-19T07:00:00+00:00,11209
2020-03-19T08:00:00+00:00,8928
2020-03-19T09:00:00+00:00,7173
2020-03-19T10:00:00+00:00,7713
2020-03-19T11:00:00+00:00,11068
2020-03-19T12:00:00+00:00,18291
2020-03-19T13:00:00+00:00,24573
2020-03-19T14:00:00+00:00,29929
2020-03-19T15:00:00+00:00,22293
2020-03-19T16:00:00+00:00,19373
2020-03-19T17:00:00+00:00,18209
2020-03-19T18:00:00+00:00,12013
2020-03-19T19:00:00+00:00,11725
2020-03-19T20:00:00+00:00,3914
2020-03-19T21:00:00+00:00,0
2020-03-18T11:00:00+00:00,ERROR
2020-03-19T22:00:00+00:00,4669
2020-03-20T00:00:00+00:00,5435
2020-03-20T01:00:00+00:00,11360
2020-03-20T02:00:00+00:00,9332
2020-03-20T03:00:00+00:00,5778
2020-03-20T04:00:00+00:00,4689
2020-03-20T05:00:00+00:00,7864
2020-03-20T06:00:00+00:00,13257
2020-03-20T07:00:00+00:00,11685
2020-03-20T08:00:00+00:00,11407
2020-03-20T09:00:00+00:00,10689
2020-03-20T10:00:00+00:00,9047
2020-03-20T11:00:00+00:00,9847
2020-03-20T12:00:00+00:00,15315
2020-03-20T13:00:00+00:00,17963
2020-03-20T14:00:00+00:00,18758
2020-03-20T15:00:00+00:00,16553
2020-03-20T16:00:00+00:00,16429
2020-03-20T17:00:00+00:00,11263
2020-03-20T18:00:00+00:00,10403
2020-03-20T19:00:00+00:00,9353
2020-03-20T20:00:00+00:00,4996
2020-03-20T21:00:00+00:00,0
2020-03-20T22:00:00+00:00,0
2020-03-20T23:00:00+00:00,0
2020-03-22T00:00:00+00:00,0
2020-03-22T01:00:00+00:00,0
2020-03-22T02:00:00+00:00,0
2020-03-22T03:00:00+00:00,0
2020-03-22T04:00:00+00:00,0
2020-03-22T05:00:00+00:00,0
2020-03-22T06:00:00+00:00,0
2020-03-22T07:00:00+00:00,0
2020-03-22T08:00:00+00:00,0
2020-03-22T09:00:00+00:00,0
2020-03-22T10:00:00+00:00,0
2020-03-22T11:00:00+00:00,0
2020-03-22T12:00:00+00:00,0
2020-03-22T13:00:00+00:00,0
2020-03-22T14:00:00+00:00,0
2020-03-18T14:00:00+00:00,25475
2020-03-22T16:00:00+00:00,0
2020-03-22T17:00:00+00:00,0
2020-03-22T18:00:00+00:00,0
2020-03-18T12:00:00+00:00,ERROR
2020-03-22T19:00:00+00:00,0
2020-03-22T21:00:00+00:00,0
2020-03-18T13:00:00+00:00,ERROR
2020-03-22T22:00:00+00:00,8564
2020-03-22T23:00:00+00:00,7569
2020-03-23T01:00:00+00:00,10552
2020-03-18T15:00:00+00:00,ERROR
2020-03-18T16:00:00+00:00,ERROR
2020-03-18T19:00:00+00:00,ERROR
2020-03-19T23:00:00+00:00,ERROR
2020-03-22T15:00:00+00:00,ERROR
2020-03-22T20:00:00+00:00,ERROR
2020-03-23T00:00:00+00:00,ERROR
2020-03-23T02:00:00+00:00,ERROR
2020-03-23T03:00:00+00:00,ERROR
2020-03-23T04:00:00+00:00,ERROR
2020-03-23T05:00:00+00:00,ERROR
2020-03-23T06:00:00+00:00,ERROR
2020-03-23T07:00:00+00:00,ERROR
2020-03-23T08:00:00+00:00,ERROR
2020-03-23T09:00:00+00:00,ERROR
2020-03-23T10:00:00+00:00,ERROR
2020-03-23T11:00:00+00:00,ERROR
2020-03-23T12:00:00+00:00,ERROR
2020-03-23T13:00:00+00:00,ERROR
2020-03-23T14:00:00+00:00,ERROR
2020-03-23T15:00:00+00:00,ERROR
2020-03-23T16:00:00+00:00,ERROR
2020-03-23T17:00:00+00:00,ERROR
2020-03-23T18:00:00+00:00,ERROR
2020-03-23T19:00:00+00:00,ERROR
2020-03-23T20:00:00+00:00,ERROR
2020-03-23T21:00:00+00:00,ERROR
2020-03-23T22:00:00+00:00,ERROR
2020-03-23T23:00:00+00:00,ERROR
2020-03-24T00:00:00+00:00,ERROR
2020-03-24T01:00:00+00:00,ERROR
2020-03-24T02:00:00+00:00,ERROR
2020-03-24T06:00:00+00:00,3470
2020-03-24T11:00:00+00:00,9239
2020-03-24T12:00:00+00:00,8057
2020-03-24T13:00:00+00:00,5414
2020-03-24T14:00:00+00:00,6686
2020-03-24T15:00:00+00:00,5906
2020-03-24T16:00:00+00:00,4418
2020-03-24T17:00:00+00:00,5593
2020-03-24T18:00:00+00:00,4640
2020-03-24T19:00:00+00:00,5372
2020-03-24T20:00:00+00:00,2611
2020-03-24T21:00:00+00:00,0
2020-03-24T22:00:00+00:00,3667
2020-03-24T23:00:00+00:00,3456
2020-03-25T00:00:00+00:00,3820
2020-03-25T01:00:00+00:00,4124
2020-03-25T02:00:00+00:00,6448
2020-03-25T03:00:00+00:00,3922
2020-03-25T04:00:00+00:00,2191
2020-03-25T05:00:00+00:00,5871
2020-03-25T06:00:00+00:00,4437
2020-03-25T07:00:00+00:00,3134
2020-03-25T08:00:00+00:00,4524
2020-03-25T09:00:00+00:00,4436
2020-03-25T10:00:00+00:00,5142
2020-03-25T11:00:00+00:00,5951
2020-03-25T12:00:00+00:00,5736
2020-03-25T13:00:00+00:00,9623
2020-03-25T14:00:00+00:00,9401
2020-03-25T15:00:00+00:00,7161
2020-03-25T16:00:00+00:00,5726
2020-03-25T17:00:00+00:00,5276
2020-03-25T18:00:00+00:00,6328
2020-03-25T19:00:00+00:00,6401
2020-03-25T20:00:00+00:00,1877
2020-03-25T21:00:00+00:00,0
2020-03-25T22:00:00+00:00,3037
2020-03-25T23:00:00+00:00,1538
2020-03-26T00:00:00+00:00,4070
2020-03-26T01:00:00+00:00,5318
2020-03-26T02:00:00+00:00,3240
2020-03-26T03:00:00+00:00,1749
2020-03-26T04:00:00+00:00,2522
2020-03-26T05:00:00+00:00,1724
2020-03-26T06:00:00+00:00,2452
2020-03-26T07:00:00+00:00,4207
2020-03-26T08:00:00+00:00,3782
2020-03-26T09:00:00+00:00,3414
2020-03-26T10:00:00+00:00,3239
2020-03-26T11:00:00+00:00,3748
2020-03-26T12:00:00+00:00,6982
2020-03-26T13:00:00+00:00,8487
2020-03-26T14:00:00+00:00,5704
2020-03-26T15:00:00+00:00,5820
2020-03-26T16:00:00+00:00,4329
2020-03-26T17:00:00+00:00,6011
2020-03-26T18:00:00+00:00,3495
2020-03-26T19:00:00+00:00,5622
2020-03-26T20:00:00+00:00,2518
2020-03-26T21:00:00+00:00,0
2020-03-26T22:00:00+00:00,2535
2020-03-26T23:00:00+00:00,1723
2020-03-27T00:00:00+00:00,2933
2020-03-27T01:00:00+00:00,4072
2020-03-27T02:00:00+00:00,2695
2020-03-27T03:00:00+00:00,1717
2020-03-27T04:00:00+00:00,1458
2020-03-27T05:00:00+00:00,2126
2020-03-27T06:00:00+00:00,5303
2020-03-27T07:00:00+00:00,5477
2020-03-27T08:00:00+00:00,4847
2020-03-27T09:00:00+00:00,4606
2020-03-27T10:00:00+00:00,2366
2020-03-27T11:00:00+00:00,4023
2020-03-27T12:00:00+00:00,6028
2020-03-27T13:00:00+00:00,8624
2020-03-27T14:00:00+00:00,6151
2020-03-27T15:00:00+00:00,7413
2020-03-27T16:00:00+00:00,7107
2020-03-27T17:00:00+00:00,6345
2020-03-27T18:00:00+00:00,3685
2020-03-27T19:00:00+00:00,3694
2020-03-27T20:00:00+00:00,2186
2020-03-27T21:00:00+00:00,0
2020-03-27T22:00:00+00:00,0
2020-03-27T23:00:00+00:00,0
2020-03-29T00:00:00+00:00,0
2020-03-29T01:00:00+00:00,0
2020-03-29T02:00:00+00:00,0
2020-03-29T03:00:00+00:00,0
2020-03-29T04:00:00+00:00,0
2020-03-29T05:00:00+00:00,0
2020-03-29T06:00:00+00:00,0
2020-03-29T07:00:00+00:00,0
2020-03-29T08:00:00+00:00,0
2020-03-24T03:00:00+00:00,ERROR
2020-03-29T09:00:00+00:00,0
2020-03-29T11:00:00+00:00,0
2020-03-29T12:00:00+00:00,0
2020-03-29T13:00:00+00:00,0
2020-03-29T14:00:00+00:00,0
2020-03-24T07:00:00+00:00,2843
2020-03-29T16:00:00+00:00,0
2020-03-29T17:00:00+00:00,0
2020-03-29T18:00:00+00:00,0
2020-03-29T19:00:00+00:00,0
2020-03-29T20:00:00+00:00,0
2020-03-29T10:00:00+00:00,0
2020-03-24T04:00:00+00:00,ERROR
2020-03-29T21:00:00+00:00,0
2020-03-29T22:00:00+00:00,3550
2020-03-30T00:00:00+00:00,3212
2020-03-30T01:00:00+00:00,5377
2020-03-30T02:00:00+00:00,4369
2020-03-29T15:00:00+00:00,0
2020-03-30T03:00:00+00:00,2940
2020-03-30T04:00:00+00:00,1322
2020-03-30T05:00:00+00:00,2796
2020-03-30T06:00:00+00:00,4837
2020-03-30T07:00:00+00:00,3529
2020-03-30T08:00:00+00:00,2891
2020-03-30T09:00:00+00:00,2591
2020-03-30T10:00:00+00:00,2622
2020-03-30T12:00:00+00:00,6743
2020-03-30T11:00:00+00:00,2936
2020-03-24T09:00:00+00:00,5550
2020-03-30T13:00:00+00:00,11076
2020-03-30T14:00:00+00:00,7834
2020-03-30T15:00:00+00:00,7219
2020-03-30T16:00:00+00:00,6010
2020-03-30T17:00:00+00:00,7584
2020-03-30T18:00:00+00:00,9551
2020-03-29T23:00:00+00:00,3623
2020-03-30T19:00:00+00:00,8565
2020-03-30T20:00:00+00:00,1418
2020-03-30T21:00:00+00:00,0
2020-03-30T22:00:00+00:00,1233
2020-03-30T23:00:00+00:00,1249
2020-03-31T00:00:00+00:00,3616
2020-03-31T02:00:00+00:00,3853
2020-03-31T01:00:00+00:00,5113
2020-03-31T03:00:00+00:00,2869
2020-03-31T04:00:00+00:00,2319
2020-03-31T05:00:00+00:00,3340
2020-03-31T06:00:00+00:00,5731
2020-03-31T07:00:00+00:00,4924
2020-03-31T11:00:00+00:00,3551
2020-03-31T10:00:00+00:00,4561
2020-03-31T08:00:00+00:00,4868
2020-03-31T09:00:00+00:00,4779
2020-03-31T12:00:00+00:00,10451
2020-03-31T13:00:00+00:00,9275
2020-03-31T14:00:00+00:00,7460
2020-03-31T16:00:00+00:00,11717
2020-03-31T15:00:00+00:00,6307
2020-03-31T17:00:00+00:00,10494
2020-03-31T18:00:00+00:00,9794
2020-03-31T19:00:00+00:00,7460
2020-03-31T20:00:00+00:00,3204
2020-03-31T21:00:00+00:00,0
2020-03-31T22:00:00+00:00,3841
2020-03-31T23:00:00+00:00,2935
2020-03-24T05:00:00+00:00,ERROR
2020-04-01T00:00:00+00:00,2401
2020-04-01T01:00:00+00:00,3890
2020-04-01T02:00:00+00:00,2591
2020-04-01T03:00:00+00:00,2072
2020-04-01T04:00:00+00:00,2784
2020-04-01T06:00:00+00:00,7772
2020-04-01T07:00:00+00:00,9354
2020-04-01T08:00:00+00:00,3632
2020-04-01T10:00:00+00:00,2640
2020-04-01T09:00:00+00:00,3981
2020-04-01T11:00:00+00:00,5966
2020-04-01T12:00:00+00:00,11629
2020-04-01T13:00:00+00:00,11661
2020-04-01T15:00:00+00:00,12444
2020-04-01T14:00:00+00:00,13760
2020-04-01T16:00:00+00:00,8798
2020-04-01T17:00:00+00:00,9824
2020-04-01T18:00:00+00:00,6908
2020-04-01T20:00:00+00:00,1855
2020-04-01T19:00:00+00:00,9053
2020-04-01T21:00:00+00:00,0
2020-04-01T22:00:00+00:00,3106
2020-04-01T23:00:00+00:00,5426
2020-04-01T05:00:00+00:00,3733
2020-04-02T00:00:00+00:00,9996
2020-04-02T01:00:00+00:00,6901
2020-04-02T02:00:00+00:00,4220
2020-04-02T03:00:00+00:00,1558
2020-04-02T04:00:00+00:00,2063
2020-04-02T05:00:00+00:00,3806
2020-04-02T06:00:00+00:00,9194
2020-04-02T07:00:00+00:00,7635
2020-04-02T08:00:00+00:00,5739
2020-04-02T09:00:00+00:00,4849
2020-04-02T10:00:00+00:00,4909
2020-04-02T11:00:00+00:00,4204
2020-03-24T08:00:00+00:00,ERROR
2020-04-02T12:00:00+00:00,16366
2020-04-02T13:00:00+00:00,13150
2020-04-02T15:00:00+00:00,12266
2020-04-02T14:00:00+00:00,15215
2020-04-02T16:00:00+00:00,10638
2020-04-02T17:00:00+00:00,7380
2020-03-24T10:00:00+00:00,ERROR
2020-04-02T18:00:00+00:00,5007
2020-04-02T20:00:00+00:00,2088
2020-04-02T21:00:00+00:00,0
2020-04-02T22:00:00+00:00,1421
2020-04-02T23:00:00+00:00,1313
2020-04-03T00:00:00+00:00,4445
2020-04-03T02:00:00+00:00,3023
2020-04-03T03:00:00+00:00,3045
2020-04-03T04:00:00+00:00,2745
2020-04-03T05:00:00+00:00,5183
2020-04-03T06:00:00+00:00,4955
2020-04-03T07:00:00+00:00,7587
2020-04-03T08:00:00+00:00,7806
