hour_start_utc,open,high,low,close,tick_count
2026-07-12T01:00:00+00:00,,,,,0
2026-07-12T05:00:00+00:00,,,,,0
2026-07-12T02:00:00+00:00,,,,,0
2026-07-12T03:00:00+00:00,,,,,0
2026-07-12T04:00:00+00:00,,,,,0
2026-07-12T00:00:00+00:00,,,,,0
2026-07-12T06:00:00+00:00,,,,,0
2026-07-12T07:00:00+00:00,,,,,0
2026-07-12T08:00:00+00:00,,,,,0
2026-07-12T09:00:00+00:00,,,,,0
2026-07-12T11:00:00+00:00,,,,,0
2026-07-12T12:00:00+00:00,,,,,0
2026-07-12T10:00:00+00:00,,,,,0
2026-07-12T13:00:00+00:00,,,,,0
2026-07-12T14:00:00+00:00,,,,,0
2026-07-12T15:00:00+00:00,,,,,0
2026-07-12T16:00:00+00:00,,,,,0
2026-07-12T17:00:00+00:00,,,,,0
2026-07-12T18:00:00+00:00,,,,,0
2026-07-12T19:00:00+00:00,,,,,0
2026-07-12T21:00:00+00:00,,,,,0
2026-07-12T20:00:00+00:00,,,,,0
2026-07-12T22:00:00+00:00,4095.605,4104.28,4069.495,4076.665,10152
2026-07-12T23:00:00+00:00,4076.755,4085.065,4068.655,4084.565,9220
2026-07-13T00:00:00+00:00,4084.585,4091.215,4061.14,4074.06,18560
2026-07-13T01:00:00+00:00,4074.09,4090.005,4065.47,4072.31,27877
2026-07-13T02:00:00+00:00,4072.335,4077.62,4064.57,4068.63,23243
2026-07-13T03:00:00+00:00,4068.64,4069.395,4052.99,4060.545,18317
2026-07-13T04:00:00+00:00,4060.525,4060.595,4050.48,4058.795,13844
2026-07-13T05:00:00+00:00,4058.785,4073.315,4052.415,4053.76,21165
2026-07-13T06:00:00+00:00,4053.715,4063.65,4043.945,4055.57,16994
2026-07-13T07:00:00+00:00,4055.745,4065.23,4049.07,4064.975,13454
2026-07-13T08:00:00+00:00,4064.945,4080.845,4063.105,4074.64,14015
2026-07-13T09:00:00+00:00,4074.34,4076.825,4068.26,4068.37,9732
2026-07-13T10:00:00+00:00,4068.355,4070.695,4046.59,4060.785,11423
2026-07-13T11:00:00+00:00,4060.9,4068.84,4054.96,4056.695,14435
2026-07-13T12:00:00+00:00,4056.715,4067.605,4053.805,4067.585,16600
2026-07-13T13:00:00+00:00,4067.615,4067.8,4042.02,4043.395,23038
2026-07-13T15:00:00+00:00,4015.355,4020.525,4010.39,4016.085,22765
2026-07-13T14:00:00+00:00,4043.385,4047.14,4000.49,4015.37,28868
2026-07-13T16:00:00+00:00,4016.095,4018.08,3986.51,3993.335,24756
2026-07-13T17:00:00+00:00,3993.38,4001.975,3992.035,3993.285,22264
2026-07-13T18:00:00+00:00,3993.365,4005.195,3986.77,4001.625,19266
2026-07-13T19:00:00+00:00,4001.615,4004.665,3993.535,4002.06,18054
2026-07-13T20:00:00+00:00,4002.1,4006.235,3996.68,4001.8,7192
2026-07-13T21:00:00+00:00,,,,,0
2026-07-13T22:00:00+00:00,4006.445,4007.05,4001.435,4001.955,4604
2026-07-13T23:00:00+00:00,4002.075,4003.42,3992.745,4001.185,7318
2026-07-14T00:00:00+00:00,4001.215,4007.47,3983.715,4004.225,22934
2026-07-14T01:00:00+00:00,4004.28,4012.25,3992.045,4010.8,25674
2026-07-14T02:00:00+00:00,4010.725,4019.26,4006.095,4012.385,19829
2026-07-14T03:00:00+00:00,4012.46,4019.135,4011.15,4016.87,15416
2026-07-14T04:00:00+00:00,4016.9,4023.73,4013.555,4020.435,11632
2026-07-14T06:00:00+00:00,4031.505,4033.215,4021.805,4023.985,13290
2026-07-14T05:00:00+00:00,4020.73,4034.415,4019.73,4031.535,16021
2026-07-14T07:00:00+00:00,4023.965,4030.115,4020.195,4020.845,14387
2026-07-14T08:00:00+00:00,4020.765,4024.035,4014.4,4015.995,13783
2026-07-14T09:00:00+00:00,4016.02,4024.38,4013.755,4021.785,12709
2026-07-14T10:00:00+00:00,4021.725,4022.95,4015.235,4021.775,10087
2026-07-14T11:00:00+00:00,4021.815,4031.895,4015.54,4031.285,12382
2026-07-14T12:00:00+00:00,4031.225,4103.25,4023.27,4076.245,23084
2026-07-14T13:00:00+00:00,4076.22,4088.96,4071.08,4076.645,25312
2026-07-14T14:00:00+00:00,4076.605,4092.71,4070.51,4085.26,24518
2026-07-14T15:00:00+00:00,4085.25,4101.01,4064.875,4066.295,20429
2026-07-14T16:00:00+00:00,4066.315,4066.965,4057.655,4061.735,15264
2026-07-14T17:00:00+00:00,4061.795,4065.115,4054.65,4062.855,12534
2026-07-14T18:00:00+00:00,4062.465,4063.285,4042.97,4054.225,12143
2026-07-14T19:00:00+00:00,4054.245,4057.435,4047.72,4055.91,12535
2026-07-14T20:00:00+00:00,4055.885,4056.585,4049.245,4054.225,4616
2026-07-14T21:00:00+00:00,,,,,0
2026-07-14T22:00:00+00:00,4053.27,4053.75,4048.38,4049.035,5115
2026-07-14T23:00:00+00:00,4048.775,4056.375,4046.87,4052.98,6023
2026-07-15T00:00:00+00:00,4053.085,4060.775,4050.985,4059.115,13231
2026-07-15T01:00:00+00:00,4059.635,4062.27,4035.515,4037.24,19239
2026-07-15T02:00:00+00:00,4036.88,4042.275,4029.395,4035.375,16486
2026-07-15T03:00:00+00:00,4035.305,4040.535,4028.215,4031.5,12514
2026-07-15T04:00:00+00:00,4031.475,4035.17,4028.22,4033.18,8669
2026-07-15T05:00:00+00:00,4033.765,4036.9,4022.1,4034.85,15136
2026-07-15T06:00:00+00:00,4034.815,4035.5,4021.41,4032.2,12895
2026-07-15T07:00:00+00:00,4032.29,4034.465,4019.76,4024.59,13806
2026-07-15T08:00:00+00:00,4024.67,4033.305,4017.48,4031.24,14167
2026-07-15T09:00:00+00:00,4031.525,4034.365,4025.53,4030.405,11447
2026-07-15T10:00:00+00:00,4030.445,4036.08,4026.64,4028.24,12658
2026-07-15T11:00:00+00:00,4028.09,4040.28,4027.64,4038.41,13507
2026-07-15T12:00:00+00:00,4038.52,4071.58,4035.84,4067.88,21437
2026-07-15T13:00:00+00:00,4068.425,4074.13,4054.205,4061.74,26279
2026-07-15T14:00:00+00:00,4061.75,4066.09,4053.345,4060.315,27836
2026-07-15T15:00:00+00:00,4060.69,4062.99,4039.745,4046.96,26125
2026-07-15T16:00:00+00:00,4046.955,4047.91,4026.825,4033.825,24794
2026-07-15T17:00:00+00:00,4033.84,4066.465,4033.045,4062.425,21925
2026-07-15T19:00:00+00:00,4059.175,4063.0,4048.005,4057.14,18304
2026-07-15T18:00:00+00:00,4062.46,4081.285,4058.11,4059.155,20048
2026-07-15T20:00:00+00:00,4057.125,4063.335,4055.21,4060.27,5407
2026-07-15T21:00:00+00:00,,,,,0
2026-07-15T22:00:00+00:00,4062.435,4067.21,4058.175,4059.615,4968
2026-07-15T23:00:00+00:00,4059.525,4061.99,4055.69,4058.155,6201
2026-07-16T00:00:00+00:00,4058.22,4061.455,4043.825,4044.57,15640
2026-07-16T01:00:00+00:00,4044.595,4050.68,4033.875,4039.145,22239
2026-07-16T02:00:00+00:00,4039.105,4040.155,4024.025,4031.615,20038
2026-07-16T03:00:00+00:00,4031.565,4037.035,4027.73,4036.41,15684
2026-07-16T04:00:00+00:00,4036.46,4038.11,4032.045,4033.32,9842
2026-07-16T05:00:00+00:00,4033.27,4034.22,4025.37,4027.375,18054
2026-07-16T06:00:00+00:00,4027.41,4036.625,4023.08,4030.68,15485
2026-07-16T07:00:00+00:00,4030.72,4032.04,4023.165,4030.81,16722
2026-07-16T08:00:00+00:00,4030.78,4036.71,4025.335,4035.44,16371
2026-07-16T09:00:00+00:00,4035.42,4037.84,4030.53,4031.755,12541
2026-07-16T10:00:00+00:00,4031.74,4034.89,4028.72,4029.595,11924
2026-07-16T11:00:00+00:00,4029.575,4042.5,4021.33,4038.61,18302
2026-07-16T12:00:00+00:00,4038.63,4043.34,3990.585,3992.34,26328
2026-07-16T13:00:00+00:00,3992.38,4008.65,3973.665,3990.26,33270
2026-07-16T14:00:00+00:00,3990.0175,4006.845,3987.255,3997.92,32343
2026-07-16T15:00:00+00:00,3997.935,4017.075,3989.41,4007.04,27833
2026-07-16T16:00:00+00:00,4007.035,4007.625,3982.275,3992.09,26041
2026-07-16T17:00:00+00:00,3992.255,3993.025,3980.015,3984.735,24422
2026-07-16T18:00:00+00:00,3984.825,3990.52,3976.515,3980.505,23646
2026-07-16T19:00:00+00:00,3980.475,3986.28,3969.425,3980.005,23653
2026-07-16T20:00:00+00:00,3980.145,3980.2,3971.97,3975.675,6342
2026-07-16T21:00:00+00:00,,,,,0
2026-07-16T22:00:00+00:00,3978.415,3980.55,3972.955,3978.51,4780
2026-07-16T23:00:00+00:00,3978.515,3986.765,3975.315,3986.235,7922
2026-07-17T00:00:00+00:00,3986.27,3992.02,3980.89,3992.02,17494
2026-07-17T01:00:00+00:00,3991.99,3996.135,3979.225,3983.385,26608
2026-07-17T02:00:00+00:00,3983.34,3987.6,3970.825,3979.195,20701
2026-07-17T03:00:00+00:00,3979.27,4008.825,3978.77,3991.49,19414
2026-07-17T04:00:00+00:00,3991.515,3991.785,3980.18,3981.795,15453
2026-07-17T05:00:00+00:00,3981.79,3991.615,3975.49,3984.92,22530
2026-07-17T06:00:00+00:00,3984.97,4007.235,3984.97,3999.445,17949
2026-07-17T07:00:00+00:00,3999.415,4002.69,3992.745,3992.875,17562
2026-07-17T08:00:00+00:00,3992.895,3999.875,3987.895,3994.225,20738
2026-07-17T09:00:00+00:00,3994.275,4002.49,3992.885,3998.125,16798
2026-07-17T10:00:00+00:00,3998.165,3999.135,3990.555,3990.96,15828
2026-07-17T11:00:00+00:00,3990.925,3998.825,3990.07,3994.115,16820
2026-07-17T12:00:00+00:00,3994.135,3995.61,3964.225,3966.235,21500
2026-07-17T13:00:00+00:00,3966.335,4003.725,3959.825,3997.16,31916
2026-07-17T14:00:00+00:00,3997.005,4004.465,3990.135,4001.22,32131
2026-07-17T15:00:00+00:00,4001.23,4021.445,3997.745,4019.185,27127
2026-07-17T16:00:00+00:00,4019.265,4024.005,4011.025,4015.085,17943
2026-07-17T17:00:00+00:00,4015.165,4019.415,4008.545,4010.215,16409
2026-07-17T18:00:00+00:00,4010.115,4016.255,4006.745,4011.465,17231
2026-07-17T19:00:00+00:00,4011.495,4016.585,4002.435,4015.455,16842
2026-07-17T20:00:00+00:00,4015.515,4019.18,4008.725,4017.55,5371
2026-07-17T21:00:00+00:00,,,,,0
2026-07-17T22:00:00+00:00,,,,,0
2026-07-17T23:00:00+00:00,,,,,0
2026-07-19T00:00:00+00:00,,,,,0
2026-07-19T01:00:00+00:00,,,,,0
2026-07-19T02:00:00+00:00,,,,,0
2026-07-19T03:00:00+00:00,,,,,0
2026-07-19T04:00:00+00:00,,,,,0
2026-07-19T05:00:00+00:00,,,,,0
2026-07-19T06:00:00+00:00,,,,,0
2026-07-19T07:00:00+00:00,,,,,0
2026-07-19T08:00:00+00:00,,,,,0
2026-07-19T09:00:00+00:00,,,,,0
2026-07-19T10:00:00+00:00,,,,,0
2026-07-19T12:00:00+00:00,,,,,0
2026-07-19T11:00:00+00:00,,,,,0
2026-07-19T13:00:00+00:00,,,,,0
2026-07-19T14:00:00+00:00,,,,,0
2026-07-19T15:00:00+00:00,,,,,0
2026-07-19T16:00:00+00:00,,,,,0
2026-07-19T18:00:00+00:00,,,,,0
2026-07-19T17:00:00+00:00,,,,,0
2026-07-19T20:00:00+00:00,,,,,0
2026-07-19T19:00:00+00:00,,,,,0
2026-07-19T21:00:00+00:00,,,,,0
2026-07-19T23:00:00+00:00,3994.875,3996.315,3989.595,3995.565,7244
2026-07-19T22:00:00+00:00,4003.35,4007.71,3993.61,3994.77,7573
2026-07-20T00:00:00+00:00,3995.425,4010.17,3982.37,4008.665,17424
2026-07-20T01:00:00+00:00,4008.695,4020.72,3995.915,4002.245,24683
2026-07-20T02:00:00+00:00,4002.295,4029.095,4001.36,4022.025,22973
2026-07-20T03:00:00+00:00,4021.94,4028.17,4018.755,4024.19,18492
2026-07-20T04:00:00+00:00,4024.205,4026.885,4018.565,4018.83,10996
2026-07-20T05:00:00+00:00,4019.135,4021.245,4005.47,4008.81,17441
2026-07-20T06:00:00+00:00,4008.77,4011.89,4003.12,4003.865,14812
2026-07-20T07:00:00+00:00,4003.945,4021.935,4002.175,4017.255,16000
2026-07-20T08:00:00+00:00,4017.355,4030.71,4017.355,4019.035,14417
2026-07-20T09:00:00+00:00,4018.965,4023.345,4014.95,4021.28,13145
2026-07-20T10:00:00+00:00,4021.295,4025.69,4018.3,4024.26,11505
2026-07-20T11:00:00+00:00,4024.255,4040.805,4019.875,4025.34,19156
2026-07-20T12:00:00+00:00,4025.01,4025.3,4006.59,4008.245,20467
2026-07-20T13:00:00+00:00,4008.17,4017.48,4005.715,4005.83,24379
2026-07-20T14:00:00+00:00,4005.775,4013.665,3998.33,4006.245,25484
2026-07-20T15:00:00+00:00,4006.305,4019.675,4004.555,4011.91,23112
2026-07-20T17:00:00+00:00,4009.895,4013.215,4003.74,4005.305,16492
2026-07-20T16:00:00+00:00,4011.885,4018.41,4001.755,4009.885,18713
2026-07-20T18:00:00+00:00,4005.335,4011.91,4003.34,4007.335,16477
2026-07-20T19:00:00+00:00,4007.355,4018.09,4004.35,4007.105,18388
2026-07-20T20:00:00+00:00,4007.03,4009.545,4005.865,4008.085,5072
2026-07-20T21:00:00+00:00,,,,,0
2026-07-20T23:00:00+00:00,4000.67,4010.68,4000.26,4010.155,7027
2026-07-20T22:00:00+00:00,4008.595,4010.895,3999.685,4000.48,6194
2026-07-21T00:00:00+00:00,4010.025,4027.25,4003.93,4024.935,17704
2026-07-21T01:00:00+00:00,4024.9,4035.975,4018.385,4023.34,22861
2026-07-21T02:00:00+00:00,4023.445,4045.215,4022.17,4038.155,16610
2026-07-21T03:00:00+00:00,4038.195,4051.685,4036.86,4047.025,12015
2026-07-21T04:00:00+00:00,4047.06,4051.895,4043.795,4049.585,7659
2026-07-21T05:00:00+00:00,4049.62,4067.9,4046.35,4061.57,14223
2026-07-21T06:00:00+00:00,4061.47,4084.21,4061.47,4078.455,15249
2026-07-21T07:00:00+00:00,4078.525,4080.475,4067.74,4071.32,7928
2026-07-21T08:00:00+00:00,4071.145,4072.565,4059.25,4062.89,8648
2026-07-21T09:00:00+00:00,4062.995,4069.74,4061.09,4066.0,7376
2026-07-21T10:00:00+00:00,4065.97,4070.185,4060.985,4063.04,9464
2026-07-21T11:00:00+00:00,4063.025,4063.785,4054.51,4056.04,11004
2026-07-21T12:00:00+00:00,4056.13,4065.9,4051.255,4053.835,16784
2026-07-21T13:00:00+00:00,4054.05,4061.88,4044.46,4053.11,25480
2026-07-21T14:00:00+00:00,4053.105,4074.055,4051.76,4068.535,26695
2026-07-21T15:00:00+00:00,4068.535,4083.6,4065.62,4074.29,21362
2026-07-21T16:00:00+00:00,4074.285,4079.23,4069.95,4071.565,13797
2026-07-21T17:00:00+00:00,4071.575,4072.89,4066.82,4068.815,12062
2026-07-21T18:00:00+00:00,4068.795,4087.05,4067.765,4082.325,13954
2026-07-21T19:00:00+00:00,4082.425,4085.88,4080.12,4084.785,12272
2026-07-21T20:00:00+00:00,4084.625,4086.615,4076.735,4077.565,3945
2026-07-21T21:00:00+00:00,,,,,0
2026-07-21T23:00:00+00:00,4080.35,4082.995,4079.295,4080.785,3789
2026-07-21T22:00:00+00:00,4080.37,4085.44,4076.855,4080.525,5044
2026-07-22T00:00:00+00:00,4080.895,4102.785,4076.73,4097.535,17161
2026-07-22T01:00:00+00:00,4097.615,4124.085,4096.795,4122.29,23863
2026-07-22T02:00:00+00:00,4122.305,4130.995,4118.915,4130.825,20406
2026-07-22T04:00:00+00:00,4130.945,4131.39,4124.905,4127.025,11880
2026-07-22T03:00:00+00:00,4130.82,4141.8,4129.405,4130.975,17681
2026-07-22T05:00:00+00:00,4127.09,4134.27,4123.11,4131.04,17657
2026-07-22T06:00:00+00:00,4131.05,4135.35,4113.51,4116.465,16980
2026-07-22T07:00:00+00:00,4116.5,4123.24,4109.285,4110.735,15231
2026-07-22T08:00:00+00:00,4110.67,4120.185,4110.67,4118.445,15098
2026-07-22T09:00:00+00:00,4118.455,4122.47,4113.42,4115.09,13753
2026-07-22T10:00:00+00:00,4115.24,4121.93,4114.945,4117.705,12777
2026-07-22T11:00:00+00:00,4117.675,4123.215,4112.665,4122.64,14017
2026-07-22T12:00:00+00:00,4122.715,4134.475,4107.384,4113.04,18725
2026-07-22T13:00:00+00:00,4113.105,4156.065,4112.985,4154.635,24728
2026-07-22T14:00:00+00:00,4154.665,4163.51,4144.135,4148.53,26961
2026-07-22T15:00:00+00:00,4148.52,4166.0,4148.52,4159.405,21755
2026-07-22T16:00:00+00:00,4159.41,4159.6,4144.595,4146.99,16717
2026-07-22T17:00:00+00:00,4147.03,4148.02,4138.4,4142.5,16318
2026-07-22T18:00:00+00:00,4142.42,4142.985,4132.025,4136.195,19393
2026-07-22T19:00:00+00:00,4136.17,4137.37,4129.04,4131.955,17864
2026-07-22T20:00:00+00:00,4131.815,4137.985,4128.24,4130.68,9547
2026-07-22T21:00:00+00:00,,,,,0
2026-07-22T22:00:00+00:00,4124.415,4137.16,4116.364,4121.715,9308
2026-07-22T23:00:00+00:00,4121.98,4134.42,4116.235,4133.515,9142
2026-07-23T00:00:00+00:00,4133.6,4134.8,4125.175,4132.115,12980
2026-07-23T01:00:00+00:00,4132.09,4141.29,4114.47,4117.995,24588
2026-07-23T02:00:00+00:00,4117.82,4128.865,4112.17,4128.35,18784
2026-07-23T03:00:00+00:00,4128.35,4133.315,4124.115,4124.72,14455
2026-07-23T04:00:00+00:00,4124.695,4130.46,4120.025,4121.205,11615
2026-07-23T05:00:00+00:00,4121.175,4130.74,4119.415,4124.145,16188
2026-07-23T06:00:00+00:00,4124.14,4128.36,4116.855,4118.81,14156
2026-07-23T07:00:00+00:00,4118.81,4119.72,4090.245,4095.605,18212
2026-07-23T08:00:00+00:00,4095.48,4097.8,4087.1,4093.585,14801
2026-07-23T09:00:00+00:00,4093.565,4099.58,4088.43,4089.935,13335
2026-07-23T10:00:00+00:00,4089.9,4095.37,4086.155,4093.315,12814
2026-07-23T11:00:00+00:00,4093.385,4093.98,4073.095,4085.8,16469
2026-07-23T12:00:00+00:00,4085.585,4086.085,4061.065,4061.915,20880
2026-07-23T13:00:00+00:00,4061.905,4067.485,4040.48,4043.405,32227
2026-07-23T14:00:00+00:00,4043.4,4061.82,4039.995,4058.0,29225
2026-07-23T15:00:00+00:00,4058.085,4059.62,4042.36,4048.815,24316
2026-07-23T16:00:00+00:00,4048.845,4051.86,4045.875,4051.5,16907
2026-07-23T17:00:00+00:00,4051.69,4054.755,4041.76,4041.91,18287
2026-07-23T18:00:00+00:00,4041.87,4048.46,4040.565,4046.45,17925
2026-07-23T19:00:00+00:00,4046.43,4051.32,4043.06,4049.81,16910
2026-07-23T20:00:00+00:00,4049.985,4051.205,4047.51,4049.745,6444
2026-07-23T21:00:00+00:00,,,,,0
2026-07-23T22:00:00+00:00,4050.145,4050.845,4048.64,4049.645,3215
2026-07-23T23:00:00+00:00,4049.635,4051.24,4046.675,4047.155,5223
2026-07-24T00:00:00+00:00,4047.12,4051.18,4041.395,4050.1,13311
2026-07-24T01:00:00+00:00,4049.91,4050.76,4039.915,4043.73,19312
2026-07-24T02:00:00+00:00,4043.705,4048.66,4023.115,4024.69,17142
2026-07-24T03:00:00+00:00,4024.635,4033.655,4023.2,4029.43,12764
2026-07-24T04:00:00+00:00,4029.025,4030.505,4025.595,4027.185,8202
2026-07-24T05:00:00+00:00,4027.21,4032.38,4022.045,4023.09,14670
2026-07-24T06:00:00+00:00,4023.11,4039.265,4023.01,4035.85,13236
2026-07-24T07:00:00+00:00,4035.89,4053.825,4035.235,4048.47,13842
2026-07-24T08:00:00+00:00,4048.78,4058.765,4045.245,4057.66,11428
2026-07-24T09:00:00+00:00,4057.72,4060.87,4051.695,4059.925,9025
2026-07-24T10:00:00+00:00,4060.185,4063.985,4057.305,4060.195,5904
2026-07-24T11:00:00+00:00,4060.32,4063.5,4051.475,4057.835,6389
2026-07-24T12:00:00+00:00,4057.9,4060.3,4051.76,4056.215,9585
2026-07-24T13:00:00+00:00,4056.095,4068.695,4044.755,4067.51,15477
2026-07-24T14:00:00+00:00,4067.58,4070.15,4055.905,4063.4,18313
2026-07-24T15:00:00+00:00,4063.3,4082.24,4061.95,4077.445,17650
2026-07-24T16:00:00+00:00,4077.43,4078.305,4064.225,4067.135,9990
2026-07-24T17:00:00+00:00,4067.215,4069.955,4063.04,4063.41,9129
2026-07-24T18:00:00+00:00,4063.46,4064.65,4051.145,4054.465,8162
2026-07-24T19:00:00+00:00,4054.54,4058.03,4049.275,4053.785,8699
2026-07-24T20:00:00+00:00,4053.675,4056.18,4051.74,4052.46,2856
2026-07-24T21:00:00+00:00,,,,,0
2026-07-24T23:00:00+00:00,,,,,0
2026-07-24T22:00:00+00:00,,,,,0
2018-01-01T02:00:00+00:00,,,,,0
2018-01-01T08:00:00+00:00,,,,,0
2018-01-01T09:00:00+00:00,,,,,0
2018-01-01T10:00:00+00:00,,,,,0
2018-01-01T11:00:00+00:00,,,,,0
2018-01-01T00:00:00+00:00,,,,,0
2018-01-01T12:00:00+00:00,,,,,0
2018-01-01T05:00:00+00:00,,,,,0
2018-01-01T06:00:00+00:00,,,,,0
2018-01-01T07:00:00+00:00,,,,,0
2018-01-01T01:00:00+00:00,,,,,0
2018-01-01T13:00:00+00:00,,,,,0
2018-01-01T14:00:00+00:00,,,,,0
2018-01-01T16:00:00+00:00,,,,,0
2018-01-01T15:00:00+00:00,,,,,0
2018-01-01T17:00:00+00:00,,,,,0
2018-01-01T04:00:00+00:00,,,,,0
2018-01-01T03:00:00+00:00,,,,,0
2018-01-01T18:00:00+00:00,,,,,0
2018-01-01T19:00:00+00:00,,,,,0
2018-01-01T20:00:00+00:00,,,,,0
2018-01-01T21:00:00+00:00,,,,,0
2018-01-01T22:00:00+00:00,,,,,0
2018-01-01T23:00:00+00:00,1303.175,1307.745,1302.46,1306.8415,4416
2018-01-02T00:00:00+00:00,1306.8365,1307.3885,1305.34,1306.407,5266
2018-01-02T01:00:00+00:00,1306.4065,1307.0485,1304.301,1306.25,6742
2018-01-02T02:00:00+00:00,1306.25,1306.875,1305.56,1306.049,4867
2018-01-02T03:00:00+00:00,1306.045,1307.5365,1305.4815,1306.5335,5151
2018-01-02T04:00:00+00:00,1306.53,1307.354,1306.4065,1307.255,3073
2018-01-02T05:00:00+00:00,1307.255,1307.735,1306.881,1307.5035,3879
2018-01-02T06:00:00+00:00,1307.51,1310.084,1307.48,1310.021,7107
2018-01-02T07:00:00+00:00,1310.0115,1310.357,1308.925,1309.4985,10906
2018-01-02T08:00:00+00:00,1309.5035,1310.932,1308.595,1310.326,10968
2018-01-02T09:00:00+00:00,1310.3145,1312.4335,1310.085,1312.359,10761
2018-01-02T11:00:00+00:00,1311.96,1312.37,1310.245,1310.285,8259
2018-01-02T12:00:00+00:00,1310.275,1312.69,1310.183,1312.176,10546
2018-01-02T13:00:00+00:00,1312.1665,1314.485,1311.985,1314.003,13505
2018-01-02T14:00:00+00:00,1313.99,1314.64,1312.315,1312.746,15607
2018-01-02T15:00:00+00:00,1312.742,1313.69,1310.945,1312.31,15961
2018-01-02T16:00:00+00:00,1312.33,1313.68,1311.363,1311.3885,13564
2018-01-02T17:00:00+00:00,1311.335,1312.545,1311.31,1312.52,9257
2018-01-02T10:00:00+00:00,1312.2765,1312.94,1310.216,1311.96,11703
2018-01-02T18:00:00+00:00,1312.56,1314.9365,1312.4915,1314.635,10214
2018-01-02T19:00:00+00:00,1314.635,1316.275,1314.57,1316.06,8520
2018-01-02T20:00:00+00:00,1316.055,1318.57,1315.782,1318.375,8229
2018-01-02T21:00:00+00:00,1318.385,1318.985,1317.5,1317.96,3582
2018-01-02T22:00:00+00:00,,,,,0
2018-01-02T23:00:00+00:00,1317.855,1321.565,1317.285,1320.32,5087
2018-01-03T00:00:00+00:00,1320.355,1321.365,1320.255,1320.705,5224
2018-01-03T01:00:00+00:00,1320.71,1320.72,1316.9905,1318.3265,9591
2018-01-03T02:00:00+00:00,1318.317,1318.485,1312.054,1312.325,10917
2018-01-03T03:00:00+00:00,1312.425,1314.78,1312.059,1314.1815,7081
2018-01-03T04:00:00+00:00,1314.177,1314.1815,1312.3865,1313.7,4362
2018-01-03T06:00:00+00:00,1314.7065,1315.515,1313.01,1313.32,7328
2018-01-03T05:00:00+00:00,1313.6965,1314.825,1313.375,1314.7065,4587
2018-01-03T07:00:00+00:00,1313.291,1314.363,1312.0195,1313.735,9975
2018-01-03T08:00:00+00:00,1313.735,1315.231,1313.535,1314.4535,9822
2018-01-03T09:00:00+00:00,1314.455,1314.9865,1313.9435,1314.68,7946
2018-01-03T10:00:00+00:00,1314.68,1315.1,1313.6415,1314.125,8016
2018-01-03T11:00:00+00:00,1314.125,1316.3485,1313.718,1315.75,8212
2018-01-03T13:00:00+00:00,1314.8935,1316.595,1314.56,1316.4735,12197
2018-01-03T12:00:00+00:00,1315.77,1317.579,1313.46,1314.89,11926
2018-01-03T14:00:00+00:00,1316.475,1318.005,1315.2985,1317.05,13603
2018-01-03T15:00:00+00:00,1317.023,1317.2065,1314.976,1316.616,15319
2018-01-03T17:00:00+00:00,1317.104,1317.4555,1315.8065,1315.905,7678
2018-01-03T16:00:00+00:00,1316.611,1317.4355,1315.855,1317.1035,10521
2018-01-03T18:00:00+00:00,1315.9365,1317.32,1315.87,1316.295,6935
2018-01-03T19:00:00+00:00,1316.345,1316.392,1307.58,1313.07,12988
2018-01-03T20:00:00+00:00,1313.0735,1316.769,1313.07,1315.0735,8436
2018-01-03T21:00:00+00:00,1315.08,1315.82,1312.253,1313.195,3972
2018-01-03T22:00:00+00:00,,,,,0
2018-01-03T23:00:00+00:00,1313.63,1313.735,1310.6965,1311.227,5229
2018-01-04T00:00:00+00:00,1311.2165,1311.247,1308.56,1309.32,8216
2018-01-04T01:00:00+00:00,1309.305,1309.93,1305.99,1307.215,9527
2018-01-04T03:00:00+00:00,1307.105,1307.4235,1306.215,1307.305,4467
2018-01-04T02:00:00+00:00,1307.205,1308.09,1306.695,1307.095,6982
2018-01-04T04:00:00+00:00,1307.285,1308.535,1307.285,1308.085,3868
2018-01-04T05:00:00+00:00,1308.085,1310.3715,1307.675,1310.2,6156
2018-01-04T06:00:00+00:00,1310.21,1311.0,1309.22,1310.19,7058
2018-01-04T08:00:00+00:00,1310.76,1312.213,1310.597,1311.7485,9963
2018-01-04T07:00:00+00:00,1310.1885,1311.495,1308.2665,1310.75,8707
2018-01-04T09:00:00+00:00,1311.748,1314.39,1311.629,1313.7915,9273
2018-01-04T10:00:00+00:00,1313.7865,1314.4,1312.325,1313.608,10054
2018-01-04T11:00:00+00:00,1313.6035,1313.935,1312.5915,1313.02,8386
2018-01-04T12:00:00+00:00,1313.016,1313.5565,1311.735,1313.36,10103
2018-01-04T14:00:00+00:00,1314.9035,1316.575,1314.3285,1314.828,16133
2018-01-04T13:00:00+00:00,1313.378,1317.27,1309.286,1314.893,18591
2018-01-04T15:00:00+00:00,1314.8335,1319.968,1314.49,1319.893,15367
2018-01-04T16:00:00+00:00,1319.888,1320.096,1316.8535,1319.289,14557
2018-01-04T18:00:00+00:00,1319.7635,1321.103,1318.302,1319.2985,9872
2018-01-04T17:00:00+00:00,1319.3,1319.923,1318.24,1319.759,9762
2018-01-04T19:00:00+00:00,1319.28,1324.774,1319.275,1324.4585,10971
2018-01-04T20:00:00+00:00,1324.4635,1326.074,1321.861,1321.965,8403
2018-01-04T21:00:00+00:00,1321.99,1324.1035,1321.91,1322.65,3438
2018-01-04T22:00:00+00:00,,,,,0
2018-01-04T23:00:00+00:00,1322.76,1323.13,1320.85,1321.0255,3606
2018-01-05T00:00:00+00:00,1321.04,1323.47,1320.98,1322.985,6384
2018-01-05T01:00:00+00:00,1322.975,1323.083,1321.355,1322.08,5457
2018-01-05T02:00:00+00:00,1322.065,1322.065,1320.7485,1321.155,5653
2018-01-05T03:00:00+00:00,1321.155,1322.085,1321.155,1321.465,4362
2018-01-05T04:00:00+00:00,1321.465,1322.009,1321.2885,1321.97,3987
2018-01-05T05:00:00+00:00,1321.9735,1322.0,1320.03,1320.322,5313
2018-01-05T06:00:00+00:00,1320.3065,1320.35,1317.755,1318.405,8154
2018-01-05T07:00:00+00:00,1318.409,1319.711,1318.031,1318.367,9153
2018-01-05T08:00:00+00:00,1318.3565,1318.725,1316.7585,1318.124,10113
2018-01-05T09:00:00+00:00,1318.115,1318.393,1316.7,1316.8115,8631
2018-01-05T10:00:00+00:00,1316.801,1317.835,1316.425,1317.51,7747
2018-01-05T11:00:00+00:00,1317.486,1317.486,1316.463,1317.139,6802
2018-01-05T12:00:00+00:00,1317.149,1318.39,1316.255,1317.53,9109
2018-01-05T13:00:00+00:00,1317.585,1322.985,1316.6315,1320.846,18129
2018-01-05T14:00:00+00:00,1320.836,1320.9165,1313.7455,1316.295,20193
2018-01-05T15:00:00+00:00,1316.305,1320.6815,1316.305,1318.98,17691
2018-01-05T16:00:00+00:00,1318.9535,1322.205,1318.455,1321.58,12073
2018-01-05T18:00:00+00:00,1320.69,1321.51,1319.5765,1320.4585,7991
2018-01-05T17:00:00+00:00,1321.575,1321.6735,1320.1515,1320.717,10942
2018-01-05T20:00:00+00:00,1320.681,1320.825,1318.536,1320.505,5939
2018-01-05T19:00:00+00:00,1320.4635,1321.339,1320.4365,1320.6915,7211
2018-01-05T21:00:00+00:00,1320.53,1320.7735,1319.285,1319.37,2715
2018-01-05T23:00:00+00:00,,,,,0
2018-01-05T22:00:00+00:00,,,,,0
2018-01-07T00:00:00+00:00,,,,,0
2018-01-07T01:00:00+00:00,,,,,0
2018-01-07T02:00:00+00:00,,,,,0
2018-01-07T03:00:00+00:00,,,,,0
2018-01-07T04:00:00+00:00,,,,,0
2018-01-07T05:00:00+00:00,,,,,0
2018-01-07T06:00:00+00:00,,,,,0
2018-01-07T07:00:00+00:00,,,,,0
2018-01-07T08:00:00+00:00,,,,,0
2018-01-07T10:00:00+00:00,,,,,0
2018-01-07T09:00:00+00:00,,,,,0
2018-01-07T11:00:00+00:00,,,,,0
2018-01-07T12:00:00+00:00,,,,,0
2018-01-07T13:00:00+00:00,,,,,0
2018-01-07T14:00:00+00:00,,,,,0
2018-01-07T15:00:00+00:00,,,,,0
2018-01-07T16:00:00+00:00,,,,,0
2018-01-07T17:00:00+00:00,,,,,0
2018-01-07T18:00:00+00:00,,,,,0
2018-01-07T19:00:00+00:00,,,,,0
2018-01-07T20:00:00+00:00,,,,,0
2018-01-07T21:00:00+00:00,,,,,0
2018-01-07T22:00:00+00:00,,,,,0
2018-01-07T23:00:00+00:00,1320.7,1321.51,1319.2665,1319.635,3381
2018-01-08T00:00:00+00:00,1319.625,1321.025,1319.41,1320.715,3641
2018-01-08T01:00:00+00:00,1320.725,1322.2165,1320.1215,1320.95,5901
2018-01-08T02:00:00+00:00,1320.9465,1321.87,1319.7815,1320.35,5386
2018-01-08T03:00:00+00:00,1320.35,1321.05,1320.035,1320.42,3180
2018-01-08T04:00:00+00:00,1320.433,1320.5545,1319.6515,1320.32,2791
2018-01-08T05:00:00+00:00,1320.2915,1320.455,1317.475,1318.115,5469
2018-01-08T06:00:00+00:00,1318.1185,1319.055,1317.573,1318.9535,5472
2018-01-08T07:00:00+00:00,1318.95,1318.965,1315.832,1316.0075,8349
2018-01-08T08:00:00+00:00,1315.9835,1316.85,1314.885,1316.47,8212
2018-01-08T09:00:00+00:00,1316.465,1317.525,1316.335,1317.202,6522
2018-01-08T10:00:00+00:00,1317.2015,1321.044,1317.06,1320.18,11086
2018-01-08T11:00:00+00:00,1320.18,1321.145,1319.705,1320.5,8705
2018-01-08T13:00:00+00:00,1318.52,1320.927,1317.2285,1320.0565,13110
2018-01-08T12:00:00+00:00,1320.505,1320.66,1318.5695,1318.595,8841
2018-01-08T14:00:00+00:00,1320.0515,1320.921,1318.328,1319.094,12156
2018-01-08T15:00:00+00:00,1319.1035,1320.629,1317.9085,1319.8315,12678
2018-01-08T16:00:00+00:00,1319.831,1319.831,1315.997,1316.805,11766
2018-01-08T17:00:00+00:00,1316.804,1318.247,1316.221,1318.2315,8332
2018-01-08T18:00:00+00:00,1318.2365,1319.765,1317.841,1319.02,7136
2018-01-08T19:00:00+00:00,1319.02,1319.31,1318.285,1319.1735,5765
2018-01-08T20:00:00+00:00,1319.18,1320.21,1318.8915,1320.12,4827
2018-01-08T21:00:00+00:00,1320.11,1320.7285,1320.1,1320.425,2273
2018-01-08T22:00:00+00:00,,,,,0
2018-01-08T23:00:00+00:00,1320.475,1320.49,1318.0815,1318.1,3991
2018-01-09T00:00:00+00:00,1318.11,1318.695,1317.77,1318.0415,6319
2018-01-09T01:00:00+00:00,1318.045,1318.552,1315.78,1317.967,9789
2018-01-09T03:00:00+00:00,1319.4415,1319.565,1318.32,1319.114,5270
2018-01-09T02:00:00+00:00,1317.962,1319.5,1317.961,1319.441,8122
2018-01-09T04:00:00+00:00,1319.12,1319.415,1318.5,1318.88,4596
2018-01-09T05:00:00+00:00,1318.88,1320.245,1318.88,1319.435,5762
2018-01-09T06:00:00+00:00,1319.44,1319.675,1317.91,1318.1165,6245
2018-01-09T07:00:00+00:00,1318.1115,1318.765,1316.87,1317.48,9799
2018-01-09T08:00:00+00:00,1317.4795,1317.745,1313.345,1314.5765,13544
2018-01-09T09:00:00+00:00,1314.585,1315.625,1313.9765,1315.4985,9651
2018-01-09T10:00:00+00:00,1315.5235,1315.5235,1313.952,1314.971,9065
2018-01-09T12:00:00+00:00,1315.056,1316.025,1314.345,1314.5615,9857
2018-01-09T11:00:00+00:00,1314.906,1315.7035,1314.055,1315.0615,9023
2018-01-09T14:00:00+00:00,1312.6485,1313.3005,1308.9315,1309.928,13852
2018-01-09T13:00:00+00:00,1314.552,1315.37,1310.632,1312.638,12905
2018-01-09T15:00:00+00:00,1309.9785,1313.0785,1309.9285,1311.825,14133
2018-01-09T16:00:00+00:00,1311.82,1312.53,1310.479,1311.1135,13299
2018-01-09T17:00:00+00:00,1311.1235,1311.9505,1310.148,1311.86,9721
2018-01-09T18:00:00+00:00,1311.875,1312.985,1311.5615,1312.819,9081
2018-01-09T19:00:00+00:00,1312.8235,1315.8385,1312.783,1313.7865,9185
2018-01-09T20:00:00+00:00,1313.79,1314.409,1312.91,1314.0135,6267
2018-01-09T21:00:00+00:00,1313.998,1314.34,1312.555,1312.85,2904
2018-01-09T22:00:00+00:00,,,,,0
2018-01-09T23:00:00+00:00,1312.52,1312.52,1310.415,1310.465,4249
2018-01-10T00:00:00+00:00,1310.4685,1310.92,1309.365,1310.43,7177
2018-01-10T01:00:00+00:00,1310.415,1311.32,1308.2735,1311.275,8971
2018-01-10T02:00:00+00:00,1311.235,1312.575,1310.63,1312.4,7189
2018-01-10T03:00:00+00:00,1312.405,1312.41,1310.475,1310.67,5419
2018-01-10T04:00:00+00:00,1310.675,1310.965,1309.555,1310.624,6366
2018-01-10T05:00:00+00:00,1310.6335,1311.3935,1309.735,1309.74,7205
2018-01-10T06:00:00+00:00,1309.735,1310.789,1309.1715,1310.1225,9036
2018-01-10T07:00:00+00:00,1310.106,1311.79,1309.947,1311.385,11793
2018-01-10T08:00:00+00:00,1311.375,1314.987,1311.36,1314.17,13164
2018-01-10T09:00:00+00:00,1314.1665,1315.6,1314.06,1314.665,9622
2018-01-10T10:00:00+00:00,1314.665,1322.865,1314.26,1321.299,16787
2018-01-10T11:00:00+00:00,1321.309,1327.811,1321.3035,1323.89,14655
2018-01-10T12:00:00+00:00,1323.885,1325.545,1321.395,1322.614,12511
2018-01-10T13:00:00+00:00,1322.74,1323.615,1318.4265,1319.817,13757
2018-01-10T15:00:00+00:00,1317.84,1320.432,1317.555,1319.2835,15542
2018-01-10T14:00:00+00:00,1319.82,1321.075,1314.7165,1317.835,15223
2018-01-10T16:00:00+00:00,1319.298,1319.6485,1315.7765,1317.225,13850
2018-01-10T17:00:00+00:00,1317.22,1318.115,1316.453,1317.875,9588
2018-01-10T18:00:00+00:00,1317.875,1319.34,1317.855,1318.495,8147
2018-01-10T19:00:00+00:00,1318.5,1319.37,1316.87,1319.1445,9570
2018-01-10T20:00:00+00:00,1319.14,1320.465,1317.52,1317.535,7330
2018-01-10T21:00:00+00:00,1317.5335,1317.8735,1316.185,1316.735,2660
2018-01-10T22:00:00+00:00,,,,,0
2018-01-10T23:00:00+00:00,1316.805,1317.96,1316.29,1317.837,3889
2018-01-11T00:00:00+00:00,1317.841,1319.09,1317.821,1318.985,8036
2018-01-11T01:00:00+00:00,1318.995,1318.995,1317.36,1318.185,7138
2018-01-11T02:00:00+00:00,1318.185,1320.2135,1317.975,1320.2135,5104
2018-01-11T03:00:00+00:00,1320.21,1320.8875,1319.0,1319.225,7029
2018-01-11T04:00:00+00:00,1319.2965,1319.595,1316.67,1317.62,6140
2018-01-11T05:00:00+00:00,1317.676,1318.6945,1316.8065,1317.992,6469
2018-01-11T06:00:00+00:00,1317.9865,1319.58,1316.9315,1318.046,6445
2018-01-11T07:00:00+00:00,1318.07,1318.5315,1315.7835,1316.815,9402
2018-01-11T08:00:00+00:00,1316.8185,1317.94,1316.648,1317.323,9997
2018-01-11T09:00:00+00:00,1317.328,1318.869,1316.8815,1318.4385,9046
2018-01-11T10:00:00+00:00,1318.4335,1320.2545,1318.264,1319.5235,8481
2018-01-11T11:00:00+00:00,1319.525,1319.7085,1318.29,1319.29,7674
2018-01-11T12:00:00+00:00,1319.287,1320.5085,1317.8785,1319.603,13103
2018-01-11T13:00:00+00:00,1319.6085,1322.8535,1319.41,1321.0485,15713
2018-01-11T14:00:00+00:00,1321.038,1323.4035,1320.045,1322.573,13805
2018-01-11T16:00:00+00:00,1321.216,1322.763,1320.5995,1321.783,12117
2018-01-11T15:00:00+00:00,1322.565,1323.5765,1319.8985,1321.2165,14861
2018-01-11T17:00:00+00:00,1321.79,1322.6215,1321.7495,1322.315,8273
2018-01-11T18:00:00+00:00,1322.39,1324.01,1321.22,1322.595,9701
2018-01-11T19:00:00+00:00,1322.595,1323.928,1322.505,1323.272,9018
2018-01-11T20:00:00+00:00,1323.2665,1323.37,1321.27,1321.865,5743
2018-01-11T21:00:00+00:00,1321.89,1322.8215,1321.86,1322.49,2913
2018-01-11T22:00:00+00:00,,,,,0
2018-01-11T23:00:00+00:00,1322.68,1322.945,1321.62,1322.8735,3445
2018-01-12T00:00:00+00:00,1322.87,1325.059,1322.865,1324.406,9321
2018-01-12T01:00:00+00:00,1324.4065,1324.4965,1323.3,1323.96,6430
2018-01-12T02:00:00+00:00,1323.9635,1326.54,1323.705,1326.33,7038
2018-01-12T03:00:00+00:00,1326.325,1327.395,1325.84,1327.375,6164
2018-01-12T05:00:00+00:00,1329.565,1330.095,1327.89,1328.365,8169
2018-01-12T04:00:00+00:00,1327.371,1330.425,1327.23,1329.568,7428
2018-01-12T06:00:00+00:00,1328.365,1329.485,1328.15,1328.96,5747
2018-01-12T07:00:00+00:00,1328.92,1329.51,1326.885,1327.83,10087
2018-01-12T08:00:00+00:00,1327.782,1329.82,1326.6415,1329.77,12627
2018-01-12T09:00:00+00:00,1329.7115,1332.524,1329.666,1331.004,12095
2018-01-12T10:00:00+00:00,1331.0035,1333.1765,1330.1545,1331.899,8754
2018-01-12T11:00:00+00:00,1331.894,1332.3455,1330.669,1331.366,8668
2018-01-12T12:00:00+00:00,1331.362,1332.76,1330.86,1332.1235,9160
2018-01-12T13:00:00+00:00,1332.1385,1333.172,1324.286,1326.03,17366
2018-01-12T14:00:00+00:00,1326.026,1328.574,1324.78,1327.13,16482
2018-01-12T15:00:00+00:00,1327.175,1332.442,1327.11,1331.36,14761
2018-01-12T16:00:00+00:00,1331.365,1331.852,1330.0815,1330.855,12234
2018-01-12T17:00:00+00:00,1330.855,1332.1265,1330.7465,1331.945,7080
2018-01-12T20:00:00+00:00,1337.629,1339.405,1337.343,1338.1315,7589
2018-01-12T18:00:00+00:00,1331.95,1338.065,1331.8395,1337.77,10486
2018-01-12T21:00:00+00:00,1338.155,1339.125,1337.65,1337.7,3836
2018-01-12T19:00:00+00:00,1337.7755,1339.4315,1336.895,1337.6435,10166
2018-01-12T22:00:00+00:00,,,,,0
2018-01-12T23:00:00+00:00,,,,,0
2018-01-14T00:00:00+00:00,,,,,0
2018-01-14T02:00:00+00:00,,,,,0
2018-01-14T01:00:00+00:00,,,,,0
2018-01-14T03:00:00+00:00,,,,,0
2018-01-14T04:00:00+00:00,,,,,0
2018-01-14T06:00:00+00:00,,,,,0
2018-01-14T07:00:00+00:00,,,,,0
2018-01-14T08:00:00+00:00,,,,,0
2018-01-14T09:00:00+00:00,,,,,0
2018-01-14T05:00:00+00:00,,,,,0
2018-01-14T10:00:00+00:00,,,,,0
2018-01-14T11:00:00+00:00,,,,,0
2018-01-14T12:00:00+00:00,,,,,0
2018-01-14T13:00:00+00:00,,,,,0
2018-01-14T14:00:00+00:00,,,,,0
2018-01-14T15:00:00+00:00,,,,,0
2018-01-14T16:00:00+00:00,,,,,0
2018-01-14T17:00:00+00:00,,,,,0
2018-01-14T18:00:00+00:00,,,,,0
2018-01-14T19:00:00+00:00,,,,,0
2018-01-14T20:00:00+00:00,,,,,0
2018-01-14T21:00:00+00:00,,,,,0
2018-01-14T22:00:00+00:00,,,,,0
2018-01-14T23:00:00+00:00,1337.075,1338.2015,1336.06,1337.04,4418
2018-01-15T00:00:00+00:00,1337.058,1338.718,1336.6045,1338.5085,8515
2018-01-15T01:00:00+00:00,1338.5,1340.12,1337.3265,1339.366,10097
2018-01-15T02:00:00+00:00,1339.371,1342.1785,1339.337,1340.7485,8674
2018-01-15T03:00:00+00:00,1340.759,1341.36,1340.17,1341.1065,5512
2018-01-15T04:00:00+00:00,1341.106,1342.98,1340.841,1342.67,5818
2018-01-15T05:00:00+00:00,1342.67,1344.79,1341.845,1343.7965,8402
2018-01-15T06:00:00+00:00,1343.824,1344.428,1340.2265,1341.024,8106
2018-01-15T07:00:00+00:00,1341.019,1343.615,1340.6655,1343.105,7602
2018-01-15T08:00:00+00:00,1343.095,1343.378,1340.7565,1340.915,10145
2018-01-15T10:00:00+00:00,1343.04,1343.759,1342.385,1343.1615,7589
2018-01-15T09:00:00+00:00,1340.905,1343.8585,1340.5115,1343.035,8582
2018-01-15T11:00:00+00:00,1343.162,1343.435,1341.2515,1341.69,5891
2018-01-15T12:00:00+00:00,1341.69,1342.374,1341.031,1342.081,6136
2018-01-15T14:00:00+00:00,1342.1915,1342.21,1340.3215,1340.926,7060
2018-01-15T13:00:00+00:00,1342.135,1342.565,1340.455,1342.205,7307
2018-01-15T15:00:00+00:00,1340.9415,1341.7315,1338.756,1341.23,8214
2018-01-15T16:00:00+00:00,1341.227,1341.779,1340.4685,1340.8335,7854
2018-01-15T17:00:00+00:00,1340.7935,1341.6785,1340.09,1340.16,4169
2018-01-15T18:00:00+00:00,1340.08,1340.16,1340.08,1340.16,2
2018-01-15T19:00:00+00:00,,,,,0
2018-01-15T20:00:00+00:00,,,,,0
2018-01-15T21:00:00+00:00,,,,,0
2018-01-15T22:00:00+00:00,,,,,0
2018-01-15T23:00:00+00:00,1340.5,1342.3615,1339.305,1341.639,4851
2018-01-16T00:00:00+00:00,1341.634,1341.71,1340.275,1340.445,6567
2018-01-16T01:00:00+00:00,1340.46,1340.835,1338.2685,1340.7065,9174
2018-01-16T03:00:00+00:00,1341.0035,1341.44,1340.22,1340.71,5570
2018-01-16T02:00:00+00:00,1340.705,1342.045,1339.865,1341.0185,7936
2018-01-16T04:00:00+00:00,1340.71,1341.525,1340.5315,1341.215,3995
2018-01-16T05:00:00+00:00,1341.215,1341.665,1340.15,1341.15,5397
2018-01-16T06:00:00+00:00,1341.15,1341.61,1340.197,1340.265,7062
2018-01-16T07:00:00+00:00,1340.225,1340.2555,1338.0265,1339.39,12122
2018-01-16T09:00:00+00:00,1337.51,1337.83,1333.0435,1334.505,13337
2018-01-16T08:00:00+00:00,1339.39,1340.015,1336.49,1337.5385,12921
2018-01-16T10:00:00+00:00,1334.4885,1334.852,1331.9615,1333.215,12448
2018-01-16T13:00:00+00:00,1335.8135,1336.142,1332.8565,1333.55,11825
2018-01-16T11:00:00+00:00,1333.2135,1335.646,1332.887,1335.11,9617
2018-01-16T12:00:00+00:00,1335.1135,1337.2485,1334.9995,1335.8235,11847
2018-01-16T14:00:00+00:00,1333.55,1335.055,1332.09,1332.8015,13694
2018-01-16T15:00:00+00:00,1332.811,1335.9135,1332.81,1335.4635,13812
2018-01-16T16:00:00+00:00,1335.4665,1335.5785,1333.685,1335.016,11614
2018-01-16T17:00:00+00:00,1335.025,1335.462,1333.4565,1334.69,10681
2018-01-16T18:00:00+00:00,1334.695,1339.0705,1334.5915,1338.894,9747
2018-01-16T19:00:00+00:00,1338.898,1340.18,1338.055,1338.815,9386
2018-01-16T21:00:00+00:00,1339.79,1339.79,1338.485,1338.485,3274
2018-01-16T20:00:00+00:00,1338.88,1339.985,1337.7,1339.8,7532
2018-01-16T22:00:00+00:00,,,,,0
2018-01-16T23:00:00+00:00,1338.74,1341.161,1338.42,1340.815,4482
2018-01-17T00:00:00+00:00,1340.815,1342.56,1339.49,1341.985,8647
2018-01-17T01:00:00+00:00,1341.985,1343.98,1341.065,1343.76,9255
2018-01-17T02:00:00+00:00,1343.77,1344.05,1337.85,1339.74,9766
2018-01-17T03:00:00+00:00,1339.73,1339.755,1336.4615,1337.615,9223
2018-01-17T04:00:00+00:00,1337.615,1339.423,1334.884,1335.0845,8819
2018-01-17T06:00:00+00:00,1334.525,1336.135,1333.185,1333.445,7951
2018-01-17T05:00:00+00:00,1335.076,1336.685,1334.015,1334.515,8940
2018-01-17T07:00:00+00:00,1333.454,1335.2335,1333.12,1334.3265,11122
2018-01-17T09:00:00+00:00,1335.435,1336.035,1334.638,1335.8185,8601
2018-01-17T10:00:00+00:00,1335.81,1339.0035,1335.705,1338.291,11454
2018-01-17T11:00:00+00:00,1338.281,1338.805,1336.8315,1337.24,9680
2018-01-17T08:00:00+00:00,1334.349,1336.325,1334.297,1335.426,10775
2018-01-17T12:00:00+00:00,1337.285,1337.3285,1334.784,1335.968,10833
2018-01-17T13:00:00+00:00,1335.9645,1336.855,1334.4585,1335.1135,10583
2018-01-17T14:00:00+00:00,1335.1335,1337.178,1333.9635,1335.8635,14576
2018-01-17T15:00:00+00:00,1335.8815,1337.002,1334.618,1336.225,13029
2018-01-17T17:00:00+00:00,1333.6985,1336.1715,1333.29,1335.985,9208
2018-01-17T16:00:00+00:00,1336.2285,1336.2885,1331.3635,1333.69,13575
2018-01-17T18:00:00+00:00,1335.985,1340.55,1335.54,1339.4355,11916
2018-01-17T19:00:00+00:00,1339.475,1339.524,1329.0885,1329.1715,11234
2018-01-17T21:00:00+00:00,1329.085,1329.695,1326.155,1326.423,5034
2018-01-17T22:00:00+00:00,,,,,0
2018-01-17T20:00:00+00:00,1329.14,1330.572,1326.9085,1329.195,11852
2018-01-17T23:00:00+00:00,1327.275,1329.055,1327.15,1328.636,3650
2018-01-18T00:00:00+00:00,1328.621,1329.68,1327.541,1328.6,9330
2018-01-18T01:00:00+00:00,1328.577,1328.685,1324.3215,1326.02,12873
2018-01-18T02:00:00+00:00,1326.015,1327.245,1325.995,1326.832,8231
2018-01-18T03:00:00+00:00,1326.8315,1326.93,1325.31,1325.6465,7312
2018-01-18T04:00:00+00:00,1325.65,1327.51,1325.531,1327.315,6113
2018-01-18T06:00:00+00:00,1328.605,1330.005,1327.61,1328.34,8388
2018-01-18T05:00:00+00:00,1327.32,1328.902,1326.685,1328.6035,7852
2018-01-18T07:00:00+00:00,1328.299,1328.723,1325.275,1327.89,12602
2018-01-18T08:00:00+00:00,1327.895,1329.495,1327.775,1328.085,11057
2018-01-18T10:00:00+00:00,1328.7915,1330.4815,1328.309,1329.962,9187
2018-01-18T09:00:00+00:00,1328.0815,1329.125,1327.25,1328.7895,8929
2018-01-18T11:00:00+00:00,1329.9615,1331.5115,1329.361,1329.375,9527
2018-01-18T12:00:00+00:00,1329.3505,1331.11,1328.208,1328.8,9955
2018-01-18T13:00:00+00:00,1328.7135,1330.282,1326.99,1330.131,13750
2018-01-18T14:00:00+00:00,1330.1395,1332.5315,1328.908,1330.94,15170
2018-01-18T15:00:00+00:00,1330.94,1332.0285,1328.7315,1329.7635,14990
2018-01-18T16:00:00+00:00,1329.7685,1333.1935,1329.0345,1329.8795,13617
2018-01-18T17:00:00+00:00,1329.8695,1331.62,1328.835,1329.167,9456
2018-01-18T18:00:00+00:00,1329.1665,1329.854,1326.3195,1327.051,9853
2018-01-18T19:00:00+00:00,1327.047,1329.2635,1326.555,1328.767,7349
2018-01-18T20:00:00+00:00,1328.8765,1329.45,1325.6465,1326.261,10089
2018-01-18T21:00:00+00:00,1326.275,1327.5385,1326.275,1326.8975,3657
2018-01-18T22:00:00+00:00,,,,,0
2018-01-18T23:00:00+00:00,1327.06,1328.43,1326.445,1328.0535,3766
2018-01-19T00:00:00+00:00,1328.0535,1328.451,1326.85,1327.454,7450
2018-01-19T01:00:00+00:00,1327.445,1330.764,1327.37,1330.763,9824
2018-01-19T02:00:00+00:00,1330.785,1331.9435,1329.445,1329.7735,9098
2018-01-19T03:00:00+00:00,1329.784,1331.985,1329.67,1331.57,8462
2018-01-19T04:00:00+00:00,1331.605,1332.355,1331.09,1332.307,4985
2018-01-19T05:00:00+00:00,1332.31,1332.618,1330.75,1331.68,6046
2018-01-19T06:00:00+00:00,1331.6765,1333.2,1331.36,1332.21,7781
2018-01-19T07:00:00+00:00,1332.2065,1335.4565,1331.395,1335.003,11477
2018-01-19T08:00:00+00:00,1335.005,1338.1385,1333.7185,1337.1635,13271
2018-01-19T11:00:00+00:00,1335.4615,1335.687,1333.935,1334.517,8587
2018-01-19T12:00:00+00:00,1334.5155,1335.072,1333.671,1334.4185,8668
2018-01-19T09:00:00+00:00,1337.25,1337.455,1335.016,1335.6335,11785
2018-01-19T13:00:00+00:00,1334.39,1336.246,1333.343,1334.2345,13048
2018-01-19T10:00:00+00:00,1335.624,1336.5995,1334.7765,1335.4465,8798
2018-01-19T14:00:00+00:00,1334.25,1334.689,1332.28,1334.245,13697
2018-01-19T15:00:00+00:00,1334.245,1335.4735,1332.795,1333.272,15081
2018-01-19T16:00:00+00:00,1333.314,1334.5035,1333.174,1334.208,11080
2018-01-19T17:00:00+00:00,1334.1805,1334.851,1333.7385,1333.97,8251
2018-01-19T18:00:00+00:00,1333.975,1334.764,1332.943,1334.7635,7624
2018-01-19T19:00:00+00:00,1334.764,1335.399,1333.81,1334.538,8089
2018-01-19T20:00:00+00:00,1334.521,1334.635,1332.275,1332.275,8016
2018-01-19T21:00:00+00:00,1332.265,1332.7465,1331.155,1331.82,3747
2018-01-19T22:00:00+00:00,,,,,0
2018-01-19T23:00:00+00:00,,,,,0
2018-01-21T00:00:00+00:00,,,,,0
2018-01-21T01:00:00+00:00,,,,,0
2018-01-21T02:00:00+00:00,,,,,0
2018-01-21T03:00:00+00:00,,,,,0
2018-01-21T04:00:00+00:00,,,,,0
2018-01-21T05:00:00+00:00,,,,,0
2018-01-21T06:00:00+00:00,,,,,0
2018-01-21T07:00:00+00:00,,,,,0
2018-01-21T08:00:00+00:00,,,,,0
2018-01-21T09:00:00+00:00,,,,,0
2018-01-21T10:00:00+00:00,,,,,0
2018-01-21T12:00:00+00:00,,,,,0
2018-01-21T11:00:00+00:00,,,,,0
2018-01-21T13:00:00+00:00,,,,,0
2018-01-21T14:00:00+00:00,,,,,0
2018-01-21T15:00:00+00:00,,,,,0
2018-01-21T16:00:00+00:00,,,,,0
2018-01-21T17:00:00+00:00,,,,,0
2018-01-21T20:00:00+00:00,,,,,0
2018-01-21T18:00:00+00:00,,,,,0
2018-01-21T19:00:00+00:00,,,,,0
2018-01-21T21:00:00+00:00,,,,,0
2018-01-21T22:00:00+00:00,,,,,0
2018-01-21T23:00:00+00:00,1334.36,1335.753,1332.085,1334.86,5221
2018-01-22T00:00:00+00:00,1334.86,1335.045,1333.195,1333.6535,7774
2018-01-22T01:00:00+00:00,1333.648,1334.343,1331.0515,1331.382,10720
2018-01-22T02:00:00+00:00,1331.385,1332.74,1330.476,1331.85,7835
2018-01-22T03:00:00+00:00,1331.844,1331.9435,1330.946,1331.355,4435
2018-01-22T04:00:00+00:00,1331.351,1331.67,1330.62,1331.645,4973
2018-01-22T05:00:00+00:00,1331.575,1332.2435,1330.83,1331.844,5147
2018-01-22T07:00:00+00:00,1329.001,1331.655,1328.529,1331.4015,9505
2018-01-22T06:00:00+00:00,1331.825,1332.165,1328.878,1328.957,6569
2018-01-22T09:00:00+00:00,1332.315,1333.577,1331.913,1332.6115,9456
2018-01-22T08:00:00+00:00,1331.397,1332.629,1330.1535,1332.3135,10840
2018-01-22T10:00:00+00:00,1332.611,1334.66,1332.365,1333.7,7514
2018-01-22T11:00:00+00:00,1333.7095,1334.1135,1332.425,1332.738,8486
2018-01-22T12:00:00+00:00,1332.743,1333.2665,1331.1715,1332.2515,10077
2018-01-22T14:00:00+00:00,1334.063,1334.6235,1331.754,1331.9615,13493
2018-01-22T13:00:00+00:00,1332.246,1334.429,1330.94,1334.0635,11800
2018-01-22T15:00:00+00:00,1331.967,1335.658,1331.951,1334.761,12141
2018-01-22T16:00:00+00:00,1334.7715,1334.907,1331.82,1331.9315,11458
2018-01-22T17:00:00+00:00,1331.937,1332.7585,1330.836,1332.1385,10909
2018-01-22T18:00:00+00:00,1332.1435,1332.8765,1331.768,1332.133,6770
2018-01-22T19:00:00+00:00,1332.1385,1333.624,1331.2515,1333.062,6581
2018-01-22T20:00:00+00:00,1333.0335,1334.9235,1332.686,1334.72,6396
2018-01-22T21:00:00+00:00,1334.656,1334.93,1333.825,1334.025,2933
2018-01-22T22:00:00+00:00,,,,,0
2018-01-22T23:00:00+00:00,1334.05,1334.05,1332.6315,1333.245,2806
2018-01-23T00:00:00+00:00,1333.25,1335.1585,1333.1865,1334.313,6743
2018-01-23T01:00:00+00:00,1334.3235,1337.3035,1334.285,1336.67,7536
2018-01-23T02:00:00+00:00,1336.67,1336.915,1335.728,1336.379,6766
2018-01-23T03:00:00+00:00,1336.3785,1337.219,1335.225,1336.006,9491
2018-01-23T04:00:00+00:00,1336.01,1336.815,1335.622,1336.31,5850
2018-01-23T05:00:00+00:00,1336.31,1336.44,1335.3,1335.8,6333
2018-01-23T06:00:00+00:00,1335.805,1338.3,1335.7165,1336.7365,9693
2018-01-23T07:00:00+00:00,1336.745,1337.9535,1336.035,1336.798,9639
2018-01-23T08:00:00+00:00,1336.7985,1337.51,1335.656,1337.087,12795
2018-01-23T09:00:00+00:00,1337.0915,1337.327,1336.045,1336.605,8677
2018-01-23T10:00:00+00:00,1336.6015,1337.23,1336.25,1336.34,8399
2018-01-23T11:00:00+00:00,1336.34,1338.847,1336.2285,1336.7965,11302
2018-01-23T12:00:00+00:00,1336.8015,1337.389,1336.032,1336.535,9859
2018-01-23T13:00:00+00:00,1336.592,1337.35,1335.9135,1336.5,11129
2018-01-23T14:00:00+00:00,1336.498,1336.772,1331.445,1334.235,17845
2018-01-23T15:00:00+00:00,1334.23,1338.935,1333.525,1338.245,15996
2018-01-23T16:00:00+00:00,1338.24,1339.23,1336.386,1337.589,12447
2018-01-23T17:00:00+00:00,1337.579,1338.445,1337.061,1337.7485,8155
2018-01-23T18:00:00+00:00,1337.7585,1338.2965,1336.861,1337.38,7352
2018-01-23T19:00:00+00:00,1337.374,1340.735,1337.373,1340.7,9315
2018-01-23T20:00:00+00:00,1340.6465,1341.88,1339.9965,1340.96,7526
2018-01-23T22:00:00+00:00,,,,,0
2018-01-23T21:00:00+00:00,1341.04,1341.5325,1340.84,1341.318,3157
2018-01-23T23:00:00+00:00,1341.785,1342.355,1340.4315,1341.933,5808
2018-01-24T00:00:00+00:00,1341.9485,1342.135,1340.856,1340.895,6327
2018-01-24T01:00:00+00:00,1340.881,1341.3285,1339.57,1341.003,9164
2018-01-24T02:00:00+00:00,1341.008,1342.01,1340.446,1341.6015,8865
2018-01-24T03:00:00+00:00,1341.597,1341.725,1340.79,1341.105,5858
2018-01-24T04:00:00+00:00,1341.1015,1342.065,1340.83,1341.155,5088
2018-01-24T05:00:00+00:00,1341.1585,1342.1545,1340.0915,1342.105,5551
2018-01-24T06:00:00+00:00,1342.1045,1343.71,1341.365,1343.48,8907
2018-01-24T07:00:00+00:00,1343.495,1343.985,1342.59,1343.3015,8895
2018-01-24T08:00:00+00:00,1343.297,1348.287,1343.2615,1347.1015,14911
2018-01-24T09:00:00+00:00,1347.1335,1349.641,1346.81,1348.7215,9639
2018-01-24T10:00:00+00:00,1348.727,1350.697,1348.6815,1349.785,9076
2018-01-24T11:00:00+00:00,1349.785,1350.9745,1349.412,1349.562,11316
2018-01-24T12:00:00+00:00,1349.551,1352.4765,1348.861,1352.401,12193
2018-01-24T13:00:00+00:00,1352.3965,1353.926,1351.465,1352.32,15707
2018-01-24T14:00:00+00:00,1352.302,1355.475,1352.221,1355.145,14941
2018-01-24T15:00:00+00:00,1355.155,1355.74,1353.23,1353.5865,14952
2018-01-24T16:00:00+00:00,1353.581,1353.81,1351.366,1352.9935,16277
2018-01-24T17:00:00+00:00,1353.002,1354.36,1352.646,1353.92,10722
2018-01-24T18:00:00+00:00,1353.935,1360.3935,1353.331,1360.167,13672
2018-01-24T19:00:00+00:00,1360.1265,1362.0915,1357.57,1358.176,11411
2018-01-24T20:00:00+00:00,1358.2115,1360.225,1357.69,1357.735,8593
2018-01-24T21:00:00+00:00,1357.745,1359.065,1357.71,1358.39,4273
2018-01-24T22:00:00+00:00,,,,,0
2018-01-24T23:00:00+00:00,1357.715,1357.96,1355.9015,1356.2,5042
2018-01-25T00:00:00+00:00,1356.2,1358.05,1356.065,1357.3615,9104
2018-01-25T01:00:00+00:00,1357.351,1359.485,1356.356,1359.48,10130
2018-01-25T02:00:00+00:00,1359.51,1361.955,1358.8565,1361.125,10571
2018-01-25T03:00:00+00:00,1361.125,1364.195,1360.8,1363.35,10085
2018-01-25T04:00:00+00:00,1363.35,1364.6,1362.625,1363.58,6696
2018-01-25T05:00:00+00:00,1363.595,1365.065,1362.861,1364.82,7978
2018-01-25T06:00:00+00:00,1364.81,1366.12,1361.6385,1363.505,11618
2018-01-25T07:00:00+00:00,1363.495,1363.5015,1359.505,1361.295,16308
2018-01-25T08:00:00+00:00,1361.2,1361.305,1356.469,1358.2415,14274
2018-01-25T09:00:00+00:00,1358.25,1360.702,1357.9765,1360.58,9923
2018-01-25T10:00:00+00:00,1360.51,1360.897,1359.06,1359.564,9972
2018-01-25T11:00:00+00:00,1359.5685,1360.327,1359.143,1359.35,8120
2018-01-25T12:00:00+00:00,1359.3515,1359.635,1357.826,1358.2185,10190
2018-01-25T13:00:00+00:00,1358.182,1360.7615,1358.131,1360.2885,16953
2018-01-25T14:00:00+00:00,1360.305,1361.7315,1353.5915,1355.1155,19917
2018-01-25T15:00:00+00:00,1355.1235,1358.807,1354.7835,1357.755,15073
2018-01-25T16:00:00+00:00,1357.764,1361.395,1357.042,1361.0365,11663
2018-01-25T17:00:00+00:00,1360.991,1363.1135,1360.025,1362.81,8941
2018-01-25T18:00:00+00:00,1362.8165,1364.86,1359.95,1360.547,11587
2018-01-25T19:00:00+00:00,1360.53,1361.124,1342.5685,1347.8185,18596
2018-01-25T20:00:00+00:00,1347.799,1351.531,1344.081,1348.37,11208
2018-01-25T21:00:00+00:00,1348.175,1348.99,1346.7385,1348.04,5001
2018-01-25T22:00:00+00:00,,,,,0
2018-01-25T23:00:00+00:00,1347.515,1348.6735,1344.712,1346.85,6966
2018-01-26T00:00:00+00:00,1346.859,1348.567,1345.965,1348.37,8975
2018-01-26T01:00:00+00:00,1348.37,1353.866,1348.36,1353.036,13003
2018-01-26T02:00:00+00:00,1353.0415,1353.0415,1350.6765,1352.234,11415
2018-01-26T03:00:00+00:00,1352.239,1353.456,1351.52,1352.0335,7175
2018-01-26T04:00:00+00:00,1352.035,1352.7135,1351.5865,1352.098,5493
2018-01-26T05:00:00+00:00,1352.1385,1352.5015,1351.1295,1352.46,6633
2018-01-26T06:00:00+00:00,1352.46,1354.674,1352.194,1354.282,9359
2018-01-26T07:00:00+00:00,1354.2815,1357.205,1353.9815,1355.8315,12680
2018-01-26T08:00:00+00:00,1355.792,1357.1385,1354.7805,1355.1945,12480
2018-01-26T09:00:00+00:00,1355.1845,1355.826,1353.397,1354.4115,10890
2018-01-26T10:00:00+00:00,1354.396,1354.7,1353.362,1353.907,8838
2018-01-26T11:00:00+00:00,1353.911,1355.4135,1349.765,1350.5315,9631
2018-01-26T12:00:00+00:00,1350.5215,1352.3155,1350.3395,1350.631,8546
2018-01-26T13:00:00+00:00,1350.611,1353.8855,1349.988,1351.6865,14046
2018-01-26T14:00:00+00:00,1351.686,1353.7755,1348.79,1353.34,17221
2018-01-26T15:00:00+00:00,1353.347,1354.056,1350.318,1352.145,15685
2018-01-26T16:00:00+00:00,1352.135,1353.955,1351.1745,1352.6205,15237
2018-01-26T17:00:00+00:00,1352.5935,1354.1565,1352.0115,1353.432,10888
2018-01-26T18:00:00+00:00,1353.449,1354.422,1352.049,1353.525,8088
2018-01-26T19:00:00+00:00,1353.525,1354.2135,1348.9385,1350.571,10732
2018-01-26T20:00:00+00:00,1350.5515,1350.885,1348.83,1349.61,7505
2018-01-26T21:00:00+00:00,1349.65,1351.5885,1349.37,1349.54,3467
2018-01-26T22:00:00+00:00,,,,,0
2018-01-26T23:00:00+00:00,,,,,0
2018-01-28T00:00:00+00:00,,,,,0
2018-01-28T01:00:00+00:00,,,,,0
2018-01-28T02:00:00+00:00,,,,,0
2018-01-28T04:00:00+00:00,,,,,0
2018-01-28T03:00:00+00:00,,,,,0
2018-01-28T05:00:00+00:00,,,,,0
2018-01-28T06:00:00+00:00,,,,,0
2018-01-28T07:00:00+00:00,,,,,0
2018-01-28T08:00:00+00:00,,,,,0
2018-01-28T09:00:00+00:00,,,,,0
2018-01-28T10:00:00+00:00,,,,,0
2018-01-28T11:00:00+00:00,,,,,0
2018-01-28T12:00:00+00:00,,,,,0
2018-01-28T13:00:00+00:00,,,,,0
2018-01-28T14:00:00+00:00,,,,,0
2018-01-28T15:00:00+00:00,,,,,0
2018-01-28T16:00:00+00:00,,,,,0
2018-01-28T17:00:00+00:00,,,,,0
2018-01-28T19:00:00+00:00,,,,,0
2018-01-28T18:00:00+00:00,,,,,0
2018-01-28T20:00:00+00:00,,,,,0
2018-01-28T21:00:00+00:00,,,,,0
2018-01-28T22:00:00+00:00,,,,,0
2018-01-28T23:00:00+00:00,1349.79,1351.2405,1349.016,1351.2365,5188
2018-01-29T00:00:00+00:00,1351.2465,1352.4735,1350.2155,1350.8735,8084
2018-01-29T01:00:00+00:00,1350.81,1351.685,1347.69,1348.733,9378
2018-01-29T02:00:00+00:00,1348.72,1348.805,1346.4665,1348.266,9858
2018-01-29T03:00:00+00:00,1348.245,1349.74,1347.995,1349.1785,9857
2018-01-29T04:00:00+00:00,1349.269,1349.372,1348.3205,1348.495,3563
2018-01-29T05:00:00+00:00,1348.4965,1348.85,1347.573,1348.173,6568
2018-01-29T06:00:00+00:00,1348.18,1349.1265,1347.2585,1348.451,6330
2018-01-29T07:00:00+00:00,1348.4515,1349.18,1346.397,1347.6145,12088
2018-01-29T08:00:00+00:00,1347.625,1348.012,1345.299,1346.296,10732
2018-01-29T09:00:00+00:00,1346.281,1347.76,1345.3815,1347.4265,10814
2018-01-29T10:00:00+00:00,1347.422,1348.785,1347.17,1347.22,9530
2018-01-29T11:00:00+00:00,1347.215,1347.53,1345.94,1346.581,7954
2018-01-29T12:00:00+00:00,1346.5815,1347.145,1341.451,1343.35,13125
2018-01-29T13:00:00+00:00,1343.35,1345.129,1343.0685,1344.6535,10764
2018-01-29T14:00:00+00:00,1344.6545,1345.6405,1341.9035,1343.373,12868
2018-01-29T16:00:00+00:00,1341.4365,1341.451,1337.69,1340.129,13146
2018-01-29T15:00:00+00:00,1343.4185,1344.272,1340.4015,1341.435,12247
2018-01-29T17:00:00+00:00,1340.12,1341.8865,1339.3485,1341.768,7568
2018-01-29T19:00:00+00:00,1342.6915,1344.7285,1342.501,1343.053,6205
2018-01-29T18:00:00+00:00,1341.7485,1343.3735,1340.1705,1342.691,7480
2018-01-29T20:00:00+00:00,1343.083,1343.484,1340.9785,1342.0415,7274
2018-01-29T22:00:00+00:00,,,,,0
2018-01-29T21:00:00+00:00,1342.0485,1342.135,1339.639,1340.31,3113
2018-01-29T23:00:00+00:00,1340.88,1342.149,1340.7585,1341.35,3988
2018-01-30T00:00:00+00:00,1341.345,1341.615,1338.285,1339.051,8007
2018-01-30T01:00:00+00:00,1339.046,1341.4235,1338.968,1340.3415,8446
2018-01-30T02:00:00+00:00,1340.3305,1340.4835,1334.8385,1336.09,11244
2018-01-30T03:00:00+00:00,1336.09,1338.0665,1335.513,1337.495,8989
2018-01-30T05:00:00+00:00,1336.2885,1337.045,1334.52,1335.18,9066
2018-01-30T07:00:00+00:00,1334.96,1336.3705,1334.841,1336.3135,10701
2018-01-30T06:00:00+00:00,1335.19,1336.28,1334.834,1334.96,7958
2018-01-30T08:00:00+00:00,1336.273,1339.1155,1335.41,1338.72,10480
2018-01-30T04:00:00+00:00,1337.498,1338.65,1336.0685,1336.289,9829
2018-01-30T09:00:00+00:00,1338.7285,1344.5135,1338.3965,1343.8235,12979
2018-01-30T10:00:00+00:00,1343.884,1346.292,1343.09,1344.1705,12466
2018-01-30T11:00:00+00:00,1344.1815,1346.0845,1343.795,1345.2595,9645
2018-01-30T12:00:00+00:00,1345.225,1345.98,1342.99,1344.19,10346
2018-01-30T13:00:00+00:00,1344.1985,1346.11,1342.3935,1345.995,13537
2018-01-30T14:00:00+00:00,1346.016,1348.9655,1345.6445,1345.8085,17404
2018-01-30T15:00:00+00:00,1345.803,1346.01,1340.8735,1341.498,18390
2018-01-30T16:00:00+00:00,1341.56,1342.4645,1337.5735,1337.756,14315
2018-01-30T17:00:00+00:00,1337.7555,1341.548,1337.6465,1338.692,10504
2018-01-30T18:00:00+00:00,1338.6915,1338.8065,1335.865,1337.335,10551
2018-01-30T19:00:00+00:00,1337.36,1340.235,1336.723,1340.2235,8450
2018-01-30T20:00:00+00:00,1340.182,1340.479,1336.325,1336.7435,7531
2018-01-30T21:00:00+00:00,1336.7535,1338.8535,1336.753,1338.59,3483
2018-01-30T22:00:00+00:00,,,,,0
2018-01-31T00:00:00+00:00,1338.575,1339.53,1337.87,1339.4985,8155
2018-01-30T23:00:00+00:00,1338.655,1339.5665,1337.0315,1338.611,4774
2018-01-31T01:00:00+00:00,1339.495,1339.495,1337.3705,1338.786,9713
2018-01-31T02:00:00+00:00,1338.786,1338.8735,1336.565,1337.7,9497
2018-01-31T03:00:00+00:00,1337.685,1342.86,1337.586,1341.295,9753
2018-01-31T04:00:00+00:00,1341.3065,1341.42,1340.4815,1340.8,6425
2018-01-31T05:00:00+00:00,1340.7965,1343.3355,1340.3035,1343.0535,7499
2018-01-31T06:00:00+00:00,1343.048,1344.9835,1342.4215,1344.193,8465
2018-01-31T07:00:00+00:00,1344.1155,1344.63,1342.502,1342.718,10900
2018-01-31T09:00:00+00:00,1341.965,1343.915,1341.86,1343.2755,7856
2018-01-31T10:00:00+00:00,1343.3005,1343.615,1342.28,1343.086,7824
2018-01-31T12:00:00+00:00,1342.622,1343.9595,1342.5745,1343.649,8309
2018-01-31T08:00:00+00:00,1342.72,1343.952,1341.3065,1341.983,9511
2018-01-31T11:00:00+00:00,1343.096,1343.646,1342.4165,1342.6215,6231
2018-01-31T13:00:00+00:00,1343.7135,1345.2215,1341.5565,1343.419,13007
2018-01-31T14:00:00+00:00,1343.424,1344.583,1342.607,1344.4435,11811
2018-01-31T15:00:00+00:00,1344.448,1345.266,1342.236,1342.485,15470
2018-01-31T16:00:00+00:00,1342.5,1343.235,1340.4135,1341.5615,12797
2018-01-31T17:00:00+00:00,1341.5465,1342.1085,1339.3935,1339.801,10763
2018-01-31T18:00:00+00:00,1339.7965,1341.16,1338.575,1340.5315,9387
2018-01-31T21:00:00+00:00,1345.8,1346.125,1344.5115,1344.97,4041
2018-01-31T20:00:00+00:00,1343.5965,1347.632,1342.84,1345.801,13515
2018-01-31T22:00:00+00:00,,,,,0
2018-01-31T19:00:00+00:00,1340.559,1344.5945,1332.759,1343.587,19838
2018-01-31T23:00:00+00:00,1345.08,1346.025,1343.2035,1345.357,5156
2018-02-01T00:00:00+00:00,1345.355,1347.145,1345.336,1346.06,5977
2018-02-01T01:00:00+00:00,1346.055,1346.06,1341.611,1342.835,10302
2018-02-01T02:00:00+00:00,1342.8315,1344.309,1342.529,1343.48,6231
2018-02-01T03:00:00+00:00,1343.48,1344.6535,1342.957,1344.065,5286
2018-02-01T04:00:00+00:00,1344.07,1345.28,1343.9565,1345.04,5210
2018-02-01T05:00:00+00:00,1345.043,1345.295,1343.8765,1344.2,4858
2018-02-01T06:00:00+00:00,1344.195,1344.482,1341.6,1341.631,7914
2018-02-01T08:00:00+00:00,1338.744,1340.96,1338.668,1339.988,12231
2018-02-01T07:00:00+00:00,1341.626,1342.303,1338.2,1338.829,13281
2018-02-01T09:00:00+00:00,1339.909,1341.541,1339.344,1340.538,9376
2018-02-01T10:00:00+00:00,1340.5295,1341.2155,1339.2885,1339.3735,7107
2018-02-01T11:00:00+00:00,1339.4285,1340.1115,1337.33,1337.7585,8569
2018-02-01T12:00:00+00:00,1337.754,1340.875,1337.697,1339.9745,9326
2018-02-01T13:00:00+00:00,1339.975,1341.17,1338.3635,1340.5235,13544
2018-02-01T15:00:00+00:00,1342.0685,1344.096,1340.4835,1342.281,15527
2018-02-01T17:00:00+00:00,1342.363,1343.435,1340.945,1341.5665,8538
2018-02-01T14:00:00+00:00,1340.53,1344.7,1339.37,1342.0635,14963
2018-02-01T16:00:00+00:00,1342.276,1343.3685,1341.3205,1342.37,12638
2018-02-01T18:00:00+00:00,1341.57,1346.3565,1341.336,1345.7815,10043
2018-02-01T19:00:00+00:00,1345.785,1346.8505,1343.85,1346.84,9166
2018-02-01T20:00:00+00:00,1346.84,1350.6855,1346.7035,1349.901,14346
2018-02-01T22:00:00+00:00,,,,,0
2018-02-01T21:00:00+00:00,1349.91,1351.088,1348.412,1348.59,5490
2018-02-01T23:00:00+00:00,1348.865,1350.133,1346.885,1348.725,6124
2018-02-02T01:00:00+00:00,1347.853,1350.139,1346.505,1349.137,10479
2018-02-02T00:00:00+00:00,1348.6665,1349.219,1347.141,1347.8535,5898
2018-02-02T02:00:00+00:00,1349.1365,1349.699,1347.72,1347.8935,7574
2018-02-02T03:00:00+00:00,1347.89,1348.5315,1347.63,1348.52,4819
2018-02-02T05:00:00+00:00,1347.64,1348.174,1346.708,1347.4885,4173
2018-02-02T04:00:00+00:00,1348.51,1348.529,1347.523,1347.6435,4300
2018-02-02T06:00:00+00:00,1347.4935,1348.5485,1346.581,1347.2315,6247
2018-02-02T07:00:00+00:00,1347.2135,1349.3705,1347.045,1348.687,10381
2018-02-02T08:00:00+00:00,1348.685,1349.0255,1347.1445,1347.8165,9396
2018-02-02T09:00:00+00:00,1347.807,1347.987,1345.425,1345.966,9772
2018-02-02T10:00:00+00:00,1345.9615,1345.9685,1344.07,1345.3935,9261
2018-02-02T11:00:00+00:00,1345.4285,1346.0415,1344.355,1344.925,8206
2018-02-02T12:00:00+00:00,1344.927,1345.8,1344.531,1345.5105,9463
2018-02-02T13:00:00+00:00,1345.594,1347.1125,1335.1935,1335.67,18410
2018-02-02T14:00:00+00:00,1335.725,1336.99,1331.6745,1331.88,18768
2018-02-02T15:00:00+00:00,1331.8845,1331.92,1327.501,1330.37,20498
2018-02-02T16:00:00+00:00,1330.39,1331.634,1327.566,1330.4545,15408
2018-02-02T17:00:00+00:00,1330.463,1336.214,1330.3515,1334.888,13460
2018-02-02T18:00:00+00:00,1334.882,1336.894,1332.1145,1332.685,12204
2018-02-02T19:00:00+00:00,1332.69,1332.984,1328.8865,1329.6005,14482
2018-02-02T20:00:00+00:00,1329.5415,1332.5455,1328.401,1331.9415,13962
2018-02-02T21:00:00+00:00,1332.035,1333.335,1330.315,1332.94,3126
2018-02-02T22:00:00+00:00,,,,,0
2018-02-02T23:00:00+00:00,,,,,0
2018-02-04T00:00:00+00:00,,,,,0
2018-02-04T01:00:00+00:00,,,,,0
2018-02-04T02:00:00+00:00,,,,,0
2018-02-04T03:00:00+00:00,,,,,0
2018-02-04T04:00:00+00:00,,,,,0
2018-02-04T05:00:00+00:00,,,,,0
2018-02-04T06:00:00+00:00,,,,,0
2018-02-04T07:00:00+00:00,,,,,0
2018-02-04T08:00:00+00:00,,,,,0
2018-02-04T09:00:00+00:00,,,,,0
2018-02-04T10:00:00+00:00,,,,,0
2018-02-04T11:00:00+00:00,,,,,0
2018-02-04T12:00:00+00:00,,,,,0
2018-02-04T13:00:00+00:00,,,,,0
2018-02-04T14:00:00+00:00,,,,,0
2018-02-04T15:00:00+00:00,,,,,0
2018-02-04T16:00:00+00:00,,,,,0
2018-02-04T17:00:00+00:00,,,,,0
2018-02-04T18:00:00+00:00,,,,,0
2018-02-04T19:00:00+00:00,,,,,0
2018-02-04T20:00:00+00:00,,,,,0
2018-02-04T21:00:00+00:00,,,,,0
2018-02-04T22:00:00+00:00,,,,,0
2018-02-04T23:00:00+00:00,1332.3,1333.9615,1329.585,1332.685,7312
2018-02-05T00:00:00+00:00,1332.6765,1333.535,1330.957,1333.53,10200
2018-02-05T01:00:00+00:00,1333.435,1333.706,1329.7235,1331.348,9442
2018-02-05T02:00:00+00:00,1331.3065,1331.467,1329.071,1331.0285,9718
2018-02-05T03:00:00+00:00,1331.034,1331.9055,1330.1115,1330.3265,6855
2018-02-05T04:00:00+00:00,1330.342,1331.1335,1329.986,1330.515,5385
2018-02-05T05:00:00+00:00,1330.52,1332.597,1330.33,1332.54,6013
2018-02-05T06:00:00+00:00,1332.54,1332.814,1331.0465,1331.855,7051
2018-02-05T07:00:00+00:00,1331.856,1333.53,1331.1965,1332.31,11005
2018-02-05T08:00:00+00:00,1332.28,1335.314,1332.265,1335.168,12983
2018-02-05T09:00:00+00:00,1335.19,1335.7955,1334.635,1334.9215,9172
2018-02-05T10:00:00+00:00,1334.915,1338.1635,1334.9035,1336.6985,10562
2018-02-05T11:00:00+00:00,1336.693,1338.6535,1335.655,1336.705,9962
2018-02-05T13:00:00+00:00,1335.937,1337.7665,1335.3455,1336.89,13843
2018-02-05T15:00:00+00:00,1334.05,1336.6785,1332.7015,1335.595,16984
2018-02-05T12:00:00+00:00,1336.71,1337.225,1335.17,1335.947,13677
2018-02-05T16:00:00+00:00,1335.5935,1335.91,1334.3915,1335.78,12328
2018-02-05T17:00:00+00:00,1335.78,1337.264,1334.4135,1334.9635,9604
2018-02-05T14:00:00+00:00,1336.8885,1337.3955,1333.446,1334.055,13997
2018-02-05T18:00:00+00:00,1334.964,1335.938,1333.3785,1334.61,10884
2018-02-05T19:00:00+00:00,1334.65,1335.31,1333.8665,1334.5665,10079
2018-02-05T21:00:00+00:00,1336.1335,1340.6585,1336.04,1339.525,8219
2018-02-05T20:00:00+00:00,1334.591,1341.6565,1333.991,1336.055,22485
2018-02-05T22:00:00+00:00,,,,,0
2018-02-05T23:00:00+00:00,1339.915,1340.934,1337.19,1340.5335,13118
2018-02-06T00:00:00+00:00,1340.508,1340.979,1338.478,1339.968,13440
2018-02-06T02:00:00+00:00,1340.7205,1346.18,1340.72,1344.6655,15711
2018-02-06T03:00:00+00:00,1344.657,1344.763,1343.32,1343.879,10711
2018-02-06T01:00:00+00:00,1339.9635,1340.738,1335.991,1340.725,17852
2018-02-06T04:00:00+00:00,1343.869,1345.57,1341.815,1342.525,10957
2018-02-06T06:00:00+00:00,1343.43,1344.675,1342.7865,1344.0545,10058
2018-02-06T05:00:00+00:00,1342.5285,1344.1735,1341.771,1343.39,13772
2018-02-06T07:00:00+00:00,1343.984,1344.008,1341.935,1343.251,18093
2018-02-06T08:00:00+00:00,1343.18,1343.975,1339.2465,1340.75,17296
2018-02-06T10:00:00+00:00,1343.2715,1344.713,1342.625,1342.825,14518
2018-02-06T11:00:00+00:00,1342.825,1343.555,1341.61,1342.7235,11080
2018-02-06T12:00:00+00:00,1342.817,1342.975,1335.665,1335.843,17533
2018-02-06T14:00:00+00:00,1334.115,1335.6185,1330.2385,1331.274,22611
2018-02-06T13:00:00+00:00,1335.859,1337.8295,1333.62,1334.1135,22454
2018-02-06T15:00:00+00:00,1331.2615,1332.285,1326.038,1328.395,24355
2018-02-06T16:00:00+00:00,1328.28,1332.895,1326.73,1329.3635,20166
2018-02-06T17:00:00+00:00,1329.359,1329.475,1327.44,1327.82,13583
2018-02-06T18:00:00+00:00,1327.82,1329.838,1325.959,1327.474,14568
2018-02-06T19:00:00+00:00,1327.4835,1329.015,1326.505,1326.565,12366
2018-02-06T20:00:00+00:00,1326.6135,1326.698,1320.28,1321.8215,15048
2018-02-06T21:00:00+00:00,1321.865,1325.1985,1321.72,1324.2,4433
2018-02-06T22:00:00+00:00,,,,,0
2018-02-06T23:00:00+00:00,1324.045,1327.311,1324.045,1325.449,7136
2018-02-07T00:00:00+00:00,1325.384,1327.5985,1324.47,1327.1885,10273
2018-02-06T09:00:00+00:00,1340.745,1343.6855,1340.5695,1343.2965,14367
2018-02-07T01:00:00+00:00,1327.1985,1329.6285,1326.465,1329.273,10375
2018-02-07T03:00:00+00:00,1330.55,1330.84,1329.1685,1329.185,7854
2018-02-07T02:00:00+00:00,1329.27,1330.618,1328.5,1330.558,7799
2018-02-07T04:00:00+00:00,1329.195,1329.665,1328.44,1329.2515,5897
2018-02-07T05:00:00+00:00,1329.235,1330.024,1328.9365,1329.775,5640
2018-02-07T06:00:00+00:00,1329.775,1331.195,1328.986,1330.653,7736
2018-02-07T07:00:00+00:00,1330.655,1332.3785,1329.8285,1330.007,11769
2018-02-07T08:00:00+00:00,1329.9965,1330.9785,1329.2635,1330.45,14551
2018-02-07T09:00:00+00:00,1330.4545,1330.641,1328.6,1328.73,9183
2018-02-07T10:00:00+00:00,1328.709,1329.232,1327.468,1327.697,9519
2018-02-07T11:00:00+00:00,1327.6965,1328.649,1327.1535,1328.4365,8767
2018-02-07T12:00:00+00:00,1328.385,1328.385,1323.491,1324.277,11942
2018-02-07T13:00:00+00:00,1324.37,1325.365,1321.9,1322.5335,16120
2018-02-07T14:00:00+00:00,1322.539,1325.6765,1320.15,1324.899,19832
2018-02-07T16:00:00+00:00,1320.94,1323.448,1317.865,1318.52,19464
2018-02-07T15:00:00+00:00,1324.883,1325.49,1319.785,1320.935,19150
2018-02-07T17:00:00+00:00,1318.555,1319.228,1314.922,1315.9465,18045
2018-02-07T18:00:00+00:00,1315.98,1316.8715,1311.47,1313.095,22953
2018-02-07T20:00:00+00:00,1314.692,1317.2985,1313.4965,1315.2885,14007
2018-02-07T21:00:00+00:00,1315.327,1318.7725,1314.685,1318.47,4310
2018-02-07T19:00:00+00:00,1313.0215,1315.274,1313.001,1314.707,17826
2018-02-07T22:00:00+00:00,,,,,0
2018-02-07T23:00:00+00:00,1317.955,1319.235,1317.13,1319.155,6041
2018-02-08T01:00:00+00:00,1315.605,1317.47,1314.401,1317.043,12080
2018-02-08T02:00:00+00:00,1317.037,1317.062,1314.0,1314.285,9587
2018-02-08T04:00:00+00:00,1313.207,1313.5345,1309.84,1311.1915,11242
2018-02-08T05:00:00+00:00,1311.1665,1312.6635,1310.28,1311.7465,13105
2018-02-08T06:00:00+00:00,1311.76,1313.6655,1310.161,1311.035,10093
2018-02-08T07:00:00+00:00,1310.9335,1313.705,1310.545,1312.43,15368
2018-02-08T08:00:00+00:00,1312.43,1313.708,1309.626,1310.972,13426
2018-02-08T10:00:00+00:00,1310.368,1311.835,1309.895,1311.585,10650
2018-02-08T11:00:00+00:00,1311.58,1312.055,1310.305,1310.885,9585
2018-02-08T12:00:00+00:00,1310.9045,1313.16,1307.135,1312.339,17315
2018-02-08T14:00:00+00:00,1315.025,1316.9385,1313.6865,1315.5635,16666
2018-02-08T13:00:00+00:00,1312.3735,1315.6595,1310.7185,1315.0235,16871
2018-02-08T00:00:00+00:00,1319.155,1319.277,1315.127,1315.605,8727
2018-02-08T16:00:00+00:00,1314.42,1318.1385,1314.1845,1316.69,18430
2018-02-08T19:00:00+00:00,1317.776,1319.855,1316.8115,1317.687,11604
2018-02-08T18:00:00+00:00,1319.929,1320.503,1315.8365,1317.78,17424
2018-02-08T20:00:00+00:00,1317.7,1319.3815,1317.057,1317.4265,12736
2018-02-08T23:00:00+00:00,1318.17,1322.79,1318.17,1322.157,4631
2018-02-08T03:00:00+00:00,1314.2765,1315.07,1312.81,1313.21,8601
2018-02-09T00:00:00+00:00,1322.125,1322.125,1319.8865,1320.0965,6612
2018-02-09T01:00:00+00:00,1320.1245,1320.911,1318.2865,1319.434,11949
2018-02-09T02:00:00+00:00,1319.4435,1319.73,1316.8315,1318.05,13265
2018-02-09T03:00:00+00:00,1318.035,1318.6465,1316.162,1317.336,11418
2018-02-09T04:00:00+00:00,1317.3365,1317.9555,1317.04,1317.72,6263
2018-02-09T05:00:00+00:00,1317.7395,1318.5735,1317.2505,1317.945,7344
2018-02-09T06:00:00+00:00,1317.941,1320.5935,1317.436,1320.26,7784
2018-02-08T09:00:00+00:00,1310.964,1311.094,1309.254,1310.3435,12216
2018-02-09T07:00:00+00:00,1320.271,1320.499,1317.272,1317.662,13760
2018-02-09T08:00:00+00:00,1317.6665,1317.6665,1313.623,1314.485,12949
2018-02-08T15:00:00+00:00,1315.558,1316.0515,1312.481,1314.4145,16878
2018-02-09T09:00:00+00:00,1314.49,1316.515,1314.155,1316.22,9794
2018-02-09T10:00:00+00:00,1316.225,1316.6045,1314.719,1314.995,8959
2018-02-09T11:00:00+00:00,1314.9955,1315.817,1314.2285,1314.677,10032
2018-02-09T12:00:00+00:00,1314.6305,1317.0905,1313.87,1316.562,12641
2018-02-09T13:00:00+00:00,1316.5655,1318.154,1313.63,1315.995,19216
2018-02-09T14:00:00+00:00,1315.999,1316.0195,1312.283,1314.5135,19578
2018-02-09T15:00:00+00:00,1314.4915,1317.605,1311.2335,1315.6015,21767
2018-02-09T16:00:00+00:00,1315.597,1318.91,1312.813,1317.33,20733
2018-02-08T17:00:00+00:00,1316.6955,1322.245,1316.2115,1319.944,17878
2018-02-08T21:00:00+00:00,1317.435,1319.475,1316.77,1318.7,3849
2018-02-08T22:00:00+00:00,,,,,0
2018-02-09T17:00:00+00:00,1317.3205,1319.1585,1312.3685,1312.5965,21151
2018-02-09T18:00:00+00:00,1312.56,1317.394,1312.095,1315.27,19863
2018-02-09T19:00:00+00:00,1315.2755,1315.54,1312.4635,1314.412,20251
2018-02-09T20:00:00+00:00,1314.5115,1315.834,1312.98,1314.81,16296
2018-02-09T21:00:00+00:00,1314.825,1317.72,1314.45,1316.075,2738
2018-02-09T23:00:00+00:00,,,,,0
2018-02-09T22:00:00+00:00,,,,,0
2018-02-11T00:00:00+00:00,,,,,0
2018-02-11T01:00:00+00:00,,,,,0
2018-02-11T02:00:00+00:00,,,,,0
2018-02-11T03:00:00+00:00,,,,,0
2018-02-11T04:00:00+00:00,,,,,0
2018-02-11T05:00:00+00:00,,,,,0
2018-02-11T06:00:00+00:00,,,,,0
2018-02-11T07:00:00+00:00,,,,,0
2018-02-11T08:00:00+00:00,,,,,0
2018-02-11T09:00:00+00:00,,,,,0
2018-02-11T10:00:00+00:00,,,,,0
2018-02-11T11:00:00+00:00,,,,,0
2018-02-11T12:00:00+00:00,,,,,0
2018-02-11T13:00:00+00:00,,,,,0
2018-02-11T14:00:00+00:00,,,,,0
2018-02-11T15:00:00+00:00,,,,,0
2018-02-11T16:00:00+00:00,,,,,0
2018-02-11T17:00:00+00:00,,,,,0
2018-02-11T18:00:00+00:00,,,,,0
2018-02-11T19:00:00+00:00,,,,,0
2018-02-11T20:00:00+00:00,,,,,0
2018-02-11T21:00:00+00:00,,,,,0
2018-02-11T22:00:00+00:00,,,,,0
2018-02-11T23:00:00+00:00,1315.475,1316.9735,1314.284,1316.4145,4389
2018-02-12T00:00:00+00:00,1316.405,1317.3715,1316.095,1316.9035,4947
2018-02-12T01:00:00+00:00,1316.915,1326.816,1316.915,1323.8365,8529
2018-02-12T02:00:00+00:00,1323.8565,1326.1815,1322.405,1324.0215,5707
2018-02-12T03:00:00+00:00,1324.0315,1324.821,1323.042,1324.273,3708
2018-02-12T05:00:00+00:00,1324.035,1324.622,1323.015,1323.5795,2928
2018-02-12T04:00:00+00:00,1324.265,1324.5435,1323.14,1324.027,2521
2018-02-12T06:00:00+00:00,1323.586,1324.345,1322.645,1323.8895,4503
2018-02-12T07:00:00+00:00,1323.844,1324.2195,1321.55,1321.615,10339
2018-02-12T08:00:00+00:00,1321.62,1322.935,1320.579,1321.757,13068
2018-02-12T09:00:00+00:00,1321.752,1322.0705,1320.835,1321.427,11038
2018-02-12T10:00:00+00:00,1321.425,1321.8965,1320.6185,1320.8935,7400
2018-02-12T11:00:00+00:00,1320.893,1321.5115,1320.066,1320.8435,8056
2018-02-12T12:00:00+00:00,1320.8485,1320.8835,1317.029,1319.105,10935
2018-02-12T13:00:00+00:00,1319.095,1319.87,1317.487,1319.3335,12079
2018-02-12T14:00:00+00:00,1319.335,1323.291,1318.76,1322.8195,18360
2018-02-12T15:00:00+00:00,1322.864,1325.4465,1321.81,1324.5165,19790
2018-02-12T16:00:00+00:00,1324.5515,1325.6135,1323.273,1323.685,15943
2018-02-12T17:00:00+00:00,1323.692,1326.1965,1323.444,1324.789,12006
2018-02-12T18:00:00+00:00,1324.7785,1325.725,1322.946,1323.51,11732
2018-02-12T19:00:00+00:00,1323.505,1324.8035,1322.4055,1322.6015,10039
2018-02-12T21:00:00+00:00,1321.4115,1323.062,1321.332,1322.7,3282
2018-02-12T22:00:00+00:00,,,,,0
2018-02-12T20:00:00+00:00,1322.623,1324.346,1321.3865,1321.3865,11832
2018-02-12T23:00:00+00:00,1322.6,1324.9885,1322.398,1322.615,5695
2018-02-13T00:00:00+00:00,1322.61,1323.6805,1321.675,1322.78,8396
2018-02-13T01:00:00+00:00,1322.782,1323.588,1321.7765,1323.2785,8011
2018-02-13T02:00:00+00:00,1323.273,1323.7,1322.52,1323.204,5467
2018-02-13T05:00:00+00:00,1326.168,1328.8535,1325.6085,1326.445,7732
2018-02-13T06:00:00+00:00,1326.4505,1327.2995,1324.722,1325.8315,7480
2018-02-13T07:00:00+00:00,1325.8265,1328.819,1324.919,1327.3365,12505
2018-02-13T04:00:00+00:00,1324.098,1326.338,1324.068,1326.2135,7822
2018-02-13T03:00:00+00:00,1323.1885,1324.324,1323.164,1324.0985,4594
2018-02-13T08:00:00+00:00,1327.3215,1330.0085,1326.6315,1328.8335,12791
2018-02-13T09:00:00+00:00,1328.819,1329.665,1328.37,1328.66,10616
2018-02-13T11:00:00+00:00,1329.57,1329.697,1327.5465,1327.6785,8929
2018-02-13T10:00:00+00:00,1328.6615,1331.1015,1328.5345,1329.576,10718
2018-02-13T12:00:00+00:00,1327.604,1329.807,1327.2735,1328.1935,10478
2018-02-13T13:00:00+00:00,1328.1985,1328.269,1325.277,1325.9205,12958
2018-02-13T14:00:00+00:00,1325.915,1326.437,1322.9715,1325.9035,17523
2018-02-13T16:00:00+00:00,1328.725,1329.6335,1327.633,1328.5465,15661
2018-02-13T15:00:00+00:00,1325.91,1328.8935,1324.055,1328.74,18591
2018-02-13T17:00:00+00:00,1328.601,1328.7565,1326.598,1327.435,10564
2018-02-13T18:00:00+00:00,1327.445,1329.071,1326.765,1327.044,12344
2018-02-13T19:00:00+00:00,1327.041,1328.705,1326.6885,1328.353,8717
2018-02-13T20:00:00+00:00,1328.4265,1329.998,1328.4265,1329.195,8866
2018-02-13T21:00:00+00:00,1329.2,1329.805,1329.024,1329.54,2623
2018-02-13T22:00:00+00:00,,,,,0
2018-02-13T23:00:00+00:00,1329.53,1333.1365,1329.402,1331.8915,4756
2018-02-14T00:00:00+00:00,1331.942,1333.195,1331.668,1332.7015,6387
2018-02-14T01:00:00+00:00,1332.691,1333.945,1331.014,1332.279,7692
2018-02-14T02:00:00+00:00,1332.2985,1335.2485,1332.0785,1335.22,10901
2018-02-14T03:00:00+00:00,1335.199,1337.05,1334.4935,1336.2965,10365
2018-02-14T04:00:00+00:00,1336.3,1336.351,1334.2145,1334.6115,8193
2018-02-14T05:00:00+00:00,1334.6195,1335.628,1334.324,1334.922,6334
2018-02-14T06:00:00+00:00,1334.9165,1335.1255,1333.4715,1334.42,5363
2018-02-14T07:00:00+00:00,1334.404,1334.404,1331.5485,1331.971,10202
2018-02-14T08:00:00+00:00,1331.966,1333.16,1331.706,1331.8265,10114
2018-02-14T09:00:00+00:00,1331.8155,1331.916,1330.2615,1330.435,9708
2018-02-14T10:00:00+00:00,1330.538,1332.435,1330.2935,1332.014,9158
2018-02-14T11:00:00+00:00,1332.02,1332.055,1329.765,1330.355,7603
2018-02-14T12:00:00+00:00,1330.355,1332.331,1330.345,1331.4595,9616
2018-02-14T13:00:00+00:00,1331.4645,1332.0035,1318.0505,1327.619,19072
2018-02-14T14:00:00+00:00,1327.635,1336.185,1326.918,1333.9615,21869
2018-02-14T15:00:00+00:00,1333.94,1349.4535,1333.94,1348.43,28285
2018-02-14T16:00:00+00:00,1348.42,1349.2855,1345.915,1346.8265,19348
2018-02-14T17:00:00+00:00,1346.832,1349.475,1345.791,1349.2805,17255
2018-02-14T18:00:00+00:00,1349.1945,1355.5995,1349.1105,1352.7515,22404
2018-02-14T19:00:00+00:00,1352.76,1355.476,1352.1535,1353.8005,16762
2018-02-14T21:00:00+00:00,1352.153,1352.448,1350.305,1350.65,5020
2018-02-14T20:00:00+00:00,1353.775,1355.0375,1351.737,1352.1285,14267
2018-02-14T22:00:00+00:00,,,,,0
2018-02-14T23:00:00+00:00,1349.95,1354.7285,1349.805,1353.895,7535
2018-02-15T00:00:00+00:00,1353.89,1355.184,1350.803,1351.495,9383
2018-02-15T01:00:00+00:00,1351.504,1354.2685,1351.294,1352.441,10189
2018-02-15T02:00:00+00:00,1352.4415,1355.22,1352.065,1353.979,6414
2018-02-15T03:00:00+00:00,1354.0335,1354.4365,1353.1765,1354.42,6137
2018-02-15T04:00:00+00:00,1354.43,1355.33,1353.923,1353.931,5101
2018-02-15T05:00:00+00:00,1353.9245,1355.23,1353.61,1354.3265,4930
2018-02-15T06:00:00+00:00,1354.3315,1355.0185,1352.466,1352.568,6083
2018-02-15T07:00:00+00:00,1352.5735,1355.183,1352.271,1354.8135,12751
2018-02-15T08:00:00+00:00,1354.8035,1357.18,1353.9565,1356.5315,13061
2018-02-15T09:00:00+00:00,1356.5195,1356.7065,1353.3835,1354.7415,12141
2018-02-15T10:00:00+00:00,1354.727,1354.8965,1353.3385,1353.748,10135
2018-02-15T11:00:00+00:00,1353.7495,1354.0015,1350.456,1351.1035,10032
2018-02-15T13:00:00+00:00,1350.8115,1353.99,1350.6465,1352.797,14270
2018-02-15T12:00:00+00:00,1351.1485,1351.745,1348.6485,1350.8165,12838
2018-02-15T14:00:00+00:00,1352.81,1354.4445,1351.31,1353.7985,17417
2018-02-15T15:00:00+00:00,1353.793,1353.8765,1349.0,1352.18,19991
2018-02-15T16:00:00+00:00,1352.17,1353.435,1349.953,1352.0035,16839
2018-02-15T18:00:00+00:00,1351.36,1353.3835,1350.774,1352.89,11413
2018-02-15T17:00:00+00:00,1352.0135,1352.094,1348.743,1351.334,12334
2018-02-15T19:00:00+00:00,1352.8935,1355.134,1352.868,1354.9715,8533
2018-02-15T20:00:00+00:00,1354.955,1355.2065,1353.195,1353.47,8330
2018-02-15T21:00:00+00:00,1353.473,1353.6735,1352.413,1353.495,3287
2018-02-15T22:00:00+00:00,,,,,0
2018-02-15T23:00:00+00:00,1353.73,1354.389,1353.401,1354.024,5207
2018-02-16T00:00:00+00:00,1354.0185,1354.3735,1352.883,1352.962,8317
2018-02-16T01:00:00+00:00,1352.9615,1354.9135,1352.494,1354.4585,7963
2018-02-16T02:00:00+00:00,1354.4485,1357.462,1354.0285,1356.804,9671
2018-02-16T03:00:00+00:00,1356.828,1357.215,1355.767,1356.67,6383
2018-02-16T04:00:00+00:00,1356.665,1359.57,1355.4965,1358.7885,13637
2018-02-16T05:00:00+00:00,1358.799,1360.055,1358.132,1358.3565,7739
2018-02-16T06:00:00+00:00,1358.3465,1358.733,1356.933,1357.706,5861
2018-02-16T07:00:00+00:00,1357.7015,1358.799,1357.415,1357.7645,10594
2018-02-16T08:00:00+00:00,1357.855,1360.44,1357.843,1360.1085,11415
2018-02-16T09:00:00+00:00,1360.114,1361.797,1360.006,1360.045,11102
2018-02-16T10:00:00+00:00,1360.04,1360.6665,1358.486,1358.8065,10896
2018-02-16T11:00:00+00:00,1358.806,1359.26,1357.66,1358.182,9169
2018-02-16T12:00:00+00:00,1358.1465,1358.416,1353.354,1356.3365,10839
2018-02-16T13:00:00+00:00,1356.326,1357.1545,1354.182,1355.3965,12723
2018-02-16T16:00:00+00:00,1355.567,1356.7035,1353.255,1353.2735,12844
2018-02-16T14:00:00+00:00,1355.4015,1355.4065,1351.499,1353.9965,17473
2018-02-16T17:00:00+00:00,1353.275,1354.149,1351.4465,1353.7485,9851
2018-02-16T15:00:00+00:00,1353.985,1355.9315,1351.189,1355.601,17183
2018-02-16T19:00:00+00:00,1348.6,1348.8935,1344.8735,1347.746,13065
2018-02-16T20:00:00+00:00,1347.725,1349.35,1345.863,1348.7685,8397
2018-02-16T18:00:00+00:00,1353.7455,1354.1315,1347.8415,1348.5945,12745
2018-02-16T21:00:00+00:00,1348.775,1348.998,1347.06,1347.22,2254
2018-02-16T22:00:00+00:00,,,,,0
2018-02-16T23:00:00+00:00,,,,,0
2018-02-18T00:00:00+00:00,,,,,0
2018-02-18T01:00:00+00:00,,,,,0
2018-02-18T02:00:00+00:00,,,,,0
2018-02-18T04:00:00+00:00,,,,,0
2018-02-18T03:00:00+00:00,,,,,0
2018-02-18T05:00:00+00:00,,,,,0
2018-02-18T07:00:00+00:00,,,,,0
2018-02-18T06:00:00+00:00,,,,,0
2018-02-18T08:00:00+00:00,,,,,0
2018-02-18T09:00:00+00:00,,,,,0
2018-02-18T10:00:00+00:00,,,,,0
2018-02-18T11:00:00+00:00,,,,,0
2018-02-18T12:00:00+00:00,,,,,0
2018-02-18T14:00:00+00:00,,,,,0
2018-02-18T13:00:00+00:00,,,,,0
2018-02-18T15:00:00+00:00,,,,,0
2018-02-18T17:00:00+00:00,,,,,0
2018-02-18T16:00:00+00:00,,,,,0
2018-02-18T18:00:00+00:00,,,,,0
2018-02-18T19:00:00+00:00,,,,,0
2018-02-18T20:00:00+00:00,,,,,0
2018-02-18T21:00:00+00:00,,,,,0
2018-02-18T22:00:00+00:00,,,,,0
2018-02-18T23:00:00+00:00,1347.79,1349.9415,1347.481,1348.1435,5367
2018-02-19T00:00:00+00:00,1348.155,1350.669,1347.1815,1350.135,9301
2018-02-19T01:00:00+00:00,1350.023,1351.065,1349.371,1350.465,6653
2018-02-19T02:00:00+00:00,1350.475,1351.46,1350.1165,1350.445,4341
2018-02-19T04:00:00+00:00,1348.946,1349.201,1347.321,1347.8465,6753
2018-02-19T03:00:00+00:00,1350.455,1350.562,1348.415,1348.951,6331
2018-02-19T05:00:00+00:00,1347.855,1348.8685,1346.377,1346.668,6830
2018-02-19T06:00:00+00:00,1346.5715,1348.403,1346.3865,1348.0805,6473
2018-02-19T07:00:00+00:00,1348.1105,1349.2765,1346.6785,1348.3885,9901
2018-02-19T08:00:00+00:00,1348.35,1348.942,1346.886,1347.01,9208
2018-02-19T09:00:00+00:00,1347.002,1347.805,1346.4985,1347.3885,7134
2018-02-19T11:00:00+00:00,1348.3645,1348.5765,1347.413,1348.355,5796
2018-02-19T10:00:00+00:00,1347.379,1348.4565,1347.2915,1348.36,6651
2018-02-19T13:00:00+00:00,1347.461,1347.805,1346.14,1346.775,9956
2018-02-19T14:00:00+00:00,1346.7695,1347.6865,1345.88,1347.297,8204
2018-02-19T12:00:00+00:00,1348.358,1348.8965,1346.6015,1347.469,8322
2018-02-19T15:00:00+00:00,1347.2865,1348.697,1346.716,1348.4415,10376
2018-02-19T16:00:00+00:00,1348.4345,1348.6635,1347.1735,1347.973,6988
2018-02-19T17:00:00+00:00,1347.9635,1348.21,1346.2705,1346.735,4396
2018-02-19T18:00:00+00:00,1346.68,1347.435,1346.235,1346.7,40
2018-02-19T19:00:00+00:00,,,,,0
2018-02-19T22:00:00+00:00,,,,,0
2018-02-19T21:00:00+00:00,,,,,0
2018-02-19T20:00:00+00:00,,,,,0
2018-02-19T23:00:00+00:00,1346.55,1348.2935,1344.014,1345.445,4767
2018-02-20T00:00:00+00:00,1345.43,1346.6335,1343.86,1343.9785,6723
2018-02-20T01:00:00+00:00,1343.985,1344.005,1340.9,1341.597,12672
2018-02-20T02:00:00+00:00,1341.5865,1343.194,1340.871,1341.27,8833
2018-02-20T03:00:00+00:00,1341.2785,1342.348,1340.4135,1341.3505,5897
2018-02-20T05:00:00+00:00,1341.332,1341.925,1340.61,1340.8215,3819
2018-02-20T04:00:00+00:00,1341.355,1341.91,1340.896,1341.335,4912
2018-02-20T06:00:00+00:00,1340.741,1340.755,1339.154,1339.821,6608
2018-02-20T07:00:00+00:00,1339.7895,1340.313,1337.975,1338.87,11344
2018-02-20T09:00:00+00:00,1337.825,1338.7105,1336.7735,1337.6415,10230
2018-02-20T08:00:00+00:00,1338.868,1339.085,1336.6965,1337.806,11711
2018-02-20T10:00:00+00:00,1337.6345,1338.6385,1337.253,1337.847,9495
2018-02-20T11:00:00+00:00,1337.832,1340.265,1336.9665,1339.78,8739
2018-02-20T12:00:00+00:00,1339.782,1340.637,1337.91,1339.405,10050
2018-02-20T13:00:00+00:00,1339.4415,1341.1715,1335.514,1336.505,12512
2018-02-20T14:00:00+00:00,1336.507,1343.3215,1336.315,1340.1195,17182
2018-02-20T15:00:00+00:00,1340.1255,1340.9955,1336.8565,1337.9965,16265
2018-02-20T16:00:00+00:00,1338.109,1338.4685,1330.204,1331.9135,16971
2018-02-20T17:00:00+00:00,1331.894,1333.3885,1329.301,1329.5215,15578
2018-02-20T18:00:00+00:00,1329.546,1330.8165,1328.551,1330.0165,15200
2018-02-20T19:00:00+00:00,1330.081,1331.867,1329.8565,1329.866,12726
2018-02-20T21:00:00+00:00,1330.827,1331.073,1329.2,1329.22,3358
2018-02-20T20:00:00+00:00,1329.8765,1331.87,1328.8265,1330.9015,10988
2018-02-20T22:00:00+00:00,,,,,0
2018-02-20T23:00:00+00:00,1329.345,1330.648,1329.21,1330.0065,4048
2018-02-21T00:00:00+00:00,1329.9715,1330.814,1328.1665,1328.787,8776
2018-02-21T01:00:00+00:00,1328.7765,1329.4715,1327.446,1328.0385,7774
2018-02-21T02:00:00+00:00,1328.0355,1330.575,1326.95,1327.3095,10040
2018-02-21T03:00:00+00:00,1327.323,1327.345,1325.69,1326.5265,6773
2018-02-21T04:00:00+00:00,1326.527,1327.8435,1325.976,1326.3285,6775
2018-02-21T05:00:00+00:00,1326.3255,1327.688,1325.592,1327.299,6005
2018-02-21T06:00:00+00:00,1327.3035,1328.36,1327.061,1328.198,5840
2018-02-21T07:00:00+00:00,1328.183,1328.4155,1325.1145,1325.81,9479
2018-02-21T08:00:00+00:00,1325.7545,1329.35,1325.501,1328.85,11389
2018-02-21T09:00:00+00:00,1328.8755,1330.055,1328.4035,1329.72,7790
2018-02-21T10:00:00+00:00,1329.7135,1329.7685,1328.276,1329.5615,7127
2018-02-21T11:00:00+00:00,1329.5565,1329.81,1327.98,1328.2665,6865
2018-02-21T12:00:00+00:00,1328.223,1329.602,1327.4845,1328.0435,10569
2018-02-21T13:00:00+00:00,1328.0765,1330.16,1327.389,1330.03,12674
2018-02-21T14:00:00+00:00,1330.0205,1332.445,1329.612,1330.55,16566
2018-02-21T15:00:00+00:00,1330.55,1332.991,1328.3035,1330.185,16761
2018-02-21T16:00:00+00:00,1330.19,1330.889,1327.574,1328.375,14291
2018-02-21T17:00:00+00:00,1328.3785,1329.895,1326.131,1329.6715,9150
2018-02-21T18:00:00+00:00,1329.665,1331.227,1326.8515,1329.4,10390
2018-02-21T19:00:00+00:00,1329.445,1336.328,1325.8585,1326.4665,25484
2018-02-21T20:00:00+00:00,1326.4265,1326.539,1322.47,1324.745,16081
2018-02-21T21:00:00+00:00,1324.735,1324.8485,1322.985,1324.66,4100
2018-02-21T22:00:00+00:00,,,,,0
2018-02-21T23:00:00+00:00,1324.42,1327.16,1324.26,1326.9,4278
2018-02-22T00:00:00+00:00,1326.8965,1326.97,1324.855,1326.275,8774
2018-02-22T01:00:00+00:00,1326.27,1326.37,1323.2115,1324.9,13782
2018-02-22T02:00:00+00:00,1324.9,1325.24,1322.4795,1323.84,8605
2018-02-22T03:00:00+00:00,1323.84,1324.64,1323.59,1324.025,5451
2018-02-22T04:00:00+00:00,1324.02,1324.495,1322.71,1323.839,5743
2018-02-22T05:00:00+00:00,1323.841,1324.855,1323.591,1323.6115,6290
2018-02-22T06:00:00+00:00,1323.5965,1324.33,1321.355,1321.757,7540
2018-02-22T07:00:00+00:00,1321.7665,1322.555,1321.04,1322.0235,10542
2018-02-22T08:00:00+00:00,1322.015,1322.935,1321.19,1322.035,12525
2018-02-22T09:00:00+00:00,1322.034,1323.7,1321.5565,1322.948,10828
2018-02-22T10:00:00+00:00,1322.9485,1324.27,1322.6315,1323.6685,10202
2018-02-22T11:00:00+00:00,1323.6635,1324.0735,1322.24,1323.34,8906
2018-02-22T12:00:00+00:00,1323.335,1324.8,1322.185,1323.94,13193
2018-02-22T13:00:00+00:00,1324.0,1327.115,1323.265,1327.1015,17652
2018-02-22T14:00:00+00:00,1327.1085,1328.497,1325.8435,1327.3965,16150
2018-02-22T15:00:00+00:00,1327.381,1331.367,1327.335,1328.408,17286
2018-02-22T16:00:00+00:00,1328.6005,1330.01,1328.11,1329.43,14974
2018-02-22T17:00:00+00:00,1329.4345,1332.006,1328.677,1330.102,10943
2018-02-22T18:00:00+00:00,1330.1065,1332.145,1329.9995,1330.165,13311
2018-02-22T19:00:00+00:00,1330.1615,1331.4795,1329.8185,1330.7915,7701
2018-02-22T21:00:00+00:00,1331.455,1332.27,1330.7765,1332.07,2809
2018-02-22T20:00:00+00:00,1330.747,1331.746,1330.3365,1331.4815,8122
2018-02-22T22:00:00+00:00,,,,,0
2018-02-23T00:00:00+00:00,1330.576,1331.221,1329.2615,1330.34,7763
2018-02-22T23:00:00+00:00,1331.745,1332.237,1330.382,1330.5815,4297
2018-02-23T01:00:00+00:00,1330.335,1331.21,1328.7715,1330.92,7931
2018-02-23T02:00:00+00:00,1330.945,1331.074,1329.1815,1329.392,6331
2018-02-23T03:00:00+00:00,1329.392,1329.674,1328.129,1328.55,6295
2018-02-23T04:00:00+00:00,1328.55,1328.9335,1326.7885,1327.225,5041
2018-02-23T05:00:00+00:00,1327.22,1328.028,1326.272,1327.7735,5787
2018-02-23T06:00:00+00:00,1327.7685,1328.7395,1326.358,1326.747,6736
2018-02-23T07:00:00+00:00,1326.742,1327.502,1325.8835,1327.41,9311
2018-02-23T08:00:00+00:00,1327.4115,1329.88,1327.267,1329.6515,9972
2018-02-23T09:00:00+00:00,1329.6555,1329.8,1327.7245,1328.004,7464
2018-02-23T10:00:00+00:00,1328.01,1329.651,1327.545,1328.866,7514
2018-02-23T11:00:00+00:00,1328.8765,1330.8165,1327.9485,1330.7305,9637
2018-02-23T12:00:00+00:00,1330.7335,1331.7205,1330.13,1330.4305,10159
2018-02-23T13:00:00+00:00,1330.4365,1331.15,1328.3015,1329.237,12142
2018-02-23T14:00:00+00:00,1329.2415,1330.519,1326.82,1328.44,15814
2018-02-23T15:00:00+00:00,1328.4335,1329.6565,1327.545,1329.046,14063
2018-02-23T16:00:00+00:00,1329.0445,1329.364,1327.4665,1328.835,12021
2018-02-23T17:00:00+00:00,1328.8435,1330.6515,1328.58,1330.255,8440
2018-02-23T18:00:00+00:00,1330.252,1330.345,1328.171,1328.382,8988
2018-02-23T19:00:00+00:00,1328.387,1329.854,1328.361,1329.175,7470
2018-02-23T20:00:00+00:00,1329.168,1330.347,1328.976,1329.3965,6828
2018-02-23T21:00:00+00:00,1329.391,1329.495,1328.635,1328.82,2422
2018-02-23T22:00:00+00:00,,,,,0
2018-02-23T23:00:00+00:00,,,,,0
2018-02-25T00:00:00+00:00,,,,,0
2018-02-25T01:00:00+00:00,,,,,0
2018-02-25T02:00:00+00:00,,,,,0
2018-02-25T03:00:00+00:00,,,,,0
2018-02-25T04:00:00+00:00,,,,,0
2018-02-25T05:00:00+00:00,,,,,0
2018-02-25T06:00:00+00:00,,,,,0
2018-02-25T07:00:00+00:00,,,,,0
2018-02-25T08:00:00+00:00,,,,,0
2018-02-25T09:00:00+00:00,,,,,0
2018-02-25T11:00:00+00:00,,,,,0
2018-02-25T12:00:00+00:00,,,,,0
2018-02-25T10:00:00+00:00,,,,,0
2018-02-25T13:00:00+00:00,,,,,0
2018-02-25T14:00:00+00:00,,,,,0
2018-02-25T15:00:00+00:00,,,,,0
2018-02-25T16:00:00+00:00,,,,,0
2018-02-25T17:00:00+00:00,,,,,0
2018-02-25T18:00:00+00:00,,,,,0
2018-02-25T19:00:00+00:00,,,,,0
2018-02-25T20:00:00+00:00,,,,,0
2018-02-25T21:00:00+00:00,,,,,0
2018-02-25T22:00:00+00:00,,,,,0
2018-02-25T23:00:00+00:00,1328.5,1330.029,1326.712,1327.1545,6207
2018-02-26T00:00:00+00:00,1327.155,1328.884,1327.126,1328.5665,8155
2018-02-26T01:00:00+00:00,1328.552,1335.316,1328.5185,1333.807,12211
2018-02-26T02:00:00+00:00,1333.832,1338.114,1333.819,1336.8715,10821
2018-02-26T03:00:00+00:00,1336.875,1337.7765,1336.2715,1336.925,6774
2018-02-26T04:00:00+00:00,1336.93,1337.5685,1336.549,1336.9185,4918
2018-02-26T05:00:00+00:00,1336.915,1339.848,1336.4415,1339.813,6851
2018-02-26T06:00:00+00:00,1339.82,1340.2365,1338.88,1339.71,7951
2018-02-26T07:00:00+00:00,1339.7035,1341.1265,1338.875,1339.4265,10400
2018-02-26T09:00:00+00:00,1338.185,1340.4465,1337.945,1340.251,9480
2018-02-26T08:00:00+00:00,1339.422,1339.8965,1338.038,1338.195,11285
2018-02-26T10:00:00+00:00,1340.2265,1340.83,1339.048,1339.416,7595
2018-02-26T11:00:00+00:00,1339.421,1339.5815,1337.695,1338.015,7824
2018-02-26T12:00:00+00:00,1338.0055,1338.704,1336.3485,1336.9295,8317
2018-02-26T13:00:00+00:00,1336.935,1338.112,1335.7765,1336.3695,12089
2018-02-26T14:00:00+00:00,1336.3535,1336.5055,1330.479,1334.0205,15771
2018-02-26T15:00:00+00:00,1334.03,1334.7985,1331.464,1332.555,15250
2018-02-26T16:00:00+00:00,1332.5405,1333.3735,1330.8145,1331.034,13276
2018-02-26T17:00:00+00:00,1331.0385,1332.58,1330.2015,1332.498,9971
2018-02-26T18:00:00+00:00,1332.495,1332.711,1330.886,1331.6615,7421
2018-02-26T19:00:00+00:00,1331.7065,1333.147,1331.2615,1332.877,6322
2018-02-26T20:00:00+00:00,1332.8965,1333.687,1332.21,1333.315,6233
2018-02-26T21:00:00+00:00,1333.333,1333.6485,1333.049,1333.39,2676
2018-02-26T22:00:00+00:00,,,,,0
2018-02-26T23:00:00+00:00,1333.34,1333.54,1331.1785,1332.305,4275
2018-02-27T00:00:00+00:00,1332.3015,1335.8885,1331.937,1335.19,9050
2018-02-27T01:00:00+00:00,1335.1935,1336.8185,1334.837,1335.81,9993
2018-02-27T02:00:00+00:00,1335.8,1336.47,1334.2245,1334.47,6663
2018-02-27T03:00:00+00:00,1334.47,1334.66,1333.0,1333.2415,6997
2018-02-27T04:00:00+00:00,1333.267,1333.8235,1331.863,1332.26,4965
2018-02-27T05:00:00+00:00,1332.255,1333.8785,1332.235,1333.1365,5629
2018-02-27T06:00:00+00:00,1333.1395,1333.4085,1331.517,1333.0445,7024
2018-02-27T07:00:00+00:00,1333.045,1334.6665,1332.82,1333.8545,9949
2018-02-27T08:00:00+00:00,1333.862,1334.793,1332.798,1333.6795,10346
2018-02-27T09:00:00+00:00,1333.6885,1333.9965,1332.88,1333.798,10280
2018-02-27T10:00:00+00:00,1333.8045,1334.215,1332.1935,1332.665,8218
2018-02-27T11:00:00+00:00,1332.6665,1333.3785,1332.065,1332.492,7369
2018-02-27T12:00:00+00:00,1332.507,1333.108,1332.115,1332.428,7511
2018-02-27T13:00:00+00:00,1332.43,1332.4835,1324.637,1328.162,20691
2018-02-27T16:00:00+00:00,1318.0885,1319.2835,1314.909,1315.907,20312
2018-02-27T14:00:00+00:00,1328.1415,1329.89,1325.981,1326.01,16792
2018-02-27T17:00:00+00:00,1315.912,1317.0435,1313.504,1315.573,14299
2018-02-27T15:00:00+00:00,1325.9835,1326.46,1315.944,1318.1035,25324
2018-02-27T18:00:00+00:00,1315.578,1318.365,1315.069,1318.2955,10632
2018-02-27T19:00:00+00:00,1318.32,1318.8865,1317.233,1317.849,8958
2018-02-27T20:00:00+00:00,1317.8735,1318.935,1317.524,1318.9,9081
2018-02-27T21:00:00+00:00,1318.89,1318.89,1317.8315,1318.285,2895
2018-02-27T22:00:00+00:00,,,,,0
2018-02-27T23:00:00+00:00,1317.84,1319.0535,1317.289,1317.5965,4265
2018-02-28T00:00:00+00:00,1317.564,1317.621,1315.691,1317.4235,8603
2018-02-28T01:00:00+00:00,1317.42,1319.0835,1316.34,1317.7,11293
2018-02-28T02:00:00+00:00,1317.695,1318.419,1316.9235,1316.934,6382
2018-02-28T03:00:00+00:00,1316.944,1318.455,1316.8635,1317.5215,7893
2018-02-28T04:00:00+00:00,1317.5165,1318.0515,1317.01,1317.577,4596
2018-02-28T05:00:00+00:00,1317.565,1318.1485,1317.3315,1318.0315,6326
2018-02-28T06:00:00+00:00,1318.0415,1319.315,1317.4115,1318.69,8425
2018-02-28T07:00:00+00:00,1318.665,1319.4965,1317.9015,1318.294,11334
2018-02-28T08:00:00+00:00,1318.292,1318.5815,1317.026,1317.6265,11367
2018-02-28T09:00:00+00:00,1317.62,1321.4235,1317.325,1321.1385,11223
2018-02-28T10:00:00+00:00,1321.1585,1321.323,1319.71,1319.9,8477
2018-02-28T11:00:00+00:00,1319.8955,1320.4365,1318.8,1319.5485,10119
2018-02-28T12:00:00+00:00,1319.5435,1320.75,1319.427,1320.2565,11003
2018-02-28T13:00:00+00:00,1320.25,1320.299,1316.1465,1317.6085,13970
2018-02-28T14:00:00+00:00,1317.604,1322.607,1317.604,1318.1665,17312
2018-02-28T15:00:00+00:00,1318.16,1319.505,1315.941,1318.754,18382
2018-02-28T18:00:00+00:00,1319.3065,1319.689,1316.319,1318.998,11442
2018-02-28T17:00:00+00:00,1320.2135,1321.209,1319.2965,1319.2965,11312
2018-02-28T16:00:00+00:00,1318.7535,1320.456,1318.2735,1320.304,14406
2018-02-28T19:00:00+00:00,1319.019,1319.6515,1317.645,1318.3435,8756
2018-02-28T20:00:00+00:00,1318.38,1318.81,1317.3835,1317.625,9103
2018-02-28T21:00:00+00:00,1317.61,1318.576,1317.61,1318.2,3335
2018-02-28T22:00:00+00:00,,,,,0
2018-02-28T23:00:00+00:00,1318.2,1320.18,1317.19,1317.475,4228
2018-03-01T00:00:00+00:00,1317.471,1318.073,1315.061,1315.463,9268
2018-03-01T01:00:00+00:00,1315.4645,1316.8135,1314.6885,1316.26,9631
2018-03-01T02:00:00+00:00,1316.2535,1316.5535,1315.11,1315.4,9293
2018-03-01T03:00:00+00:00,1315.485,1315.955,1315.0735,1315.575,5567
2018-03-01T04:00:00+00:00,1315.5695,1316.123,1313.708,1314.71,6611
2018-03-01T05:00:00+00:00,1314.7085,1314.9165,1313.7035,1313.71,6319
2018-03-01T06:00:00+00:00,1313.735,1314.3685,1312.581,1314.2485,9701
2018-03-01T07:00:00+00:00,1314.2445,1315.306,1313.328,1313.433,11054
2018-03-01T08:00:00+00:00,1313.4335,1313.4435,1311.3385,1311.725,11255
2018-03-01T09:00:00+00:00,1311.72,1311.8145,1310.5055,1310.868,11966
2018-03-01T10:00:00+00:00,1310.8935,1312.1005,1310.376,1311.253,9649
2018-03-01T11:00:00+00:00,1311.26,1311.3695,1310.111,1310.703,7879
2018-03-01T12:00:00+00:00,1310.708,1310.708,1306.005,1306.5765,13200
2018-03-01T13:00:00+00:00,1306.576,1310.5485,1304.7595,1310.4215,17291
2018-03-01T14:00:00+00:00,1310.426,1311.551,1306.149,1307.66,18051
2018-03-01T15:00:00+00:00,1307.66,1310.5215,1302.88,1305.925,22002
2018-03-01T16:00:00+00:00,1305.93,1312.955,1304.7935,1310.918,19970
2018-03-01T17:00:00+00:00,1310.9135,1311.9155,1308.8385,1309.8235,20448
2018-03-01T18:00:00+00:00,1309.8,1310.204,1304.061,1306.9035,20080
2018-03-01T20:00:00+00:00,1316.1885,1321.2035,1314.8435,1315.1415,21049
2018-03-01T19:00:00+00:00,1306.9055,1316.3035,1306.763,1316.223,22563
2018-03-01T21:00:00+00:00,1315.1865,1317.366,1315.141,1316.96,4603
2018-03-01T22:00:00+00:00,,,,,0
2018-03-01T23:00:00+00:00,1317.24,1317.4505,1316.225,1317.11,4308
2018-03-02T00:00:00+00:00,1317.115,1317.5565,1316.525,1316.5785,6898
2018-03-02T01:00:00+00:00,1316.5735,1318.4305,1315.2935,1317.8115,10441
2018-03-02T03:00:00+00:00,1316.687,1317.327,1316.4065,1316.9065,5710
2018-03-02T04:00:00+00:00,1316.902,1317.377,1316.005,1316.8965,5678
2018-03-02T05:00:00+00:00,1316.9015,1319.199,1316.48,1318.491,8313
2018-03-02T06:00:00+00:00,1318.5065,1318.7415,1317.2315,1317.2515,9606
2018-03-02T02:00:00+00:00,1317.82,1317.8985,1315.852,1316.6915,10488
2018-03-02T07:00:00+00:00,1317.231,1318.4265,1316.315,1317.376,11828
2018-03-02T08:00:00+00:00,1317.3695,1318.0935,1316.245,1317.4115,11715
2018-03-02T09:00:00+00:00,1317.412,1317.8265,1315.7935,1316.4815,10646
2018-03-02T10:00:00+00:00,1316.4765,1319.062,1316.325,1319.02,10595
2018-03-02T11:00:00+00:00,1319.025,1324.0505,1318.6145,1321.996,16647
2018-03-02T12:00:00+00:00,1321.979,1323.9065,1321.1385,1321.4715,13399
2018-03-02T13:00:00+00:00,1321.466,1325.3065,1320.7365,1325.095,15331
2018-03-02T14:00:00+00:00,1325.101,1325.5115,1321.646,1323.11,18008
2018-03-02T15:00:00+00:00,1323.1,1323.7815,1319.8385,1320.308,18846
2018-03-02T16:00:00+00:00,1320.305,1321.3915,1317.6385,1318.2165,17767
2018-03-02T17:00:00+00:00,1318.222,1320.95,1318.096,1320.6665,12209
2018-03-02T19:00:00+00:00,1322.503,1323.222,1322.188,1322.8485,10908
2018-03-02T18:00:00+00:00,1320.689,1323.8265,1320.159,1322.475,12542
2018-03-02T20:00:00+00:00,1322.854,1323.3335,1320.4235,1321.9435,10646
2018-03-02T21:00:00+00:00,1321.945,1322.79,1321.391,1322.7,2605
2018-03-02T22:00:00+00:00,,,,,0
2018-03-02T23:00:00+00:00,,,,,0
2018-03-04T01:00:00+00:00,,,,,0
2018-03-04T00:00:00+00:00,,,,,0
2018-03-04T02:00:00+00:00,,,,,0
2018-03-04T03:00:00+00:00,,,,,0
2018-03-04T04:00:00+00:00,,,,,0
2018-03-04T05:00:00+00:00,,,,,0
2018-03-04T06:00:00+00:00,,,,,0
2018-03-04T07:00:00+00:00,,,,,0
2018-03-04T08:00:00+00:00,,,,,0
2018-03-04T09:00:00+00:00,,,,,0
2018-03-04T10:00:00+00:00,,,,,0
2018-03-04T11:00:00+00:00,,,,,0
2018-03-04T12:00:00+00:00,,,,,0
2018-03-04T13:00:00+00:00,,,,,0
2018-03-04T14:00:00+00:00,,,,,0
2018-03-04T15:00:00+00:00,,,,,0
2018-03-04T16:00:00+00:00,,,,,0
2018-03-04T17:00:00+00:00,,,,,0
2018-03-04T18:00:00+00:00,,,,,0
2018-03-04T22:00:00+00:00,,,,,0
2018-03-04T19:00:00+00:00,,,,,0
2018-03-04T21:00:00+00:00,,,,,0
2018-03-04T20:00:00+00:00,,,,,0
2018-03-04T23:00:00+00:00,1323.925,1324.36,1320.82,1323.207,6537
2018-03-05T00:00:00+00:00,1323.212,1324.9505,1322.5365,1324.1865,11433
2018-03-05T01:00:00+00:00,1324.1565,1326.719,1323.966,1326.004,10279
2018-03-05T02:00:00+00:00,1326.02,1326.5635,1325.26,1325.664,8187
2018-03-05T03:00:00+00:00,1325.66,1327.156,1325.1635,1326.8285,8300
2018-03-05T04:00:00+00:00,1326.8335,1327.09,1326.208,1326.611,8063
2018-03-05T05:00:00+00:00,1326.606,1326.895,1325.705,1326.408,7475
2018-03-05T07:00:00+00:00,1325.652,1327.856,1324.8165,1326.741,16400
2018-03-05T08:00:00+00:00,1326.6915,1327.7815,1325.2265,1326.149,13196
2018-03-05T06:00:00+00:00,1326.4085,1326.7065,1325.5865,1325.6465,9717
2018-03-05T09:00:00+00:00,1326.155,1326.867,1325.4415,1325.742,10106
2018-03-05T11:00:00+00:00,1326.28,1326.397,1323.511,1323.7665,8715
2018-03-05T15:00:00+00:00,1321.1685,1323.0395,1319.944,1321.5715,22018
2018-03-05T10:00:00+00:00,1325.747,1326.6055,1325.1535,1326.298,10791
2018-03-05T12:00:00+00:00,1323.745,1324.3065,1322.7495,1323.553,10193
2018-03-05T19:00:00+00:00,1318.021,1319.881,1317.5745,1319.835,10902
2018-03-05T18:00:00+00:00,1319.361,1320.5,1317.88,1318.0755,15825
2018-03-05T14:00:00+00:00,1321.6095,1322.189,1319.7545,1321.195,18728
2018-03-05T17:00:00+00:00,1320.3435,1320.854,1318.651,1319.331,16220
2018-03-05T22:00:00+00:00,,,,,0
2018-03-05T20:00:00+00:00,1319.844,1320.0895,1318.66,1319.75,8529
2018-03-05T23:00:00+00:00,1320.18,1321.55,1320.015,1321.031,5637
2018-03-06T00:00:00+00:00,1320.9835,1322.77,1320.9245,1322.3335,9371
2018-03-06T01:00:00+00:00,1322.3385,1323.1635,1322.23,1322.703,9701
2018-03-06T02:00:00+00:00,1322.71,1322.8455,1321.6235,1322.12,7255
2018-03-05T13:00:00+00:00,1323.55,1323.8085,1321.505,1321.605,16258
2018-03-06T04:00:00+00:00,1322.2985,1324.27,1322.111,1323.44,6331
2018-03-05T21:00:00+00:00,1319.7,1320.67,1319.626,1320.11,4055
2018-03-06T03:00:00+00:00,1322.1255,1322.71,1321.8065,1322.2935,5118
2018-03-05T16:00:00+00:00,1321.601,1322.47,1320.2845,1320.3535,20533
2018-03-06T06:00:00+00:00,1323.121,1324.365,1322.316,1322.535,9448
2018-03-06T07:00:00+00:00,1322.536,1322.8315,1320.598,1320.7385,13820
2018-03-06T08:00:00+00:00,1320.733,1322.9065,1320.64,1322.395,10905
2018-03-06T09:00:00+00:00,1322.364,1324.63,1322.364,1324.286,9973
2018-03-06T11:00:00+00:00,1325.1215,1328.205,1324.0,1327.775,16919
2018-03-06T05:00:00+00:00,1323.445,1324.0185,1322.177,1323.136,7125
2018-03-06T10:00:00+00:00,1324.2915,1325.5915,1324.2715,1325.111,13815
2018-03-06T13:00:00+00:00,1328.235,1332.2805,1328.235,1332.202,19735
2018-03-06T12:00:00+00:00,1327.7645,1328.5815,1326.731,1328.2295,15023
2018-03-06T19:00:00+00:00,1334.708,1336.206,1334.5995,1334.906,11059
2018-03-06T21:00:00+00:00,1333.9485,1334.72,1333.685,1334.63,3294
2018-03-06T16:00:00+00:00,1336.1885,1338.5485,1335.6715,1337.742,20589
2018-03-06T22:00:00+00:00,,,,,0
2018-03-06T15:00:00+00:00,1332.312,1336.614,1331.8785,1336.184,24826
2018-03-06T20:00:00+00:00,1334.9715,1335.3835,1333.3235,1333.943,9578
2018-03-06T17:00:00+00:00,1337.74,1338.065,1332.9785,1332.9785,16802
2018-03-06T18:00:00+00:00,1332.98,1335.8085,1332.3485,1334.703,14300
2018-03-06T14:00:00+00:00,1332.192,1332.864,1329.9015,1332.3,21561
2018-03-06T23:00:00+00:00,1337.855,1340.608,1336.55,1339.193,10945
2018-03-07T00:00:00+00:00,1339.1885,1340.47,1336.615,1336.7415,14229
2018-03-07T01:00:00+00:00,1336.7365,1336.8265,1334.301,1334.431,14448
2018-03-07T02:00:00+00:00,1334.4365,1336.5215,1334.4265,1335.807,11667
2018-03-07T05:00:00+00:00,1332.8615,1335.1465,1332.361,1332.86,10649
2018-03-07T03:00:00+00:00,1335.8,1335.8,1334.281,1335.175,9076
2018-03-07T04:00:00+00:00,1335.1665,1335.32,1332.1795,1332.866,7075
2018-03-07T06:00:00+00:00,1332.8515,1335.3105,1332.245,1334.022,10698
2018-03-07T09:00:00+00:00,1332.412,1333.6735,1332.0145,1333.4435,10606
2018-03-07T10:00:00+00:00,1333.45,1333.517,1331.935,1333.128,10381
2018-03-07T07:00:00+00:00,1334.0265,1334.0515,1332.3365,1332.4415,12514
2018-03-07T11:00:00+00:00,1333.13,1333.878,1330.6645,1331.095,10485
2018-03-07T08:00:00+00:00,1332.442,1333.13,1331.3565,1332.4235,12840
2018-03-07T12:00:00+00:00,1331.09,1331.9,1329.7285,1331.874,11730
2018-03-07T14:00:00+00:00,1331.3615,1331.6715,1328.6865,1329.8685,17088
2018-03-07T15:00:00+00:00,1329.889,1331.5855,1326.8735,1327.1235,21173
2018-03-07T16:00:00+00:00,1327.1085,1327.368,1322.801,1324.442,19688
2018-03-07T18:00:00+00:00,1325.8385,1328.0265,1325.4835,1325.845,14628
2018-03-07T13:00:00+00:00,1331.97,1332.525,1329.4735,1331.371,17164
2018-03-07T20:00:00+00:00,1323.645,1325.2685,1322.943,1325.2265,10763
2018-03-07T22:00:00+00:00,,,,,0
2018-03-07T21:00:00+00:00,1325.235,1325.99,1324.9315,1325.55,4036
2018-03-07T19:00:00+00:00,1325.8385,1325.9595,1322.275,1323.6465,13457
2018-03-07T17:00:00+00:00,1324.422,1326.98,1324.037,1325.8295,15794
2018-03-07T23:00:00+00:00,1325.44,1326.46,1324.2615,1324.606,5113
2018-03-08T00:00:00+00:00,1324.581,1326.509,1323.708,1326.304,10349
2018-03-08T02:00:00+00:00,1326.997,1328.085,1326.9115,1327.57,8306
2018-03-08T01:00:00+00:00,1326.2985,1327.5255,1325.6215,1327.0,10341
2018-03-08T03:00:00+00:00,1327.565,1328.183,1327.146,1327.973,6108
2018-03-08T04:00:00+00:00,1327.9735,1328.215,1327.3365,1327.5815,6132
2018-03-08T05:00:00+00:00,1327.5715,1327.78,1326.754,1327.006,8685
2018-03-08T06:00:00+00:00,1327.0085,1328.755,1326.7065,1328.2015,9132
2018-03-08T07:00:00+00:00,1328.191,1329.096,1327.8305,1328.352,11482
2018-03-08T10:00:00+00:00,1325.2515,1326.07,1324.756,1325.6315,6799
2018-03-08T08:00:00+00:00,1328.3465,1328.5465,1326.028,1326.385,10603
2018-03-08T09:00:00+00:00,1326.378,1326.378,1324.622,1325.2735,9978
2018-03-08T11:00:00+00:00,1325.64,1325.958,1324.0785,1325.01,7485
2018-03-08T13:00:00+00:00,1324.5615,1326.8145,1323.7335,1325.543,19022
2018-03-08T12:00:00+00:00,1324.914,1326.862,1323.7095,1324.5915,12191
2018-03-08T15:00:00+00:00,1322.1685,1322.1685,1319.1035,1319.436,19774
2018-03-08T17:00:00+00:00,1320.9015,1322.6385,1319.4445,1321.849,14386
2018-03-08T14:00:00+00:00,1325.5285,1326.3615,1321.955,1322.17,19675
2018-03-08T16:00:00+00:00,1319.459,1322.3695,1319.245,1320.907,16403
2018-03-08T18:00:00+00:00,1321.8485,1322.3735,1320.064,1321.565,10676
2018-03-08T19:00:00+00:00,1321.555,1322.705,1320.396,1322.115,10670
2018-03-08T20:00:00+00:00,1322.0945,1322.7605,1321.333,1322.257,10283
2018-03-08T21:00:00+00:00,1322.2615,1322.5935,1321.773,1322.04,4035
2018-03-08T22:00:00+00:00,,,,,0
2018-03-09T00:00:00+00:00,1321.0785,1321.3735,1318.14,1318.545,11044
2018-03-08T23:00:00+00:00,1322.035,1322.0545,1320.2665,1321.0535,6109
2018-03-09T01:00:00+00:00,1318.5405,1318.9165,1316.96,1317.466,10844
2018-03-09T02:00:00+00:00,1317.475,1318.6095,1316.9465,1318.4335,8758
2018-03-09T03:00:00+00:00,1318.434,1318.587,1317.585,1317.9015,5290
2018-03-09T04:00:00+00:00,1317.901,1318.345,1317.1065,1318.135,5707
2018-03-09T05:00:00+00:00,1318.115,1318.539,1317.665,1318.498,3386
2018-03-09T06:00:00+00:00,1318.5135,1319.575,1318.104,1319.145,5994
2018-03-09T09:00:00+00:00,1318.6935,1320.589,1318.6645,1319.1215,7980
2018-03-09T07:00:00+00:00,1319.145,1319.292,1318.1915,1318.8665,9694
2018-03-09T10:00:00+00:00,1319.1255,1320.996,1318.9095,1319.867,5796
2018-03-09T08:00:00+00:00,1318.875,1318.99,1318.065,1318.68,8572
2018-03-09T11:00:00+00:00,1319.87,1320.4355,1319.625,1320.1965,5912
2018-03-09T12:00:00+00:00,1320.284,1320.6865,1317.988,1318.309,6617
2018-03-09T13:00:00+00:00,1318.3135,1321.32,1312.89,1316.0,21147
2018-03-09T15:00:00+00:00,1321.1785,1324.201,1319.7365,1322.455,11996
2018-03-09T14:00:00+00:00,1316.0255,1321.1,1315.6255,1321.0985,20236
2018-03-09T16:00:00+00:00,1322.5145,1325.225,1321.035,1324.113,9455
2018-03-09T17:00:00+00:00,1324.0645,1325.2195,1322.678,1323.0635,5840
2018-03-09T18:00:00+00:00,1323.132,1323.9605,1321.766,1322.26,5416
2018-03-09T19:00:00+00:00,1322.24,1324.3415,1322.24,1323.5115,4265
2018-03-09T20:00:00+00:00,1323.57,1323.767,1322.0185,1323.6,4466
2018-03-09T21:00:00+00:00,1323.69,1323.823,1323.0,1323.25,1980
2018-03-09T22:00:00+00:00,,,,,0
2018-03-09T23:00:00+00:00,,,,,0
2018-03-11T00:00:00+00:00,,,,,0
2018-03-11T01:00:00+00:00,,,,,0
2018-03-11T02:00:00+00:00,,,,,0
2018-03-11T03:00:00+00:00,,,,,0
2018-03-11T04:00:00+00:00,,,,,0
2018-03-11T05:00:00+00:00,,,,,0
2018-03-11T06:00:00+00:00,,,,,0
2018-03-11T07:00:00+00:00,,,,,0
2018-03-11T08:00:00+00:00,,,,,0
2018-03-11T09:00:00+00:00,,,,,0
2018-03-11T10:00:00+00:00,,,,,0
2018-03-11T11:00:00+00:00,,,,,0
2018-03-11T12:00:00+00:00,,,,,0
2018-03-11T13:00:00+00:00,,,,,0
2018-03-11T14:00:00+00:00,,,,,0
2018-03-11T15:00:00+00:00,,,,,0
2018-03-11T16:00:00+00:00,,,,,0
2018-03-11T17:00:00+00:00,,,,,0
2018-03-11T18:00:00+00:00,,,,,0
2018-03-11T19:00:00+00:00,,,,,0
2018-03-11T20:00:00+00:00,,,,,0
2018-03-11T21:00:00+00:00,,,,,0
2018-03-11T22:00:00+00:00,1323.5,1324.37,1322.818,1323.06,1240
2018-03-11T23:00:00+00:00,1323.08,1323.489,1322.75,1323.2035,2489
2018-03-12T00:00:00+00:00,1323.199,1323.605,1321.7,1322.4415,6369
2018-03-12T01:00:00+00:00,1322.4315,1323.73,1321.3115,1323.4805,8742
2018-03-12T02:00:00+00:00,1323.4585,1324.109,1322.927,1323.2435,6874
2018-03-12T03:00:00+00:00,1323.24,1323.37,1322.43,1323.1065,4467
2018-03-12T04:00:00+00:00,1323.106,1324.2465,1322.9065,1323.874,4672
2018-03-12T05:00:00+00:00,1323.856,1323.9835,1322.675,1322.7285,5793
2018-03-12T06:00:00+00:00,1322.76,1323.162,1322.065,1322.7915,5271
2018-03-12T07:00:00+00:00,1322.795,1323.5665,1321.508,1322.241,8734
2018-03-12T08:00:00+00:00,1322.2415,1322.7355,1320.183,1320.9805,8433
2018-03-12T10:00:00+00:00,1317.6865,1317.98,1316.485,1317.068,6716
2018-03-12T09:00:00+00:00,1320.9755,1320.9755,1317.495,1317.6715,8053
2018-03-12T11:00:00+00:00,1317.0485,1317.16,1315.155,1315.8285,9117
2018-03-12T12:00:00+00:00,1315.805,1318.3565,1315.805,1318.301,10672
2018-03-12T13:00:00+00:00,1318.3145,1319.539,1317.28,1317.461,12390
2018-03-12T14:00:00+00:00,1317.4995,1319.487,1316.2185,1319.4865,13513
2018-03-12T15:00:00+00:00,1319.476,1319.9245,1317.8255,1318.2435,11333
2018-03-12T16:00:00+00:00,1318.175,1319.3895,1317.863,1318.5285,10271
2018-03-12T17:00:00+00:00,1318.5415,1321.2285,1318.0545,1320.605,9102
2018-03-12T18:00:00+00:00,1320.61,1324.065,1320.5615,1323.445,8138
2018-03-12T19:00:00+00:00,1323.4415,1323.935,1322.7185,1323.809,7526
2018-03-12T20:00:00+00:00,1323.855,1324.2145,1322.8415,1323.045,2963
2018-03-12T21:00:00+00:00,,,,,0
2018-03-12T22:00:00+00:00,1323.03,1323.7435,1322.703,1323.63,2123
2018-03-12T23:00:00+00:00,1323.63,1325.84,1323.625,1325.0465,4240
2018-03-13T00:00:00+00:00,1325.0305,1325.415,1323.933,1324.33,6532
2018-03-13T01:00:00+00:00,1324.3415,1324.575,1323.775,1324.0195,5477
2018-03-13T02:00:00+00:00,1324.025,1324.12,1322.8095,1322.9,4398
2018-03-13T03:00:00+00:00,1322.9045,1323.11,1320.905,1321.419,5724
2018-03-13T04:00:00+00:00,1321.4255,1321.5335,1318.77,1319.1295,6858
2018-03-13T05:00:00+00:00,1319.1395,1320.72,1318.4045,1320.353,7084
2018-03-13T06:00:00+00:00,1320.3535,1321.513,1318.9945,1319.4,7882
2018-03-13T07:00:00+00:00,1319.395,1320.1635,1317.8135,1317.915,11883
2018-03-13T08:00:00+00:00,1317.9105,1318.8655,1317.4245,1318.47,11365
2018-03-13T10:00:00+00:00,1318.6815,1319.396,1318.216,1318.827,8482
2018-03-13T09:00:00+00:00,1318.449,1318.9485,1317.087,1318.675,10795
2018-03-13T11:00:00+00:00,1318.8315,1319.6365,1318.015,1319.0365,7226
2018-03-13T13:00:00+00:00,1324.77,1327.312,1324.469,1325.601,15725
2018-03-13T12:00:00+00:00,1319.0265,1327.0415,1314.113,1324.806,17484
2018-03-13T14:00:00+00:00,1325.6015,1327.7215,1318.6445,1323.319,13176
2018-03-13T15:00:00+00:00,1323.3435,1327.4615,1322.23,1326.5115,14742
2018-03-13T16:00:00+00:00,1326.52,1327.2415,1325.33,1326.9565,13640
2018-03-13T17:00:00+00:00,1326.976,1328.3835,1326.1635,1326.79,9552
2018-03-13T18:00:00+00:00,1326.802,1327.94,1326.31,1327.01,9069
2018-03-13T19:00:00+00:00,1326.995,1327.2315,1325.8295,1325.9105,9802
2018-03-13T20:00:00+00:00,1325.9205,1326.6305,1325.4495,1326.38,2639
2018-03-13T21:00:00+00:00,,,,,0
2018-03-13T22:00:00+00:00,1326.15,1327.3,1326.017,1326.135,1888
2018-03-13T23:00:00+00:00,1326.14,1326.585,1325.9285,1326.4555,2564
2018-03-14T00:00:00+00:00,1326.445,1326.445,1324.0765,1324.9045,7866
2018-03-14T01:00:00+00:00,1324.9145,1327.38,1324.54,1326.7885,6487
2018-03-14T02:00:00+00:00,1326.7935,1329.285,1326.788,1329.09,7303
2018-03-14T03:00:00+00:00,1329.0845,1329.1945,1327.591,1327.9965,5249
2018-03-14T04:00:00+00:00,1327.997,1328.115,1327.6405,1327.7895,4072
2018-03-14T05:00:00+00:00,1327.7945,1330.109,1327.6665,1328.885,6627
2018-03-14T06:00:00+00:00,1328.8845,1328.892,1325.368,1326.28,7692
2018-03-14T07:00:00+00:00,1326.27,1326.2865,1324.749,1324.9295,8807
2018-03-14T08:00:00+00:00,1324.94,1325.8365,1323.5,1325.0015,13711
2018-03-14T09:00:00+00:00,1324.99,1325.9,1324.0835,1324.464,9328
2018-03-14T10:00:00+00:00,1324.469,1325.848,1324.0695,1325.749,4730
2018-03-14T11:00:00+00:00,1325.8245,1326.5345,1324.816,1326.293,3648
2018-03-14T13:00:00+00:00,1323.135,1324.523,1322.325,1323.8,9165
2018-03-14T12:00:00+00:00,1326.27,1328.558,1322.832,1323.0885,10122
2018-03-14T14:00:00+00:00,1323.8095,1325.228,1321.5595,1324.104,8979
2018-03-14T15:00:00+00:00,1324.06,1325.786,1322.695,1324.7035,9539
2018-03-14T16:00:00+00:00,1324.719,1325.562,1323.6985,1323.831,7988
2018-03-14T17:00:00+00:00,1323.825,1325.3965,1323.595,1324.78,4785
2018-03-14T18:00:00+00:00,1324.775,1325.985,1324.6785,1325.6735,4380
2018-03-14T19:00:00+00:00,1325.675,1325.9015,1324.9635,1325.255,4085
2018-03-14T20:00:00+00:00,1325.2715,1325.5915,1324.665,1324.805,1672
2018-03-14T21:00:00+00:00,,,,,0
2018-03-14T22:00:00+00:00,1324.72,1324.889,1323.711,1323.735,1435
2018-03-14T23:00:00+00:00,1323.74,1325.616,1323.685,1325.33,2497
2018-03-15T00:00:00+00:00,1325.355,1327.0015,1325.0815,1326.9695,4189
2018-03-15T01:00:00+00:00,1326.97,1327.5285,1326.47,1326.823,4219
2018-03-15T02:00:00+00:00,1326.8485,1327.224,1326.0465,1326.385,3031
2018-03-15T03:00:00+00:00,1326.3865,1327.435,1326.195,1326.6985,2014
2018-03-15T04:00:00+00:00,1326.705,1327.117,1326.315,1327.022,1210
2018-03-15T05:00:00+00:00,1327.025,1328.005,1325.897,1326.391,2895
2018-03-15T07:00:00+00:00,1325.545,1325.743,1324.4535,1324.915,4040
2018-03-15T08:00:00+00:00,1324.919,1325.105,1322.854,1323.26,4372
2018-03-15T09:00:00+00:00,1323.234,1323.56,1322.405,1323.375,4356
2018-03-15T10:00:00+00:00,1323.3735,1323.9405,1322.745,1322.85,3346
2018-03-15T11:00:00+00:00,1322.8515,1323.38,1321.9315,1322.3695,4031
2018-03-15T12:00:00+00:00,1322.36,1323.545,1319.1835,1319.5315,8088
2018-03-15T13:00:00+00:00,1319.582,1320.2565,1317.41,1318.9755,8673
2018-03-15T15:00:00+00:00,1318.395,1319.2755,1315.924,1316.5105,8064
2018-03-15T14:00:00+00:00,1318.9705,1319.6025,1317.026,1318.3585,9688
2018-03-15T16:00:00+00:00,1316.5185,1317.7285,1315.688,1317.0195,6397
2018-03-15T06:00:00+00:00,1326.3915,1326.453,1325.2965,1325.55,2559
2018-03-15T17:00:00+00:00,1317.015,1319.465,1316.5865,1319.28,5845
2018-03-15T18:00:00+00:00,1319.31,1319.45,1315.056,1315.1135,5395
2018-03-15T19:00:00+00:00,1315.123,1316.88,1315.0545,1316.5685,3601
2018-03-15T20:00:00+00:00,1316.573,1316.845,1315.5035,1316.205,2263
2018-03-15T22:00:00+00:00,1316.55,1316.894,1316.155,1316.2785,1793
2018-03-15T21:00:00+00:00,,,,,0
2018-03-15T23:00:00+00:00,1316.2885,1316.5785,1315.6935,1315.9135,2155
2018-03-16T00:00:00+00:00,1315.9085,1316.6095,1315.198,1315.6035,3283
2018-03-16T01:00:00+00:00,1315.5985,1316.569,1313.7465,1315.77,6155
2018-03-16T02:00:00+00:00,1315.7655,1317.0745,1315.42,1316.3585,3661
2018-03-16T03:00:00+00:00,1316.358,1316.85,1315.9635,1316.445,2209
2018-03-16T04:00:00+00:00,1316.44,1317.0405,1316.0935,1316.625,1642
2018-03-16T05:00:00+00:00,1316.63,1317.5695,1316.2735,1317.37,2194
2018-03-16T06:00:00+00:00,1317.3615,1318.445,1317.172,1317.6585,3353
2018-03-16T07:00:00+00:00,1317.639,1318.789,1317.1645,1318.1045,4399
2018-03-16T08:00:00+00:00,1318.1095,1319.079,1317.8915,1318.56,3690
2018-03-16T09:00:00+00:00,1318.564,1320.596,1318.4735,1319.955,3658
2018-03-16T10:00:00+00:00,1319.9485,1321.045,1319.7395,1320.689,3425
2018-03-16T11:00:00+00:00,1320.6885,1321.8095,1320.0755,1320.6065,3100
2018-03-16T12:00:00+00:00,1320.605,1320.859,1318.186,1318.291,5719
2018-03-16T13:00:00+00:00,1318.222,1318.595,1312.3415,1313.2865,10258
2018-03-16T14:00:00+00:00,1313.16,1313.4215,1309.7975,1310.0805,10141
2018-03-16T15:00:00+00:00,1310.094,1313.205,1309.7235,1313.1755,8491
2018-03-16T16:00:00+00:00,1313.1855,1314.619,1313.1855,1314.3,6296
2018-03-16T17:00:00+00:00,1314.301,1314.435,1312.331,1313.9985,5289
2018-03-16T18:00:00+00:00,1313.9885,1314.1,1312.978,1312.981,3530
2018-03-16T19:00:00+00:00,1312.9795,1313.82,1312.688,1313.6035,2869
2018-03-16T20:00:00+00:00,1313.6185,1314.31,1313.18,1314.31,2499
2018-03-16T21:00:00+00:00,,,,,0
2018-03-16T22:00:00+00:00,,,,,0
2018-03-16T23:00:00+00:00,,,,,0
2018-03-18T00:00:00+00:00,,,,,0
2018-03-18T01:00:00+00:00,,,,,0
2018-03-18T02:00:00+00:00,,,,,0
2018-03-18T03:00:00+00:00,,,,,0
2018-03-18T04:00:00+00:00,,,,,0
2018-03-18T05:00:00+00:00,,,,,0
2018-03-18T07:00:00+00:00,,,,,0
2018-03-18T06:00:00+00:00,,,,,0
2018-03-18T08:00:00+00:00,,,,,0
2018-03-18T09:00:00+00:00,,,,,0
2018-03-18T10:00:00+00:00,,,,,0
2018-03-18T11:00:00+00:00,,,,,0
2018-03-18T12:00:00+00:00,,,,,0
2018-03-18T13:00:00+00:00,,,,,0
2018-03-18T14:00:00+00:00,,,,,0
2018-03-18T15:00:00+00:00,,,,,0
2018-03-18T16:00:00+00:00,,,,,0
2018-03-18T17:00:00+00:00,,,,,0
2018-03-18T18:00:00+00:00,,,,,0
2018-03-18T19:00:00+00:00,,,,,0
2018-03-18T20:00:00+00:00,,,,,0
2018-03-18T21:00:00+00:00,,,,,0
2018-03-18T22:00:00+00:00,1313.4,1314.54,1313.105,1313.27,1907
2018-03-18T23:00:00+00:00,1313.265,1313.869,1312.893,1313.255,2308
2018-03-19T00:00:00+00:00,1313.25,1313.25,1311.5205,1311.736,5641
2018-03-19T01:00:00+00:00,1311.735,1312.1355,1310.26,1311.7635,5441
2018-03-19T02:00:00+00:00,1311.765,1312.34,1311.535,1312.097,2687
2018-03-19T03:00:00+00:00,1312.09,1312.295,1311.6585,1312.105,1986
2018-03-19T04:00:00+00:00,1312.1,1312.7085,1311.335,1311.672,2065
2018-03-19T06:00:00+00:00,1309.951,1310.227,1307.84,1309.64,3810
2018-03-19T07:00:00+00:00,1309.6335,1310.435,1308.956,1308.98,3804
2018-03-19T08:00:00+00:00,1308.975,1311.135,1308.514,1310.92,4168
2018-03-19T09:00:00+00:00,1310.91,1312.105,1310.4045,1311.5815,3645
2018-03-19T10:00:00+00:00,1311.6585,1313.1015,1311.496,1311.6555,4053
2018-03-19T11:00:00+00:00,1311.66,1311.6895,1309.365,1310.1845,4235
2018-03-19T13:00:00+00:00,1312.2215,1314.2215,1311.243,1313.505,7194
2018-03-19T14:00:00+00:00,1313.522,1314.3455,1311.805,1313.3335,7311
2018-03-19T15:00:00+00:00,1313.333,1319.134,1312.17,1318.222,9093
2018-03-19T16:00:00+00:00,1318.2215,1319.696,1317.465,1317.6665,7465
2018-03-19T17:00:00+00:00,1317.667,1318.776,1317.235,1318.0445,5970
2018-03-19T05:00:00+00:00,1311.6715,1312.206,1308.832,1309.941,3422
2018-03-19T18:00:00+00:00,1318.0495,1318.6515,1317.065,1318.285,4055
2018-03-19T19:00:00+00:00,1318.2815,1318.29,1316.765,1316.8435,4447
2018-03-19T20:00:00+00:00,1316.862,1317.267,1316.4005,1316.845,1907
2018-03-19T21:00:00+00:00,,,,,0
2018-03-19T22:00:00+00:00,1316.95,1317.299,1316.6865,1317.115,1545
2018-03-19T12:00:00+00:00,1310.105,1313.32,1310.0305,1312.195,7723
2018-03-20T00:00:00+00:00,1317.1585,1317.51,1315.6515,1316.361,4503
2018-03-20T01:00:00+00:00,1316.4335,1317.079,1315.7445,1316.223,3776
2018-03-20T02:00:00+00:00,1316.2235,1317.4535,1316.185,1316.6885,2154
2018-03-20T03:00:00+00:00,1316.689,1316.6915,1316.18,1316.555,1848
2018-03-20T04:00:00+00:00,1316.55,1316.755,1315.3095,1315.627,2293
2018-03-20T06:00:00+00:00,1315.3505,1316.9765,1315.23,1316.27,2695
2018-03-20T07:00:00+00:00,1316.2385,1316.26,1314.464,1315.3795,4493
2018-03-20T09:00:00+00:00,1315.2535,1316.513,1312.8915,1313.245,5546
2018-03-20T10:00:00+00:00,1313.2535,1313.5755,1311.89,1313.509,4794
2018-03-20T11:00:00+00:00,1313.5235,1313.605,1311.8185,1311.8185,3575
2018-03-20T12:00:00+00:00,1311.8595,1312.104,1309.675,1312.045,6525
2018-03-19T23:00:00+00:00,1317.14,1318.347,1317.025,1317.16,2354
2018-03-20T13:00:00+00:00,1312.0485,1312.3235,1308.22,1309.6735,8080
2018-03-20T15:00:00+00:00,1309.085,1313.3505,1309.085,1311.58,9201
2018-03-20T16:00:00+00:00,1311.596,1313.3015,1309.9985,1310.431,6585
2018-03-20T05:00:00+00:00,1315.6265,1315.7715,1314.7315,1315.347,2228
2018-03-20T17:00:00+00:00,1310.436,1312.7865,1310.2715,1312.3465,4843
2018-03-20T18:00:00+00:00,1312.352,1312.68,1310.5315,1310.75,3160
2018-03-20T19:00:00+00:00,1310.784,1311.039,1309.465,1310.5885,2618
2018-03-20T08:00:00+00:00,1315.3245,1315.3245,1314.0895,1315.253,4550
2018-03-20T21:00:00+00:00,,,,,0
2018-03-20T22:00:00+00:00,1311.09,1311.85,1310.525,1311.415,995
2018-03-20T23:00:00+00:00,1311.425,1311.865,1309.9685,1310.123,1916
2018-03-21T00:00:00+00:00,1310.1285,1311.2485,1309.9235,1311.115,2184
2018-03-21T01:00:00+00:00,1311.19,1313.375,1310.8085,1313.369,3419
2018-03-20T14:00:00+00:00,1309.6915,1310.2695,1307.275,1309.025,8216
2018-03-21T02:00:00+00:00,1313.359,1314.171,1313.005,1313.2945,2764
2018-03-21T03:00:00+00:00,1313.295,1314.551,1313.18,1314.15,2082
2018-03-21T04:00:00+00:00,1314.143,1314.5615,1313.396,1313.6305,1265
2018-03-21T05:00:00+00:00,1313.6315,1314.295,1312.838,1313.252,1659
2018-03-21T06:00:00+00:00,1313.185,1315.3665,1312.955,1314.835,3255
2018-03-21T07:00:00+00:00,1314.795,1316.8805,1314.42,1316.547,4265
2018-03-21T08:00:00+00:00,1316.5465,1317.928,1316.365,1316.7215,4951
2018-03-20T20:00:00+00:00,1310.5685,1311.395,1310.338,1311.315,2071
2018-03-21T09:00:00+00:00,1316.727,1317.6965,1316.435,1316.6945,4426
2018-03-21T10:00:00+00:00,1316.695,1317.2195,1315.478,1315.75,3177
2018-03-21T12:00:00+00:00,1315.39,1319.2735,1315.2,1318.786,7369
2018-03-21T13:00:00+00:00,1318.78,1323.566,1318.385,1320.547,11759
2018-03-21T14:00:00+00:00,1320.5565,1322.005,1318.3765,1321.807,8733
2018-03-21T11:00:00+00:00,1315.7515,1316.7285,1314.0365,1315.3885,5017
2018-03-21T15:00:00+00:00,1321.8,1326.6815,1320.366,1325.025,9953
2018-03-21T16:00:00+00:00,1325.035,1325.3615,1323.2935,1323.981,6776
2018-03-21T17:00:00+00:00,1324.0135,1324.394,1320.562,1323.8565,7178
2018-03-21T18:00:00+00:00,1323.895,1331.519,1319.2735,1330.595,22622
2018-03-21T19:00:00+00:00,1330.6115,1336.7015,1329.735,1333.552,12607
2018-03-21T20:00:00+00:00,1333.576,1333.591,1331.893,1332.27,3281
2018-03-21T21:00:00+00:00,,,,,0
2018-03-21T22:00:00+00:00,1332.16,1332.5365,1331.5215,1332.05,1769
2018-03-21T23:00:00+00:00,1332.055,1332.6515,1331.221,1332.131,2740
2018-03-22T00:00:00+00:00,1332.1345,1334.3355,1331.9115,1334.005,5715
2018-03-22T01:00:00+00:00,1334.0015,1334.9635,1330.351,1330.988,5254
2018-03-22T02:00:00+00:00,1330.9885,1331.389,1329.87,1330.31,3390
2018-03-22T03:00:00+00:00,1330.326,1330.69,1329.5535,1330.6735,2965
2018-03-22T04:00:00+00:00,1330.668,1331.0065,1329.905,1329.9555,1450
2018-03-22T06:00:00+00:00,1328.194,1330.907,1327.8335,1330.3245,4297
2018-03-22T05:00:00+00:00,1329.9385,1329.964,1327.496,1328.2345,3429
2018-03-22T07:00:00+00:00,1330.325,1332.9955,1330.143,1331.9345,6310
2018-03-22T08:00:00+00:00,1331.9235,1333.9295,1331.8035,1332.1165,6216
2018-03-22T09:00:00+00:00,1332.1115,1332.417,1328.6235,1329.02,6823
2018-03-22T10:00:00+00:00,1329.008,1330.532,1327.9595,1329.877,5687
2018-03-22T11:00:00+00:00,1329.8715,1331.022,1329.075,1329.992,4835
2018-03-22T12:00:00+00:00,1329.99,1332.393,1328.74,1329.8945,9965
2018-03-22T13:00:00+00:00,1329.8465,1332.659,1327.695,1330.14,11811
2018-03-22T14:00:00+00:00,1330.13,1332.256,1329.69,1330.68,11747
2018-03-22T15:00:00+00:00,1330.6605,1330.6835,1326.952,1328.7765,10724
2018-03-22T16:00:00+00:00,1328.7765,1328.7865,1325.719,1327.0005,11830
2018-03-22T17:00:00+00:00,1326.9985,1328.1015,1324.875,1326.8815,7859
2018-03-22T18:00:00+00:00,1326.966,1328.29,1326.3235,1327.173,5657
2018-03-22T19:00:00+00:00,1327.175,1330.29,1326.9685,1328.4035,6806
2018-03-22T20:00:00+00:00,1328.4785,1329.515,1328.27,1329.05,2854
2018-03-22T21:00:00+00:00,,,,,0
2018-03-22T22:00:00+00:00,1329.23,1331.855,1329.095,1331.0665,4881
2018-03-22T23:00:00+00:00,1331.045,1333.585,1330.7235,1332.8085,5427
2018-03-23T00:00:00+00:00,1332.783,1339.155,1331.8335,1338.7265,8371
2018-03-23T01:00:00+00:00,1338.735,1338.83,1335.7915,1337.686,6187
2018-03-23T02:00:00+00:00,1337.6865,1338.97,1336.663,1338.482,5385
2018-03-23T03:00:00+00:00,1338.4815,1339.0205,1337.747,1338.5505,3236
2018-03-23T04:00:00+00:00,1338.551,1339.0865,1337.644,1337.955,2783
2018-03-23T05:00:00+00:00,1337.962,1339.204,1337.8865,1338.3555,2889
2018-03-23T06:00:00+00:00,1338.355,1343.3,1338.137,1343.0045,7254
2018-03-23T07:00:00+00:00,1342.9765,1343.0185,1339.34,1339.5495,7862
2018-03-23T08:00:00+00:00,1339.545,1341.5815,1338.3815,1341.5335,7792
2018-03-23T09:00:00+00:00,1341.5345,1342.643,1341.055,1342.3855,5447
2018-03-23T10:00:00+00:00,1342.4165,1343.162,1341.91,1342.215,4630
2018-03-23T11:00:00+00:00,1342.213,1342.9515,1340.285,1341.255,5620
2018-03-23T12:00:00+00:00,1341.265,1347.832,1340.5785,1347.441,10825
2018-03-23T13:00:00+00:00,1347.447,1348.8085,1343.638,1347.666,11183
2018-03-23T14:00:00+00:00,1347.671,1350.31,1345.4,1348.279,12715
2018-03-23T15:00:00+00:00,1348.2785,1350.186,1345.8835,1349.8015,10913
2018-03-23T16:00:00+00:00,1349.791,1350.222,1348.441,1349.526,8124
2018-03-23T17:00:00+00:00,1349.5595,1350.0965,1346.8415,1347.44,7886
2018-03-23T18:00:00+00:00,1347.439,1348.78,1346.6165,1348.7665,6406
2018-03-23T19:00:00+00:00,1348.765,1348.8485,1345.51,1345.588,6984
2018-03-23T20:00:00+00:00,1345.5815,1348.5645,1345.5815,1347.21,3166
2018-03-23T21:00:00+00:00,,,,,0
2018-03-23T22:00:00+00:00,,,,,0
2018-03-23T23:00:00+00:00,,,,,0
2018-03-25T00:00:00+00:00,,,,,0
2018-03-25T01:00:00+00:00,,,,,0
2018-03-25T02:00:00+00:00,,,,,0
2018-03-25T03:00:00+00:00,,,,,0
2018-03-25T04:00:00+00:00,,,,,0
2018-03-25T05:00:00+00:00,,,,,0
2018-03-25T06:00:00+00:00,,,,,0
2018-03-25T07:00:00+00:00,,,,,0
2018-03-25T08:00:00+00:00,,,,,0
2018-03-25T09:00:00+00:00,,,,,0
2018-03-25T10:00:00+00:00,,,,,0
2018-03-25T11:00:00+00:00,,,,,0
2018-03-25T12:00:00+00:00,,,,,0
2018-03-25T13:00:00+00:00,,,,,0
2018-03-25T14:00:00+00:00,,,,,0
2018-03-25T15:00:00+00:00,,,,,0
2018-03-25T16:00:00+00:00,,,,,0
2018-03-25T17:00:00+00:00,,,,,0
2018-03-25T18:00:00+00:00,,,,,0
2018-03-25T19:00:00+00:00,,,,,0
2018-03-25T20:00:00+00:00,,,,,0
2018-03-25T21:00:00+00:00,,,,,0
2018-03-25T22:00:00+00:00,1347.325,1350.982,1347.14,1350.224,3275
2018-03-25T23:00:00+00:00,1350.2185,1350.4135,1348.2935,1348.405,3588
2018-03-26T00:00:00+00:00,1348.393,1349.4685,1345.71,1346.2535,5780
2018-03-26T01:00:00+00:00,1346.245,1347.7655,1346.09,1347.065,5389
2018-03-26T02:00:00+00:00,1347.07,1347.819,1346.52,1347.57,2842
2018-03-26T04:00:00+00:00,1348.054,1348.81,1347.942,1348.3065,2162
2018-03-26T03:00:00+00:00,1347.5685,1349.2715,1347.5685,1348.0555,3238
2018-03-26T05:00:00+00:00,1348.28,1348.28,1345.0305,1345.435,3832
2018-03-26T06:00:00+00:00,1345.415,1345.6735,1343.5535,1344.91,5673
2018-03-26T07:00:00+00:00,1344.905,1346.89,1344.24,1346.18,5577
2018-03-26T08:00:00+00:00,1346.182,1347.9045,1345.165,1347.637,4255
2018-03-26T09:00:00+00:00,1347.62,1349.1995,1347.606,1348.1,6012
2018-03-26T11:00:00+00:00,1347.7595,1349.77,1347.7135,1349.05,4601
2018-03-26T10:00:00+00:00,1348.099,1348.5565,1347.4755,1347.7605,3595
2018-03-26T12:00:00+00:00,1349.0305,1349.3555,1347.308,1347.874,6319
2018-03-26T13:00:00+00:00,1347.8735,1353.5115,1347.8285,1352.7965,11369
2018-03-26T14:00:00+00:00,1352.801,1355.9415,1352.052,1353.911,11056
2018-03-26T15:00:00+00:00,1353.896,1356.0,1353.565,1355.2815,8848
2018-03-26T16:00:00+00:00,1355.282,1355.687,1354.055,1355.435,6269
2018-03-26T17:00:00+00:00,1355.43,1355.635,1354.268,1354.798,5785
2018-03-26T18:00:00+00:00,1354.7985,1355.2855,1353.9315,1354.7595,4575
2018-03-26T19:00:00+00:00,1354.74,1354.765,1351.846,1352.895,5145
2018-03-26T20:00:00+00:00,1352.88,1353.82,1352.166,1353.38,1982
2018-03-26T21:00:00+00:00,,,,,0
2018-03-26T22:00:00+00:00,1353.73,1353.845,1351.72,1353.5,1876
2018-03-26T23:00:00+00:00,1353.48,1353.9635,1352.604,1352.9655,3040
2018-03-27T00:00:00+00:00,1352.915,1353.356,1350.9215,1351.2285,5583
2018-03-27T01:00:00+00:00,1351.208,1353.6315,1351.208,1351.815,5477
2018-03-27T02:00:00+00:00,1351.8095,1353.6665,1351.5265,1352.8035,3949
2018-03-27T03:00:00+00:00,1352.8005,1354.58,1352.7305,1354.0805,3564
2018-03-27T04:00:00+00:00,1354.0855,1355.2905,1353.795,1353.856,2697
2018-03-27T05:00:00+00:00,1353.89,1353.9835,1352.123,1353.075,3435
2018-03-27T06:00:00+00:00,1353.085,1356.8905,1352.841,1355.5355,6627
2018-03-27T07:00:00+00:00,1355.549,1356.405,1354.3965,1354.401,6196
2018-03-27T08:00:00+00:00,1354.4015,1354.5965,1350.521,1351.3915,6645
2018-03-27T09:00:00+00:00,1351.3765,1351.4085,1348.485,1348.77,6103
2018-03-27T10:00:00+00:00,1348.7415,1349.412,1348.2215,1348.5865,4937
2018-03-27T11:00:00+00:00,1348.591,1348.6715,1344.65,1345.9185,6865
2018-03-27T12:00:00+00:00,1345.915,1345.9975,1340.32,1342.565,10283
2018-03-27T13:00:00+00:00,1342.565,1343.1015,1339.935,1342.463,9698
2018-03-27T14:00:00+00:00,1342.488,1343.85,1340.995,1342.1485,10042
2018-03-27T15:00:00+00:00,1342.204,1343.2395,1341.5785,1343.025,6976
2018-03-27T16:00:00+00:00,1343.022,1345.951,1342.765,1345.0265,7143
2018-03-27T17:00:00+00:00,1344.9985,1345.691,1342.078,1343.7095,6809
2018-03-27T18:00:00+00:00,1343.706,1345.002,1343.473,1343.935,5999
2018-03-27T19:00:00+00:00,1343.84,1345.7145,1343.56,1344.53,7212
2018-03-27T20:00:00+00:00,1344.5255,1345.165,1344.035,1344.95,2044
2018-03-27T21:00:00+00:00,,,,,0
2018-03-27T22:00:00+00:00,1345.44,1345.8915,1344.87,1345.47,1748
2018-03-27T23:00:00+00:00,1345.465,1345.617,1343.88,1345.5255,2868
2018-03-28T00:00:00+00:00,1345.525,1345.959,1344.52,1345.8335,4527
2018-03-28T01:00:00+00:00,1345.836,1347.0685,1345.0715,1346.345,5623
2018-03-28T02:00:00+00:00,1346.332,1346.9615,1345.4065,1346.4695,3722
2018-03-28T03:00:00+00:00,1346.47,1346.752,1346.22,1346.325,2768
2018-03-28T04:00:00+00:00,1346.325,1346.342,1343.1915,1343.4765,4512
2018-03-28T05:00:00+00:00,1343.4815,1344.377,1341.999,1342.046,4304
2018-03-28T06:00:00+00:00,1342.0465,1342.9315,1339.9435,1341.2555,7273
2018-03-28T07:00:00+00:00,1341.26,1342.287,1339.02,1341.9865,8314
2018-03-28T08:00:00+00:00,1341.992,1342.665,1340.805,1341.82,6056
2018-03-28T09:00:00+00:00,1341.8165,1341.9,1339.873,1339.9685,5211
2018-03-28T10:00:00+00:00,1339.968,1340.875,1336.694,1337.205,6191
2018-03-28T11:00:00+00:00,1337.211,1337.9505,1336.1045,1337.0055,6513
2018-03-28T12:00:00+00:00,1336.986,1337.105,1332.8035,1335.2585,9367
2018-03-28T13:00:00+00:00,1335.2615,1336.4085,1331.2835,1331.8685,11272
2018-03-28T15:00:00+00:00,1330.765,1331.86,1328.751,1328.98,8450
2018-03-28T14:00:00+00:00,1331.8585,1332.828,1329.388,1330.765,9991
2018-03-28T16:00:00+00:00,1328.971,1329.019,1325.8635,1328.21,8442
2018-03-28T17:00:00+00:00,1328.21,1329.11,1325.1965,1325.5535,7512
2018-03-28T18:00:00+00:00,1325.554,1326.025,1323.5645,1325.4085,6624
2018-03-28T19:00:00+00:00,1325.3735,1326.9055,1324.4635,1325.8735,6938
2018-03-28T20:00:00+00:00,1325.7835,1326.984,1324.488,1325.0,3080
2018-03-28T21:00:00+00:00,,,,,0
2018-03-28T22:00:00+00:00,1324.77,1326.906,1324.0515,1326.315,3171
2018-03-28T23:00:00+00:00,1326.31,1327.014,1325.395,1326.615,2849
2018-03-29T00:00:00+00:00,1326.614,1327.0165,1324.823,1326.2345,4203
2018-03-29T01:00:00+00:00,1326.2755,1327.8755,1325.755,1327.215,5495
2018-03-29T02:00:00+00:00,1327.2435,1328.305,1327.115,1327.624,3842
2018-03-29T03:00:00+00:00,1327.609,1327.9705,1326.99,1327.619,2912
2018-03-29T04:00:00+00:00,1327.6085,1328.2335,1327.205,1327.9435,2666
2018-03-29T05:00:00+00:00,1327.943,1328.4005,1327.224,1328.2795,3016
2018-03-29T06:00:00+00:00,1328.255,1328.304,1322.985,1323.1965,7875
2018-03-29T07:00:00+00:00,1323.13,1325.805,1323.0145,1324.88,5862
2018-03-29T08:00:00+00:00,1324.81,1325.301,1323.96,1324.2665,4518
2018-03-29T09:00:00+00:00,1324.27,1324.635,1323.3115,1324.301,4196
2018-03-29T10:00:00+00:00,1324.2845,1325.332,1323.325,1325.1315,4136
2018-03-29T11:00:00+00:00,1325.132,1326.64,1324.9445,1325.1965,5454
2018-03-29T12:00:00+00:00,1325.2015,1325.7015,1321.71,1322.9485,8154
2018-03-29T13:00:00+00:00,1322.949,1325.307,1321.76,1322.815,9192
2018-03-29T14:00:00+00:00,1322.824,1324.195,1322.0375,1322.51,8790
2018-03-29T15:00:00+00:00,1322.5,1323.9315,1321.2945,1322.6405,7471
2018-03-29T16:00:00+00:00,1322.6815,1323.8415,1322.357,1323.022,5902
2018-03-29T17:00:00+00:00,1323.03,1323.57,1322.0285,1323.2455,5633
2018-03-29T18:00:00+00:00,1323.195,1324.815,1323.195,1323.9535,4416
2018-03-29T19:00:00+00:00,1323.953,1326.562,1323.603,1326.5255,4449
2018-03-29T20:00:00+00:00,1326.5365,1326.5365,1324.738,1325.668,2252
2018-03-29T21:00:00+00:00,,,,,0
2018-03-29T22:00:00+00:00,,,,,0
2018-03-29T23:00:00+00:00,,,,,0
2018-03-30T00:00:00+00:00,,,,,0
2018-03-30T01:00:00+00:00,,,,,0
2018-03-30T02:00:00+00:00,,,,,0
2018-03-30T03:00:00+00:00,,,,,0
2018-03-30T04:00:00+00:00,,,,,0
2018-03-30T05:00:00+00:00,,,,,0
2018-03-30T06:00:00+00:00,,,,,0
2018-03-30T07:00:00+00:00,,,,,0
2018-03-30T08:00:00+00:00,,,,,0
2018-03-30T09:00:00+00:00,,,,,0
2018-03-30T10:00:00+00:00,,,,,0
2018-03-30T11:00:00+00:00,,,,,0
2018-03-30T12:00:00+00:00,,,,,0
2018-03-30T13:00:00+00:00,,,,,0
2018-03-30T14:00:00+00:00,,,,,0
2018-03-30T15:00:00+00:00,,,,,0
2018-03-30T16:00:00+00:00,,,,,0
2018-03-30T17:00:00+00:00,,,,,0
2018-03-30T18:00:00+00:00,,,,,0
2018-03-30T19:00:00+00:00,,,,,0
2018-03-30T20:00:00+00:00,,,,,0
2018-03-30T21:00:00+00:00,,,,,0
2018-03-30T22:00:00+00:00,,,,,0
2018-03-30T23:00:00+00:00,,,,,0
2018-04-01T00:00:00+00:00,,,,,0
2018-04-01T01:00:00+00:00,,,,,0
2018-04-01T02:00:00+00:00,,,,,0
2018-04-01T03:00:00+00:00,,,,,0
2018-04-01T04:00:00+00:00,,,,,0
2018-04-01T05:00:00+00:00,,,,,0
2018-04-01T06:00:00+00:00,,,,,0
2018-04-01T07:00:00+00:00,,,,,0
2018-04-01T08:00:00+00:00,,,,,0
2018-04-01T09:00:00+00:00,,,,,0
2018-04-01T10:00:00+00:00,,,,,0
2018-04-01T11:00:00+00:00,,,,,0
2018-04-01T12:00:00+00:00,,,,,0
2018-04-01T13:00:00+00:00,,,,,0
2018-04-01T14:00:00+00:00,,,,,0
2018-04-01T15:00:00+00:00,,,,,0
2018-04-01T16:00:00+00:00,,,,,0
2018-04-01T17:00:00+00:00,,,,,0
2018-04-01T18:00:00+00:00,,,,,0
2018-04-01T19:00:00+00:00,,,,,0
2018-04-01T20:00:00+00:00,,,,,0
2018-04-01T21:00:00+00:00,,,,,0
2018-04-01T22:00:00+00:00,1326.035,1326.6255,1324.9165,1326.305,2780
2018-04-01T23:00:00+00:00,1326.305,1327.62,1326.16,1326.7335,3014
2018-04-02T00:00:00+00:00,1326.7535,1326.957,1325.86,1326.814,4616
2018-04-02T01:00:00+00:00,1326.82,1330.204,1326.8,1330.025,6716
2018-04-02T02:00:00+00:00,1330.024,1330.42,1329.0185,1329.974,4233
2018-04-02T03:00:00+00:00,1329.964,1330.207,1329.0795,1329.4285,2793
2018-04-02T04:00:00+00:00,1329.418,1329.8765,1329.31,1329.6255,1694
2018-04-02T05:00:00+00:00,1329.6155,1329.7205,1328.6005,1329.575,2359
2018-04-02T06:00:00+00:00,1329.564,1330.6715,1328.475,1330.5505,2946
2018-04-02T07:00:00+00:00,1330.555,1332.548,1330.485,1332.205,3788
2018-04-02T08:00:00+00:00,1332.232,1332.54,1331.2605,1331.834,3156
2018-04-02T09:00:00+00:00,1331.8335,1332.1935,1331.3585,1331.802,2007
2018-04-02T10:00:00+00:00,1331.8005,1332.3715,1331.49,1332.3635,1815
2018-04-02T11:00:00+00:00,1332.365,1335.0915,1332.09,1333.5665,5187
2018-04-02T12:00:00+00:00,1333.582,1335.5215,1333.3235,1334.6745,7941
2018-04-02T13:00:00+00:00,1334.6865,1336.64,1332.696,1334.21,9693
2018-04-02T14:00:00+00:00,1334.465,1338.1815,1333.375,1337.2765,10540
2018-04-02T15:00:00+00:00,1337.3065,1339.1615,1335.96,1338.587,10565
2018-04-02T16:00:00+00:00,1338.6215,1340.3915,1338.085,1339.368,7900
2018-04-02T17:00:00+00:00,1339.358,1344.735,1339.063,1344.502,9645
2018-04-02T18:00:00+00:00,1344.527,1344.916,1341.9465,1342.152,8213
2018-04-02T19:00:00+00:00,1342.1665,1342.6535,1340.35,1342.265,8228
2018-04-02T20:00:00+00:00,1342.255,1342.259,1340.515,1341.354,2705
2018-04-02T21:00:00+00:00,,,,,0
2018-04-02T22:00:00+00:00,1340.86,1341.44,1339.775,1340.3665,2650
2018-04-02T23:00:00+00:00,1340.4165,1342.265,1340.405,1341.68,2729
2018-04-03T00:00:00+00:00,1341.68,1342.581,1340.5915,1340.859,4295
2018-04-03T01:00:00+00:00,1340.869,1340.87,1337.339,1338.775,5663
2018-04-03T02:00:00+00:00,1338.785,1339.902,1338.085,1338.781,4306
2018-04-03T03:00:00+00:00,1338.785,1339.51,1337.9505,1338.017,2841
2018-04-03T04:00:00+00:00,1338.0215,1338.6,1337.5465,1338.495,2652
2018-04-03T05:00:00+00:00,1338.4885,1339.675,1337.735,1339.515,3573
2018-04-03T06:00:00+00:00,1339.5,1342.136,1339.07,1341.185,7149
2018-04-03T07:00:00+00:00,1341.198,1341.213,1337.8035,1338.625,6824
2018-04-03T08:00:00+00:00,1338.61,1338.734,1336.4165,1337.275,6180
2018-04-03T09:00:00+00:00,1337.277,1337.8665,1336.6245,1337.59,4072
2018-04-03T10:00:00+00:00,1337.615,1338.715,1336.3015,1336.488,4816
2018-04-03T11:00:00+00:00,1336.49,1338.1485,1336.2255,1337.8295,4744
2018-04-03T12:00:00+00:00,1337.83,1341.254,1337.4285,1338.48,7505
2018-04-03T13:00:00+00:00,1338.482,1338.5695,1333.303,1334.168,11802
2018-04-03T14:00:00+00:00,1334.164,1334.47,1329.044,1329.5085,11255
2018-04-03T15:00:00+00:00,1329.5535,1332.8585,1329.333,1332.164,9771
2018-04-03T16:00:00+00:00,1332.149,1334.249,1331.68,1334.035,8186
2018-04-03T17:00:00+00:00,1334.04,1334.95,1331.745,1331.85,6247
2018-04-03T18:00:00+00:00,1331.85,1333.683,1331.83,1332.384,6753
2018-04-03T19:00:00+00:00,1332.349,1332.3785,1330.2915,1331.6585,6953
2018-04-03T20:00:00+00:00,1331.7385,1332.9635,1331.663,1332.85,2214
2018-04-03T21:00:00+00:00,,,,,0
2018-04-03T22:00:00+00:00,1332.93,1333.61,1332.4185,1333.384,1868
2018-04-03T23:00:00+00:00,1333.38,1333.545,1332.525,1333.295,2435
2018-04-04T00:00:00+00:00,1333.29,1333.6365,1331.599,1332.605,4233
2018-04-04T01:00:00+00:00,1332.6,1333.385,1332.004,1333.115,4548
2018-04-04T02:00:00+00:00,1333.105,1335.075,1333.0885,1334.779,4299
2018-04-04T03:00:00+00:00,1334.7785,1335.199,1333.9745,1334.7395,3493
2018-04-04T04:00:00+00:00,1334.735,1335.979,1334.55,1335.2295,2154
2018-04-04T05:00:00+00:00,1335.231,1335.7265,1333.105,1334.6135,4099
2018-04-04T06:00:00+00:00,1334.61,1334.7255,1333.6645,1334.4345,4761
2018-04-04T07:00:00+00:00,1334.424,1340.026,1334.3085,1339.66,8688
2018-04-04T08:00:00+00:00,1339.659,1345.0,1339.5965,1342.15,11575
2018-04-04T09:00:00+00:00,1342.123,1344.342,1342.111,1342.9355,6614
2018-04-04T10:00:00+00:00,1342.935,1344.782,1341.9485,1342.9915,7216
2018-04-04T11:00:00+00:00,1342.995,1347.27,1342.586,1346.8465,7282
2018-04-04T12:00:00+00:00,1346.845,1348.318,1342.8065,1347.1865,10049
2018-04-04T13:00:00+00:00,1347.187,1347.643,1341.4835,1342.1835,12151
2018-04-04T15:00:00+00:00,1336.058,1338.025,1334.25,1334.5415,9039
2018-04-04T14:00:00+00:00,1342.115,1342.8535,1335.064,1335.9685,13035
2018-04-04T16:00:00+00:00,1334.622,1337.234,1334.14,1336.424,6921
2018-04-04T17:00:00+00:00,1336.44,1337.2585,1335.7285,1336.22,6394
2018-04-04T18:00:00+00:00,1336.1985,1336.1985,1332.2985,1333.56,6410
2018-04-04T19:00:00+00:00,1333.5665,1334.2635,1332.55,1333.4615,5777
2018-04-04T20:00:00+00:00,1333.465,1333.8,1332.86,1333.25,2189
2018-04-04T21:00:00+00:00,,,,,0
2018-04-04T22:00:00+00:00,1332.88,1334.983,1332.849,1334.375,2379
2018-04-04T23:00:00+00:00,1334.375,1334.502,1333.2585,1333.5615,2358
2018-04-05T00:00:00+00:00,1333.56,1333.965,1330.651,1330.72,5011
2018-04-05T01:00:00+00:00,1330.7315,1332.017,1330.5645,1330.616,3859
2018-04-05T02:00:00+00:00,1330.6145,1331.072,1329.955,1330.9935,2604
2018-04-05T03:00:00+00:00,1330.988,1331.3795,1330.403,1330.67,2643
2018-04-05T04:00:00+00:00,1330.66,1330.66,1328.0455,1328.6035,4299
2018-04-05T05:00:00+00:00,1328.62,1329.5085,1328.415,1328.935,3032
2018-04-05T06:00:00+00:00,1328.935,1329.175,1326.028,1326.445,5796
2018-04-05T07:00:00+00:00,1326.455,1327.6155,1324.529,1326.755,6921
2018-04-05T08:00:00+00:00,1326.76,1327.16,1325.885,1326.2195,3932
2018-04-05T09:00:00+00:00,1326.2015,1327.625,1325.6155,1326.789,3927
2018-04-05T10:00:00+00:00,1326.7885,1329.989,1326.6815,1329.91,4623
2018-04-05T11:00:00+00:00,1329.915,1330.7965,1328.2635,1328.844,4794
2018-04-05T12:00:00+00:00,1328.894,1329.8485,1324.805,1325.549,8824
2018-04-05T13:00:00+00:00,1325.564,1329.775,1322.834,1327.255,11409
2018-04-05T14:00:00+00:00,1327.245,1327.6785,1323.104,1324.08,10618
2018-04-05T15:00:00+00:00,1324.1035,1326.106,1323.485,1325.2585,8008
2018-04-05T16:00:00+00:00,1325.2345,1326.3345,1324.6385,1324.9665,6189
2018-04-05T18:00:00+00:00,1325.855,1326.023,1325.2585,1325.86,3951
2018-04-05T17:00:00+00:00,1324.9655,1326.75,1324.8665,1325.855,6328
2018-04-05T19:00:00+00:00,1325.8985,1326.735,1325.136,1326.713,3837
2018-04-05T20:00:00+00:00,1326.71,1327.1105,1326.155,1326.7255,1892
2018-04-05T21:00:00+00:00,,,,,0
2018-04-05T22:00:00+00:00,1326.44,1329.31,1326.39,1329.0365,2913
2018-04-05T23:00:00+00:00,1329.03,1332.3585,1328.97,1331.0195,6835
2018-04-06T00:00:00+00:00,1331.05,1331.414,1330.4345,1330.768,4554
2018-04-06T01:00:00+00:00,1330.7685,1333.384,1330.7685,1332.688,5694
2018-04-06T02:00:00+00:00,1332.6885,1332.7635,1331.0965,1331.101,3281
2018-04-06T03:00:00+00:00,1331.115,1331.187,1329.2535,1330.3885,4230
2018-04-06T04:00:00+00:00,1330.39,1330.5215,1326.729,1327.955,4940
2018-04-06T05:00:00+00:00,1327.956,1328.665,1327.338,1328.4415,4239
2018-04-06T06:00:00+00:00,1328.43,1328.44,1324.53,1324.8335,7142
2018-04-06T07:00:00+00:00,1324.8305,1324.9385,1319.74,1324.615,7241
2018-04-06T08:00:00+00:00,1324.619,1325.488,1323.839,1324.1555,4931
2018-04-06T09:00:00+00:00,1324.145,1326.3685,1324.07,1325.9965,4580
2018-04-06T10:00:00+00:00,1326.0535,1326.09,1323.7885,1323.844,4219
2018-04-06T11:00:00+00:00,1323.8435,1324.5735,1322.645,1323.0435,4638
2018-04-06T12:00:00+00:00,1323.0485,1331.055,1320.971,1328.494,16038
2018-04-06T13:00:00+00:00,1328.5385,1335.46,1327.806,1331.5495,16614
2018-04-06T14:00:00+00:00,1331.5565,1334.277,1330.463,1331.7285,11424
2018-04-06T15:00:00+00:00,1331.78,1333.917,1331.538,1332.285,8724
2018-04-06T16:00:00+00:00,1332.291,1333.2705,1330.7,1331.475,7394
2018-04-06T17:00:00+00:00,1331.505,1332.912,1330.38,1332.1335,7837
2018-04-06T18:00:00+00:00,1332.1285,1333.125,1331.22,1332.83,7313
2018-04-06T20:00:00+00:00,1333.256,1333.96,1332.745,1333.325,2036
2018-04-06T19:00:00+00:00,1332.8515,1334.101,1332.5165,1333.2565,7203
2018-04-06T21:00:00+00:00,,,,,0
2018-04-06T22:00:00+00:00,,,,,0
2018-04-06T23:00:00+00:00,,,,,0
2018-04-08T00:00:00+00:00,,,,,0
2018-04-08T01:00:00+00:00,,,,,0
2018-04-08T02:00:00+00:00,,,,,0
2018-04-08T03:00:00+00:00,,,,,0
2018-04-08T04:00:00+00:00,,,,,0
2018-04-08T05:00:00+00:00,,,,,0
2018-04-08T06:00:00+00:00,,,,,0
2018-04-08T07:00:00+00:00,,,,,0
2018-04-08T08:00:00+00:00,,,,,0
2018-04-08T09:00:00+00:00,,,,,0
2018-04-08T10:00:00+00:00,,,,,0
2018-04-08T11:00:00+00:00,,,,,0
2018-04-08T12:00:00+00:00,,,,,0
2018-04-08T13:00:00+00:00,,,,,0
2018-04-08T14:00:00+00:00,,,,,0
2018-04-08T15:00:00+00:00,,,,,0
2018-04-08T17:00:00+00:00,,,,,0
2018-04-08T16:00:00+00:00,,,,,0
2018-04-08T18:00:00+00:00,,,,,0
2018-04-08T19:00:00+00:00,,,,,0
2018-04-08T20:00:00+00:00,,,,,0
2018-04-08T21:00:00+00:00,,,,,0
2018-04-08T22:00:00+00:00,1334.1765,1334.97,1332.481,1333.79,3766
2018-04-08T23:00:00+00:00,1333.795,1334.21,1331.865,1332.615,4047
2018-04-09T00:00:00+00:00,1332.561,1332.8115,1331.3215,1331.5265,5548
2018-04-09T01:00:00+00:00,1331.517,1332.515,1329.897,1331.606,6339
2018-04-09T02:00:00+00:00,1331.6065,1333.525,1331.511,1333.272,4198
2018-04-09T03:00:00+00:00,1333.2715,1333.462,1332.374,1332.612,4171
2018-04-09T04:00:00+00:00,1332.605,1332.7665,1332.2115,1332.52,2743
2018-04-09T05:00:00+00:00,1332.522,1333.584,1332.105,1333.155,3923
2018-04-09T06:00:00+00:00,1333.15,1333.15,1330.786,1331.486,8096
2018-04-09T07:00:00+00:00,1331.4715,1331.934,1328.674,1329.785,9012
2018-04-09T08:00:00+00:00,1329.775,1330.013,1327.5695,1328.99,5737
2018-04-09T09:00:00+00:00,1328.9785,1329.9115,1327.653,1327.68,4100
2018-04-09T10:00:00+00:00,1327.678,1328.777,1326.9265,1328.49,5835
2018-04-09T11:00:00+00:00,1328.4485,1329.791,1327.8935,1329.72,4735
2018-04-09T12:00:00+00:00,1329.7495,1333.95,1329.3015,1333.691,9249
2018-04-09T13:00:00+00:00,1333.7065,1334.6315,1331.3785,1332.2615,9239
2018-04-09T14:00:00+00:00,1332.2545,1333.971,1331.496,1332.348,7946
2018-04-09T15:00:00+00:00,1332.3485,1334.112,1332.111,1333.48,6651
2018-04-09T16:00:00+00:00,1333.482,1336.916,1332.3235,1335.345,7530
2018-04-09T17:00:00+00:00,1335.35,1337.091,1335.264,1335.852,6755
2018-04-09T18:00:00+00:00,1335.85,1338.0365,1335.77,1337.4065,5245
2018-04-09T19:00:00+00:00,1337.407,1337.542,1336.272,1337.32,5925
2018-04-09T20:00:00+00:00,1337.354,1337.82,1336.0505,1336.35,2220
2018-04-09T21:00:00+00:00,,,,,0
2018-04-09T22:00:00+00:00,1336.47,1337.317,1335.375,1335.646,2753
2018-04-09T23:00:00+00:00,1335.651,1337.213,1335.24,1336.562,3111
2018-04-10T00:00:00+00:00,1336.57,1338.1995,1336.57,1337.898,4394
2018-04-10T01:00:00+00:00,1337.9045,1338.0085,1334.5165,1334.67,5448
2018-04-10T03:00:00+00:00,1333.9285,1334.759,1333.559,1334.435,4023
2018-04-10T04:00:00+00:00,1334.4145,1334.443,1333.529,1334.0385,2592
2018-04-10T02:00:00+00:00,1334.6645,1335.0535,1332.92,1333.913,7613
2018-04-10T05:00:00+00:00,1334.039,1334.2545,1331.1485,1332.504,4486
2018-04-10T06:00:00+00:00,1332.5035,1333.6765,1331.624,1333.4435,6023
2018-04-10T07:00:00+00:00,1333.433,1337.832,1333.0785,1337.365,8166
2018-04-10T08:00:00+00:00,1337.37,1337.8185,1334.305,1336.47,6144
2018-04-10T09:00:00+00:00,1336.464,1336.4685,1334.67,1335.365,4318
2018-04-10T10:00:00+00:00,1335.364,1336.2695,1334.976,1335.81,4099
2018-04-10T11:00:00+00:00,1335.876,1339.065,1335.5205,1336.5265,7452
2018-04-10T12:00:00+00:00,1336.5255,1339.216,1335.67,1337.6085,9291
2018-04-10T13:00:00+00:00,1337.435,1341.024,1337.0835,1338.9435,10614
2018-04-10T14:00:00+00:00,1338.943,1340.292,1338.227,1339.795,8731
2018-04-10T15:00:00+00:00,1339.806,1340.012,1335.99,1338.7115,9483
2018-04-10T16:00:00+00:00,1338.7215,1340.492,1338.4515,1339.582,8014
2018-04-10T17:00:00+00:00,1339.5815,1342.6785,1338.7815,1339.0565,7320
2018-04-10T18:00:00+00:00,1339.047,1342.012,1338.7515,1341.91,5998
2018-04-10T19:00:00+00:00,1341.8365,1342.107,1340.295,1340.652,5156
2018-04-10T20:00:00+00:00,1340.66,1340.66,1339.21,1339.625,2173
2018-04-10T21:00:00+00:00,,,,,0
2018-04-10T22:00:00+00:00,1339.37,1340.845,1339.21,1340.555,1764
2018-04-10T23:00:00+00:00,1340.55,1342.1155,1340.325,1341.87,2926
2018-04-11T00:00:00+00:00,1341.8645,1342.7865,1341.0655,1341.782,4718
2018-04-11T01:00:00+00:00,1341.785,1341.803,1339.8365,1340.1515,4496
2018-04-11T02:00:00+00:00,1340.147,1341.3,1340.063,1340.276,3278
2018-04-11T03:00:00+00:00,1340.261,1341.914,1340.156,1341.57,2309
2018-04-11T04:00:00+00:00,1341.5695,1341.8385,1341.08,1341.838,1940
2018-04-11T05:00:00+00:00,1341.8385,1342.5415,1341.5105,1342.3235,3021
2018-04-11T06:00:00+00:00,1342.32,1345.4015,1342.031,1344.747,6902
2018-04-11T07:00:00+00:00,1344.74,1345.482,1343.8985,1344.9355,5794
2018-04-11T08:00:00+00:00,1344.935,1345.307,1342.635,1343.365,5080
2018-04-11T09:00:00+00:00,1343.375,1345.9945,1342.8935,1345.59,4965
2018-04-11T10:00:00+00:00,1345.587,1347.4535,1345.3635,1346.845,6348
2018-04-11T11:00:00+00:00,1346.805,1351.525,1346.485,1348.8735,11369
2018-04-11T12:00:00+00:00,1348.7885,1355.2965,1348.567,1352.6015,12477
2018-04-11T13:00:00+00:00,1352.5565,1354.125,1349.77,1352.6015,11842
2018-04-11T14:00:00+00:00,1352.5835,1359.1815,1351.4215,1359.117,15507
2018-04-11T15:00:00+00:00,1359.107,1365.216,1358.4365,1361.3465,13929
2018-04-11T16:00:00+00:00,1361.347,1362.4815,1355.521,1358.362,11202
2018-04-11T17:00:00+00:00,1358.3465,1358.6665,1354.185,1355.557,9819
2018-04-11T18:00:00+00:00,1355.5565,1356.6265,1347.705,1349.7835,11362
2018-04-11T19:00:00+00:00,1349.785,1352.4035,1349.098,1351.209,7400
2018-04-11T20:00:00+00:00,1351.214,1353.5835,1351.035,1353.3,3237
2018-04-11T21:00:00+00:00,,,,,0
2018-04-11T22:00:00+00:00,1353.06,1353.2,1352.645,1353.07,1339
2018-04-11T23:00:00+00:00,1353.065,1353.1685,1351.5015,1352.9935,2668
2018-04-12T00:00:00+00:00,1353.0035,1353.276,1351.2,1351.719,4740
2018-04-12T01:00:00+00:00,1351.718,1352.647,1349.822,1351.791,5500
2018-04-12T03:00:00+00:00,1350.2165,1351.9795,1349.915,1351.2165,3571
2018-04-12T02:00:00+00:00,1351.787,1352.27,1349.299,1350.221,5150
2018-04-12T04:00:00+00:00,1351.2065,1351.2065,1348.7115,1349.5835,4053
2018-04-12T05:00:00+00:00,1349.578,1351.0085,1348.945,1350.619,3449
2018-04-12T06:00:00+00:00,1350.6185,1351.63,1350.006,1350.445,5457
2018-04-12T07:00:00+00:00,1350.44,1352.285,1348.4265,1348.88,7047
2018-04-12T09:00:00+00:00,1346.9285,1347.675,1345.283,1347.67,8101
2018-04-12T08:00:00+00:00,1348.8815,1350.249,1346.76,1346.93,6628
2018-04-12T10:00:00+00:00,1347.665,1349.004,1343.885,1345.52,7801
2018-04-12T11:00:00+00:00,1345.5015,1347.4515,1344.97,1345.0885,8644
2018-04-12T12:00:00+00:00,1345.1085,1346.9615,1341.05,1343.3485,10743
2018-04-12T13:00:00+00:00,1343.3495,1345.6415,1338.874,1340.049,13333
2018-04-12T14:00:00+00:00,1340.115,1341.775,1337.7675,1338.3235,11292
2018-04-12T15:00:00+00:00,1338.311,1339.614,1335.789,1338.0945,10255
2018-04-12T16:00:00+00:00,1338.1045,1339.234,1336.223,1338.1345,7738
2018-04-12T17:00:00+00:00,1338.17,1340.0185,1336.868,1337.8315,9826
2018-04-12T18:00:00+00:00,1337.831,1338.0935,1336.446,1336.898,5714
2018-04-12T19:00:00+00:00,1336.909,1337.5405,1333.837,1335.495,5269
2018-04-12T20:00:00+00:00,1335.47,1335.9105,1334.7995,1335.125,2556
2018-04-12T21:00:00+00:00,,,,,0
2018-04-12T22:00:00+00:00,1335.0,1338.43,1334.97,1338.355,2890
2018-04-12T23:00:00+00:00,1338.335,1338.634,1337.683,1337.853,2712
2018-04-13T00:00:00+00:00,1337.849,1338.259,1336.5755,1337.861,3702
2018-04-13T01:00:00+00:00,1337.9565,1339.1415,1337.793,1338.542,4630
2018-04-13T03:00:00+00:00,1340.605,1340.6535,1339.7635,1340.4495,2336
2018-04-13T02:00:00+00:00,1338.525,1340.936,1338.34,1340.594,4022
2018-04-13T04:00:00+00:00,1340.409,1341.118,1340.03,1340.5355,1978
2018-04-13T05:00:00+00:00,1340.545,1340.605,1338.416,1338.52,3048
2018-04-13T06:00:00+00:00,1338.46,1338.91,1336.34,1337.3415,7481
2018-04-13T07:00:00+00:00,1337.331,1340.57,1336.7265,1339.935,7226
2018-04-13T08:00:00+00:00,1339.93,1341.973,1339.773,1341.1815,5770
2018-04-13T09:00:00+00:00,1341.1715,1341.397,1340.486,1340.655,3996
2018-04-13T11:00:00+00:00,1339.055,1339.48,1333.409,1336.5055,7707
2018-04-13T10:00:00+00:00,1340.6615,1341.4735,1338.988,1339.095,3609
2018-04-13T12:00:00+00:00,1336.6205,1339.815,1335.67,1338.7315,7916
2018-04-13T13:00:00+00:00,1338.7415,1344.161,1337.495,1343.8765,11256
2018-04-13T15:00:00+00:00,1345.475,1346.7035,1344.3145,1345.216,10464
2018-04-13T16:00:00+00:00,1345.2165,1347.2015,1345.0965,1346.6515,7466
2018-04-13T14:00:00+00:00,1343.815,1345.8505,1343.692,1345.4735,11965
2018-04-13T18:00:00+00:00,1343.783,1345.315,1343.589,1344.8555,5311
2018-04-13T17:00:00+00:00,1346.765,1346.88,1342.988,1343.7835,7219
2018-04-13T19:00:00+00:00,1344.855,1346.977,1344.245,1344.465,7124
2018-04-13T20:00:00+00:00,1344.46,1345.688,1344.3535,1345.5005,2338
2018-04-13T21:00:00+00:00,,,,,0
2018-04-13T22:00:00+00:00,,,,,0
2018-04-13T23:00:00+00:00,,,,,0
2018-04-15T00:00:00+00:00,,,,,0
2018-04-15T01:00:00+00:00,,,,,0
2018-04-15T02:00:00+00:00,,,,,0
2018-04-15T03:00:00+00:00,,,,,0
2018-04-15T04:00:00+00:00,,,,,0
2018-04-15T05:00:00+00:00,,,,,0
2018-04-15T06:00:00+00:00,,,,,0
2018-04-15T07:00:00+00:00,,,,,0
2018-04-15T08:00:00+00:00,,,,,0
2018-04-15T09:00:00+00:00,,,,,0
2018-04-15T10:00:00+00:00,,,,,0
2018-04-15T11:00:00+00:00,,,,,0
2018-04-15T12:00:00+00:00,,,,,0
2018-04-15T13:00:00+00:00,,,,,0
2018-04-15T14:00:00+00:00,,,,,0
2018-04-15T15:00:00+00:00,,,,,0
2018-04-15T16:00:00+00:00,,,,,0
2018-04-15T17:00:00+00:00,,,,,0
2018-04-15T18:00:00+00:00,,,,,0
2018-04-15T19:00:00+00:00,,,,,0
2018-04-15T20:00:00+00:00,,,,,0
2018-04-15T21:00:00+00:00,,,,,0
2018-04-15T22:00:00+00:00,1346.37,1347.39,1340.24,1342.3485,6270
2018-04-16T00:00:00+00:00,1343.94,1345.428,1343.29,1344.034,4115
2018-04-15T23:00:00+00:00,1342.348,1345.797,1342.205,1343.94,4501
2018-04-16T01:00:00+00:00,1344.0235,1348.784,1344.008,1347.3835,7483
2018-04-16T02:00:00+00:00,1347.384,1348.5645,1345.7015,1348.325,5744
2018-04-16T03:00:00+00:00,1348.32,1348.325,1346.811,1347.41,2818
2018-04-16T04:00:00+00:00,1347.41,1347.7035,1345.7065,1346.025,2671
2018-04-16T05:00:00+00:00,1346.05,1346.6195,1343.875,1344.394,3684
2018-04-16T06:00:00+00:00,1344.384,1344.9345,1342.87,1343.539,6194
2018-04-16T08:00:00+00:00,1345.079,1345.9665,1344.426,1345.234,5957
2018-04-16T07:00:00+00:00,1343.5285,1345.195,1341.2345,1345.084,8083
2018-04-16T09:00:00+00:00,1345.2265,1345.5955,1344.02,1344.1785,3948
2018-04-16T10:00:00+00:00,1344.178,1344.815,1342.9815,1343.19,3955
2018-04-16T11:00:00+00:00,1343.164,1344.5035,1342.4265,1343.435,5069
2018-04-16T12:00:00+00:00,1343.3655,1346.63,1342.9345,1345.7165,9970
2018-04-16T13:00:00+00:00,1345.702,1349.0635,1344.9565,1348.6395,9912
2018-04-16T14:00:00+00:00,1348.645,1350.565,1348.5965,1349.356,9998
2018-04-16T16:00:00+00:00,1347.304,1349.2935,1346.6515,1348.0365,6027
2018-04-16T15:00:00+00:00,1349.351,1349.446,1346.265,1347.2835,8648
2018-04-16T17:00:00+00:00,1348.0415,1348.2465,1347.125,1347.569,4450
2018-04-16T18:00:00+00:00,1347.571,1348.13,1346.319,1346.639,3771
2018-04-16T19:00:00+00:00,1346.6585,1346.8505,1345.5465,1346.1695,3556
2018-04-16T20:00:00+00:00,1346.1595,1346.334,1345.4685,1345.7585,1851
2018-04-16T21:00:00+00:00,,,,,0
2018-04-16T22:00:00+00:00,1345.91,1347.66,1345.795,1346.775,1711
2018-04-16T23:00:00+00:00,1346.775,1348.61,1346.07,1348.2,2428
2018-04-17T00:00:00+00:00,1348.153,1349.04,1347.589,1348.41,2392
2018-04-17T01:00:00+00:00,1348.495,1349.4565,1346.906,1347.545,2982
2018-04-17T02:00:00+00:00,1347.556,1347.878,1346.016,1346.152,2986
2018-04-17T03:00:00+00:00,1346.1515,1346.5255,1343.8755,1345.15,3527
2018-04-17T04:00:00+00:00,1345.149,1345.67,1344.7185,1344.857,1321
2018-04-17T05:00:00+00:00,1344.8565,1346.4315,1344.122,1346.095,2664
2018-04-17T06:00:00+00:00,1346.0935,1348.9745,1345.185,1348.5215,5096
2018-04-17T08:00:00+00:00,1343.025,1343.159,1340.792,1342.4645,6334
2018-04-17T07:00:00+00:00,1348.5115,1348.872,1341.424,1342.984,7730
2018-04-17T09:00:00+00:00,1342.455,1343.66,1341.825,1342.242,4470
2018-04-17T10:00:00+00:00,1342.24,1344.0285,1341.8605,1342.83,4519
2018-04-17T11:00:00+00:00,1342.8085,1343.3785,1341.08,1342.1285,4515
2018-04-17T12:00:00+00:00,1342.1385,1343.528,1337.749,1338.9385,8649
2018-04-17T13:00:00+00:00,1338.879,1343.4015,1338.399,1342.303,9842
2018-04-17T14:00:00+00:00,1342.2985,1344.2865,1340.5285,1343.087,10334
2018-04-17T15:00:00+00:00,1343.12,1344.906,1342.895,1344.55,8552
2018-04-17T16:00:00+00:00,1344.5265,1347.0755,1343.857,1346.92,6724
2018-04-17T17:00:00+00:00,1346.9185,1347.407,1345.84,1346.396,5395
2018-04-17T18:00:00+00:00,1346.411,1347.55,1346.001,1346.5635,4789
2018-04-17T19:00:00+00:00,1346.51,1347.822,1346.3385,1347.3765,3632
2018-04-17T20:00:00+00:00,1347.376,1347.6565,1347.1635,1347.224,2080
2018-04-17T21:00:00+00:00,,,,,0
2018-04-17T22:00:00+00:00,1347.85,1347.85,1346.4765,1346.7315,2042
2018-04-17T23:00:00+00:00,1346.7365,1347.0785,1345.835,1346.3515,1903
2018-04-18T00:00:00+00:00,1346.352,1346.9595,1344.755,1345.179,3098
2018-04-18T01:00:00+00:00,1345.19,1345.355,1343.6595,1344.0135,3736
2018-04-18T02:00:00+00:00,1344.014,1344.843,1343.8185,1344.21,1894
2018-04-18T04:00:00+00:00,1344.815,1344.86,1342.9565,1343.58,1818
2018-04-18T03:00:00+00:00,1344.209,1344.86,1343.44,1344.849,1809
2018-04-18T05:00:00+00:00,1343.57,1343.8005,1342.376,1343.32,1968
2018-04-18T06:00:00+00:00,1343.318,1346.0335,1343.085,1345.5795,6560
2018-04-18T07:00:00+00:00,1345.5685,1346.481,1342.894,1346.175,6349
2018-04-18T08:00:00+00:00,1346.186,1346.98,1343.9785,1344.4285,6580
2018-04-18T09:00:00+00:00,1344.418,1347.24,1343.495,1345.251,5793
2018-04-18T10:00:00+00:00,1345.2515,1349.8815,1345.1295,1349.18,6690
2018-04-18T11:00:00+00:00,1349.1755,1351.093,1348.3435,1350.1695,6671
2018-04-18T12:00:00+00:00,1350.1665,1353.6115,1349.8915,1353.236,7874
2018-04-18T13:00:00+00:00,1353.2215,1355.771,1348.34,1352.05,10431
2018-04-18T14:00:00+00:00,1352.1385,1354.225,1349.2415,1350.796,10488
2018-04-18T15:00:00+00:00,1350.7995,1352.037,1350.3985,1350.9965,7944
2018-04-18T16:00:00+00:00,1351.0115,1352.415,1349.89,1351.9035,6556
2018-04-18T17:00:00+00:00,1351.9415,1352.1035,1349.7035,1350.6865,5652
2018-04-18T18:00:00+00:00,1350.6965,1351.4,1349.736,1349.8565,4226
2018-04-18T19:00:00+00:00,1349.86,1349.975,1347.5765,1348.573,4817
2018-04-18T20:00:00+00:00,1348.5985,1349.595,1348.568,1349.4,1732
2018-04-18T21:00:00+00:00,,,,,0
2018-04-18T22:00:00+00:00,1349.64,1351.5885,1349.175,1351.155,2145
2018-04-18T23:00:00+00:00,1351.15,1351.57,1350.306,1350.6765,2031
2018-04-19T00:00:00+00:00,1350.692,1351.2835,1348.393,1349.1855,3426
2018-04-19T01:00:00+00:00,1349.259,1349.989,1348.103,1348.875,4009
2018-04-19T02:00:00+00:00,1348.875,1351.4835,1348.445,1351.4295,4014
2018-04-19T03:00:00+00:00,1351.44,1353.121,1351.27,1352.0615,3799
2018-04-19T04:00:00+00:00,1352.071,1352.76,1351.375,1351.7335,2067
2018-04-19T05:00:00+00:00,1351.745,1352.465,1350.895,1351.8105,3153
2018-04-19T06:00:00+00:00,1351.799,1354.064,1351.333,1353.68,6149
2018-04-19T07:00:00+00:00,1353.675,1354.7615,1352.6535,1353.001,6411
2018-04-19T08:00:00+00:00,1352.986,1353.226,1351.0415,1352.425,6508
2018-04-19T09:00:00+00:00,1352.42,1352.609,1344.89,1348.7555,6629
2018-04-19T10:00:00+00:00,1348.765,1348.765,1345.805,1347.72,6375
2018-04-19T11:00:00+00:00,1347.7255,1350.802,1346.9915,1350.681,5940
2018-04-19T12:00:00+00:00,1350.682,1350.7765,1346.3305,1347.9165,10364
2018-04-19T13:00:00+00:00,1347.9235,1349.1345,1346.3795,1348.32,11140
2018-04-19T14:00:00+00:00,1348.321,1349.0715,1345.735,1346.0735,9323
2018-04-19T15:00:00+00:00,1346.084,1346.33,1341.021,1342.6685,12455
2018-04-19T16:00:00+00:00,1342.6635,1347.05,1342.228,1346.532,8866
2018-04-19T17:00:00+00:00,1346.5315,1347.0435,1345.626,1346.545,6856
2018-04-19T18:00:00+00:00,1346.545,1346.545,1344.164,1344.8565,4978
2018-04-19T19:00:00+00:00,1344.828,1346.77,1344.512,1345.995,4755
2018-04-19T20:00:00+00:00,1345.985,1346.5085,1345.4765,1345.745,1751
2018-04-19T21:00:00+00:00,,,,,0
2018-04-19T22:00:00+00:00,1346.39,1346.487,1344.94,1345.66,1716
2018-04-19T23:00:00+00:00,1345.69,1346.26,1344.475,1344.506,1641
2018-04-20T00:00:00+00:00,1344.5115,1345.199,1343.485,1344.9035,3487
2018-04-20T01:00:00+00:00,1344.92,1345.799,1341.695,1342.59,5215
2018-04-20T02:00:00+00:00,1342.5895,1343.525,1341.9585,1342.0945,3166
2018-04-20T03:00:00+00:00,1342.1,1343.6745,1341.9235,1343.2185,2108
2018-04-20T04:00:00+00:00,1343.286,1343.31,1342.05,1342.3855,2056
2018-04-20T05:00:00+00:00,1342.39,1343.276,1341.3545,1343.066,2976
2018-04-20T06:00:00+00:00,1343.1,1344.547,1341.8405,1343.505,5577
2018-04-20T07:00:00+00:00,1343.515,1344.244,1340.4715,1341.281,6431
2018-04-20T08:00:00+00:00,1341.28,1342.825,1340.683,1341.487,5306
2018-04-20T09:00:00+00:00,1341.477,1341.765,1339.3955,1340.703,5318
2018-04-20T10:00:00+00:00,1340.7085,1341.557,1340.1935,1340.8135,3824
2018-04-20T11:00:00+00:00,1340.8095,1342.4605,1340.0795,1340.57,4615
2018-04-20T12:00:00+00:00,1340.565,1344.3315,1339.3885,1339.514,7188
2018-04-20T13:00:00+00:00,1339.418,1340.7485,1335.998,1336.74,9628
2018-04-20T14:00:00+00:00,1336.745,1337.6685,1335.0695,1337.5805,10202
2018-04-20T15:00:00+00:00,1337.598,1339.364,1337.349,1338.08,8173
2018-04-20T16:00:00+00:00,1338.0845,1338.88,1336.4835,1337.8285,6376
2018-04-20T17:00:00+00:00,1337.8285,1338.0185,1336.0035,1337.073,3943
2018-04-20T18:00:00+00:00,1337.068,1337.369,1335.4535,1335.575,2857
2018-04-20T19:00:00+00:00,1335.575,1336.33,1335.213,1335.634,3318
2018-04-20T20:00:00+00:00,1335.6435,1336.414,1335.3465,1335.515,1814
2018-04-20T22:00:00+00:00,,,,,0
2018-04-20T21:00:00+00:00,,,,,0
2018-04-20T23:00:00+00:00,,,,,0
2018-04-22T00:00:00+00:00,,,,,0
2018-04-22T01:00:00+00:00,,,,,0
2018-04-22T02:00:00+00:00,,,,,0
2018-04-22T03:00:00+00:00,,,,,0
2018-04-22T04:00:00+00:00,,,,,0
2018-04-22T05:00:00+00:00,,,,,0
2018-04-22T06:00:00+00:00,,,,,0
2018-04-22T07:00:00+00:00,,,,,0
2018-04-22T08:00:00+00:00,,,,,0
2018-04-22T09:00:00+00:00,,,,,0
2018-04-22T10:00:00+00:00,,,,,0
2018-04-22T11:00:00+00:00,,,,,0
2018-04-22T12:00:00+00:00,,,,,0
2018-04-22T13:00:00+00:00,,,,,0
2018-04-22T14:00:00+00:00,,,,,0
2018-04-22T15:00:00+00:00,,,,,0
2018-04-22T16:00:00+00:00,,,,,0
2018-04-22T17:00:00+00:00,,,,,0
2018-04-22T18:00:00+00:00,,,,,0
2018-04-22T19:00:00+00:00,,,,,0
2018-04-22T20:00:00+00:00,,,,,0
2018-04-22T21:00:00+00:00,,,,,0
2018-04-22T22:00:00+00:00,1334.425,1335.545,1331.8565,1333.075,2868
2018-04-23T00:00:00+00:00,1333.003,1334.195,1332.389,1333.4535,4003
2018-04-22T23:00:00+00:00,1333.075,1334.738,1332.65,1333.0035,2942
2018-04-23T01:00:00+00:00,1333.453,1334.6035,1332.409,1334.598,4491
2018-04-23T02:00:00+00:00,1334.5985,1334.9435,1333.4235,1333.532,3292
2018-04-23T03:00:00+00:00,1333.5405,1334.31,1333.1315,1334.305,2027
2018-04-23T04:00:00+00:00,1334.3,1334.42,1333.81,1334.0365,1335
2018-04-23T05:00:00+00:00,1334.0915,1335.112,1333.8365,1334.524,2512
2018-04-23T06:00:00+00:00,1334.515,1335.539,1333.22,1334.4665,5306
2018-04-23T07:00:00+00:00,1334.47,1334.9785,1331.328,1331.9235,6240
2018-04-23T08:00:00+00:00,1331.9735,1332.249,1329.0185,1329.13,7406
2018-04-23T09:00:00+00:00,1329.135,1329.544,1327.1865,1328.495,6145
2018-04-23T10:00:00+00:00,1328.4885,1329.269,1327.624,1328.52,4749
2018-04-23T11:00:00+00:00,1328.525,1329.015,1326.8235,1328.725,3932
2018-04-23T13:00:00+00:00,1325.7335,1326.6985,1323.494,1324.679,9376
2018-04-23T14:00:00+00:00,1324.6655,1324.8585,1322.275,1323.84,9001
2018-04-23T15:00:00+00:00,1323.845,1324.9385,1322.415,1322.68,7508
2018-04-23T16:00:00+00:00,1322.6685,1324.3885,1322.663,1323.67,6091
2018-04-23T17:00:00+00:00,1323.67,1323.67,1322.183,1323.3585,4577
2018-04-23T12:00:00+00:00,1328.7305,1328.805,1324.029,1325.753,9683
2018-04-23T18:00:00+00:00,1323.363,1325.464,1323.348,1324.0735,4770
2018-04-23T19:00:00+00:00,1324.124,1325.0685,1323.208,1325.044,4213
2018-04-23T21:00:00+00:00,,,,,0
2018-04-23T20:00:00+00:00,1325.0135,1325.0835,1324.028,1324.8,1837
2018-04-23T22:00:00+00:00,1324.72,1325.1165,1324.49,1324.725,1184
2018-04-24T00:00:00+00:00,1324.6295,1326.669,1324.175,1326.123,2479
2018-04-23T23:00:00+00:00,1324.725,1325.4,1323.915,1324.62,1654
2018-04-24T01:00:00+00:00,1326.1235,1327.066,1322.125,1326.4685,6397
2018-04-24T04:00:00+00:00,1326.715,1326.825,1326.115,1326.64,1218
2018-04-24T02:00:00+00:00,1326.464,1328.2035,1326.064,1327.253,3979
2018-04-24T03:00:00+00:00,1327.248,1327.5365,1326.343,1326.72,2408
2018-04-24T05:00:00+00:00,1326.6335,1327.825,1326.63,1326.94,1999
2018-04-24T06:00:00+00:00,1327.011,1328.59,1324.815,1324.925,5040
2018-04-24T07:00:00+00:00,1324.9235,1327.1485,1324.597,1325.63,5434
2018-04-24T08:00:00+00:00,1325.567,1327.91,1325.01,1327.7235,4567
2018-04-24T09:00:00+00:00,1327.7285,1328.0165,1326.5065,1327.0365,3142
2018-04-24T10:00:00+00:00,1327.04,1327.88,1325.765,1326.125,4150
2018-04-24T11:00:00+00:00,1326.115,1326.8405,1325.2235,1326.744,4159
2018-04-24T12:00:00+00:00,1326.6865,1327.262,1323.482,1325.0685,6784
2018-04-24T13:00:00+00:00,1325.063,1330.181,1324.1035,1329.7335,11598
2018-04-24T15:00:00+00:00,1327.971,1330.1845,1327.5365,1329.2765,9248
2018-04-24T14:00:00+00:00,1329.79,1330.7715,1327.7195,1327.96,9867
2018-04-24T16:00:00+00:00,1329.282,1332.5765,1328.576,1331.9415,8706
2018-04-24T17:00:00+00:00,1331.9515,1332.367,1329.96,1332.176,6603
2018-04-24T18:00:00+00:00,1332.177,1332.766,1331.512,1332.026,6098
2018-04-24T19:00:00+00:00,1332.021,1332.35,1331.245,1331.56,3666
2018-04-24T20:00:00+00:00,1331.565,1331.565,1330.4015,1330.56,1765
2018-04-24T21:00:00+00:00,,,,,0
2018-04-24T22:00:00+00:00,1330.0385,1331.152,1330.0385,1330.97,1102
2018-04-24T23:00:00+00:00,1330.9665,1332.1365,1330.94,1331.74,1668
2018-04-25T01:00:00+00:00,1330.8115,1330.825,1328.3855,1329.1265,3577
2018-04-25T02:00:00+00:00,1329.12,1329.537,1328.691,1328.9015,2326
2018-04-25T00:00:00+00:00,1331.7355,1331.7415,1329.575,1330.811,3300
2018-04-25T03:00:00+00:00,1328.902,1329.402,1328.051,1328.1845,1852
2018-04-25T04:00:00+00:00,1328.1745,1328.665,1326.955,1327.548,2223
2018-04-25T05:00:00+00:00,1327.563,1327.603,1325.54,1326.9085,3513
2018-04-25T06:00:00+00:00,1326.905,1326.905,1324.685,1324.9,5261
2018-04-25T07:00:00+00:00,1324.959,1324.959,1323.309,1323.707,5107
2018-04-25T08:00:00+00:00,1323.7065,1325.4935,1323.0715,1325.122,4782
2018-04-25T09:00:00+00:00,1325.1215,1325.8095,1324.208,1324.285,3788
2018-04-25T10:00:00+00:00,1324.28,1324.8905,1323.71,1324.71,3651
2018-04-25T11:00:00+00:00,1324.715,1324.855,1320.36,1320.789,7512
2018-04-25T12:00:00+00:00,1320.785,1321.5875,1318.8415,1320.6835,8538
2018-04-25T13:00:00+00:00,1320.655,1322.97,1320.044,1321.99,8600
2018-04-25T14:00:00+00:00,1321.995,1322.38,1319.2255,1320.0485,8039
2018-04-25T15:00:00+00:00,1320.048,1321.488,1319.754,1321.2885,5077
2018-04-25T16:00:00+00:00,1321.299,1322.8155,1320.699,1322.3315,5551
2018-04-25T17:00:00+00:00,1322.3315,1323.533,1321.3485,1321.995,4763
2018-04-25T18:00:00+00:00,1321.984,1322.3635,1321.41,1321.825,2480
2018-04-25T19:00:00+00:00,1321.824,1324.017,1321.45,1322.8435,3387
2018-04-25T20:00:00+00:00,1322.829,1323.564,1322.13,1323.185,2032
2018-04-25T21:00:00+00:00,,,,,0
2018-04-25T22:00:00+00:00,1323.12,1323.3145,1321.216,1322.2,1393
2018-04-25T23:00:00+00:00,1322.1965,1322.955,1322.109,1322.75,1660
2018-04-26T00:00:00+00:00,1322.7215,1324.075,1322.1835,1323.412,3405
2018-04-26T01:00:00+00:00,1323.4115,1324.1485,1322.0755,1324.074,3666
2018-04-26T02:00:00+00:00,1324.124,1324.7255,1323.299,1323.327,2524
2018-04-26T03:00:00+00:00,1323.322,1324.19,1323.291,1323.8055,1815
2018-04-26T04:00:00+00:00,1323.805,1323.83,1323.2315,1323.4935,1109
2018-04-26T05:00:00+00:00,1323.5205,1324.635,1323.3435,1324.5335,1956
2018-04-26T06:00:00+00:00,1324.533,1325.6655,1323.428,1325.155,5021
2018-04-26T07:00:00+00:00,1325.16,1326.617,1323.1395,1323.6215,6086
2018-04-26T08:00:00+00:00,1323.622,1323.9265,1322.026,1322.4315,5047
2018-04-26T09:00:00+00:00,1322.43,1323.82,1321.411,1323.1255,4756
2018-04-26T11:00:00+00:00,1324.777,1325.875,1322.805,1323.1005,5664
2018-04-26T12:00:00+00:00,1323.0605,1325.5815,1321.8135,1324.84,12750
2018-04-26T13:00:00+00:00,1324.83,1325.779,1321.612,1322.612,9249
2018-04-26T14:00:00+00:00,1322.6105,1322.722,1316.8345,1317.9505,12822
2018-04-26T15:00:00+00:00,1317.897,1318.5145,1315.31,1316.41,8255
2018-04-26T18:00:00+00:00,1317.4185,1317.76,1316.5045,1317.57,3007
2018-04-26T16:00:00+00:00,1316.407,1318.0315,1316.23,1317.6555,5225
2018-04-26T19:00:00+00:00,1317.5595,1318.069,1316.7495,1317.847,2984
2018-04-26T10:00:00+00:00,1323.1205,1325.42,1322.25,1324.775,3471
2018-04-26T20:00:00+00:00,1317.865,1317.9665,1316.92,1317.0,1756
2018-04-26T21:00:00+00:00,,,,,0
2018-04-26T23:00:00+00:00,1317.323,1318.305,1317.255,1318.06,1237
2018-04-26T22:00:00+00:00,1317.0,1318.059,1316.92,1317.3235,1293
2018-04-27T00:00:00+00:00,1318.065,1318.215,1316.5995,1317.0565,2311
2018-04-27T01:00:00+00:00,1317.055,1318.2605,1315.65,1318.165,3487
2018-04-27T02:00:00+00:00,1318.1255,1318.2945,1316.7735,1316.955,2496
2018-04-27T03:00:00+00:00,1316.94,1317.6765,1316.398,1317.615,2321
2018-04-27T04:00:00+00:00,1317.6035,1317.968,1317.053,1317.768,1283
2018-04-27T06:00:00+00:00,1317.4435,1317.529,1315.984,1316.44,4462
2018-04-27T07:00:00+00:00,1316.435,1317.879,1315.365,1317.58,5235
2018-04-26T17:00:00+00:00,1317.67,1318.034,1316.778,1317.418,3880
2018-04-27T08:00:00+00:00,1317.567,1319.165,1316.3585,1316.5,5939
2018-04-27T09:00:00+00:00,1316.4885,1318.294,1316.4705,1318.175,4091
2018-04-27T10:00:00+00:00,1318.0945,1321.27,1317.36,1319.7555,4566
2018-04-27T11:00:00+00:00,1319.755,1320.292,1318.213,1318.533,3941
2018-04-27T12:00:00+00:00,1318.5385,1322.507,1316.9385,1321.221,9831
2018-04-27T13:00:00+00:00,1321.22,1323.525,1320.319,1321.492,9390
2018-04-27T14:00:00+00:00,1321.4965,1323.9,1320.465,1321.939,9104
2018-04-27T15:00:00+00:00,1321.929,1322.842,1321.0885,1321.78,5808
2018-04-27T16:00:00+00:00,1321.7805,1322.9915,1321.366,1321.8435,4233
2018-04-27T05:00:00+00:00,1317.7735,1317.909,1316.6435,1317.4335,2147
2018-04-27T18:00:00+00:00,1322.785,1325.282,1322.357,1325.151,3322
2018-04-27T19:00:00+00:00,1325.1195,1325.1865,1323.056,1323.857,3206
2018-04-27T20:00:00+00:00,1323.845,1323.984,1322.9,1323.495,1746
2018-04-27T21:00:00+00:00,,,,,0
2018-04-27T22:00:00+00:00,,,,,0
2018-04-29T00:00:00+00:00,,,,,0
2018-04-29T01:00:00+00:00,,,,,0
2018-04-27T17:00:00+00:00,1321.8585,1322.8445,1321.545,1322.8,3698
2018-04-29T03:00:00+00:00,,,,,0
2018-04-29T04:00:00+00:00,,,,,0
2018-04-29T06:00:00+00:00,,,,,0
2018-04-29T05:00:00+00:00,,,,,0
2018-04-29T08:00:00+00:00,,,,,0
2018-04-27T23:00:00+00:00,,,,,0
2018-04-29T09:00:00+00:00,,,,,0
2018-04-29T10:00:00+00:00,,,,,0
2018-04-29T11:00:00+00:00,,,,,0
2018-04-29T02:00:00+00:00,,,,,0
2018-04-29T13:00:00+00:00,,,,,0
2018-04-29T12:00:00+00:00,,,,,0
2018-04-29T14:00:00+00:00,,,,,0
2018-04-29T15:00:00+00:00,,,,,0
2018-04-29T16:00:00+00:00,,,,,0
2018-04-29T17:00:00+00:00,,,,,0
2018-04-29T18:00:00+00:00,,,,,0
2018-04-29T07:00:00+00:00,,,,,0
2018-04-29T19:00:00+00:00,,,,,0
2018-04-29T20:00:00+00:00,,,,,0
2018-04-29T21:00:00+00:00,,,,,0
2018-04-29T22:00:00+00:00,1323.325,1326.26,1322.5215,1323.0565,1243
2018-04-29T23:00:00+00:00,1323.056,1323.865,1322.86,1323.4065,921
2018-04-30T00:00:00+00:00,1323.407,1325.0015,1323.121,1324.465,1757
2018-04-30T01:00:00+00:00,1324.475,1324.76,1323.5685,1324.72,1709
2018-04-30T02:00:00+00:00,1324.715,1324.945,1321.877,1322.2715,1886
2018-04-30T03:00:00+00:00,1322.265,1322.3735,1321.2515,1321.2515,1686
2018-04-30T04:00:00+00:00,1321.251,1321.9395,1321.095,1321.714,1288
2018-04-30T05:00:00+00:00,1321.7135,1322.3855,1321.4655,1321.96,1202
2018-04-30T06:00:00+00:00,1321.8655,1321.8655,1317.994,1318.6985,5566
2018-04-30T07:00:00+00:00,1318.6935,1318.7935,1316.808,1317.8035,5648
2018-04-30T08:00:00+00:00,1317.729,1318.075,1316.505,1317.315,3713
2018-04-30T09:00:00+00:00,1317.314,1317.635,1315.9665,1317.545,3642
2018-04-30T11:00:00+00:00,1316.6035,1316.607,1312.765,1313.8135,4992
2018-04-30T10:00:00+00:00,1317.53,1317.645,1315.483,1316.644,3268
2018-04-30T13:00:00+00:00,1314.005,1314.189,1310.258,1310.9805,6886
2018-04-30T12:00:00+00:00,1313.763,1314.97,1312.496,1314.0085,6361
2018-04-30T14:00:00+00:00,1310.977,1316.7115,1310.947,1313.8785,10578
2018-04-30T15:00:00+00:00,1313.8795,1315.857,1312.994,1315.3755,6375
2018-04-30T16:00:00+00:00,1315.352,1318.2235,1314.756,1317.1395,6938
2018-04-30T17:00:00+00:00,1317.14,1320.464,1316.0665,1317.954,7053
2018-04-30T18:00:00+00:00,1317.9535,1319.388,1317.529,1318.227,4039
2018-04-30T19:00:00+00:00,1318.225,1318.7715,1314.295,1314.585,4122
2018-04-30T20:00:00+00:00,1314.641,1316.3195,1314.5935,1315.3,1880
2018-04-30T21:00:00+00:00,,,,,0
2018-04-30T22:00:00+00:00,1315.34,1316.365,1315.225,1315.97,913
2018-04-30T23:00:00+00:00,1315.965,1315.965,1315.0295,1315.2105,1375
2018-05-01T00:00:00+00:00,1315.2205,1315.342,1314.6935,1315.1495,2103
2018-05-01T02:00:00+00:00,1312.7085,1313.144,1312.1095,1312.745,1422
2018-05-01T01:00:00+00:00,1315.14,1315.2405,1312.4485,1312.6935,2458
2018-05-01T03:00:00+00:00,1312.735,1312.94,1312.3535,1312.435,1663
2018-05-01T04:00:00+00:00,1312.4085,1312.5035,1312.039,1312.359,1352
2018-05-01T05:00:00+00:00,1312.349,1312.349,1311.365,1312.1915,2439
2018-05-01T06:00:00+00:00,1312.18,1312.785,1310.409,1311.25,3466
2018-05-01T07:00:00+00:00,1311.249,1311.7335,1310.633,1310.755,2984
2018-05-01T08:00:00+00:00,1310.7545,1311.183,1308.578,1308.915,4939
2018-05-01T09:00:00+00:00,1308.9185,1310.1205,1307.8885,1309.595,4803
2018-05-01T10:00:00+00:00,1309.6035,1309.6845,1307.833,1308.5135,3822
2018-05-01T11:00:00+00:00,1308.4645,1308.935,1307.628,1308.499,3983
2018-05-01T12:00:00+00:00,1308.5085,1310.366,1306.7985,1308.1035,7141
2018-05-01T13:00:00+00:00,1308.0935,1309.1245,1305.5695,1305.807,8662
2018-05-01T14:00:00+00:00,1305.8065,1307.721,1301.7835,1303.189,13420
2018-05-01T15:00:00+00:00,1303.2235,1306.7245,1302.3835,1306.028,9366
2018-05-01T16:00:00+00:00,1306.0185,1308.014,1305.7235,1307.148,6797
2018-05-01T17:00:00+00:00,1307.16,1307.3955,1305.436,1306.1655,5235
2018-05-01T18:00:00+00:00,1306.167,1307.4505,1305.7955,1306.2435,4082
2018-05-01T19:00:00+00:00,1306.2235,1306.835,1304.8065,1305.084,3416
2018-05-01T20:00:00+00:00,1305.0785,1305.17,1303.8435,1304.0,2001
2018-05-01T21:00:00+00:00,,,,,0
2018-05-01T22:00:00+00:00,1304.11,1305.632,1304.05,1304.8,1492
2018-05-01T23:00:00+00:00,1304.8,1306.019,1304.6035,1305.642,1796
2018-05-02T00:00:00+00:00,1305.647,1307.5255,1305.55,1306.435,3572
2018-05-02T01:00:00+00:00,1306.44,1309.7215,1306.3385,1309.415,4863
2018-05-02T02:00:00+00:00,1309.4135,1310.2885,1309.19,1309.5535,2893
2018-05-02T03:00:00+00:00,1309.565,1311.985,1309.547,1310.92,2198
2018-05-02T04:00:00+00:00,1310.9095,1310.962,1310.1515,1310.275,1581
2018-05-02T05:00:00+00:00,1310.2695,1310.2695,1308.554,1308.743,3061
2018-05-02T06:00:00+00:00,1308.7435,1310.6635,1307.75,1309.8755,5646
2018-05-02T07:00:00+00:00,1309.8655,1311.697,1309.0065,1309.9985,5215
2018-05-02T08:00:00+00:00,1310.0005,1310.47,1308.7885,1310.1365,5019
2018-05-02T09:00:00+00:00,1310.1415,1311.365,1309.358,1310.597,4096
2018-05-02T10:00:00+00:00,1310.592,1311.05,1309.751,1310.0005,3184
2018-05-02T11:00:00+00:00,1310.001,1310.5145,1308.975,1309.4335,2907
2018-05-02T12:00:00+00:00,1309.433,1310.775,1308.0235,1309.07,8072
2018-05-02T13:00:00+00:00,1309.065,1309.5315,1304.2285,1305.145,9531
2018-05-02T14:00:00+00:00,1305.1345,1306.16,1304.149,1306.06,8662
2018-05-02T15:00:00+00:00,1306.107,1307.3205,1305.9465,1306.8085,6719
2018-05-02T18:00:00+00:00,1306.125,1313.501,1305.465,1309.547,14755
2018-05-02T17:00:00+00:00,1305.344,1306.403,1304.419,1306.06,4962
2018-05-02T16:00:00+00:00,1306.878,1307.3135,1305.0915,1305.3435,4967
2018-05-02T20:00:00+00:00,1304.6235,1305.6155,1304.2435,1305.15,2845
2018-05-02T19:00:00+00:00,1309.551,1309.6515,1303.953,1304.628,9522
2018-05-02T21:00:00+00:00,,,,,0
2018-05-02T22:00:00+00:00,1304.66,1306.37,1304.65,1306.165,1488
2018-05-02T23:00:00+00:00,1306.165,1306.5515,1305.5285,1305.97,1815
2018-05-03T00:00:00+00:00,1305.965,1308.5205,1305.5535,1308.435,2755
2018-05-03T02:00:00+00:00,1309.6315,1309.985,1308.2565,1308.84,2460
2018-05-03T03:00:00+00:00,1308.8335,1309.635,1308.611,1308.73,1781
2018-05-03T05:00:00+00:00,1309.569,1310.2405,1308.924,1309.43,2075
2018-05-03T04:00:00+00:00,1308.735,1309.7435,1308.6085,1309.6235,1183
2018-05-03T07:00:00+00:00,1309.0465,1310.1245,1306.58,1309.3395,6167
2018-05-03T06:00:00+00:00,1309.4245,1310.508,1308.23,1309.105,4559
2018-05-03T10:00:00+00:00,1312.425,1313.3235,1311.51,1311.75,3758
2018-05-03T09:00:00+00:00,1310.3565,1313.35,1309.7365,1312.42,6762
2018-05-03T13:00:00+00:00,1315.637,1315.93,1313.404,1315.125,7880
2018-05-03T01:00:00+00:00,1308.4535,1310.5745,1307.418,1309.615,4604
2018-05-03T15:00:00+00:00,1313.5,1314.67,1312.7965,1313.975,7485
2018-05-03T14:00:00+00:00,1315.1265,1316.437,1312.528,1313.493,11913
2018-05-03T16:00:00+00:00,1313.946,1313.9865,1311.773,1312.647,6640
2018-05-03T17:00:00+00:00,1312.64,1313.7465,1310.822,1313.415,5877
2018-05-03T19:00:00+00:00,1313.971,1314.212,1311.293,1311.3,4093
2018-05-03T08:00:00+00:00,1309.3365,1311.224,1308.44,1310.372,5430
2018-05-03T18:00:00+00:00,1313.478,1315.1115,1313.298,1313.967,5104
2018-05-03T20:00:00+00:00,1311.3055,1312.5585,1311.3055,1312.15,1650
2018-05-03T22:00:00+00:00,1312.16,1313.1935,1312.12,1312.77,1154
2018-05-03T11:00:00+00:00,1311.7385,1318.151,1311.4055,1317.782,5942
2018-05-03T12:00:00+00:00,1317.772,1318.185,1314.7245,1315.5885,8188
2018-05-03T21:00:00+00:00,,,,,0
2018-05-03T23:00:00+00:00,1312.785,1313.699,1312.465,1312.9135,1566
2018-05-04T00:00:00+00:00,1312.92,1313.3585,1311.3995,1312.1945,1990
2018-05-04T02:00:00+00:00,1313.8235,1314.469,1313.378,1313.689,2171
2018-05-04T01:00:00+00:00,1312.195,1314.139,1311.798,1313.823,2324
2018-05-04T03:00:00+00:00,1313.704,1314.395,1313.194,1313.5985,1686
2018-05-04T05:00:00+00:00,1312.827,1313.7865,1312.4315,1312.935,1734
2018-05-04T06:00:00+00:00,1312.9365,1312.9365,1311.22,1311.3315,5117
2018-05-04T04:00:00+00:00,1313.593,1313.875,1312.7435,1312.8265,1172
2018-05-04T07:00:00+00:00,1311.3795,1311.415,1309.4935,1310.3165,5490
2018-05-04T08:00:00+00:00,1310.3245,1311.25,1308.791,1308.8715,4491
2018-05-04T10:00:00+00:00,1309.3805,1310.97,1309.2865,1310.947,2640
2018-05-04T11:00:00+00:00,1310.875,1312.0465,1310.153,1311.446,3452
2018-05-04T09:00:00+00:00,1308.866,1309.778,1308.6915,1309.3865,2931
2018-05-04T12:00:00+00:00,1311.435,1315.5665,1309.683,1313.335,12812
2018-05-04T13:00:00+00:00,1313.38,1313.442,1308.0405,1309.9965,13826
2018-05-04T14:00:00+00:00,1309.997,1313.6645,1309.696,1311.3415,9772
2018-05-04T15:00:00+00:00,1311.347,1311.9185,1309.948,1311.5655,7731
2018-05-04T16:00:00+00:00,1311.5605,1313.834,1310.6585,1313.4,6533
2018-05-04T17:00:00+00:00,1313.4,1314.564,1313.025,1314.047,5037
2018-05-04T18:00:00+00:00,1314.056,1315.105,1313.666,1314.7,4061
2018-05-04T19:00:00+00:00,1314.6165,1314.6955,1313.6845,1314.041,2648
2018-05-04T20:00:00+00:00,1314.0315,1315.241,1314.002,1315.045,1616
2018-05-04T22:00:00+00:00,,,,,0
2018-05-04T21:00:00+00:00,,,,,0
2018-05-04T23:00:00+00:00,,,,,0
2018-05-06T00:00:00+00:00,,,,,0
2018-05-06T01:00:00+00:00,,,,,0
2018-05-06T02:00:00+00:00,,,,,0
2018-05-06T03:00:00+00:00,,,,,0
2018-05-06T04:00:00+00:00,,,,,0
2018-05-06T05:00:00+00:00,,,,,0
2018-05-06T06:00:00+00:00,,,,,0
2018-05-06T07:00:00+00:00,,,,,0
2018-05-06T08:00:00+00:00,,,,,0
2018-05-06T09:00:00+00:00,,,,,0
2018-05-06T10:00:00+00:00,,,,,0
2018-05-06T11:00:00+00:00,,,,,0
2018-05-06T12:00:00+00:00,,,,,0
2018-05-06T13:00:00+00:00,,,,,0
2018-05-06T14:00:00+00:00,,,,,0
2018-05-06T15:00:00+00:00,,,,,0
2018-05-06T16:00:00+00:00,,,,,0
2018-05-06T17:00:00+00:00,,,,,0
2018-05-06T19:00:00+00:00,,,,,0
2018-05-06T20:00:00+00:00,,,,,0
2018-05-06T22:00:00+00:00,1315.23,1315.4255,1314.6695,1314.94,645
2018-05-06T21:00:00+00:00,,,,,0
2018-05-06T18:00:00+00:00,,,,,0
2018-05-06T23:00:00+00:00,1314.96,1315.365,1314.3415,1314.785,1663
2018-05-07T00:00:00+00:00,1314.769,1318.0555,1314.205,1317.576,4109
2018-05-07T01:00:00+00:00,1317.6465,1318.996,1317.1745,1317.495,4135
2018-05-07T03:00:00+00:00,1318.1815,1318.5665,1317.4915,1317.535,2307
2018-05-07T04:00:00+00:00,1317.52,1317.6195,1316.0585,1316.16,2619
2018-05-07T02:00:00+00:00,1317.5,1318.5185,1317.041,1318.1715,2587
2018-05-07T05:00:00+00:00,1316.165,1316.29,1313.609,1314.961,3206
2018-05-07T06:00:00+00:00,1314.965,1314.965,1311.865,1313.535,4852
2018-05-07T07:00:00+00:00,1313.573,1313.645,1312.12,1313.2735,4302
2018-05-07T08:00:00+00:00,1313.273,1314.274,1312.013,1313.657,3996
2018-05-07T09:00:00+00:00,1313.6615,1314.065,1313.1435,1313.736,3174
2018-05-07T10:00:00+00:00,1313.7365,1314.983,1312.855,1312.948,3312
2018-05-07T11:00:00+00:00,1312.9385,1313.304,1310.94,1311.0365,4774
2018-05-07T12:00:00+00:00,1311.037,1313.965,1310.293,1313.1535,6464
2018-05-07T13:00:00+00:00,1313.163,1314.186,1311.425,1312.1215,7484
2018-05-07T14:00:00+00:00,1312.055,1315.1165,1312.0295,1313.645,8238
2018-05-07T15:00:00+00:00,1313.648,1315.695,1313.4965,1313.975,7128
2018-05-07T16:00:00+00:00,1314.031,1314.479,1313.0685,1313.921,5345
2018-05-07T17:00:00+00:00,1313.93,1314.641,1312.955,1314.637,4328
2018-05-07T18:00:00+00:00,1314.617,1314.841,1313.46,1313.97,3590
2018-05-07T19:00:00+00:00,1313.9735,1314.5,1313.5935,1314.3665,3556
2018-05-07T20:00:00+00:00,1314.355,1314.4715,1313.78,1314.3,1792
2018-05-07T21:00:00+00:00,,,,,0
2018-05-07T22:00:00+00:00,1313.73,1314.665,1313.73,1313.93,905
2018-05-07T23:00:00+00:00,1313.93,1316.2215,1313.93,1315.902,1917
2018-05-08T00:00:00+00:00,1315.91,1317.125,1314.687,1315.6865,3331
2018-05-08T01:00:00+00:00,1315.687,1315.9065,1312.7815,1313.772,3614
2018-05-08T02:00:00+00:00,1313.7765,1314.4315,1312.585,1313.975,2921
2018-05-08T03:00:00+00:00,1313.977,1314.007,1311.8405,1312.2285,2425
2018-05-08T04:00:00+00:00,1312.2055,1312.2055,1311.0035,1311.5085,2282
2018-05-08T05:00:00+00:00,1311.503,1313.175,1310.839,1312.705,2618
2018-05-08T06:00:00+00:00,1312.635,1314.44,1312.2595,1313.1865,5714
2018-05-08T07:00:00+00:00,1313.187,1314.8765,1312.763,1313.997,6330
2018-05-08T08:00:00+00:00,1313.9965,1314.202,1310.9,1311.385,6131
2018-05-08T09:00:00+00:00,1311.395,1311.3955,1308.739,1310.159,5237
2018-05-08T10:00:00+00:00,1310.1585,1310.544,1309.004,1309.956,4155
2018-05-08T11:00:00+00:00,1309.946,1311.689,1309.3655,1311.225,4017
2018-05-08T12:00:00+00:00,1311.198,1312.0865,1309.3345,1310.0165,6414
2018-05-08T13:00:00+00:00,1310.016,1310.406,1306.328,1307.055,9578
2018-05-08T14:00:00+00:00,1307.06,1309.175,1306.1415,1307.8285,8072
2018-05-08T15:00:00+00:00,1307.893,1311.794,1307.013,1310.7855,10714
2018-05-08T16:00:00+00:00,1310.818,1315.517,1310.7135,1314.1995,10242
2018-05-08T17:00:00+00:00,1314.19,1314.19,1311.4015,1313.369,6557
2018-05-08T18:00:00+00:00,1313.345,1317.902,1312.988,1314.927,11538
2018-05-08T19:00:00+00:00,1314.895,1316.438,1313.9505,1314.49,4442
2018-05-08T20:00:00+00:00,1314.475,1315.0685,1314.23,1314.41,1453
2018-05-08T21:00:00+00:00,,,,,0
2018-05-08T22:00:00+00:00,1314.96,1316.027,1314.395,1315.135,1212
2018-05-08T23:00:00+00:00,1315.14,1316.8165,1315.005,1316.44,2037
2018-05-09T00:00:00+00:00,1316.444,1316.6485,1313.0415,1313.26,4023
2018-05-09T01:00:00+00:00,1313.2505,1313.38,1310.1915,1311.3135,5967
2018-05-09T02:00:00+00:00,1311.315,1312.3885,1310.67,1311.203,3125
2018-05-09T03:00:00+00:00,1311.21,1312.2295,1310.82,1310.871,2617
2018-05-09T04:00:00+00:00,1310.8695,1311.43,1310.47,1311.245,1726
2018-05-09T06:00:00+00:00,1311.0495,1311.2005,1308.1885,1308.218,5874
2018-05-09T05:00:00+00:00,1311.2485,1311.2535,1310.121,1311.0585,2158
2018-05-09T07:00:00+00:00,1308.2185,1308.238,1304.3265,1306.225,8240
2018-05-09T08:00:00+00:00,1306.2185,1306.99,1305.265,1306.298,5096
2018-05-09T10:00:00+00:00,1306.8085,1309.309,1305.5855,1308.8835,5497
2018-05-09T09:00:00+00:00,1306.283,1308.086,1306.188,1306.8,4788
2018-05-09T11:00:00+00:00,1308.8935,1313.61,1307.878,1311.426,7421
2018-05-09T12:00:00+00:00,1311.431,1314.3235,1311.01,1313.692,10164
2018-05-09T13:00:00+00:00,1313.701,1314.837,1312.165,1313.927,9999
2018-05-09T14:00:00+00:00,1313.937,1317.491,1313.6945,1315.6245,9687
2018-05-09T15:00:00+00:00,1315.6315,1316.1795,1312.9935,1313.435,7168
2018-05-09T16:00:00+00:00,1313.44,1313.955,1311.555,1312.42,6981
2018-05-09T17:00:00+00:00,1312.5015,1313.6085,1311.886,1313.1935,4917
2018-05-09T18:00:00+00:00,1313.2,1313.3335,1312.2715,1312.9145,3003
2018-05-09T19:00:00+00:00,1312.9345,1312.948,1310.965,1311.901,3370
2018-05-09T20:00:00+00:00,1311.8895,1312.828,1311.81,1312.828,1403
2018-05-09T21:00:00+00:00,,,,,0
2018-05-09T22:00:00+00:00,1312.76,1312.8155,1312.01,1312.535,1070
2018-05-09T23:00:00+00:00,1312.54,1313.644,1311.619,1312.523,2573
2018-05-10T00:00:00+00:00,1312.444,1312.9915,1311.1435,1311.473,2985
2018-05-10T01:00:00+00:00,1311.48,1314.9365,1311.165,1314.56,4953
2018-05-10T02:00:00+00:00,1314.565,1315.775,1313.165,1313.399,3603
2018-05-10T03:00:00+00:00,1313.394,1314.275,1313.3865,1314.033,2367
2018-05-10T04:00:00+00:00,1314.0385,1315.625,1313.8315,1315.3365,1873
2018-05-10T05:00:00+00:00,1315.327,1315.411,1313.4615,1313.538,2884
2018-05-10T06:00:00+00:00,1313.461,1314.577,1312.225,1312.8705,5761
2018-05-10T07:00:00+00:00,1312.875,1313.0,1310.844,1311.864,6169
2018-05-10T08:00:00+00:00,1311.7745,1315.182,1311.6,1315.1065,5647
2018-05-10T09:00:00+00:00,1315.107,1316.1,1314.673,1315.235,4692
2018-05-10T10:00:00+00:00,1315.2635,1316.949,1314.965,1316.505,4206
2018-05-10T11:00:00+00:00,1316.473,1318.28,1315.549,1317.8015,7121
2018-05-10T13:00:00+00:00,1322.125,1322.9215,1318.117,1319.105,12814
2018-05-10T12:00:00+00:00,1317.826,1322.8785,1317.333,1322.0195,12001
2018-05-10T14:00:00+00:00,1319.139,1319.8655,1317.091,1317.5,10493
2018-05-10T15:00:00+00:00,1317.5055,1319.86,1316.2635,1319.325,8298
2018-05-10T16:00:00+00:00,1319.33,1320.3405,1318.8445,1319.58,5578
2018-05-10T17:00:00+00:00,1319.588,1322.2915,1319.35,1320.5595,6337
2018-05-10T18:00:00+00:00,1320.5615,1321.9,1319.921,1321.631,4255
2018-05-10T19:00:00+00:00,1321.6995,1321.841,1320.439,1320.6565,2992
2018-05-10T20:00:00+00:00,1320.641,1321.6015,1320.415,1321.0645,1460
2018-05-10T21:00:00+00:00,,,,,0
2018-05-10T22:00:00+00:00,1321.55,1321.8765,1321.015,1321.125,1220
2018-05-10T23:00:00+00:00,1321.1065,1321.782,1320.911,1321.191,1961
2018-05-11T00:00:00+00:00,1321.171,1322.2115,1320.0665,1322.0185,3340
2018-05-11T01:00:00+00:00,1322.015,1322.083,1320.1765,1320.4,3701
2018-05-11T02:00:00+00:00,1320.4015,1320.416,1319.475,1319.899,2586
2018-05-11T03:00:00+00:00,1319.903,1320.771,1319.2,1320.0335,1872
2018-05-11T04:00:00+00:00,1320.0235,1320.425,1319.4885,1319.585,975
2018-05-11T05:00:00+00:00,1319.6635,1320.1335,1318.545,1319.0235,1750
2018-05-11T06:00:00+00:00,1318.9835,1320.5335,1318.7635,1319.565,5519
2018-05-11T07:00:00+00:00,1319.565,1322.127,1319.075,1321.715,6453
2018-05-11T08:00:00+00:00,1321.705,1323.645,1321.705,1323.2115,5496
2018-05-11T09:00:00+00:00,1323.1965,1324.986,1322.416,1324.813,4551
2018-05-11T10:00:00+00:00,1324.8135,1325.6795,1323.9245,1324.49,4120
2018-05-11T11:00:00+00:00,1324.49,1325.841,1324.162,1325.6765,4153
2018-05-11T12:00:00+00:00,1325.688,1326.0145,1324.4035,1324.8555,6649
2018-05-11T13:00:00+00:00,1324.8165,1325.2915,1322.561,1323.6545,7891
2018-05-11T14:00:00+00:00,1323.714,1324.479,1322.0,1322.3235,8897
2018-05-11T15:00:00+00:00,1322.345,1322.8165,1320.4485,1322.0365,7676
2018-05-11T16:00:00+00:00,1322.0265,1322.64,1321.168,1322.079,5953
2018-05-11T17:00:00+00:00,1322.0935,1322.0985,1320.54,1321.56,3530
2018-05-11T18:00:00+00:00,1321.545,1321.556,1318.2945,1320.1015,4656
2018-05-11T19:00:00+00:00,1320.064,1320.222,1318.9785,1319.18,3343
2018-05-11T20:00:00+00:00,1319.1685,1319.5285,1317.37,1318.351,1876
2018-05-11T21:00:00+00:00,,,,,0
2018-05-11T22:00:00+00:00,,,,,0
2018-05-11T23:00:00+00:00,,,,,0
2018-05-13T00:00:00+00:00,,,,,0
2018-05-13T01:00:00+00:00,,,,,0
2018-05-13T02:00:00+00:00,,,,,0
2018-05-13T03:00:00+00:00,,,,,0
2018-05-13T04:00:00+00:00,,,,,0
2018-05-13T05:00:00+00:00,,,,,0
2018-05-13T06:00:00+00:00,,,,,0
2018-05-13T07:00:00+00:00,,,,,0
2018-05-13T08:00:00+00:00,,,,,0
2018-05-13T10:00:00+00:00,,,,,0
2018-05-13T09:00:00+00:00,,,,,0
2018-05-13T11:00:00+00:00,,,,,0
2018-05-13T12:00:00+00:00,,,,,0
2018-05-13T13:00:00+00:00,,,,,0
2018-05-13T14:00:00+00:00,,,,,0
2018-05-13T15:00:00+00:00,,,,,0
2018-05-13T16:00:00+00:00,,,,,0
2018-05-13T17:00:00+00:00,,,,,0
2018-05-13T18:00:00+00:00,,,,,0
2018-05-13T19:00:00+00:00,,,,,0
2018-05-13T20:00:00+00:00,,,,,0
2018-05-13T21:00:00+00:00,,,,,0
2018-05-13T22:00:00+00:00,1318.535,1319.1815,1317.9365,1318.975,1619
2018-05-13T23:00:00+00:00,1318.953,1320.306,1318.863,1320.209,2014
2018-05-14T00:00:00+00:00,1320.199,1322.2485,1319.8335,1322.1585,3705
2018-05-14T02:00:00+00:00,1321.335,1321.44,1320.1745,1320.9265,2254
2018-05-14T01:00:00+00:00,1322.16,1322.4065,1321.1585,1321.3255,2879
2018-05-14T04:00:00+00:00,1320.378,1320.3985,1319.1865,1319.4035,1663
2018-05-14T03:00:00+00:00,1320.9215,1321.256,1320.1005,1320.3785,2016
2018-05-14T05:00:00+00:00,1319.42,1320.662,1319.113,1320.5785,2527
2018-05-14T07:00:00+00:00,1319.786,1321.648,1319.308,1321.33,5476
2018-05-14T06:00:00+00:00,1320.608,1321.6285,1319.545,1319.749,5460
2018-05-14T08:00:00+00:00,1321.3315,1321.865,1320.2035,1320.99,4177
2018-05-14T09:00:00+00:00,1320.9905,1321.5395,1319.8555,1320.473,3214
2018-05-14T10:00:00+00:00,1320.4735,1320.604,1318.723,1319.806,4038
2018-05-14T11:00:00+00:00,1319.805,1320.331,1318.375,1318.91,3369
2018-05-14T12:00:00+00:00,1318.9115,1320.0295,1318.0495,1318.908,5031
2018-05-14T13:00:00+00:00,1318.92,1321.31,1318.194,1320.7485,7161
2018-05-14T14:00:00+00:00,1320.754,1320.7735,1319.0535,1320.08,6088
2018-05-14T16:00:00+00:00,1319.663,1320.0365,1318.845,1319.245,4170
2018-05-14T15:00:00+00:00,1320.075,1320.1655,1318.65,1319.6535,5101
2018-05-14T17:00:00+00:00,1319.313,1319.425,1315.4585,1315.5435,4768
2018-05-14T18:00:00+00:00,1315.5285,1315.57,1313.063,1313.888,6002
2018-05-14T19:00:00+00:00,1313.9035,1315.059,1313.435,1313.544,3829
2018-05-14T21:00:00+00:00,,,,,0
2018-05-14T20:00:00+00:00,1313.5335,1314.204,1313.035,1313.3,2372
2018-05-14T22:00:00+00:00,1313.0,1314.525,1312.99,1314.05,2103
2018-05-14T23:00:00+00:00,1314.05,1314.3385,1313.58,1313.8385,1846
2018-05-15T00:00:00+00:00,1313.8485,1314.939,1313.4985,1314.4035,2690
2018-05-15T01:00:00+00:00,1314.404,1314.799,1313.7335,1313.9785,2608
2018-05-15T02:00:00+00:00,1313.979,1314.2355,1313.2885,1314.028,2466
2018-05-15T03:00:00+00:00,1314.0185,1314.109,1313.52,1313.8635,1173
2018-05-15T04:00:00+00:00,1313.864,1314.045,1311.2785,1311.403,3093
2018-05-15T05:00:00+00:00,1311.3985,1312.55,1310.7815,1312.1135,2688
2018-05-15T06:00:00+00:00,1312.114,1312.22,1310.878,1311.675,5609
2018-05-15T07:00:00+00:00,1311.624,1312.2395,1310.7635,1310.9695,5065
2018-05-15T08:00:00+00:00,1310.91,1311.4235,1309.566,1309.8645,4525
2018-05-15T09:00:00+00:00,1309.865,1310.87,1309.644,1309.9635,3898
2018-05-15T10:00:00+00:00,1309.9385,1310.26,1308.843,1309.1695,3575
2018-05-15T11:00:00+00:00,1309.163,1309.384,1306.225,1307.018,6785
2018-05-15T12:00:00+00:00,1307.0185,1307.1105,1296.889,1297.6535,11543
2018-05-15T13:00:00+00:00,1297.6395,1298.363,1291.9835,1293.008,11580
2018-05-15T14:00:00+00:00,1292.9885,1295.768,1292.955,1294.4055,9774
2018-05-15T15:00:00+00:00,1294.4195,1295.512,1293.3545,1293.6755,7527
2018-05-15T16:00:00+00:00,1293.6855,1294.1645,1290.984,1291.509,7013
2018-05-15T17:00:00+00:00,1291.4985,1291.5395,1289.7085,1290.8285,6209
2018-05-15T18:00:00+00:00,1290.8335,1292.9285,1288.7735,1290.635,7873
2018-05-15T19:00:00+00:00,1290.625,1292.8585,1290.54,1292.35,5342
2018-05-15T20:00:00+00:00,1292.3285,1292.9985,1290.43,1290.6205,2371
2018-05-15T21:00:00+00:00,,,,,0
2018-05-15T22:00:00+00:00,1290.15,1293.1055,1289.9435,1292.39,2125
2018-05-15T23:00:00+00:00,1292.371,1293.6235,1292.348,1292.923,2648
2018-05-16T00:00:00+00:00,1292.8735,1293.7,1292.499,1292.7335,2806
2018-05-16T01:00:00+00:00,1292.7235,1293.394,1291.3835,1293.338,4267
2018-05-16T02:00:00+00:00,1293.323,1294.734,1293.098,1294.0435,3512
2018-05-16T03:00:00+00:00,1294.0335,1294.7035,1293.3915,1294.24,2474
2018-05-16T04:00:00+00:00,1294.2535,1294.2645,1293.5485,1294.2395,1544
2018-05-16T05:00:00+00:00,1294.2615,1295.13,1293.374,1294.9535,2479
2018-05-16T06:00:00+00:00,1294.9435,1295.18,1293.598,1294.775,5738
2018-05-16T07:00:00+00:00,1294.719,1296.9595,1294.0135,1295.5955,6092
2018-05-16T08:00:00+00:00,1295.615,1295.9895,1292.544,1293.224,5247
2018-05-16T09:00:00+00:00,1293.2085,1293.6435,1290.405,1291.106,6747
2018-05-16T10:00:00+00:00,1291.1045,1291.638,1289.643,1291.45,5966
2018-05-16T11:00:00+00:00,1291.4485,1291.45,1286.7385,1288.7345,6811
2018-05-16T12:00:00+00:00,1288.775,1288.8835,1286.454,1287.6,6661
2018-05-16T13:00:00+00:00,1287.595,1291.8465,1287.5,1291.169,9101
2018-05-16T14:00:00+00:00,1291.1855,1291.8235,1288.116,1288.4185,9690
2018-05-16T15:00:00+00:00,1288.4285,1290.075,1287.62,1289.8315,6770
